1,4,1049,291,91,340,0.4091,-1,-1,-1
1,3,545,268,100,318,0.8250,-1,-1,-1
1,2,403,276,112,319,0.8315,-1,-1,-1
1,1,874,153,241,626,0.8632,-1,-1,-1
1,0,0,12,346,1057,0.9234,-1,-1,-1
2,5,865,254,92,300,0.5246,-1,-1,-1
2,4,1047,288,93,344,0.5462,-1,-1,-1
2,3,541,262,97,323,0.8445,-1,-1,-1
2,2,396,278,112,316,0.7992,-1,-1,-1
2,1,868,152,234,628,0.8546,-1,-1,-1
2,0,0,5,341,1063,0.9149,-1,-1,-1
3,6,794,317,44,129,0.4223,-1,-1,-1
3,4,1048,290,88,345,0.5654,-1,-1,-1
3,3,536,260,97,331,0.8413,-1,-1,-1
3,2,386,273,119,320,0.8557,-1,-1,-1
3,1,863,154,233,630,0.8679,-1,-1,-1
3,0,0,5,332,1063,0.9196,-1,-1,-1
4,4,1046,289,86,349,0.5529,-1,-1,-1
4,3,530,262,97,332,0.8549,-1,-1,-1
4,2,379,271,121,324,0.8708,-1,-1,-1
4,1,873,154,219,630,0.8651,-1,-1,-1
4,0,0,6,323,1044,0.9293,-1,-1,-1
5,4,1048,294,83,344,0.6178,-1,-1,-1
5,3,522,261,100,333,0.8595,-1,-1,-1
5,2,372,267,121,328,0.8845,-1,-1,-1
5,1,879,155,205,631,0.8370,-1,-1,-1
5,0,0,7,302,1049,0.9112,-1,-1,-1
6,4,1047,295,80,343,0.5680,-1,-1,-1
6,3,517,261,104,335,0.8585,-1,-1,-1
6,2,366,265,117,329,0.8728,-1,-1,-1
6,1,889,156,191,620,0.8264,-1,-1,-1
6,0,0,8,279,1061,0.8985,-1,-1,-1
7,5,856,261,84,296,0.5996,-1,-1,-1
7,4,1045,294,81,346,0.5665,-1,-1,-1
7,3,513,259,104,344,0.8339,-1,-1,-1
7,2,362,262,116,335,0.8406,-1,-1,-1
7,1,894,158,182,614,0.8377,-1,-1,-1
7,0,0,79,263,992,0.9077,-1,-1,-1
8,6,783,309,45,139,0.4165,-1,-1,-1
8,5,861,266,74,300,0.6397,-1,-1,-1
8,4,1044,291,79,352,0.6055,-1,-1,-1
8,3,509,260,104,346,0.8187,-1,-1,-1
8,2,350,264,120,339,0.8379,-1,-1,-1
8,1,892,155,182,637,0.8410,-1,-1,-1
8,0,0,92,247,979,0.8998,-1,-1,-1
9,6,780,328,46,122,0.4063,-1,-1,-1
9,5,861,258,79,307,0.6458,-1,-1,-1
9,4,1043,279,78,370,0.6615,-1,-1,-1
9,3,502,261,107,350,0.8128,-1,-1,-1
9,2,344,266,122,340,0.8232,-1,-1,-1
9,1,890,155,177,633,0.8519,-1,-1,-1
9,0,0,97,218,973,0.8772,-1,-1,-1
10,7,717,317,44,136,0.7214,-1,-1,-1
10,5,852,255,84,308,0.5180,-1,-1,-1
10,4,1042,276,79,375,0.6777,-1,-1,-1
10,3,497,259,108,355,0.8249,-1,-1,-1
10,2,335,264,126,345,0.8136,-1,-1,-1
10,1,884,154,180,634,0.8375,-1,-1,-1
10,0,0,104,190,953,0.8017,-1,-1,-1
11,8,677,346,39,112,0.4377,-1,-1,-1
11,7,716,321,41,126,0.6187,-1,-1,-1
11,5,858,266,73,296,0.4188,-1,-1,-1
11,4,1038,270,76,384,0.6592,-1,-1,-1
11,3,493,257,110,360,0.8429,-1,-1,-1
11,2,329,266,128,347,0.8378,-1,-1,-1
11,1,878,156,185,635,0.8244,-1,-1,-1
11,0,0,110,168,934,0.7327,-1,-1,-1
12,8,675,345,38,119,0.4148,-1,-1,-1
12,7,715,323,42,132,0.5420,-1,-1,-1
12,4,1037,294,72,365,0.6885,-1,-1,-1
12,3,487,254,113,365,0.8566,-1,-1,-1
12,2,325,267,128,348,0.8238,-1,-1,-1
12,1,868,156,193,636,0.8239,-1,-1,-1
12,0,0,115,155,652,0.7744,-1,-1,-1
13,8,673,347,38,117,0.4478,-1,-1,-1
13,7,716,324,41,136,0.5498,-1,-1,-1
13,6,774,332,45,125,0.4858,-1,-1,-1
13,4,1036,296,71,361,0.6737,-1,-1,-1
13,3,481,253,117,366,0.8470,-1,-1,-1
13,2,326,266,125,356,0.8295,-1,-1,-1
13,1,863,155,195,639,0.7885,-1,-1,-1
13,0,0,140,140,589,0.8040,-1,-1,-1
14,8,672,354,36,108,0.4536,-1,-1,-1
14,7,713,325,44,131,0.5593,-1,-1,-1
14,6,774,331,43,123,0.5108,-1,-1,-1
14,4,1032,267,75,386,0.6781,-1,-1,-1
14,3,479,251,118,370,0.8496,-1,-1,-1
14,2,313,267,135,362,0.8683,-1,-1,-1
14,1,853,155,203,643,0.7880,-1,-1,-1
14,0,0,156,114,601,0.7882,-1,-1,-1
15,8,670,349,37,111,0.4774,-1,-1,-1
15,7,712,326,41,133,0.5976,-1,-1,-1
15,6,775,332,43,120,0.5113,-1,-1,-1
15,4,1029,282,79,374,0.6718,-1,-1,-1
15,3,476,252,120,369,0.8506,-1,-1,-1
15,2,312,271,134,360,0.8710,-1,-1,-1
15,1,845,155,210,642,0.8018,-1,-1,-1
15,0,0,250,78,541,0.6750,-1,-1,-1
16,8,670,354,36,111,0.5252,-1,-1,-1
16,7,712,330,43,133,0.6232,-1,-1,-1
16,6,772,332,47,121,0.5773,-1,-1,-1
16,4,1024,271,85,385,0.6727,-1,-1,-1
16,3,471,254,127,376,0.8460,-1,-1,-1
16,2,307,272,137,363,0.8976,-1,-1,-1
16,1,842,153,216,645,0.7706,-1,-1,-1
17,8,669,352,38,119,0.5847,-1,-1,-1
17,7,712,332,42,133,0.6709,-1,-1,-1
17,6,772,334,47,120,0.5799,-1,-1,-1
17,4,1023,254,89,398,0.6651,-1,-1,-1
17,3,471,255,127,379,0.8483,-1,-1,-1
17,2,305,277,138,364,0.8842,-1,-1,-1
17,1,840,155,218,647,0.8185,-1,-1,-1
18,8,669,351,36,107,0.4267,-1,-1,-1
18,7,712,337,42,131,0.5817,-1,-1,-1
18,6,773,337,45,121,0.4715,-1,-1,-1
18,4,1018,248,94,404,0.6757,-1,-1,-1
18,3,469,256,130,382,0.8441,-1,-1,-1
18,2,304,279,138,367,0.8925,-1,-1,-1
18,1,841,160,214,646,0.8404,-1,-1,-1
19,7,712,338,45,137,0.5629,-1,-1,-1
19,6,774,342,44,119,0.5279,-1,-1,-1
19,4,1014,255,100,403,0.6853,-1,-1,-1
19,3,467,261,135,388,0.8343,-1,-1,-1
19,2,304,282,136,374,0.8733,-1,-1,-1
19,1,848,162,203,655,0.8396,-1,-1,-1
20,7,715,341,44,137,0.5387,-1,-1,-1
20,6,774,341,47,121,0.5433,-1,-1,-1
20,4,1013,258,103,402,0.7105,-1,-1,-1
20,3,467,267,136,388,0.8320,-1,-1,-1
20,2,307,286,134,376,0.8795,-1,-1,-1
20,1,854,165,193,654,0.8245,-1,-1,-1
21,4,1014,251,108,416,0.7813,-1,-1,-1
21,3,474,274,135,389,0.8380,-1,-1,-1
21,2,308,285,138,388,0.8802,-1,-1,-1
21,1,864,168,189,657,0.8400,-1,-1,-1
22,4,1035,252,103,415,0.8043,-1,-1,-1
22,3,491,274,136,401,0.8503,-1,-1,-1
22,2,322,291,145,389,0.8835,-1,-1,-1
22,1,881,169,186,659,0.8604,-1,-1,-1
23,4,1041,259,110,418,0.8157,-1,-1,-1
23,3,501,280,137,401,0.8576,-1,-1,-1
23,2,334,293,146,388,0.8425,-1,-1,-1
23,1,882,169,194,662,0.8631,-1,-1,-1
24,4,1048,263,121,413,0.8320,-1,-1,-1
24,3,513,283,139,402,0.8341,-1,-1,-1
24,2,345,293,145,384,0.8510,-1,-1,-1
24,1,883,169,204,666,0.8720,-1,-1,-1
25,11,776,350,48,139,0.5057,-1,-1,-1
25,4,1056,264,126,414,0.8186,-1,-1,-1
25,3,527,287,132,408,0.8543,-1,-1,-1
25,2,353,293,150,393,0.8884,-1,-1,-1
25,1,880,171,209,664,0.8834,-1,-1,-1
26,11,794,354,48,133,0.5851,-1,-1,-1
26,4,1068,262,131,420,0.8561,-1,-1,-1
26,3,539,288,136,412,0.8510,-1,-1,-1
26,2,366,296,148,396,0.8934,-1,-1,-1
26,1,881,173,220,658,0.8941,-1,-1,-1
27,4,1081,271,136,417,0.8418,-1,-1,-1
27,3,552,294,136,414,0.8376,-1,-1,-1
27,2,381,300,145,401,0.8628,-1,-1,-1
27,1,884,178,221,656,0.8876,-1,-1,-1
28,4,1088,276,137,418,0.8777,-1,-1,-1
28,3,557,295,141,417,0.8486,-1,-1,-1
28,2,386,304,140,405,0.8446,-1,-1,-1
28,1,886,184,228,654,0.8818,-1,-1,-1
29,4,1091,279,143,422,0.8862,-1,-1,-1
29,3,563,297,136,424,0.8447,-1,-1,-1
29,2,391,308,139,407,0.8813,-1,-1,-1
29,1,883,192,236,657,0.8738,-1,-1,-1
30,11,828,372,44,139,0.4179,-1,-1,-1
30,4,1098,284,154,424,0.8824,-1,-1,-1
30,3,568,301,139,410,0.8483,-1,-1,-1
30,2,393,315,146,413,0.8881,-1,-1,-1
30,1,887,195,231,662,0.8917,-1,-1,-1
31,11,831,379,53,137,0.4102,-1,-1,-1
31,4,1103,292,149,428,0.8750,-1,-1,-1
31,3,576,302,134,425,0.8370,-1,-1,-1
31,2,400,322,143,417,0.8885,-1,-1,-1
31,1,888,198,231,672,0.8780,-1,-1,-1
32,11,839,380,46,143,0.5507,-1,-1,-1
32,4,1102,297,158,425,0.8658,-1,-1,-1
32,3,576,307,140,425,0.8507,-1,-1,-1
32,2,401,324,142,421,0.8839,-1,-1,-1
32,1,893,206,230,676,0.8626,-1,-1,-1
33,4,1102,302,167,428,0.8705,-1,-1,-1
33,3,576,308,145,431,0.8776,-1,-1,-1
33,2,401,327,144,427,0.8770,-1,-1,-1
33,1,894,211,232,676,0.8766,-1,-1,-1
34,4,1107,305,163,427,0.8881,-1,-1,-1
34,3,583,309,142,436,0.8831,-1,-1,-1
34,2,401,332,143,432,0.8700,-1,-1,-1
34,1,895,218,235,682,0.8969,-1,-1,-1
35,12,851,398,46,142,0.5074,-1,-1,-1
35,4,1110,307,165,423,0.8739,-1,-1,-1
35,3,586,314,140,440,0.8607,-1,-1,-1
35,2,396,334,147,438,0.8757,-1,-1,-1
35,1,903,228,235,685,0.8817,-1,-1,-1
36,12,855,404,47,140,0.5359,-1,-1,-1
36,4,1115,311,161,420,0.8840,-1,-1,-1
36,3,588,321,139,441,0.8451,-1,-1,-1
36,2,392,339,149,441,0.8850,-1,-1,-1
36,1,910,234,231,682,0.8900,-1,-1,-1
37,4,1118,315,166,425,0.9026,-1,-1,-1
37,3,590,324,139,448,0.8469,-1,-1,-1
37,2,388,342,149,443,0.8883,-1,-1,-1
37,1,916,244,219,679,0.8981,-1,-1,-1
38,4,1119,323,166,424,0.9015,-1,-1,-1
38,3,590,331,139,455,0.8348,-1,-1,-1
38,2,384,347,151,445,0.8856,-1,-1,-1
38,1,919,251,220,673,0.9013,-1,-1,-1
39,4,1123,328,161,429,0.8926,-1,-1,-1
39,3,590,338,134,463,0.8433,-1,-1,-1
39,2,373,350,160,452,0.8810,-1,-1,-1
39,1,923,254,218,681,0.8960,-1,-1,-1
40,4,1127,337,158,426,0.8915,-1,-1,-1
40,3,587,339,139,471,0.8319,-1,-1,-1
40,2,369,355,162,454,0.8886,-1,-1,-1
40,1,931,258,208,685,0.8889,-1,-1,-1
41,4,1129,341,158,431,0.8826,-1,-1,-1
41,3,582,343,137,475,0.8415,-1,-1,-1
41,2,357,353,164,462,0.8740,-1,-1,-1
41,1,934,262,204,681,0.8936,-1,-1,-1
42,4,1128,349,155,430,0.8877,-1,-1,-1
42,3,576,346,135,475,0.8327,-1,-1,-1
42,2,344,358,172,467,0.8990,-1,-1,-1
42,1,933,267,203,672,0.8933,-1,-1,-1
43,9,856,440,49,141,0.4319,-1,-1,-1
43,4,1128,354,154,430,0.9019,-1,-1,-1
43,3,566,354,144,487,0.8592,-1,-1,-1
43,2,340,366,168,469,0.8936,-1,-1,-1
43,1,932,277,202,658,0.8976,-1,-1,-1
44,9,851,441,50,145,0.5071,-1,-1,-1
44,4,1124,361,156,428,0.9055,-1,-1,-1
44,3,563,355,145,494,0.8770,-1,-1,-1
44,2,319,369,183,478,0.8873,-1,-1,-1
44,1,930,281,200,658,0.9017,-1,-1,-1
45,9,850,450,47,141,0.5890,-1,-1,-1
45,4,1121,368,158,428,0.8915,-1,-1,-1
45,3,558,358,145,502,0.8670,-1,-1,-1
45,2,302,373,190,488,0.8773,-1,-1,-1
45,1,928,288,197,662,0.8973,-1,-1,-1
46,9,845,455,49,147,0.5239,-1,-1,-1
46,4,1117,377,157,430,0.8850,-1,-1,-1
46,3,550,361,151,505,0.8608,-1,-1,-1
46,2,287,377,195,505,0.8776,-1,-1,-1
46,1,925,294,195,670,0.8873,-1,-1,-1
47,9,841,466,52,145,0.5624,-1,-1,-1
47,4,1115,383,148,435,0.8809,-1,-1,-1
47,3,541,368,156,506,0.8689,-1,-1,-1
47,2,272,385,200,513,0.8818,-1,-1,-1
47,1,922,303,194,672,0.8909,-1,-1,-1
48,9,837,466,58,150,0.5171,-1,-1,-1
48,4,1111,391,145,432,0.8880,-1,-1,-1
48,3,530,374,158,518,0.8485,-1,-1,-1
48,2,253,389,210,524,0.8773,-1,-1,-1
48,1,916,308,197,679,0.9036,-1,-1,-1
49,4,1104,399,146,430,0.8883,-1,-1,-1
49,3,522,381,154,527,0.8710,-1,-1,-1
49,2,240,400,212,536,0.9041,-1,-1,-1
49,1,910,316,193,689,0.8828,-1,-1,-1
50,4,1097,402,147,440,0.8522,-1,-1,-1
50,3,513,386,158,533,0.8715,-1,-1,-1
50,2,224,406,214,534,0.8988,-1,-1,-1
50,1,906,326,187,685,0.8840,-1,-1,-1
51,6,817,482,57,152,0.5699,-1,-1,-1
51,4,1092,402,150,446,0.8742,-1,-1,-1
51,3,504,390,162,531,0.8958,-1,-1,-1
51,2,214,415,215,521,0.8659,-1,-1,-1
51,1,900,336,184,685,0.8763,-1,-1,-1
52,6,812,487,54,148,0.5382,-1,-1,-1
52,4,1090,406,148,445,0.9035,-1,-1,-1
52,3,491,392,173,532,0.8960,-1,-1,-1
52,2,199,417,219,558,0.8720,-1,-1,-1
52,1,893,337,188,694,0.8735,-1,-1,-1
53,6,814,488,52,147,0.6220,-1,-1,-1
53,4,1084,411,153,442,0.9074,-1,-1,-1
53,3,489,395,173,544,0.8949,-1,-1,-1
53,2,187,420,221,571,0.8839,-1,-1,-1
53,1,885,346,191,684,0.8600,-1,-1,-1
54,6,811,492,51,143,0.6207,-1,-1,-1
54,4,1079,413,159,442,0.9070,-1,-1,-1
54,3,479,396,182,555,0.8566,-1,-1,-1
54,2,173,419,227,579,0.8891,-1,-1,-1
54,1,878,350,193,681,0.8715,-1,-1,-1
55,6,804,492,58,145,0.5788,-1,-1,-1
55,4,1074,414,164,443,0.9126,-1,-1,-1
55,3,473,398,186,563,0.8533,-1,-1,-1
55,2,170,420,221,584,0.8818,-1,-1,-1
55,1,871,350,193,686,0.8794,-1,-1,-1
56,6,802,494,56,153,0.5524,-1,-1,-1
56,4,1073,414,165,441,0.9190,-1,-1,-1
56,3,467,399,190,575,0.8808,-1,-1,-1
56,2,154,420,231,596,0.8954,-1,-1,-1
56,1,864,348,199,688,0.8652,-1,-1,-1
57,6,801,498,58,154,0.6254,-1,-1,-1
57,4,1072,415,166,439,0.9233,-1,-1,-1
57,3,465,411,190,578,0.8805,-1,-1,-1
57,2,146,419,229,602,0.9029,-1,-1,-1
57,1,859,344,203,691,0.8741,-1,-1,-1
58,6,801,498,55,151,0.5158,-1,-1,-1
58,4,1071,414,169,440,0.9177,-1,-1,-1
58,3,458,401,194,604,0.8733,-1,-1,-1
58,2,134,417,234,609,0.9145,-1,-1,-1
58,1,855,349,204,675,0.8806,-1,-1,-1
59,4,1071,415,171,439,0.9145,-1,-1,-1
59,3,448,401,198,615,0.8795,-1,-1,-1
59,2,122,415,237,619,0.9164,-1,-1,-1
59,1,849,346,205,667,0.8804,-1,-1,-1
60,4,1070,413,174,443,0.9162,-1,-1,-1
60,3,440,400,200,622,0.8866,-1,-1,-1
60,2,116,414,234,625,0.9209,-1,-1,-1
60,1,837,346,210,668,0.8871,-1,-1,-1
61,11,1020,456,71,300,0.4318,-1,-1,-1
61,4,1069,419,175,439,0.9182,-1,-1,-1
61,3,440,400,200,637,0.8836,-1,-1,-1
61,2,105,417,236,630,0.9164,-1,-1,-1
61,1,824,346,218,673,0.8890,-1,-1,-1
62,11,1019,448,76,304,0.4827,-1,-1,-1
62,6,791,495,60,159,0.5253,-1,-1,-1
62,4,1068,415,180,441,0.9091,-1,-1,-1
62,3,439,398,200,646,0.8852,-1,-1,-1
62,2,99,415,238,653,0.9206,-1,-1,-1
62,1,821,345,219,675,0.8908,-1,-1,-1
63,11,1018,444,72,305,0.6618,-1,-1,-1
63,6,798,498,51,141,0.4047,-1,-1,-1
63,4,1070,412,181,443,0.9033,-1,-1,-1
63,3,438,391,204,655,0.8902,-1,-1,-1
63,2,94,410,236,666,0.9131,-1,-1,-1
63,1,824,342,217,680,0.8890,-1,-1,-1
64,11,1020,438,74,308,0.7090,-1,-1,-1
64,4,1073,413,185,449,0.9040,-1,-1,-1
64,3,436,387,209,664,0.8916,-1,-1,-1
64,2,90,408,234,669,0.9097,-1,-1,-1
64,1,821,342,221,682,0.8854,-1,-1,-1
65,11,1020,431,83,316,0.7398,-1,-1,-1
65,4,1077,410,188,453,0.8977,-1,-1,-1
65,3,437,381,212,670,0.8995,-1,-1,-1
65,2,85,406,233,668,0.9132,-1,-1,-1
65,1,811,342,231,683,0.8895,-1,-1,-1
66,11,1023,431,78,314,0.7382,-1,-1,-1
66,4,1082,412,190,444,0.8908,-1,-1,-1
66,3,436,375,215,676,0.9048,-1,-1,-1
66,2,77,402,235,671,0.9141,-1,-1,-1
66,1,820,343,226,681,0.8997,-1,-1,-1
67,11,1027,426,79,314,0.7704,-1,-1,-1
67,4,1084,405,192,451,0.8992,-1,-1,-1
67,3,437,366,222,684,0.9073,-1,-1,-1
67,2,64,396,242,674,0.9168,-1,-1,-1
67,1,821,343,225,679,0.8988,-1,-1,-1
68,11,1028,421,80,315,0.8192,-1,-1,-1
68,4,1092,399,185,454,0.9021,-1,-1,-1
68,3,437,357,228,692,0.9185,-1,-1,-1
68,2,48,392,244,673,0.9197,-1,-1,-1
68,1,822,340,227,682,0.8968,-1,-1,-1
69,11,1029,420,82,311,0.8060,-1,-1,-1
69,4,1095,397,185,457,0.9015,-1,-1,-1
69,3,437,350,234,698,0.9185,-1,-1,-1
69,2,35,382,255,692,0.9105,-1,-1,-1
69,1,824,335,229,685,0.8971,-1,-1,-1
70,14,756,491,55,143,0.5565,-1,-1,-1
70,11,1033,419,79,309,0.8407,-1,-1,-1
70,4,1100,390,183,460,0.9037,-1,-1,-1
70,3,435,338,238,710,0.9182,-1,-1,-1
70,2,19,374,258,699,0.9339,-1,-1,-1
70,1,826,333,229,677,0.9038,-1,-1,-1
71,14,755,481,56,151,0.5714,-1,-1,-1
71,11,1034,418,79,306,0.8209,-1,-1,-1
71,4,1103,385,181,458,0.9027,-1,-1,-1
71,3,431,331,241,721,0.9190,-1,-1,-1
71,2,2,367,262,706,0.9159,-1,-1,-1
71,1,834,327,222,678,0.9045,-1,-1,-1
72,14,756,482,56,148,0.5757,-1,-1,-1
72,11,1035,414,78,309,0.7797,-1,-1,-1
72,4,1106,382,179,453,0.9041,-1,-1,-1
72,3,427,325,242,740,0.9124,-1,-1,-1
72,2,0,358,253,717,0.9267,-1,-1,-1
72,1,839,323,218,675,0.9004,-1,-1,-1
73,14,757,474,53,155,0.6276,-1,-1,-1
73,11,1036,412,77,310,0.7611,-1,-1,-1
73,4,1106,379,175,444,0.9101,-1,-1,-1
73,3,420,316,245,750,0.9213,-1,-1,-1
73,2,0,348,241,728,0.9246,-1,-1,-1
73,1,844,315,212,670,0.8841,-1,-1,-1
74,14,754,482,54,145,0.5657,-1,-1,-1
74,11,1036,411,77,309,0.7393,-1,-1,-1
74,4,1106,376,175,443,0.9096,-1,-1,-1
74,3,411,308,248,760,0.9216,-1,-1,-1
74,2,0,342,223,734,0.9325,-1,-1,-1
74,1,837,311,218,659,0.8945,-1,-1,-1
75,15,1564,440,45,60,0.5523,-1,-1,-1
75,14,752,479,53,142,0.6435,-1,-1,-1
75,11,1037,406,75,311,0.7544,-1,-1,-1
75,4,1107,373,173,443,0.9054,-1,-1,-1
75,3,401,298,253,771,0.9164,-1,-1,-1
75,2,0,331,205,743,0.9275,-1,-1,-1
75,1,837,305,221,655,0.8878,-1,-1,-1
76,15,1539,438,67,61,0.5979,-1,-1,-1
76,14,750,477,56,142,0.6453,-1,-1,-1
76,11,1036,404,76,311,0.7491,-1,-1,-1
76,4,1112,371,165,445,0.9016,-1,-1,-1
76,3,393,295,251,771,0.9051,-1,-1,-1
76,2,0,324,192,750,0.9247,-1,-1,-1
76,1,839,301,222,654,0.8857,-1,-1,-1
77,15,1554,438,56,61,0.6030,-1,-1,-1
77,14,747,474,60,147,0.6464,-1,-1,-1
77,11,1032,401,79,316,0.6762,-1,-1,-1
77,4,1114,370,164,447,0.9077,-1,-1,-1
77,3,381,291,257,776,0.9321,-1,-1,-1
77,2,0,317,175,756,0.9016,-1,-1,-1
77,1,845,299,215,658,0.8856,-1,-1,-1
78,15,1543,436,63,63,0.5145,-1,-1,-1
78,14,744,468,62,155,0.5228,-1,-1,-1
78,11,1031,400,76,318,0.7679,-1,-1,-1
78,9,808,448,56,163,0.6441,-1,-1,-1
78,4,1114,369,160,448,0.9054,-1,-1,-1
78,3,366,287,269,783,0.9311,-1,-1,-1
78,2,0,314,155,762,0.9057,-1,-1,-1
78,1,850,299,207,661,0.8795,-1,-1,-1
79,15,1547,434,58,64,0.5487,-1,-1,-1
79,14,741,472,55,146,0.5273,-1,-1,-1
79,11,1029,408,73,308,0.7541,-1,-1,-1
79,9,806,447,53,166,0.7116,-1,-1,-1
79,4,1110,367,160,449,0.8987,-1,-1,-1
79,3,349,284,271,789,0.9177,-1,-1,-1
79,2,0,315,144,762,0.7859,-1,-1,-1
79,1,851,298,206,663,0.8785,-1,-1,-1
80,15,1534,435,70,63,0.5060,-1,-1,-1
80,14,734,470,58,147,0.6162,-1,-1,-1
80,11,1020,401,79,313,0.7019,-1,-1,-1
80,9,803,443,55,171,0.7278,-1,-1,-1
80,4,1102,365,166,450,0.8793,-1,-1,-1
80,3,331,277,272,796,0.9170,-1,-1,-1
80,2,0,432,120,641,0.6042,-1,-1,-1
80,1,854,299,188,666,0.8701,-1,-1,-1
81,15,1546,435,58,60,0.5364,-1,-1,-1
81,14,731,463,55,153,0.6180,-1,-1,-1
81,11,1011,398,83,316,0.7005,-1,-1,-1
81,9,795,444,59,164,0.7879,-1,-1,-1
81,4,1101,365,165,448,0.8662,-1,-1,-1
81,3,316,265,271,807,0.9247,-1,-1,-1
81,1,853,299,183,668,0.8713,-1,-1,-1
82,15,1546,430,56,61,0.4612,-1,-1,-1
82,14,726,455,55,157,0.6568,-1,-1,-1
82,11,1011,387,76,319,0.7279,-1,-1,-1
82,9,790,438,60,169,0.7916,-1,-1,-1
82,4,1093,362,165,450,0.8620,-1,-1,-1
82,3,287,256,295,818,0.9231,-1,-1,-1
82,1,849,295,180,669,0.8635,-1,-1,-1
83,14,717,450,62,158,0.6382,-1,-1,-1
83,11,1002,380,82,319,0.7587,-1,-1,-1
83,9,785,430,62,174,0.6499,-1,-1,-1
83,4,1091,358,159,450,0.8763,-1,-1,-1
83,3,265,240,301,834,0.8987,-1,-1,-1
83,1,844,293,180,672,0.8607,-1,-1,-1
84,14,711,447,59,158,0.6074,-1,-1,-1
84,11,994,378,80,319,0.7946,-1,-1,-1
84,9,780,432,58,170,0.6476,-1,-1,-1
84,4,1088,356,153,452,0.9047,-1,-1,-1
84,3,238,230,306,843,0.9073,-1,-1,-1
84,1,836,293,180,675,0.8542,-1,-1,-1
85,14,705,448,56,154,0.6462,-1,-1,-1
85,11,984,374,83,320,0.7729,-1,-1,-1
85,9,772,425,56,172,0.7236,-1,-1,-1
85,4,1078,352,153,455,0.8931,-1,-1,-1
85,3,210,213,326,861,0.8982,-1,-1,-1
85,1,824,291,181,671,0.8596,-1,-1,-1
86,14,698,445,56,152,0.5432,-1,-1,-1
86,11,969,371,91,316,0.7773,-1,-1,-1
86,9,764,419,55,171,0.7135,-1,-1,-1
86,4,1071,350,155,459,0.8845,-1,-1,-1
86,3,186,202,329,873,0.8986,-1,-1,-1
86,1,811,286,184,671,0.8772,-1,-1,-1
87,14,690,442,52,151,0.4538,-1,-1,-1
87,11,960,369,93,314,0.8211,-1,-1,-1
87,9,757,418,53,172,0.7365,-1,-1,-1
87,4,1062,346,154,458,0.9011,-1,-1,-1
87,3,159,190,327,886,0.9232,-1,-1,-1
87,1,797,282,184,669,0.8829,-1,-1,-1
88,18,452,403,91,296,0.7521,-1,-1,-1
88,14,682,437,51,157,0.5760,-1,-1,-1
88,11,949,364,95,318,0.8322,-1,-1,-1
88,9,744,409,53,170,0.4952,-1,-1,-1
88,4,1049,342,160,454,0.8938,-1,-1,-1
88,3,131,182,340,891,0.9306,-1,-1,-1
88,1,779,275,194,670,0.8749,-1,-1,-1
89,18,426,401,106,298,0.7644,-1,-1,-1
89,15,1512,405,45,63,0.4843,-1,-1,-1
89,14,673,432,62,160,0.5729,-1,-1,-1
89,11,943,359,90,315,0.8095,-1,-1,-1
89,9,740,408,49,176,0.4358,-1,-1,-1
89,4,1041,341,166,451,0.8787,-1,-1,-1
89,3,102,165,353,908,0.9303,-1,-1,-1
89,1,765,264,203,667,0.8642,-1,-1,-1
90,18,422,394,104,302,0.8041,-1,-1,-1
90,14,670,430,49,157,0.4609,-1,-1,-1
90,11,938,357,92,313,0.8507,-1,-1,-1
90,4,1036,332,164,461,0.8749,-1,-1,-1
90,3,73,152,367,920,0.9223,-1,-1,-1
90,1,749,259,213,659,0.8800,-1,-1,-1
91,18,416,392,102,303,0.8155,-1,-1,-1
91,14,660,421,53,163,0.5844,-1,-1,-1
91,11,929,348,99,320,0.8775,-1,-1,-1
91,4,1030,325,168,457,0.9047,-1,-1,-1
91,3,51,143,382,929,0.9146,-1,-1,-1
91,1,738,255,220,652,0.8817,-1,-1,-1
92,18,404,386,107,304,0.7906,-1,-1,-1
92,14,656,419,59,162,0.4639,-1,-1,-1
92,11,925,344,98,322,0.8546,-1,-1,-1
92,4,1023,319,170,453,0.9088,-1,-1,-1
92,3,16,127,408,943,0.9315,-1,-1,-1
92,1,723,250,226,656,0.8905,-1,-1,-1
93,18,400,380,107,310,0.7947,-1,-1,-1
93,11,922,344,99,320,0.8009,-1,-1,-1
93,4,1022,315,169,455,0.9127,-1,-1,-1
93,3,1,112,408,958,0.9375,-1,-1,-1
93,1,715,247,234,656,0.8960,-1,-1,-1
94,18,392,376,112,314,0.7963,-1,-1,-1
94,11,921,345,97,319,0.8002,-1,-1,-1
94,4,1017,310,173,459,0.9210,-1,-1,-1
94,3,0,104,402,969,0.9530,-1,-1,-1
94,1,711,245,232,656,0.9097,-1,-1,-1
95,18,386,379,109,312,0.7792,-1,-1,-1
95,11,917,347,98,317,0.7466,-1,-1,-1
95,4,1010,308,183,462,0.9102,-1,-1,-1
95,3,0,93,396,979,0.9471,-1,-1,-1
95,1,699,243,242,663,0.8855,-1,-1,-1
96,18,381,380,109,313,0.8034,-1,-1,-1
96,11,912,347,101,318,0.7194,-1,-1,-1
96,4,1006,309,188,462,0.9029,-1,-1,-1
96,3,0,83,382,987,0.9391,-1,-1,-1
96,1,691,245,237,662,0.9015,-1,-1,-1
97,18,376,373,113,323,0.8451,-1,-1,-1
97,11,910,347,101,318,0.6831,-1,-1,-1
97,4,1005,310,194,462,0.8983,-1,-1,-1
97,3,0,71,368,1001,0.9380,-1,-1,-1
97,1,693,245,233,666,0.9068,-1,-1,-1
98,18,376,369,112,330,0.8521,-1,-1,-1
98,11,906,347,107,318,0.6923,-1,-1,-1
98,4,1007,308,191,467,0.9037,-1,-1,-1
98,3,1,51,356,1017,0.9376,-1,-1,-1
98,1,692,247,230,670,0.9038,-1,-1,-1
99,18,374,366,113,336,0.8632,-1,-1,-1
99,11,909,348,105,319,0.7238,-1,-1,-1
99,4,1008,309,197,467,0.9104,-1,-1,-1
99,3,0,46,348,1022,0.9300,-1,-1,-1
99,1,691,251,229,671,0.9030,-1,-1,-1
100,18,373,364,115,339,0.8659,-1,-1,-1
100,14,630,413,59,169,0.5423,-1,-1,-1
100,11,907,348,109,318,0.7372,-1,-1,-1
100,4,1009,313,194,458,0.9074,-1,-1,-1
100,3,0,33,333,1038,0.9297,-1,-1,-1
100,1,693,253,227,670,0.9036,-1,-1,-1
101,18,373,364,116,340,0.8596,-1,-1,-1
101,11,912,345,106,319,0.7914,-1,-1,-1
101,4,1012,311,198,458,0.8996,-1,-1,-1
101,3,0,18,314,1053,0.9443,-1,-1,-1
101,1,699,253,224,670,0.8998,-1,-1,-1
102,18,374,367,117,339,0.8471,-1,-1,-1
102,11,916,349,104,315,0.7732,-1,-1,-1
102,4,1017,311,198,462,0.8924,-1,-1,-1
102,3,0,16,297,1054,0.9457,-1,-1,-1
102,1,707,253,217,666,0.8968,-1,-1,-1
103,18,386,368,112,337,0.8150,-1,-1,-1
103,11,925,343,105,320,0.8078,-1,-1,-1
103,4,1025,313,206,466,0.8850,-1,-1,-1
103,3,0,10,279,1061,0.9218,-1,-1,-1
103,1,717,251,212,662,0.8903,-1,-1,-1
104,18,395,363,114,339,0.7951,-1,-1,-1
104,11,938,335,109,328,0.7657,-1,-1,-1
104,4,1043,309,203,464,0.8733,-1,-1,-1
104,3,0,21,254,1036,0.8604,-1,-1,-1
104,1,729,250,218,666,0.8961,-1,-1,-1
105,18,403,366,114,336,0.8319,-1,-1,-1
105,11,949,337,106,324,0.7671,-1,-1,-1
105,4,1054,307,199,469,0.8979,-1,-1,-1
105,3,0,254,212,813,0.6989,-1,-1,-1
105,1,738,249,214,653,0.8890,-1,-1,-1
106,18,410,362,113,338,0.8373,-1,-1,-1
106,11,956,343,107,315,0.7344,-1,-1,-1
106,9,669,406,62,167,0.6629,-1,-1,-1
106,4,1067,301,195,471,0.9041,-1,-1,-1
106,3,0,244,144,701,0.5856,-1,-1,-1
106,1,744,246,217,638,0.8920,-1,-1,-1
107,18,409,362,117,342,0.8385,-1,-1,-1
107,11,961,335,106,320,0.7260,-1,-1,-1
107,9,672,403,64,168,0.6898,-1,-1,-1
107,4,1074,300,186,477,0.9031,-1,-1,-1
107,3,0,246,99,780,0.7580,-1,-1,-1
107,1,752,241,216,637,0.9062,-1,-1,-1
108,18,411,362,117,342,0.8570,-1,-1,-1
108,11,964,336,107,318,0.7369,-1,-1,-1
108,9,678,406,60,163,0.5688,-1,-1,-1
108,4,1082,300,175,474,0.8884,-1,-1,-1
108,1,760,237,208,641,0.9046,-1,-1,-1
109,18,409,360,120,348,0.8605,-1,-1,-1
109,11,968,332,105,320,0.6634,-1,-1,-1
109,4,1087,299,172,466,0.8972,-1,-1,-1
109,1,766,233,205,643,0.8999,-1,-1,-1
110,18,408,355,121,355,0.8525,-1,-1,-1
110,11,973,326,107,323,0.7360,-1,-1,-1
110,4,1089,299,173,459,0.8987,-1,-1,-1
110,1,775,229,194,648,0.9020,-1,-1,-1
111,18,406,350,123,361,0.8725,-1,-1,-1
111,11,977,328,103,317,0.6650,-1,-1,-1
111,4,1092,297,173,457,0.8979,-1,-1,-1
111,1,777,228,193,648,0.9003,-1,-1,-1
112,18,404,345,125,366,0.8688,-1,-1,-1
112,11,981,327,101,319,0.6482,-1,-1,-1
112,4,1095,291,170,461,0.8966,-1,-1,-1
112,1,776,228,192,649,0.8914,-1,-1,-1
113,18,406,343,123,368,0.8431,-1,-1,-1
113,11,993,326,91,319,0.6499,-1,-1,-1
113,4,1101,286,167,467,0.8931,-1,-1,-1
113,1,780,227,189,652,0.8893,-1,-1,-1
114,18,407,341,122,369,0.8377,-1,-1,-1
114,11,995,323,92,319,0.5564,-1,-1,-1
114,4,1105,285,168,469,0.9010,-1,-1,-1
114,1,779,229,192,651,0.8764,-1,-1,-1
115,18,403,340,126,372,0.8495,-1,-1,-1
115,11,986,324,106,322,0.5273,-1,-1,-1
115,9,704,401,55,165,0.4978,-1,-1,-1
115,4,1110,286,167,470,0.8976,-1,-1,-1
115,1,783,231,190,650,0.8724,-1,-1,-1
116,18,405,340,125,373,0.8288,-1,-1,-1
116,9,700,391,61,174,0.5967,-1,-1,-1
116,4,1114,285,166,470,0.8940,-1,-1,-1
116,1,782,233,190,650,0.8825,-1,-1,-1
117,18,407,337,122,374,0.8330,-1,-1,-1
117,9,699,393,62,172,0.4621,-1,-1,-1
117,4,1117,281,166,472,0.9034,-1,-1,-1
117,1,783,235,189,645,0.8825,-1,-1,-1
118,23,1050,355,55,256,0.5148,-1,-1,-1
118,18,401,336,126,378,0.8447,-1,-1,-1
118,9,700,400,64,169,0.4031,-1,-1,-1
118,4,1119,283,166,473,0.9012,-1,-1,-1
118,1,783,239,186,641,0.8828,-1,-1,-1
119,23,1050,356,57,252,0.5660,-1,-1,-1
119,18,391,335,132,379,0.8581,-1,-1,-1
119,4,1120,287,165,473,0.8993,-1,-1,-1
119,1,782,236,184,645,0.8823,-1,-1,-1
120,23,1053,355,55,259,0.5000,-1,-1,-1
120,18,398,332,117,389,0.8424,-1,-1,-1
120,11,970,330,124,320,0.6785,-1,-1,-1
120,4,1120,287,166,476,0.9018,-1,-1,-1
120,1,776,233,189,646,0.8869,-1,-1,-1
121,23,1051,353,54,256,0.4394,-1,-1,-1
121,18,384,332,129,393,0.7968,-1,-1,-1
121,11,970,325,113,325,0.7487,-1,-1,-1
121,4,1118,290,165,472,0.9010,-1,-1,-1
121,1,770,227,191,645,0.8888,-1,-1,-1
122,23,1048,357,57,245,0.5740,-1,-1,-1
122,18,376,335,132,397,0.8304,-1,-1,-1
122,11,967,322,111,328,0.7324,-1,-1,-1
122,4,1117,292,163,470,0.8980,-1,-1,-1
122,1,763,225,195,634,0.8821,-1,-1,-1
123,23,1045,359,54,234,0.5991,-1,-1,-1
123,18,369,333,134,404,0.8489,-1,-1,-1
123,11,963,322,106,329,0.7425,-1,-1,-1
123,4,1115,292,161,476,0.8903,-1,-1,-1
123,1,750,225,203,635,0.8919,-1,-1,-1
124,23,1041,358,54,232,0.6129,-1,-1,-1
124,18,357,336,138,405,0.8651,-1,-1,-1
124,11,961,322,106,330,0.7726,-1,-1,-1
124,4,1111,292,160,478,0.8838,-1,-1,-1
124,1,736,227,212,638,0.8908,-1,-1,-1
125,18,359,338,126,403,0.8402,-1,-1,-1
125,11,951,321,136,332,0.8102,-1,-1,-1
125,4,1104,294,162,476,0.8851,-1,-1,-1
125,1,732,228,209,639,0.9010,-1,-1,-1
126,18,336,338,143,411,0.8627,-1,-1,-1
126,11,945,324,138,330,0.7370,-1,-1,-1
126,4,1099,295,165,478,0.8941,-1,-1,-1
126,1,711,230,227,643,0.9008,-1,-1,-1
127,18,328,337,144,414,0.8461,-1,-1,-1
127,11,942,326,131,329,0.6792,-1,-1,-1
127,4,1091,297,172,475,0.8901,-1,-1,-1
127,1,708,233,225,644,0.9070,-1,-1,-1
128,18,321,341,142,413,0.8244,-1,-1,-1
128,11,942,321,103,335,0.7403,-1,-1,-1
128,4,1088,291,173,480,0.8872,-1,-1,-1
128,1,704,233,223,646,0.9060,-1,-1,-1
129,18,315,340,142,421,0.8182,-1,-1,-1
129,11,940,318,103,338,0.7472,-1,-1,-1
129,4,1086,290,174,481,0.8823,-1,-1,-1
129,1,707,236,219,645,0.8969,-1,-1,-1
130,23,1015,369,67,229,0.7728,-1,-1,-1
130,18,313,334,143,429,0.8261,-1,-1,-1
130,11,940,315,98,338,0.7654,-1,-1,-1
130,4,1084,290,176,480,0.8896,-1,-1,-1
130,1,707,238,220,647,0.8847,-1,-1,-1
131,23,1011,367,72,228,0.7568,-1,-1,-1
131,18,302,329,152,435,0.8532,-1,-1,-1
131,11,937,316,100,336,0.7634,-1,-1,-1
131,4,1084,290,174,471,0.8812,-1,-1,-1
131,1,708,240,222,645,0.8898,-1,-1,-1
132,23,1011,365,71,231,0.7572,-1,-1,-1
132,18,299,327,154,439,0.8405,-1,-1,-1
132,11,935,315,100,337,0.7616,-1,-1,-1
132,4,1083,289,176,473,0.8850,-1,-1,-1
132,1,712,241,216,644,0.8830,-1,-1,-1
133,27,658,396,61,188,0.4081,-1,-1,-1
133,23,1009,365,74,233,0.7728,-1,-1,-1
133,18,292,320,154,454,0.8463,-1,-1,-1
133,11,935,314,98,338,0.7545,-1,-1,-1
133,4,1081,289,179,475,0.8921,-1,-1,-1
133,1,713,242,217,635,0.8761,-1,-1,-1
134,23,1009,365,75,227,0.7939,-1,-1,-1
134,18,289,324,158,452,0.8638,-1,-1,-1
134,11,933,317,94,337,0.7734,-1,-1,-1
134,4,1080,288,181,483,0.8865,-1,-1,-1
134,1,715,241,214,640,0.8837,-1,-1,-1
135,23,1008,367,76,223,0.7784,-1,-1,-1
135,18,287,322,156,459,0.8638,-1,-1,-1
135,11,933,316,90,340,0.7771,-1,-1,-1
135,4,1078,290,184,484,0.8865,-1,-1,-1
135,1,716,242,214,645,0.8884,-1,-1,-1
136,23,1006,365,80,223,0.7758,-1,-1,-1
136,18,279,321,161,465,0.8615,-1,-1,-1
136,11,933,317,89,342,0.7902,-1,-1,-1
136,4,1079,292,185,488,0.8893,-1,-1,-1
136,1,723,242,212,643,0.8693,-1,-1,-1
137,23,1008,367,81,222,0.8008,-1,-1,-1
137,18,280,318,160,472,0.8570,-1,-1,-1
137,11,934,317,88,342,0.7949,-1,-1,-1
137,4,1081,294,185,490,0.8931,-1,-1,-1
137,1,725,242,213,629,0.8800,-1,-1,-1
138,27,652,400,71,198,0.5560,-1,-1,-1
138,23,1012,369,79,227,0.7463,-1,-1,-1
138,18,277,320,160,475,0.8773,-1,-1,-1
138,11,931,325,93,336,0.7856,-1,-1,-1
138,4,1083,298,186,486,0.8779,-1,-1,-1
138,1,731,244,212,622,0.8941,-1,-1,-1
139,27,654,406,68,191,0.5908,-1,-1,-1
139,23,1011,367,85,229,0.7122,-1,-1,-1
139,18,273,320,162,478,0.8844,-1,-1,-1
139,11,934,325,91,336,0.7726,-1,-1,-1
139,4,1086,297,187,490,0.8750,-1,-1,-1
139,1,737,243,205,622,0.8855,-1,-1,-1
140,27,645,400,80,200,0.5633,-1,-1,-1
140,23,1020,368,78,223,0.7467,-1,-1,-1
140,18,273,319,163,488,0.8826,-1,-1,-1
140,11,944,324,84,337,0.7555,-1,-1,-1
140,4,1089,301,189,494,0.8816,-1,-1,-1
140,1,741,244,202,628,0.8882,-1,-1,-1
141,27,648,398,81,203,0.6685,-1,-1,-1
141,23,1024,373,79,222,0.7625,-1,-1,-1
141,18,273,319,164,497,0.8712,-1,-1,-1
141,11,947,327,85,335,0.7514,-1,-1,-1
141,4,1095,297,185,503,0.8897,-1,-1,-1
141,1,747,246,198,630,0.8958,-1,-1,-1
142,27,660,400,73,200,0.6735,-1,-1,-1
142,23,1030,372,80,223,0.7400,-1,-1,-1
142,18,269,320,167,507,0.8695,-1,-1,-1
142,11,928,328,106,336,0.7894,-1,-1,-1
142,4,1102,295,184,504,0.9005,-1,-1,-1
142,1,753,251,196,627,0.8853,-1,-1,-1
143,27,662,400,73,201,0.5843,-1,-1,-1
143,23,1034,372,79,223,0.7536,-1,-1,-1
143,18,269,322,169,510,0.8573,-1,-1,-1
143,11,943,330,97,335,0.7453,-1,-1,-1
143,4,1111,294,183,508,0.9129,-1,-1,-1
143,1,761,253,192,631,0.8891,-1,-1,-1
144,27,665,397,75,205,0.6849,-1,-1,-1
144,23,1039,377,77,217,0.7296,-1,-1,-1
144,18,266,322,173,516,0.8689,-1,-1,-1
144,11,951,326,93,341,0.7191,-1,-1,-1
144,4,1115,295,183,507,0.9193,-1,-1,-1
144,1,766,256,193,630,0.8823,-1,-1,-1
145,27,664,395,82,209,0.6450,-1,-1,-1
145,23,1044,385,76,208,0.7523,-1,-1,-1
145,18,265,320,176,518,0.8628,-1,-1,-1
145,11,955,326,91,343,0.7467,-1,-1,-1
145,4,1122,295,186,507,0.9236,-1,-1,-1
145,1,776,259,187,631,0.8876,-1,-1,-1
146,27,664,397,83,210,0.7167,-1,-1,-1
146,23,1049,378,76,216,0.7428,-1,-1,-1
146,18,266,320,176,528,0.8624,-1,-1,-1
146,11,965,332,86,337,0.7503,-1,-1,-1
146,4,1132,296,182,496,0.9120,-1,-1,-1
146,1,774,262,194,633,0.8692,-1,-1,-1
147,27,663,396,86,214,0.6642,-1,-1,-1
147,23,1053,383,75,216,0.5914,-1,-1,-1
147,18,266,322,172,535,0.8742,-1,-1,-1
147,11,966,331,88,339,0.7802,-1,-1,-1
147,4,1136,296,185,493,0.9025,-1,-1,-1
147,1,768,267,201,630,0.8689,-1,-1,-1
148,27,668,400,83,211,0.6193,-1,-1,-1
148,23,1052,384,78,217,0.6285,-1,-1,-1
148,18,259,324,176,542,0.8743,-1,-1,-1
148,11,966,335,89,337,0.7711,-1,-1,-1
148,4,1139,296,185,496,0.8985,-1,-1,-1
148,1,784,268,188,628,0.8762,-1,-1,-1
149,27,671,406,83,209,0.5694,-1,-1,-1
149,23,1055,382,76,218,0.6305,-1,-1,-1
149,18,247,322,184,548,0.8711,-1,-1,-1
149,11,964,335,96,340,0.7595,-1,-1,-1
149,4,1143,296,184,497,0.9014,-1,-1,-1
149,1,781,268,193,629,0.8634,-1,-1,-1
150,27,671,410,85,209,0.5187,-1,-1,-1
150,23,1055,379,77,223,0.6719,-1,-1,-1
150,18,242,322,184,555,0.8721,-1,-1,-1
150,11,964,338,95,339,0.7713,-1,-1,-1
150,4,1147,299,182,500,0.8941,-1,-1,-1
150,1,782,268,193,631,0.8581,-1,-1,-1
151,27,669,410,86,209,0.7031,-1,-1,-1
151,23,1055,386,77,215,0.6988,-1,-1,-1
151,18,237,318,182,565,0.8812,-1,-1,-1
151,11,969,339,89,341,0.7762,-1,-1,-1
151,4,1147,302,184,504,0.8891,-1,-1,-1
151,1,778,267,200,628,0.8508,-1,-1,-1
152,28,1718,380,49,69,0.4059,-1,-1,-1
152,27,671,410,86,209,0.6982,-1,-1,-1
152,23,1055,385,78,214,0.6972,-1,-1,-1
152,18,224,313,191,577,0.8844,-1,-1,-1
152,11,970,340,88,341,0.7663,-1,-1,-1
152,4,1153,299,181,508,0.8852,-1,-1,-1
152,1,773,265,207,622,0.8537,-1,-1,-1
153,28,1719,380,50,71,0.4649,-1,-1,-1
153,27,672,410,85,218,0.7377,-1,-1,-1
153,23,1055,384,79,218,0.7402,-1,-1,-1
153,18,216,309,196,583,0.8617,-1,-1,-1
153,11,974,341,86,342,0.7613,-1,-1,-1
153,4,1157,299,180,503,0.8904,-1,-1,-1
153,1,774,263,206,616,0.8674,-1,-1,-1
154,28,1721,377,51,75,0.5166,-1,-1,-1
154,27,672,410,92,221,0.7066,-1,-1,-1
154,23,1054,385,80,220,0.7414,-1,-1,-1
154,18,210,308,193,585,0.8408,-1,-1,-1
154,11,979,340,79,344,0.7469,-1,-1,-1
154,4,1158,300,182,503,0.8941,-1,-1,-1
154,1,773,260,209,619,0.8740,-1,-1,-1
155,28,1720,375,52,75,0.4579,-1,-1,-1
155,27,665,406,107,222,0.7383,-1,-1,-1
155,23,1052,382,81,223,0.7604,-1,-1,-1
155,18,193,304,205,593,0.8540,-1,-1,-1
155,11,977,338,80,343,0.7571,-1,-1,-1
155,4,1158,299,183,504,0.8899,-1,-1,-1
155,1,769,256,213,621,0.8825,-1,-1,-1
156,28,1719,375,53,76,0.4678,-1,-1,-1
156,27,667,407,102,222,0.6915,-1,-1,-1
156,23,1050,380,83,225,0.7324,-1,-1,-1
156,18,179,298,205,606,0.8737,-1,-1,-1
156,11,974,337,83,345,0.7558,-1,-1,-1
156,4,1158,303,180,506,0.8840,-1,-1,-1
156,1,765,256,220,623,0.8856,-1,-1,-1
157,28,1718,379,55,72,0.4727,-1,-1,-1
157,27,664,407,100,226,0.6582,-1,-1,-1
157,23,1049,381,81,231,0.7239,-1,-1,-1
157,18,167,297,214,607,0.8938,-1,-1,-1
157,11,966,339,87,344,0.7392,-1,-1,-1
157,4,1153,304,180,510,0.8885,-1,-1,-1
157,1,759,259,225,623,0.8902,-1,-1,-1
158,28,1716,374,53,77,0.4306,-1,-1,-1
158,27,664,412,80,222,0.6531,-1,-1,-1
158,23,1046,386,82,223,0.7366,-1,-1,-1
158,18,157,295,213,611,0.8838,-1,-1,-1
158,11,962,337,90,345,0.7503,-1,-1,-1
158,4,1148,305,180,506,0.9021,-1,-1,-1
158,1,761,259,219,626,0.8759,-1,-1,-1
159,28,1712,374,54,76,0.4866,-1,-1,-1
159,27,660,410,78,224,0.6473,-1,-1,-1
159,23,1043,381,82,228,0.7316,-1,-1,-1
159,18,138,293,216,622,0.8616,-1,-1,-1
159,11,957,338,95,343,0.7366,-1,-1,-1
159,4,1144,306,178,504,0.9006,-1,-1,-1
159,1,766,264,210,623,0.8733,-1,-1,-1
160,27,648,411,96,222,0.7482,-1,-1,-1
160,23,1033,382,84,226,0.7486,-1,-1,-1
160,18,123,289,221,644,0.9095,-1,-1,-1
160,11,956,335,95,345,0.7276,-1,-1,-1
160,4,1139,302,179,510,0.9077,-1,-1,-1
160,1,768,265,207,625,0.8640,-1,-1,-1
161,27,645,403,92,232,0.7395,-1,-1,-1
161,23,1029,390,86,220,0.7760,-1,-1,-1
161,18,110,286,228,664,0.8959,-1,-1,-1
161,11,953,339,89,343,0.6096,-1,-1,-1
161,4,1135,303,178,507,0.9190,-1,-1,-1
161,1,773,269,204,624,0.8698,-1,-1,-1
162,27,639,400,84,235,0.6813,-1,-1,-1
162,23,1029,385,81,224,0.7733,-1,-1,-1
162,18,92,285,229,666,0.8724,-1,-1,-1
162,11,949,338,82,344,0.5631,-1,-1,-1
162,4,1129,302,177,512,0.9182,-1,-1,-1
162,1,768,272,205,622,0.8735,-1,-1,-1
163,27,631,424,80,213,0.6038,-1,-1,-1
163,23,1025,383,80,224,0.7214,-1,-1,-1
163,18,73,284,228,682,0.8622,-1,-1,-1
163,11,944,342,89,340,0.6642,-1,-1,-1
163,4,1118,299,180,517,0.9161,-1,-1,-1
163,1,759,272,214,625,0.8897,-1,-1,-1
164,29,713,367,73,272,0.7224,-1,-1,-1
164,27,617,396,90,240,0.7551,-1,-1,-1
164,23,1016,388,82,223,0.7322,-1,-1,-1
164,18,57,284,243,684,0.8852,-1,-1,-1
164,11,947,336,80,350,0.6181,-1,-1,-1
164,4,1112,297,181,515,0.9068,-1,-1,-1
164,1,758,270,215,619,0.8843,-1,-1,-1
165,29,706,367,79,271,0.7755,-1,-1,-1
165,27,615,395,84,243,0.7315,-1,-1,-1
165,23,1009,388,81,219,0.6971,-1,-1,-1
165,18,37,282,250,705,0.8874,-1,-1,-1
165,11,945,336,77,347,0.6461,-1,-1,-1
165,4,1107,296,183,508,0.8975,-1,-1,-1
165,1,766,267,198,616,0.8909,-1,-1,-1
166,29,705,366,79,274,0.7782,-1,-1,-1
166,28,1680,376,55,74,0.5609,-1,-1,-1
166,27,610,397,87,240,0.7619,-1,-1,-1
166,23,1008,389,81,216,0.6769,-1,-1,-1
166,18,19,275,256,734,0.8849,-1,-1,-1
166,11,934,328,85,356,0.7081,-1,-1,-1
166,4,1099,295,189,507,0.8908,-1,-1,-1
166,1,768,263,193,617,0.8773,-1,-1,-1
167,29,695,363,85,278,0.8352,-1,-1,-1
167,28,1678,371,56,78,0.5724,-1,-1,-1
167,27,605,393,85,245,0.7722,-1,-1,-1
167,23,1007,386,78,219,0.6282,-1,-1,-1
167,18,3,270,260,744,0.8841,-1,-1,-1
167,11,935,333,79,345,0.7213,-1,-1,-1
167,4,1092,292,193,508,0.8900,-1,-1,-1
167,1,770,260,190,611,0.8670,-1,-1,-1
168,29,694,357,83,286,0.8423,-1,-1,-1
168,28,1677,371,52,77,0.5603,-1,-1,-1
168,27,597,396,86,242,0.7902,-1,-1,-1
168,23,1006,395,78,205,0.6326,-1,-1,-1
168,18,0,264,255,752,0.9119,-1,-1,-1
168,11,931,334,80,342,0.7469,-1,-1,-1
168,4,1089,291,195,509,0.8910,-1,-1,-1
168,1,766,256,193,607,0.8731,-1,-1,-1
169,29,684,355,92,285,0.8137,-1,-1,-1
169,28,1676,371,50,75,0.5384,-1,-1,-1
169,27,592,393,90,247,0.7558,-1,-1,-1
169,23,1008,379,76,221,0.6876,-1,-1,-1
169,18,0,256,246,765,0.9119,-1,-1,-1
169,11,930,337,82,336,0.7353,-1,-1,-1
169,4,1087,289,194,509,0.8863,-1,-1,-1
169,1,768,251,192,607,0.8792,-1,-1,-1
170,29,682,352,89,288,0.7809,-1,-1,-1
170,28,1672,369,51,74,0.4478,-1,-1,-1
170,27,590,397,83,244,0.6954,-1,-1,-1
170,23,1002,380,83,219,0.6650,-1,-1,-1
170,18,0,248,226,783,0.9122,-1,-1,-1
170,11,930,340,77,332,0.7052,-1,-1,-1
170,4,1084,289,196,510,0.8920,-1,-1,-1
170,1,770,252,191,607,0.8755,-1,-1,-1
171,29,669,350,105,293,0.8405,-1,-1,-1
171,27,580,402,92,240,0.7401,-1,-1,-1
171,23,1007,370,76,221,0.7048,-1,-1,-1
171,18,0,244,216,795,0.9107,-1,-1,-1
171,11,930,351,76,323,0.7194,-1,-1,-1
171,4,1083,289,197,509,0.8990,-1,-1,-1
171,1,775,250,184,610,0.8792,-1,-1,-1
172,29,666,348,109,295,0.8465,-1,-1,-1
172,27,571,390,98,255,0.7463,-1,-1,-1
172,23,1006,372,75,219,0.6332,-1,-1,-1
172,18,0,242,205,802,0.9071,-1,-1,-1
172,11,928,340,78,333,0.6773,-1,-1,-1
172,4,1080,288,201,513,0.9055,-1,-1,-1
172,1,777,251,182,610,0.8776,-1,-1,-1
173,29,662,347,116,298,0.8733,-1,-1,-1
173,27,568,388,86,256,0.7079,-1,-1,-1
173,23,1004,375,76,217,0.6851,-1,-1,-1
173,18,0,235,191,815,0.9064,-1,-1,-1
173,11,926,338,80,334,0.5972,-1,-1,-1
173,4,1080,287,199,514,0.8941,-1,-1,-1
173,1,777,250,184,614,0.8777,-1,-1,-1
174,29,659,345,116,304,0.8844,-1,-1,-1
174,27,561,385,95,262,0.7238,-1,-1,-1
174,23,1006,373,74,219,0.6811,-1,-1,-1
174,18,0,232,180,828,0.9105,-1,-1,-1
174,11,929,347,75,327,0.4997,-1,-1,-1
174,4,1081,286,199,518,0.8959,-1,-1,-1
174,1,779,251,182,616,0.8838,-1,-1,-1
175,29,655,344,121,308,0.8934,-1,-1,-1
175,28,1676,364,58,72,0.4910,-1,-1,-1
175,27,559,385,96,263,0.7373,-1,-1,-1
175,23,1006,371,74,220,0.6784,-1,-1,-1
175,18,0,228,173,840,0.9039,-1,-1,-1
175,11,928,348,75,327,0.5911,-1,-1,-1
175,4,1084,288,198,517,0.8911,-1,-1,-1
175,1,781,248,179,626,0.8891,-1,-1,-1
176,29,656,347,119,308,0.8684,-1,-1,-1
176,28,1684,365,53,72,0.4713,-1,-1,-1
176,27,556,388,99,265,0.7458,-1,-1,-1
176,23,1008,376,75,219,0.6897,-1,-1,-1
176,18,0,230,165,844,0.9070,-1,-1,-1
176,11,934,371,69,307,0.6078,-1,-1,-1
176,4,1086,291,202,517,0.8922,-1,-1,-1
176,1,784,257,177,621,0.8857,-1,-1,-1
177,29,656,346,120,310,0.8781,-1,-1,-1
177,27,552,384,101,274,0.7990,-1,-1,-1
177,23,1014,368,70,223,0.6962,-1,-1,-1
177,18,0,227,156,847,0.9135,-1,-1,-1
177,11,931,354,69,323,0.4834,-1,-1,-1
177,4,1088,289,204,512,0.8921,-1,-1,-1
177,1,786,260,177,619,0.8783,-1,-1,-1
178,29,660,347,116,312,0.8698,-1,-1,-1
178,27,551,384,103,274,0.8037,-1,-1,-1
178,23,1013,369,72,228,0.6651,-1,-1,-1
178,18,0,225,149,851,0.9125,-1,-1,-1
178,11,931,332,74,345,0.4190,-1,-1,-1
178,4,1093,291,203,511,0.8926,-1,-1,-1
178,1,789,265,178,616,0.8686,-1,-1,-1
179,29,657,348,123,314,0.8617,-1,-1,-1
179,27,553,384,102,274,0.8234,-1,-1,-1
179,23,1013,375,74,221,0.7175,-1,-1,-1
179,18,0,226,144,850,0.8906,-1,-1,-1
179,11,936,332,70,343,0.4055,-1,-1,-1
179,4,1100,291,202,522,0.8828,-1,-1,-1
179,1,793,265,176,617,0.8652,-1,-1,-1
180,29,655,347,129,317,0.8545,-1,-1,-1
180,27,553,382,97,278,0.8377,-1,-1,-1
180,23,1017,376,74,219,0.6828,-1,-1,-1
180,18,0,234,135,843,0.8740,-1,-1,-1
180,11,939,320,73,353,0.4520,-1,-1,-1
180,4,1105,291,199,524,0.8927,-1,-1,-1
180,1,795,268,179,613,0.8631,-1,-1,-1
181,29,657,348,127,320,0.8487,-1,-1,-1
181,27,554,383,96,281,0.8146,-1,-1,-1
181,23,1021,381,73,217,0.6533,-1,-1,-1
181,18,0,250,130,826,0.8567,-1,-1,-1
181,11,947,315,73,357,0.4692,-1,-1,-1
181,4,1116,287,196,526,0.9080,-1,-1,-1
181,1,796,268,178,614,0.8635,-1,-1,-1
182,29,656,348,132,322,0.8346,-1,-1,-1
182,27,555,384,102,283,0.7826,-1,-1,-1
182,23,1026,378,72,219,0.7337,-1,-1,-1
182,18,0,279,119,797,0.8361,-1,-1,-1
182,4,1120,283,196,527,0.8987,-1,-1,-1
182,1,797,266,184,611,0.8602,-1,-1,-1
183,29,658,345,137,328,0.8473,-1,-1,-1
183,27,554,388,110,280,0.8038,-1,-1,-1
183,23,1026,381,80,220,0.7454,-1,-1,-1
183,18,0,311,103,763,0.8085,-1,-1,-1
183,4,1129,287,193,518,0.9032,-1,-1,-1
183,1,796,262,191,604,0.8487,-1,-1,-1
184,29,663,346,134,327,0.8562,-1,-1,-1
184,27,554,390,115,279,0.8008,-1,-1,-1
184,23,1028,380,82,222,0.7565,-1,-1,-1
184,18,0,382,94,692,0.8173,-1,-1,-1
184,4,1132,287,196,512,0.8964,-1,-1,-1
184,1,799,260,193,601,0.8505,-1,-1,-1
185,29,667,343,134,334,0.8639,-1,-1,-1
185,28,1733,350,60,80,0.5092,-1,-1,-1
185,27,555,391,111,283,0.7462,-1,-1,-1
185,23,1032,380,81,223,0.7055,-1,-1,-1
185,18,0,392,82,683,0.7799,-1,-1,-1
185,11,963,318,68,358,0.4434,-1,-1,-1
185,4,1139,285,194,516,0.8960,-1,-1,-1
185,1,799,256,192,605,0.8594,-1,-1,-1
186,29,666,334,138,344,0.8830,-1,-1,-1
186,28,1745,351,55,77,0.6187,-1,-1,-1
186,27,557,390,118,288,0.7914,-1,-1,-1
186,23,1032,378,83,222,0.7064,-1,-1,-1
186,18,0,395,79,678,0.7298,-1,-1,-1
186,11,965,305,70,373,0.4536,-1,-1,-1
186,4,1147,282,190,521,0.8915,-1,-1,-1
186,1,798,256,193,607,0.8570,-1,-1,-1
187,29,669,338,138,339,0.8959,-1,-1,-1
187,28,1749,349,58,81,0.6867,-1,-1,-1
187,27,557,385,118,295,0.7734,-1,-1,-1
187,23,1044,379,73,216,0.6797,-1,-1,-1
187,4,1154,281,187,523,0.8842,-1,-1,-1
187,1,804,255,191,604,0.8559,-1,-1,-1
188,29,670,335,135,343,0.9009,-1,-1,-1
188,28,1754,349,57,79,0.5925,-1,-1,-1
188,27,556,384,121,296,0.7436,-1,-1,-1
188,23,1040,376,79,216,0.6839,-1,-1,-1
188,4,1156,279,185,527,0.8834,-1,-1,-1
188,1,804,253,194,607,0.8476,-1,-1,-1
189,29,669,332,137,346,0.9010,-1,-1,-1
189,28,1758,348,58,80,0.6135,-1,-1,-1
189,27,554,384,109,298,0.6861,-1,-1,-1
189,23,1040,372,79,210,0.7080,-1,-1,-1
189,4,1158,277,185,524,0.8840,-1,-1,-1
189,1,809,253,192,611,0.8445,-1,-1,-1
190,29,671,324,136,354,0.8911,-1,-1,-1
190,28,1762,349,57,81,0.6012,-1,-1,-1
190,27,547,383,116,298,0.7156,-1,-1,-1
190,23,1036,372,84,211,0.6833,-1,-1,-1
190,4,1159,277,187,522,0.8865,-1,-1,-1
190,1,811,254,191,610,0.8416,-1,-1,-1
191,29,673,325,134,359,0.8945,-1,-1,-1
191,28,1768,354,52,76,0.5643,-1,-1,-1
191,27,544,382,132,301,0.7554,-1,-1,-1
191,23,1034,369,89,219,0.6701,-1,-1,-1
191,4,1161,282,183,521,0.8769,-1,-1,-1
191,1,809,255,195,613,0.8368,-1,-1,-1
192,29,669,329,138,360,0.8966,-1,-1,-1
192,28,1765,360,61,78,0.5199,-1,-1,-1
192,27,541,380,114,306,0.7714,-1,-1,-1
192,23,1034,375,86,221,0.6089,-1,-1,-1
192,4,1160,287,181,520,0.8937,-1,-1,-1
192,1,812,258,193,615,0.8459,-1,-1,-1
193,29,660,333,144,360,0.8905,-1,-1,-1
193,28,1769,363,52,75,0.5168,-1,-1,-1
193,27,534,378,122,307,0.7904,-1,-1,-1
193,23,1027,373,92,230,0.6672,-1,-1,-1
193,4,1160,286,177,525,0.8887,-1,-1,-1
193,1,815,261,192,616,0.8443,-1,-1,-1
194,29,654,331,144,367,0.8477,-1,-1,-1
194,28,1760,363,63,79,0.6213,-1,-1,-1
194,27,528,380,130,315,0.7960,-1,-1,-1
194,23,1032,382,85,223,0.6936,-1,-1,-1
194,4,1157,286,178,528,0.8900,-1,-1,-1
194,1,812,263,196,618,0.8478,-1,-1,-1
195,29,649,333,146,370,0.8532,-1,-1,-1
195,28,1755,366,68,81,0.5984,-1,-1,-1
195,27,521,382,108,317,0.8077,-1,-1,-1
195,23,1026,387,90,220,0.7246,-1,-1,-1
195,4,1153,289,176,530,0.8745,-1,-1,-1
195,1,811,272,195,610,0.8563,-1,-1,-1
196,29,640,335,153,371,0.8493,-1,-1,-1
196,28,1755,365,67,83,0.6062,-1,-1,-1
196,27,513,384,125,319,0.8251,-1,-1,-1
196,23,1022,385,89,222,0.7893,-1,-1,-1
196,4,1146,293,177,525,0.8845,-1,-1,-1
196,1,808,269,197,612,0.8543,-1,-1,-1
197,29,635,333,151,376,0.7779,-1,-1,-1
197,28,1752,369,66,81,0.5510,-1,-1,-1
197,27,505,386,118,323,0.8061,-1,-1,-1
197,23,1019,385,90,228,0.7992,-1,-1,-1
197,4,1142,293,177,525,0.8827,-1,-1,-1
197,1,799,266,206,619,0.8668,-1,-1,-1
198,29,625,342,153,376,0.8292,-1,-1,-1
198,28,1747,373,70,79,0.4799,-1,-1,-1
198,27,496,388,118,327,0.7896,-1,-1,-1
198,23,1017,388,89,221,0.7717,-1,-1,-1
198,4,1136,297,181,527,0.8809,-1,-1,-1
198,1,802,269,201,613,0.8746,-1,-1,-1
199,29,616,342,153,382,0.8595,-1,-1,-1
199,28,1747,376,64,77,0.6187,-1,-1,-1
199,27,487,389,116,330,0.7887,-1,-1,-1
199,23,1013,396,86,216,0.6836,-1,-1,-1
199,4,1131,303,183,524,0.8982,-1,-1,-1
199,1,808,271,187,599,0.8561,-1,-1,-1
200,29,604,345,154,385,0.8879,-1,-1,-1
200,28,1745,380,60,80,0.5883,-1,-1,-1
200,27,478,393,126,335,0.7919,-1,-1,-1
200,23,1004,399,90,218,0.6947,-1,-1,-1
200,4,1119,305,189,525,0.8949,-1,-1,-1
200,1,804,273,189,592,0.8592,-1,-1,-1
201,29,594,342,153,390,0.8649,-1,-1,-1
201,28,1748,388,54,74,0.5674,-1,-1,-1
201,27,469,395,127,336,0.8078,-1,-1,-1
201,23,1003,391,88,227,0.7011,-1,-1,-1
201,4,1112,304,191,532,0.8893,-1,-1,-1
201,1,801,274,191,598,0.8660,-1,-1,-1
202,29,585,337,151,396,0.8379,-1,-1,-1
202,28,1720,384,76,81,0.6049,-1,-1,-1
202,27,456,398,125,337,0.7544,-1,-1,-1
202,23,998,399,84,223,0.6771,-1,-1,-1
202,4,1107,304,193,534,0.8888,-1,-1,-1
202,1,799,277,193,598,0.8658,-1,-1,-1
203,29,577,341,149,399,0.8409,-1,-1,-1
203,28,1721,386,74,80,0.5934,-1,-1,-1
203,27,445,400,130,341,0.7522,-1,-1,-1
203,23,999,404,80,222,0.7144,-1,-1,-1
203,4,1101,309,196,529,0.8852,-1,-1,-1
203,1,802,278,183,601,0.8643,-1,-1,-1
204,29,573,344,152,397,0.8538,-1,-1,-1
204,28,1722,385,72,81,0.5112,-1,-1,-1
204,27,435,397,141,350,0.8109,-1,-1,-1
204,23,1000,411,79,216,0.6348,-1,-1,-1
204,4,1098,307,198,534,0.8765,-1,-1,-1
204,1,809,286,174,600,0.8657,-1,-1,-1
205,29,564,343,157,408,0.8876,-1,-1,-1
205,28,1719,385,74,81,0.4007,-1,-1,-1
205,27,426,397,136,351,0.8284,-1,-1,-1
205,23,998,404,80,223,0.7159,-1,-1,-1
205,4,1097,306,200,532,0.8800,-1,-1,-1
205,1,807,285,173,599,0.8733,-1,-1,-1
206,32,755,399,70,246,0.6401,-1,-1,-1
206,29,550,343,163,407,0.9082,-1,-1,-1
206,27,419,392,128,357,0.7920,-1,-1,-1
206,23,998,404,80,222,0.7322,-1,-1,-1
206,4,1094,305,204,533,0.8821,-1,-1,-1
206,1,808,287,172,599,0.8863,-1,-1,-1
207,32,753,397,73,251,0.6764,-1,-1,-1
207,29,550,343,165,405,0.9167,-1,-1,-1
207,27,410,392,132,359,0.7997,-1,-1,-1
207,23,999,403,79,224,0.7384,-1,-1,-1
207,4,1091,305,211,533,0.8936,-1,-1,-1
207,1,808,289,171,599,0.8898,-1,-1,-1
208,32,753,396,69,248,0.6986,-1,-1,-1
208,29,543,339,169,414,0.9194,-1,-1,-1
208,27,403,390,133,363,0.7995,-1,-1,-1
208,23,999,402,80,216,0.7181,-1,-1,-1
208,4,1092,304,210,534,0.8848,-1,-1,-1
208,1,808,291,171,599,0.8864,-1,-1,-1
209,32,752,394,72,258,0.7124,-1,-1,-1
209,29,537,337,175,418,0.9107,-1,-1,-1
209,28,1746,390,49,75,0.4422,-1,-1,-1
209,27,399,387,141,368,0.7900,-1,-1,-1
209,23,999,400,80,217,0.7400,-1,-1,-1
209,4,1092,307,212,540,0.8905,-1,-1,-1
209,1,805,291,173,599,0.8843,-1,-1,-1
210,32,749,393,73,262,0.7348,-1,-1,-1
210,29,524,337,186,422,0.8766,-1,-1,-1
210,28,1740,388,55,77,0.4797,-1,-1,-1
210,27,392,390,131,368,0.8272,-1,-1,-1
210,23,999,400,79,216,0.7041,-1,-1,-1
210,4,1091,306,215,541,0.8944,-1,-1,-1
210,1,805,293,171,598,0.8783,-1,-1,-1
211,32,745,395,74,261,0.7472,-1,-1,-1
211,29,519,334,183,437,0.8418,-1,-1,-1
211,28,1743,388,53,77,0.4296,-1,-1,-1
211,27,383,390,138,372,0.8672,-1,-1,-1
211,23,1001,402,77,216,0.6931,-1,-1,-1
211,4,1091,307,215,545,0.9007,-1,-1,-1
211,1,804,292,169,599,0.8785,-1,-1,-1
212,32,740,397,73,258,0.7181,-1,-1,-1
212,29,512,336,185,441,0.8191,-1,-1,-1
212,27,377,390,142,377,0.8479,-1,-1,-1
212,23,1001,402,77,217,0.6901,-1,-1,-1
212,4,1092,311,214,546,0.8948,-1,-1,-1
212,1,799,291,173,605,0.8689,-1,-1,-1
213,32,737,397,73,259,0.6527,-1,-1,-1
213,29,507,342,189,439,0.8342,-1,-1,-1
213,27,367,388,145,388,0.8452,-1,-1,-1
213,23,1000,401,77,219,0.7008,-1,-1,-1
213,4,1094,309,214,549,0.8950,-1,-1,-1
213,1,792,291,180,607,0.8469,-1,-1,-1
214,32,737,405,69,252,0.6185,-1,-1,-1
214,29,506,343,192,439,0.8458,-1,-1,-1
214,27,360,393,154,394,0.8881,-1,-1,-1
214,23,1001,403,77,225,0.6911,-1,-1,-1
214,4,1097,317,211,544,0.8836,-1,-1,-1
214,1,792,293,178,597,0.8559,-1,-1,-1
215,32,739,401,65,243,0.6660,-1,-1,-1
215,29,499,337,197,457,0.8691,-1,-1,-1
215,27,357,392,154,401,0.8988,-1,-1,-1
215,23,1001,403,78,221,0.6692,-1,-1,-1
215,4,1102,312,207,558,0.8895,-1,-1,-1
215,1,787,291,182,591,0.8560,-1,-1,-1
216,32,742,402,64,247,0.7064,-1,-1,-1
216,29,501,333,194,470,0.8752,-1,-1,-1
216,27,356,392,152,405,0.9039,-1,-1,-1
216,23,1003,402,78,224,0.6885,-1,-1,-1
216,4,1111,311,202,562,0.8855,-1,-1,-1
216,1,787,290,186,594,0.8598,-1,-1,-1
217,32,745,401,64,244,0.7535,-1,-1,-1
217,29,502,329,191,476,0.8824,-1,-1,-1
217,28,1767,394,48,79,0.4233,-1,-1,-1
217,27,355,394,153,405,0.8986,-1,-1,-1
217,23,1008,404,78,226,0.7479,-1,-1,-1
217,4,1114,309,205,564,0.8899,-1,-1,-1
217,1,786,289,193,596,0.8660,-1,-1,-1
218,32,751,400,60,244,0.7306,-1,-1,-1
218,29,504,326,187,483,0.8787,-1,-1,-1
218,28,1778,397,45,79,0.5004,-1,-1,-1
218,27,349,395,164,411,0.8841,-1,-1,-1
218,23,1014,415,74,218,0.7482,-1,-1,-1
218,4,1123,313,201,553,0.8794,-1,-1,-1
218,1,791,289,189,596,0.8571,-1,-1,-1
219,32,751,399,65,247,0.6552,-1,-1,-1
219,29,508,326,184,484,0.8825,-1,-1,-1
219,28,1787,400,45,76,0.6300,-1,-1,-1
219,27,351,393,170,416,0.8884,-1,-1,-1
219,23,1014,423,79,214,0.7003,-1,-1,-1
219,4,1131,312,199,548,0.8677,-1,-1,-1
219,1,792,294,194,595,0.8473,-1,-1,-1
220,32,750,399,73,267,0.6426,-1,-1,-1
220,29,510,326,182,484,0.8849,-1,-1,-1
220,28,1792,397,50,79,0.5850,-1,-1,-1
220,27,351,392,171,420,0.8990,-1,-1,-1
220,23,1022,411,77,224,0.7004,-1,-1,-1
220,4,1137,310,199,548,0.8738,-1,-1,-1
220,1,797,297,191,596,0.8655,-1,-1,-1
221,32,756,397,73,273,0.7082,-1,-1,-1
221,29,510,318,183,496,0.8769,-1,-1,-1
221,28,1803,399,47,79,0.5125,-1,-1,-1
221,27,350,387,176,429,0.8970,-1,-1,-1
221,23,1024,415,79,222,0.7322,-1,-1,-1
221,4,1145,310,198,550,0.8872,-1,-1,-1
221,1,801,297,193,601,0.8765,-1,-1,-1
222,34,667,409,70,192,0.4809,-1,-1,-1
222,32,758,395,76,279,0.7505,-1,-1,-1
222,29,512,314,181,501,0.8784,-1,-1,-1
222,28,1813,400,46,77,0.5974,-1,-1,-1
222,27,350,385,177,432,0.8894,-1,-1,-1
222,23,1027,418,83,220,0.7144,-1,-1,-1
222,4,1154,311,193,552,0.8862,-1,-1,-1
222,1,811,300,191,599,0.8639,-1,-1,-1
223,34,669,408,64,200,0.5766,-1,-1,-1
223,32,756,396,82,279,0.7831,-1,-1,-1
223,29,511,312,183,503,0.8777,-1,-1,-1
223,28,1815,397,54,81,0.4999,-1,-1,-1
223,27,348,383,178,434,0.8876,-1,-1,-1
223,23,1032,417,77,220,0.7139,-1,-1,-1
223,4,1164,311,186,554,0.8963,-1,-1,-1
223,1,816,302,194,596,0.8631,-1,-1,-1
224,34,671,408,64,202,0.6422,-1,-1,-1
224,32,757,394,85,283,0.8364,-1,-1,-1
224,29,508,307,189,513,0.8835,-1,-1,-1
224,28,1823,396,57,86,0.5177,-1,-1,-1
224,27,348,382,174,436,0.8893,-1,-1,-1
224,23,1034,416,82,218,0.7317,-1,-1,-1
224,4,1171,310,189,557,0.8806,-1,-1,-1
224,1,827,305,190,595,0.8686,-1,-1,-1
225,34,671,409,68,199,0.6548,-1,-1,-1
225,32,758,395,92,283,0.8398,-1,-1,-1
225,29,506,301,193,524,0.8902,-1,-1,-1
225,28,1836,398,51,80,0.5796,-1,-1,-1
225,27,349,379,164,439,0.8913,-1,-1,-1
225,23,1041,417,79,219,0.7522,-1,-1,-1
225,4,1174,311,191,557,0.8836,-1,-1,-1
225,1,835,307,185,592,0.8618,-1,-1,-1
226,34,670,409,71,204,0.6064,-1,-1,-1
226,32,759,396,94,282,0.8482,-1,-1,-1
226,29,496,300,203,536,0.8848,-1,-1,-1
226,28,1835,395,59,90,0.6360,-1,-1,-1
226,27,340,375,164,445,0.8778,-1,-1,-1
226,23,1043,410,79,226,0.7403,-1,-1,-1
226,4,1177,310,191,560,0.8727,-1,-1,-1
226,1,840,303,186,591,0.8355,-1,-1,-1
227,34,669,402,74,211,0.6951,-1,-1,-1
227,32,755,396,100,286,0.8573,-1,-1,-1
227,29,496,298,199,539,0.8916,-1,-1,-1
227,28,1840,400,60,86,0.5756,-1,-1,-1
227,27,335,373,169,455,0.8644,-1,-1,-1
227,23,1045,420,81,215,0.7310,-1,-1,-1
227,4,1182,313,188,558,0.8836,-1,-1,-1
227,1,844,304,188,575,0.8378,-1,-1,-1
228,34,664,401,79,216,0.6998,-1,-1,-1
228,32,754,396,103,290,0.8631,-1,-1,-1
228,29,489,294,208,550,0.8994,-1,-1,-1
228,28,1841,399,62,87,0.6050,-1,-1,-1
228,27,330,370,167,465,0.8613,-1,-1,-1
228,23,1047,406,80,228,0.7801,-1,-1,-1
228,4,1182,314,190,560,0.8790,-1,-1,-1
228,1,844,299,190,595,0.8497,-1,-1,-1
229,34,660,402,82,225,0.7016,-1,-1,-1
229,32,753,397,106,293,0.8710,-1,-1,-1
229,29,483,291,211,557,0.9036,-1,-1,-1
229,28,1848,400,58,89,0.5747,-1,-1,-1
229,27,319,370,169,477,0.8602,-1,-1,-1
229,23,1047,408,81,228,0.8028,-1,-1,-1
229,4,1183,315,190,564,0.8822,-1,-1,-1
229,1,848,300,191,578,0.8791,-1,-1,-1
230,34,651,399,91,245,0.7110,-1,-1,-1
230,32,752,400,108,294,0.8640,-1,-1,-1
230,29,466,291,227,563,0.8845,-1,-1,-1
230,28,1852,398,59,90,0.5713,-1,-1,-1
230,27,306,373,173,480,0.8402,-1,-1,-1
230,23,1047,408,81,230,0.8141,-1,-1,-1
230,4,1185,316,188,567,0.8845,-1,-1,-1
230,1,856,299,183,576,0.8707,-1,-1,-1
231,34,648,399,93,251,0.7324,-1,-1,-1
231,32,747,398,111,299,0.8364,-1,-1,-1
231,29,451,287,239,580,0.8883,-1,-1,-1
231,28,1853,400,61,90,0.6721,-1,-1,-1
231,27,293,375,177,479,0.8222,-1,-1,-1
231,23,1046,407,80,231,0.8270,-1,-1,-1
231,4,1184,316,188,574,0.8841,-1,-1,-1
231,1,859,298,181,578,0.8670,-1,-1,-1
232,34,642,403,95,277,0.8140,-1,-1,-1
232,32,744,399,109,300,0.8077,-1,-1,-1
232,29,447,287,235,593,0.8878,-1,-1,-1
232,28,1854,401,60,92,0.6545,-1,-1,-1
232,27,241,370,218,496,0.8266,-1,-1,-1
232,23,1044,407,80,231,0.7930,-1,-1,-1
232,4,1180,317,191,576,0.8799,-1,-1,-1
232,1,858,298,181,581,0.8511,-1,-1,-1
233,34,633,407,100,278,0.8271,-1,-1,-1
233,32,739,398,106,303,0.8083,-1,-1,-1
233,29,433,285,238,600,0.9046,-1,-1,-1
233,28,1852,408,61,89,0.6307,-1,-1,-1
233,27,237,368,214,509,0.8198,-1,-1,-1
233,23,1037,411,85,230,0.7485,-1,-1,-1
233,4,1174,322,195,575,0.8751,-1,-1,-1
233,1,854,301,184,585,0.8616,-1,-1,-1
234,34,624,405,106,289,0.8567,-1,-1,-1
234,32,731,395,107,310,0.8197,-1,-1,-1
234,29,415,280,236,618,0.8899,-1,-1,-1
234,28,1850,410,61,88,0.5711,-1,-1,-1
234,27,243,366,193,524,0.8412,-1,-1,-1
234,23,1036,416,81,226,0.7153,-1,-1,-1
234,4,1169,322,198,576,0.8710,-1,-1,-1
234,1,854,301,182,589,0.8546,-1,-1,-1
235,34,620,405,101,291,0.8267,-1,-1,-1
235,32,727,390,105,309,0.7999,-1,-1,-1
235,29,398,274,240,628,0.8801,-1,-1,-1
235,28,1850,412,60,88,0.5192,-1,-1,-1
235,27,234,363,188,533,0.8530,-1,-1,-1
235,23,1037,419,76,220,0.7174,-1,-1,-1
235,4,1163,322,201,577,0.8645,-1,-1,-1
235,1,855,304,180,588,0.8763,-1,-1,-1
236,34,606,404,105,297,0.8085,-1,-1,-1
236,32,727,389,100,312,0.7761,-1,-1,-1
236,29,394,271,234,636,0.8999,-1,-1,-1
236,28,1852,412,60,88,0.5142,-1,-1,-1
236,27,208,363,203,534,0.8481,-1,-1,-1
236,23,1028,411,85,229,0.5947,-1,-1,-1
236,4,1158,322,204,578,0.8673,-1,-1,-1
236,1,856,310,178,580,0.9074,-1,-1,-1
237,34,603,405,103,301,0.8081,-1,-1,-1
237,32,710,388,119,320,0.8424,-1,-1,-1
237,29,370,268,249,641,0.8784,-1,-1,-1
237,28,1847,411,65,94,0.4918,-1,-1,-1
237,27,203,356,196,552,0.8516,-1,-1,-1
237,23,1030,420,81,226,0.6472,-1,-1,-1
237,4,1155,321,208,576,0.8766,-1,-1,-1
237,1,857,317,173,574,0.9136,-1,-1,-1
238,34,599,407,103,305,0.8418,-1,-1,-1
238,32,709,389,116,322,0.8526,-1,-1,-1
238,29,356,264,250,648,0.8832,-1,-1,-1
238,28,1845,414,66,93,0.5165,-1,-1,-1
238,27,189,347,195,568,0.8731,-1,-1,-1
238,23,1036,428,73,220,0.5998,-1,-1,-1
238,4,1151,324,210,571,0.8818,-1,-1,-1
238,1,856,319,172,574,0.9072,-1,-1,-1
239,34,586,407,112,308,0.8456,-1,-1,-1
239,32,698,390,118,325,0.8721,-1,-1,-1
239,29,337,257,256,662,0.8743,-1,-1,-1
239,28,1843,418,67,91,0.6056,-1,-1,-1
239,27,171,348,200,566,0.8616,-1,-1,-1
239,23,1035,427,71,221,0.6130,-1,-1,-1
239,4,1146,324,211,571,0.8825,-1,-1,-1
239,1,853,323,168,573,0.9097,-1,-1,-1
240,34,587,403,103,318,0.8303,-1,-1,-1
240,32,696,391,117,329,0.8434,-1,-1,-1
240,29,322,254,265,668,0.8891,-1,-1,-1
240,28,1839,422,68,88,0.6147,-1,-1,-1
240,27,152,347,201,576,0.8589,-1,-1,-1
240,23,1026,429,77,224,0.6552,-1,-1,-1
240,4,1135,328,218,564,0.8962,-1,-1,-1
240,1,849,330,167,564,0.9170,-1,-1,-1
241,34,580,402,102,327,0.8509,-1,-1,-1
241,32,689,391,123,335,0.8139,-1,-1,-1
241,29,307,248,270,682,0.9037,-1,-1,-1
241,28,1837,424,70,90,0.5552,-1,-1,-1
241,27,135,336,206,581,0.8912,-1,-1,-1
241,23,1022,441,76,203,0.4519,-1,-1,-1
241,4,1133,329,215,569,0.8973,-1,-1,-1
241,1,843,329,169,571,0.9049,-1,-1,-1
242,34,566,405,111,323,0.8608,-1,-1,-1
242,32,684,392,118,338,0.8275,-1,-1,-1
242,29,285,247,283,699,0.8858,-1,-1,-1
242,28,1834,423,70,93,0.6261,-1,-1,-1
242,27,96,339,234,589,0.8723,-1,-1,-1
242,23,1012,431,79,217,0.5848,-1,-1,-1
242,4,1129,328,216,569,0.8906,-1,-1,-1
242,1,831,325,175,573,0.8930,-1,-1,-1
243,34,551,401,116,333,0.8523,-1,-1,-1
243,32,678,393,116,342,0.8197,-1,-1,-1
243,29,251,242,303,725,0.8724,-1,-1,-1
243,28,1833,421,62,94,0.6628,-1,-1,-1
243,27,85,332,225,609,0.8636,-1,-1,-1
243,23,1005,434,86,252,0.5685,-1,-1,-1
243,4,1130,328,207,575,0.8870,-1,-1,-1
243,1,823,320,170,589,0.8569,-1,-1,-1
244,34,537,400,120,344,0.8388,-1,-1,-1
244,32,672,394,117,345,0.8551,-1,-1,-1
244,29,220,241,325,765,0.8858,-1,-1,-1
244,28,1829,420,64,93,0.5804,-1,-1,-1
244,27,60,333,233,623,0.8626,-1,-1,-1
244,23,1005,433,80,217,0.6498,-1,-1,-1
244,4,1122,331,211,572,0.8941,-1,-1,-1
244,1,813,322,177,581,0.8758,-1,-1,-1
245,34,533,398,117,347,0.8381,-1,-1,-1
245,32,660,395,123,347,0.8564,-1,-1,-1
245,29,203,239,330,791,0.8680,-1,-1,-1
245,28,1822,422,67,91,0.5548,-1,-1,-1
245,27,28,335,247,629,0.9035,-1,-1,-1
245,23,1001,425,80,228,0.5688,-1,-1,-1
245,4,1115,329,213,583,0.8979,-1,-1,-1
245,1,801,322,186,574,0.8873,-1,-1,-1
246,34,519,398,127,351,0.8383,-1,-1,-1
246,32,659,395,117,353,0.8433,-1,-1,-1
246,29,188,232,339,812,0.8657,-1,-1,-1
246,28,1817,423,70,91,0.6426,-1,-1,-1
246,27,15,336,238,638,0.9001,-1,-1,-1
246,23,997,426,77,226,0.5564,-1,-1,-1
246,4,1111,333,215,581,0.9063,-1,-1,-1
246,1,793,320,193,573,0.8796,-1,-1,-1
247,34,509,397,121,358,0.8279,-1,-1,-1
247,32,651,393,122,357,0.8436,-1,-1,-1
247,29,163,232,349,806,0.8870,-1,-1,-1
247,28,1812,423,69,90,0.5840,-1,-1,-1
247,27,0,337,246,661,0.9020,-1,-1,-1
247,23,997,424,71,228,0.5680,-1,-1,-1
247,4,1111,336,213,578,0.9023,-1,-1,-1
247,1,784,312,200,582,0.8690,-1,-1,-1
248,34,503,398,121,368,0.8042,-1,-1,-1
248,32,639,393,128,364,0.8399,-1,-1,-1
248,29,150,233,345,815,0.8603,-1,-1,-1
248,28,1809,422,67,92,0.5551,-1,-1,-1
248,27,0,339,226,679,0.8873,-1,-1,-1
248,23,991,424,73,232,0.5418,-1,-1,-1
248,4,1107,334,214,588,0.8972,-1,-1,-1
248,1,780,317,193,582,0.8667,-1,-1,-1
249,34,493,404,123,377,0.8151,-1,-1,-1
249,32,635,397,126,367,0.8349,-1,-1,-1
249,29,109,227,372,833,0.8827,-1,-1,-1
249,28,1806,421,69,96,0.4933,-1,-1,-1
249,27,1,344,199,698,0.8890,-1,-1,-1
249,4,1103,338,216,589,0.9009,-1,-1,-1
249,1,776,321,191,582,0.8694,-1,-1,-1
250,34,492,406,118,381,0.8065,-1,-1,-1
250,32,620,396,139,371,0.8934,-1,-1,-1
250,29,120,219,345,851,0.8474,-1,-1,-1
250,28,1805,422,72,94,0.4872,-1,-1,-1
250,27,0,341,184,722,0.8732,-1,-1,-1
250,4,1103,341,215,589,0.9106,-1,-1,-1
250,1,772,323,195,582,0.8702,-1,-1,-1
251,34,484,409,124,388,0.8228,-1,-1,-1
251,32,617,400,140,373,0.8826,-1,-1,-1
251,29,101,216,349,856,0.8611,-1,-1,-1
251,28,1802,425,75,95,0.4458,-1,-1,-1
251,27,0,344,177,726,0.8801,-1,-1,-1
251,4,1103,344,218,591,0.9065,-1,-1,-1
251,1,771,326,194,583,0.8661,-1,-1,-1
252,34,478,414,130,384,0.8506,-1,-1,-1
252,32,615,401,139,373,0.8790,-1,-1,-1
252,29,81,213,356,859,0.8974,-1,-1,-1
252,27,0,337,158,733,0.8599,-1,-1,-1
252,4,1105,348,216,590,0.9057,-1,-1,-1
252,1,773,334,188,584,0.8648,-1,-1,-1
253,34,472,410,136,392,0.8494,-1,-1,-1
253,32,609,398,144,378,0.8965,-1,-1,-1
253,29,74,200,341,872,0.8974,-1,-1,-1
253,27,0,336,142,735,0.8326,-1,-1,-1
253,23,948,437,107,321,0.5249,-1,-1,-1
253,4,1108,345,215,594,0.9158,-1,-1,-1
253,1,775,334,185,587,0.8702,-1,-1,-1
254,34,468,415,137,399,0.8526,-1,-1,-1
254,32,605,398,148,381,0.8935,-1,-1,-1
254,29,56,201,349,875,0.9190,-1,-1,-1
254,27,0,336,122,726,0.7202,-1,-1,-1
254,23,947,456,111,304,0.6178,-1,-1,-1
254,4,1109,344,217,595,0.9195,-1,-1,-1
254,1,774,342,189,587,0.8751,-1,-1,-1
255,34,468,413,135,403,0.8501,-1,-1,-1
255,32,604,397,150,386,0.9027,-1,-1,-1
255,29,46,192,349,878,0.9037,-1,-1,-1
255,28,1835,430,59,82,0.4706,-1,-1,-1
255,27,0,330,111,738,0.7724,-1,-1,-1
255,23,985,427,82,327,0.4352,-1,-1,-1
255,4,1114,342,216,591,0.9203,-1,-1,-1
255,1,780,344,187,586,0.8656,-1,-1,-1
256,36,944,389,95,372,0.4002,-1,-1,-1
256,34,464,415,140,406,0.8572,-1,-1,-1
256,32,602,401,154,392,0.9139,-1,-1,-1
256,29,20,182,367,889,0.9097,-1,-1,-1
256,28,1828,423,70,92,0.4510,-1,-1,-1
256,27,0,332,93,734,0.4290,-1,-1,-1
256,23,984,412,93,344,0.4472,-1,-1,-1
256,4,1120,342,215,583,0.9121,-1,-1,-1
256,1,787,348,186,581,0.8746,-1,-1,-1
257,34,463,414,142,405,0.8562,-1,-1,-1
257,32,601,401,156,401,0.9103,-1,-1,-1
257,29,4,180,378,893,0.9204,-1,-1,-1
257,28,1832,424,76,92,0.5526,-1,-1,-1
257,27,0,424,84,641,0.5437,-1,-1,-1
257,23,994,445,85,313,0.5059,-1,-1,-1
257,4,1128,343,213,579,0.9092,-1,-1,-1
257,1,788,350,192,579,0.8787,-1,-1,-1
258,34,461,411,144,409,0.8440,-1,-1,-1
258,32,596,399,161,408,0.8915,-1,-1,-1
258,29,1,173,374,895,0.9455,-1,-1,-1
258,28,1824,419,91,97,0.5019,-1,-1,-1
258,23,1000,441,83,323,0.5150,-1,-1,-1
258,4,1136,339,208,585,0.9019,-1,-1,-1
258,1,793,348,191,581,0.8849,-1,-1,-1
259,34,456,408,144,406,0.8471,-1,-1,-1
259,32,594,408,163,400,0.8732,-1,-1,-1
259,29,0,170,369,897,0.9432,-1,-1,-1
259,28,1842,421,71,93,0.4431,-1,-1,-1
259,23,989,441,101,325,0.5647,-1,-1,-1
259,4,1140,342,206,587,0.9095,-1,-1,-1
259,1,795,347,191,583,0.8793,-1,-1,-1
260,34,450,406,149,418,0.8613,-1,-1,-1
260,32,593,413,165,396,0.8503,-1,-1,-1
260,29,0,160,364,908,0.9472,-1,-1,-1
260,23,973,436,119,336,0.6136,-1,-1,-1
260,4,1142,344,207,586,0.9096,-1,-1,-1
260,1,800,348,191,577,0.8566,-1,-1,-1
261,37,782,455,58,207,0.5868,-1,-1,-1
261,34,447,402,150,429,0.8816,-1,-1,-1
261,32,596,411,161,403,0.8364,-1,-1,-1
261,29,0,151,355,914,0.9448,-1,-1,-1
261,23,998,431,102,337,0.7493,-1,-1,-1
261,4,1148,344,203,589,0.9060,-1,-1,-1
261,1,814,346,179,568,0.8329,-1,-1,-1
262,37,783,454,58,206,0.5938,-1,-1,-1
262,34,445,398,148,438,0.8699,-1,-1,-1
262,32,597,412,151,409,0.8152,-1,-1,-1
262,29,0,143,346,924,0.9347,-1,-1,-1
262,23,992,425,109,348,0.7762,-1,-1,-1
262,4,1153,344,201,592,0.8986,-1,-1,-1
262,1,816,343,180,564,0.8358,-1,-1,-1
263,37,785,449,58,206,0.6740,-1,-1,-1
263,34,436,396,150,446,0.8557,-1,-1,-1
263,32,598,406,144,405,0.7814,-1,-1,-1
263,29,0,130,335,940,0.9311,-1,-1,-1
263,28,1864,420,44,90,0.5329,-1,-1,-1
263,23,1000,419,107,354,0.7561,-1,-1,-1
263,4,1158,341,199,592,0.8926,-1,-1,-1
263,1,826,341,171,564,0.8400,-1,-1,-1
264,37,787,446,59,209,0.7034,-1,-1,-1
264,34,424,394,157,454,0.8830,-1,-1,-1
264,32,584,400,153,408,0.8267,-1,-1,-1
264,29,0,122,320,945,0.9303,-1,-1,-1
264,28,1861,420,49,93,0.4658,-1,-1,-1
264,23,1009,418,105,351,0.7785,-1,-1,-1
264,4,1159,340,201,591,0.8903,-1,-1,-1
264,1,828,336,171,569,0.8365,-1,-1,-1
265,37,783,447,65,221,0.6940,-1,-1,-1
265,34,413,391,162,459,0.8840,-1,-1,-1
265,32,579,396,150,409,0.8206,-1,-1,-1
265,29,0,116,299,932,0.8755,-1,-1,-1
265,28,1859,418,60,95,0.4974,-1,-1,-1
265,23,1007,411,114,356,0.7899,-1,-1,-1
265,4,1160,335,202,594,0.8844,-1,-1,-1
265,1,831,331,167,572,0.8440,-1,-1,-1
266,37,781,441,72,222,0.7301,-1,-1,-1
266,34,405,390,165,463,0.8880,-1,-1,-1
266,32,568,391,159,426,0.8486,-1,-1,-1
266,29,0,120,276,887,0.8505,-1,-1,-1
266,28,1878,418,41,95,0.5638,-1,-1,-1
266,23,1005,406,123,360,0.7514,-1,-1,-1
266,4,1161,331,203,595,0.8864,-1,-1,-1
266,1,834,327,166,577,0.8458,-1,-1,-1
267,37,783,441,75,231,0.7463,-1,-1,-1
267,34,405,386,159,471,0.8785,-1,-1,-1
267,32,562,379,160,442,0.8344,-1,-1,-1
267,29,0,247,247,741,0.8790,-1,-1,-1
267,28,1878,418,41,94,0.5184,-1,-1,-1
267,23,1006,404,125,359,0.7538,-1,-1,-1
267,4,1163,331,203,598,0.8842,-1,-1,-1
267,1,835,328,165,574,0.8681,-1,-1,-1
268,37,783,441,76,231,0.7548,-1,-1,-1
268,34,401,385,158,476,0.8850,-1,-1,-1
268,32,557,374,164,449,0.8723,-1,-1,-1
268,29,0,246,205,751,0.8864,-1,-1,-1
268,28,1882,415,37,95,0.4267,-1,-1,-1
268,23,1005,401,138,365,0.7643,-1,-1,-1
268,4,1163,329,205,605,0.8919,-1,-1,-1
268,1,840,330,160,569,0.8705,-1,-1,-1
269,37,782,436,76,233,0.7248,-1,-1,-1
269,34,395,381,157,482,0.8640,-1,-1,-1
269,32,552,367,164,453,0.8711,-1,-1,-1
269,29,0,226,185,805,0.8508,-1,-1,-1
269,23,1005,401,138,366,0.7617,-1,-1,-1
269,4,1164,322,203,611,0.8891,-1,-1,-1
269,1,846,330,154,566,0.8575,-1,-1,-1
270,37,779,433,79,228,0.7199,-1,-1,-1
270,34,383,368,166,487,0.8765,-1,-1,-1
270,32,548,358,167,463,0.9025,-1,-1,-1
270,29,0,226,156,686,0.6994,-1,-1,-1
270,23,995,396,153,372,0.7181,-1,-1,-1
270,4,1164,318,202,612,0.8848,-1,-1,-1
270,1,847,329,152,568,0.8538,-1,-1,-1
271,37,776,430,77,227,0.7542,-1,-1,-1
271,34,372,365,170,494,0.8850,-1,-1,-1
271,32,536,353,178,468,0.8951,-1,-1,-1
271,29,0,223,129,519,0.6741,-1,-1,-1
271,23,1006,399,143,369,0.7645,-1,-1,-1
271,4,1161,314,202,611,0.8846,-1,-1,-1
271,1,840,322,154,578,0.8453,-1,-1,-1
272,37,775,424,73,228,0.7451,-1,-1,-1
272,34,358,355,170,502,0.8982,-1,-1,-1
272,32,528,341,182,482,0.8762,-1,-1,-1
272,23,1005,393,141,373,0.7898,-1,-1,-1
272,4,1158,307,202,614,0.8833,-1,-1,-1
272,1,839,316,149,579,0.8396,-1,-1,-1
273,37,767,415,77,241,0.7042,-1,-1,-1
273,34,343,346,174,510,0.8678,-1,-1,-1
273,32,521,335,186,488,0.8501,-1,-1,-1
273,23,1008,388,138,376,0.8513,-1,-1,-1
273,4,1156,302,200,612,0.8788,-1,-1,-1
273,1,827,310,154,579,0.8340,-1,-1,-1
274,37,765,410,71,237,0.7167,-1,-1,-1
274,34,329,335,178,516,0.8771,-1,-1,-1
274,32,514,331,188,495,0.8815,-1,-1,-1
274,23,1007,384,135,378,0.8638,-1,-1,-1
274,4,1148,300,207,606,0.8784,-1,-1,-1
274,1,819,305,161,581,0.8286,-1,-1,-1
275,37,759,404,71,249,0.7577,-1,-1,-1
275,34,316,326,172,521,0.9054,-1,-1,-1
275,32,508,323,188,504,0.8913,-1,-1,-1
275,28,1873,395,46,102,0.5376,-1,-1,-1
275,23,994,380,145,382,0.8375,-1,-1,-1
275,4,1139,295,214,599,0.8863,-1,-1,-1
275,1,810,301,160,572,0.8655,-1,-1,-1
276,37,753,400,66,234,0.7215,-1,-1,-1
276,34,303,319,176,527,0.8985,-1,-1,-1
276,32,497,318,191,510,0.9150,-1,-1,-1
276,28,1872,376,47,116,0.5699,-1,-1,-1
276,23,983,372,151,387,0.8401,-1,-1,-1
276,4,1136,289,211,594,0.8953,-1,-1,-1
276,1,801,289,164,582,0.8524,-1,-1,-1
277,37,744,390,69,236,0.6195,-1,-1,-1
277,34,287,310,179,548,0.8997,-1,-1,-1
277,32,488,312,189,505,0.9054,-1,-1,-1
277,28,1862,373,57,112,0.5262,-1,-1,-1
277,23,991,362,141,395,0.7575,-1,-1,-1
277,4,1130,282,213,595,0.8997,-1,-1,-1
277,1,788,290,171,561,0.8430,-1,-1,-1
278,37,739,389,63,230,0.6172,-1,-1,-1
278,34,273,301,183,562,0.8993,-1,-1,-1
278,32,479,306,185,526,0.8838,-1,-1,-1
278,28,1861,381,57,97,0.4910,-1,-1,-1
278,23,985,356,144,398,0.8089,-1,-1,-1
278,4,1123,272,215,603,0.8972,-1,-1,-1
278,1,780,280,174,557,0.8609,-1,-1,-1
279,37,735,375,66,223,0.6549,-1,-1,-1
279,34,258,288,186,575,0.9052,-1,-1,-1
279,32,475,293,182,531,0.8492,-1,-1,-1
279,28,1859,372,60,101,0.5543,-1,-1,-1
279,23,985,343,144,401,0.8220,-1,-1,-1
279,4,1120,266,217,597,0.8963,-1,-1,-1
279,1,771,274,178,553,0.8613,-1,-1,-1
280,37,730,366,66,235,0.6793,-1,-1,-1
280,34,247,274,193,586,0.8715,-1,-1,-1
280,32,466,280,191,541,0.8822,-1,-1,-1
280,28,1860,368,59,98,0.5524,-1,-1,-1
280,23,984,332,146,408,0.8631,-1,-1,-1
280,4,1116,258,220,600,0.8989,-1,-1,-1
280,1,767,258,180,560,0.8500,-1,-1,-1
281,37,727,362,67,229,0.6043,-1,-1,-1
281,34,236,267,199,593,0.8461,-1,-1,-1
281,32,462,269,195,548,0.8771,-1,-1,-1
281,28,1864,361,55,100,0.4871,-1,-1,-1
281,23,982,324,149,413,0.8544,-1,-1,-1
281,4,1117,247,219,604,0.9029,-1,-1,-1
281,1,767,254,179,558,0.8589,-1,-1,-1
282,34,222,249,210,611,0.8835,-1,-1,-1
282,32,458,250,196,551,0.8829,-1,-1,-1
282,28,1866,343,53,110,0.4591,-1,-1,-1
282,23,979,312,152,418,0.7989,-1,-1,-1
282,4,1115,240,222,603,0.9099,-1,-1,-1
282,1,762,239,185,567,0.8608,-1,-1,-1
283,34,212,240,219,611,0.8977,-1,-1,-1
283,32,447,235,206,563,0.8685,-1,-1,-1
283,23,979,296,155,427,0.8151,-1,-1,-1
283,4,1115,230,225,607,0.9125,-1,-1,-1
283,1,760,230,186,569,0.8738,-1,-1,-1
284,34,204,217,214,628,0.8500,-1,-1,-1
284,32,438,215,215,579,0.8992,-1,-1,-1
284,23,982,292,157,428,0.8095,-1,-1,-1
284,4,1117,219,225,616,0.9118,-1,-1,-1
284,1,759,227,188,558,0.8779,-1,-1,-1
285,37,720,330,71,252,0.6045,-1,-1,-1
285,34,196,205,217,634,0.8432,-1,-1,-1
285,32,436,203,216,595,0.9032,-1,-1,-1
285,23,985,277,160,446,0.8322,-1,-1,-1
285,4,1121,212,225,616,0.9027,-1,-1,-1
285,1,761,215,188,572,0.8702,-1,-1,-1
286,37,722,319,70,245,0.6907,-1,-1,-1
286,34,179,198,227,608,0.8530,-1,-1,-1
286,32,431,194,223,596,0.9042,-1,-1,-1
286,23,990,271,160,453,0.8408,-1,-1,-1
286,4,1130,209,218,616,0.8991,-1,-1,-1
286,1,768,215,179,567,0.8686,-1,-1,-1
287,37,725,312,70,255,0.6541,-1,-1,-1
287,34,170,188,228,652,0.8858,-1,-1,-1
287,32,429,177,225,608,0.8986,-1,-1,-1
287,23,989,260,171,457,0.8150,-1,-1,-1
287,4,1124,203,235,613,0.8851,-1,-1,-1
287,1,774,208,177,569,0.8592,-1,-1,-1
288,39,673,337,40,154,0.5691,-1,-1,-1
288,37,727,306,72,258,0.6977,-1,-1,-1
288,34,166,174,225,667,0.9125,-1,-1,-1
288,32,425,166,228,623,0.9009,-1,-1,-1
288,23,967,254,196,460,0.8068,-1,-1,-1
288,4,1140,192,226,621,0.8932,-1,-1,-1
288,1,782,201,179,567,0.8522,-1,-1,-1
289,39,678,337,39,153,0.6277,-1,-1,-1
289,37,728,299,76,255,0.7603,-1,-1,-1
289,34,157,163,228,676,0.9288,-1,-1,-1
289,32,420,159,236,639,0.9153,-1,-1,-1
289,23,974,252,195,467,0.7891,-1,-1,-1
289,4,1156,185,223,625,0.8965,-1,-1,-1
289,1,783,201,183,563,0.8456,-1,-1,-1
290,37,730,295,80,259,0.7079,-1,-1,-1
290,34,150,152,230,685,0.9246,-1,-1,-1
290,32,416,153,243,652,0.9078,-1,-1,-1
290,23,1024,247,157,471,0.7937,-1,-1,-1
290,4,1161,178,224,628,0.9022,-1,-1,-1
290,1,789,195,185,562,0.8634,-1,-1,-1
291,37,736,290,81,264,0.7425,-1,-1,-1
291,36,941,213,58,414,0.5287,-1,-1,-1
291,34,137,144,235,691,0.9247,-1,-1,-1
291,32,407,151,255,666,0.9199,-1,-1,-1
291,23,1017,240,171,480,0.7994,-1,-1,-1
291,4,1170,175,221,623,0.8832,-1,-1,-1
291,1,795,183,191,567,0.8594,-1,-1,-1
292,37,739,285,84,266,0.7398,-1,-1,-1
292,34,131,138,233,712,0.9098,-1,-1,-1
292,32,401,150,262,677,0.9199,-1,-1,-1
292,23,1031,234,174,487,0.8465,-1,-1,-1
292,4,1183,171,216,622,0.8875,-1,-1,-1
292,1,802,186,188,555,0.8845,-1,-1,-1
293,37,742,275,86,278,0.7906,-1,-1,-1
293,34,111,133,245,738,0.8972,-1,-1,-1
293,32,396,148,263,689,0.9184,-1,-1,-1
293,23,1033,230,185,499,0.8782,-1,-1,-1
293,4,1192,169,214,617,0.8966,-1,-1,-1
293,1,811,180,178,552,0.8760,-1,-1,-1
294,37,748,277,92,276,0.7793,-1,-1,-1
294,34,78,130,273,756,0.9131,-1,-1,-1
294,32,399,147,258,706,0.9238,-1,-1,-1
294,23,1041,222,185,507,0.8710,-1,-1,-1
294,4,1208,168,208,617,0.9101,-1,-1,-1
294,1,821,179,174,550,0.8656,-1,-1,-1
295,37,758,277,87,273,0.8455,-1,-1,-1
295,34,54,132,290,765,0.9157,-1,-1,-1
295,32,393,146,265,732,0.9264,-1,-1,-1
295,23,1051,216,184,511,0.8921,-1,-1,-1
295,4,1226,168,197,618,0.9137,-1,-1,-1
295,1,828,176,176,555,0.8483,-1,-1,-1
296,37,760,276,89,274,0.8190,-1,-1,-1
296,34,34,131,302,783,0.8627,-1,-1,-1
296,32,389,139,270,744,0.9194,-1,-1,-1
296,23,1056,210,189,520,0.9178,-1,-1,-1
296,4,1245,170,187,617,0.9196,-1,-1,-1
296,1,837,180,171,559,0.8453,-1,-1,-1
297,37,765,277,93,254,0.8164,-1,-1,-1
297,36,980,210,97,413,0.6372,-1,-1,-1
297,34,25,129,306,802,0.8932,-1,-1,-1
297,32,379,126,276,762,0.9137,-1,-1,-1
297,23,1063,205,198,530,0.8987,-1,-1,-1
297,4,1250,171,194,619,0.8846,-1,-1,-1
297,1,851,182,162,557,0.8856,-1,-1,-1
298,37,770,277,94,268,0.8071,-1,-1,-1
298,36,984,210,104,416,0.7170,-1,-1,-1
298,34,27,127,298,814,0.8931,-1,-1,-1
298,32,373,116,280,777,0.9127,-1,-1,-1
298,23,1069,205,202,551,0.8974,-1,-1,-1
298,4,1264,171,186,622,0.8836,-1,-1,-1
298,1,857,182,158,558,0.9009,-1,-1,-1
299,37,775,276,98,275,0.8118,-1,-1,-1
299,36,995,207,95,423,0.6926,-1,-1,-1
299,34,15,112,308,849,0.8825,-1,-1,-1
299,32,365,102,283,797,0.9196,-1,-1,-1
299,23,1072,202,209,554,0.8858,-1,-1,-1
299,4,1267,172,190,621,0.8686,-1,-1,-1
299,1,865,185,153,553,0.8993,-1,-1,-1
300,37,780,275,94,273,0.8053,-1,-1,-1
300,36,1000,209,89,414,0.6603,-1,-1,-1
300,34,0,99,316,881,0.8983,-1,-1,-1
300,32,351,92,298,811,0.9197,-1,-1,-1
300,23,1081,200,214,568,0.8492,-1,-1,-1
300,4,1268,179,194,615,0.8644,-1,-1,-1
300,1,870,183,154,563,0.8829,-1,-1,-1
301,37,782,276,94,276,0.7973,-1,-1,-1
301,36,1000,213,104,415,0.6126,-1,-1,-1
301,34,1,92,307,885,0.8922,-1,-1,-1
301,32,340,83,305,826,0.9137,-1,-1,-1
301,23,1081,200,224,577,0.8353,-1,-1,-1
301,4,1259,169,209,641,0.8687,-1,-1,-1
301,1,875,185,151,563,0.8755,-1,-1,-1
302,37,783,276,96,281,0.8275,-1,-1,-1
302,36,1001,212,105,417,0.6285,-1,-1,-1
302,34,0,82,294,918,0.9066,-1,-1,-1
302,32,324,70,314,847,0.9324,-1,-1,-1
302,23,1088,201,220,584,0.8472,-1,-1,-1
302,4,1258,181,213,627,0.8639,-1,-1,-1
302,1,877,187,151,562,0.8520,-1,-1,-1
303,37,785,276,94,280,0.8190,-1,-1,-1
303,36,1003,208,103,416,0.6962,-1,-1,-1
303,34,0,62,275,942,0.9235,-1,-1,-1
303,32,312,58,322,862,0.9431,-1,-1,-1
303,23,1103,204,205,590,0.8284,-1,-1,-1
303,4,1263,169,209,653,0.8312,-1,-1,-1
303,1,877,191,149,551,0.8490,-1,-1,-1
304,37,786,276,91,281,0.8253,-1,-1,-1
304,36,1005,208,104,425,0.7841,-1,-1,-1
304,34,0,51,248,957,0.9099,-1,-1,-1
304,32,298,55,331,879,0.9351,-1,-1,-1
304,23,1110,202,199,593,0.8391,-1,-1,-1
304,4,1268,168,203,656,0.8360,-1,-1,-1
304,1,874,191,151,555,0.8390,-1,-1,-1
305,37,786,277,91,278,0.8333,-1,-1,-1
305,36,1003,210,105,420,0.8234,-1,-1,-1
305,34,0,37,212,979,0.9092,-1,-1,-1
305,32,285,52,342,914,0.9253,-1,-1,-1
305,23,1111,201,197,596,0.8423,-1,-1,-1
305,4,1279,172,193,651,0.8263,-1,-1,-1
305,1,870,191,153,562,0.8472,-1,-1,-1
306,37,786,276,91,281,0.8171,-1,-1,-1
306,36,1004,209,104,425,0.8527,-1,-1,-1
306,34,0,32,193,1002,0.9112,-1,-1,-1
306,32,272,48,351,948,0.9265,-1,-1,-1
306,23,1110,196,200,638,0.8389,-1,-1,-1
306,4,1284,173,187,651,0.8111,-1,-1,-1
306,1,857,191,164,564,0.8792,-1,-1,-1
307,37,783,275,93,286,0.7793,-1,-1,-1
307,36,1001,210,107,423,0.8535,-1,-1,-1
307,34,0,35,174,1027,0.8835,-1,-1,-1
307,32,255,42,363,968,0.9378,-1,-1,-1
307,23,1110,194,207,652,0.8374,-1,-1,-1
307,4,1296,167,172,660,0.7939,-1,-1,-1
307,1,855,186,164,555,0.8830,-1,-1,-1
308,37,781,272,90,282,0.7396,-1,-1,-1
308,36,999,210,111,426,0.8765,-1,-1,-1
308,34,0,169,152,875,0.8633,-1,-1,-1
308,32,239,35,364,1000,0.9373,-1,-1,-1
308,23,1108,187,215,669,0.8580,-1,-1,-1
308,4,1289,167,176,661,0.8070,-1,-1,-1
308,1,851,183,165,556,0.9122,-1,-1,-1
309,37,776,277,92,282,0.7871,-1,-1,-1
309,36,997,216,111,423,0.8726,-1,-1,-1
309,34,0,180,128,859,0.8419,-1,-1,-1
309,32,222,35,366,1037,0.9316,-1,-1,-1
309,23,1095,185,230,679,0.8645,-1,-1,-1
309,4,1290,171,175,655,0.8045,-1,-1,-1
309,1,841,187,172,554,0.9111,-1,-1,-1
310,37,775,275,88,273,0.7940,-1,-1,-1
310,36,997,215,115,424,0.8792,-1,-1,-1
310,34,0,183,109,845,0.7452,-1,-1,-1
310,32,203,31,375,1028,0.9324,-1,-1,-1
310,23,1100,177,230,692,0.8661,-1,-1,-1
310,4,1295,168,169,661,0.8111,-1,-1,-1
310,1,833,182,180,554,0.8907,-1,-1,-1
311,37,774,274,85,273,0.7918,-1,-1,-1
311,36,998,215,106,424,0.8497,-1,-1,-1
311,34,0,203,91,498,0.7231,-1,-1,-1
311,32,185,13,385,1060,0.9354,-1,-1,-1
311,23,1102,175,229,697,0.8515,-1,-1,-1
311,4,1294,165,171,648,0.8015,-1,-1,-1
311,1,828,181,186,554,0.8856,-1,-1,-1
312,37,775,269,82,280,0.7918,-1,-1,-1
312,36,998,217,106,425,0.8478,-1,-1,-1
312,32,163,7,400,1067,0.9427,-1,-1,-1
312,23,1106,165,230,709,0.8634,-1,-1,-1
312,4,1298,164,166,642,0.8063,-1,-1,-1
312,1,823,181,191,553,0.8765,-1,-1,-1
313,37,773,267,82,289,0.7931,-1,-1,-1
313,36,998,219,105,423,0.8541,-1,-1,-1
313,32,143,3,414,1068,0.9345,-1,-1,-1
313,23,1105,148,237,734,0.8622,-1,-1,-1
313,4,1299,163,164,643,0.7942,-1,-1,-1
313,1,822,182,193,558,0.8756,-1,-1,-1
314,37,767,266,88,295,0.7797,-1,-1,-1
314,36,998,221,106,420,0.8672,-1,-1,-1
314,32,116,1,433,1069,0.9489,-1,-1,-1
314,23,1105,142,242,752,0.8588,-1,-1,-1
314,4,1299,161,164,655,0.7865,-1,-1,-1
314,1,819,182,195,554,0.8620,-1,-1,-1
315,37,765,265,89,290,0.8095,-1,-1,-1
315,36,997,223,108,417,0.8715,-1,-1,-1
315,32,82,4,455,1066,0.9386,-1,-1,-1
315,23,1106,131,241,791,0.8557,-1,-1,-1
315,4,1302,158,162,655,0.7729,-1,-1,-1
315,1,824,183,186,556,0.8479,-1,-1,-1
316,37,760,263,89,289,0.8138,-1,-1,-1
316,36,996,221,107,419,0.8691,-1,-1,-1
316,32,60,4,469,1069,0.9270,-1,-1,-1
316,23,1111,126,249,816,0.8602,-1,-1,-1
316,4,1313,161,151,644,0.8022,-1,-1,-1
316,1,822,183,190,559,0.8698,-1,-1,-1
317,37,758,265,89,289,0.8274,-1,-1,-1
317,36,996,216,102,424,0.8135,-1,-1,-1
317,32,52,5,463,1064,0.9249,-1,-1,-1
317,23,1114,117,255,850,0.8421,-1,-1,-1
317,4,1317,154,146,648,0.7787,-1,-1,-1
317,1,823,181,184,557,0.8507,-1,-1,-1
318,37,752,264,93,291,0.8139,-1,-1,-1
318,36,993,213,100,426,0.6968,-1,-1,-1
318,32,4,5,496,1065,0.9464,-1,-1,-1
318,23,1113,109,272,859,0.8497,-1,-1,-1
318,4,1317,144,143,667,0.7375,-1,-1,-1
318,1,824,181,183,554,0.8508,-1,-1,-1
319,37,741,257,100,304,0.8239,-1,-1,-1
319,36,988,211,105,426,0.8215,-1,-1,-1
319,32,0,8,483,1062,0.9430,-1,-1,-1
319,23,1118,99,272,886,0.8467,-1,-1,-1
319,4,1321,144,139,669,0.6894,-1,-1,-1
319,1,818,178,187,552,0.8336,-1,-1,-1
320,37,742,257,98,297,0.8284,-1,-1,-1
320,36,981,204,114,426,0.8194,-1,-1,-1
320,32,0,8,459,1062,0.9459,-1,-1,-1
320,23,1116,93,286,910,0.8223,-1,-1,-1
320,4,1326,148,137,659,0.5506,-1,-1,-1
320,1,816,170,187,549,0.8456,-1,-1,-1
321,37,735,254,102,302,0.8492,-1,-1,-1
321,36,980,202,115,428,0.8197,-1,-1,-1
321,32,0,6,442,1064,0.9405,-1,-1,-1
321,23,1130,90,279,942,0.8230,-1,-1,-1
321,4,1346,143,124,613,0.5384,-1,-1,-1
321,1,820,165,182,565,0.8387,-1,-1,-1
322,37,732,252,102,306,0.8416,-1,-1,-1
322,36,978,198,116,423,0.8287,-1,-1,-1
322,32,0,6,420,1065,0.9474,-1,-1,-1
322,23,1138,86,329,963,0.8707,-1,-1,-1
322,1,826,164,175,555,0.8643,-1,-1,-1
323,37,727,251,105,309,0.8005,-1,-1,-1
323,36,975,196,119,420,0.8364,-1,-1,-1
323,32,1,6,386,1064,0.9194,-1,-1,-1
323,23,1143,68,328,989,0.8806,-1,-1,-1
323,1,819,163,181,557,0.8462,-1,-1,-1
324,37,729,253,97,299,0.8118,-1,-1,-1
324,36,974,196,118,421,0.8259,-1,-1,-1
324,32,0,7,354,1064,0.9465,-1,-1,-1
324,23,1151,64,328,1002,0.8857,-1,-1,-1
324,1,821,164,179,544,0.8411,-1,-1,-1
325,37,721,251,103,314,0.7991,-1,-1,-1
325,36,974,195,115,424,0.8433,-1,-1,-1
325,32,0,7,324,1061,0.9228,-1,-1,-1
325,23,1162,45,322,1026,0.8973,-1,-1,-1
325,1,825,164,172,549,0.8608,-1,-1,-1
326,37,713,251,109,316,0.8338,-1,-1,-1
326,36,974,193,116,428,0.8296,-1,-1,-1
326,32,0,9,308,1059,0.8911,-1,-1,-1
326,23,1168,31,328,1040,0.8924,-1,-1,-1
326,1,828,160,171,556,0.8718,-1,-1,-1
327,37,712,251,110,319,0.8451,-1,-1,-1
327,36,974,197,119,429,0.8052,-1,-1,-1
327,32,0,9,321,1061,0.8751,-1,-1,-1
327,23,1177,17,339,1053,0.9003,-1,-1,-1
327,1,828,165,172,556,0.8473,-1,-1,-1
328,37,712,249,108,319,0.8218,-1,-1,-1
328,36,975,196,117,426,0.8162,-1,-1,-1
328,32,0,10,179,1059,0.7691,-1,-1,-1
328,23,1184,4,361,1068,0.8870,-1,-1,-1
328,1,828,165,171,556,0.8426,-1,-1,-1
329,37,707,248,112,328,0.8367,-1,-1,-1
329,36,977,198,118,428,0.7980,-1,-1,-1
329,23,1196,2,363,1067,0.8974,-1,-1,-1
329,1,839,167,161,552,0.8432,-1,-1,-1
330,37,709,248,111,333,0.8401,-1,-1,-1
330,36,980,202,118,426,0.7961,-1,-1,-1
330,23,1210,1,370,1063,0.8971,-1,-1,-1
330,1,843,172,161,550,0.8663,-1,-1,-1
331,37,709,250,111,333,0.8364,-1,-1,-1
331,36,985,203,120,431,0.8382,-1,-1,-1
331,23,1228,3,377,1061,0.8838,-1,-1,-1
331,1,847,180,161,550,0.8528,-1,-1,-1
332,37,709,255,115,327,0.8526,-1,-1,-1
332,36,987,204,116,431,0.8404,-1,-1,-1
332,23,1242,1,396,1070,0.8942,-1,-1,-1
332,1,849,185,160,550,0.8412,-1,-1,-1
333,37,707,255,114,324,0.8498,-1,-1,-1
333,36,989,207,113,431,0.8590,-1,-1,-1
333,23,1262,2,405,1068,0.8965,-1,-1,-1
333,1,851,190,159,549,0.8507,-1,-1,-1
334,41,819,239,74,287,0.5948,-1,-1,-1
334,37,705,256,116,324,0.8453,-1,-1,-1
334,36,990,214,115,431,0.8733,-1,-1,-1
334,23,1271,1,429,1070,0.8861,-1,-1,-1
334,1,849,195,161,549,0.8645,-1,-1,-1
335,41,816,241,77,306,0.6323,-1,-1,-1
335,37,702,261,118,320,0.8243,-1,-1,-1
335,36,991,219,113,429,0.8662,-1,-1,-1
335,23,1279,2,457,1072,0.8827,-1,-1,-1
335,1,847,199,162,553,0.8661,-1,-1,-1
336,41,818,242,70,322,0.5240,-1,-1,-1
336,37,698,263,121,329,0.8295,-1,-1,-1
336,36,991,223,121,431,0.8320,-1,-1,-1
336,23,1323,0,460,1074,0.8478,-1,-1,-1
336,1,844,201,162,549,0.8640,-1,-1,-1
337,41,817,245,70,241,0.4446,-1,-1,-1
337,37,691,265,123,333,0.8275,-1,-1,-1
337,36,990,227,117,432,0.8285,-1,-1,-1
337,23,1341,3,493,1066,0.8743,-1,-1,-1
337,1,841,201,164,550,0.8831,-1,-1,-1
338,41,810,245,76,232,0.4662,-1,-1,-1
338,37,689,269,123,340,0.8212,-1,-1,-1
338,36,979,229,134,435,0.7989,-1,-1,-1
338,23,1317,0,575,1073,0.8896,-1,-1,-1
338,4,1235,166,201,650,0.7227,-1,-1,-1
338,1,832,199,166,555,0.8921,-1,-1,-1
339,37,685,270,122,348,0.8248,-1,-1,-1
339,36,975,232,133,433,0.8309,-1,-1,-1
339,23,1337,3,565,1066,0.8617,-1,-1,-1
339,4,1237,168,197,680,0.7088,-1,-1,-1
339,1,822,198,175,549,0.9046,-1,-1,-1
340,37,681,270,121,356,0.8334,-1,-1,-1
340,36,975,231,134,434,0.8315,-1,-1,-1
340,23,1310,5,609,1062,0.9112,-1,-1,-1
340,4,1237,174,207,678,0.7679,-1,-1,-1
340,1,818,197,179,547,0.9072,-1,-1,-1
341,37,678,267,121,360,0.8333,-1,-1,-1
341,36,979,228,132,436,0.8287,-1,-1,-1
341,23,1320,5,599,1061,0.8718,-1,-1,-1
341,4,1235,171,209,690,0.8575,-1,-1,-1
341,1,816,196,181,547,0.9103,-1,-1,-1
342,41,787,241,86,361,0.4472,-1,-1,-1
342,37,671,264,126,366,0.8448,-1,-1,-1
342,36,983,226,130,435,0.8360,-1,-1,-1
342,23,1325,7,593,1061,0.8507,-1,-1,-1
342,4,1235,164,210,696,0.8839,-1,-1,-1
342,1,815,194,183,548,0.9119,-1,-1,-1
343,41,784,240,84,320,0.4345,-1,-1,-1
343,37,668,264,124,366,0.8417,-1,-1,-1
343,36,980,225,133,435,0.8562,-1,-1,-1
343,23,1338,6,580,1060,0.4767,-1,-1,-1
343,4,1232,160,212,696,0.8955,-1,-1,-1
343,1,812,192,184,547,0.9107,-1,-1,-1
344,41,782,239,85,362,0.4914,-1,-1,-1
344,37,664,259,123,359,0.8364,-1,-1,-1
344,36,974,222,136,436,0.8587,-1,-1,-1
344,23,1367,2,549,1067,0.8329,-1,-1,-1
344,4,1231,156,209,700,0.8903,-1,-1,-1
344,1,811,190,184,551,0.8961,-1,-1,-1
345,41,779,236,84,378,0.5176,-1,-1,-1
345,37,661,252,124,365,0.8395,-1,-1,-1
345,36,979,219,128,436,0.8658,-1,-1,-1
345,4,1225,150,221,706,0.8899,-1,-1,-1
345,1,807,190,189,548,0.8971,-1,-1,-1
346,41,773,234,86,347,0.6411,-1,-1,-1
346,37,656,252,124,361,0.8688,-1,-1,-1
346,36,970,220,137,428,0.8538,-1,-1,-1
346,4,1215,148,237,708,0.8988,-1,-1,-1
346,1,803,191,188,546,0.8679,-1,-1,-1
347,41,776,239,80,390,0.5965,-1,-1,-1
347,37,644,251,128,380,0.8834,-1,-1,-1
347,36,966,221,132,427,0.8323,-1,-1,-1
347,4,1200,150,250,707,0.8929,-1,-1,-1
347,1,794,189,194,549,0.8441,-1,-1,-1
348,41,769,229,82,400,0.6956,-1,-1,-1
348,37,637,246,128,382,0.8888,-1,-1,-1
348,36,967,218,128,430,0.8158,-1,-1,-1
348,23,1571,7,347,860,0.4687,-1,-1,-1
348,4,1193,144,253,712,0.9147,-1,-1,-1
348,1,795,189,190,550,0.8440,-1,-1,-1
349,41,764,226,84,401,0.7226,-1,-1,-1
349,37,630,239,129,391,0.8675,-1,-1,-1
349,36,964,215,129,432,0.8131,-1,-1,-1
349,23,1646,40,272,629,0.4210,-1,-1,-1
349,4,1185,145,257,704,0.9166,-1,-1,-1
349,1,795,190,191,549,0.8500,-1,-1,-1
350,41,756,222,91,414,0.7397,-1,-1,-1
350,37,623,238,131,393,0.8676,-1,-1,-1
350,36,964,215,126,431,0.8087,-1,-1,-1
350,4,1180,143,261,695,0.9161,-1,-1,-1
350,1,799,192,186,547,0.8575,-1,-1,-1
351,41,745,221,95,413,0.7648,-1,-1,-1
351,37,618,238,131,401,0.8542,-1,-1,-1
351,36,966,219,122,427,0.8230,-1,-1,-1
351,4,1172,144,267,699,0.9184,-1,-1,-1
351,1,800,194,185,539,0.8471,-1,-1,-1
352,41,738,217,104,420,0.7835,-1,-1,-1
352,37,614,239,131,394,0.8609,-1,-1,-1
352,36,966,215,118,434,0.8305,-1,-1,-1
352,4,1165,145,270,703,0.9123,-1,-1,-1
352,1,798,192,186,532,0.8710,-1,-1,-1
353,41,735,214,104,429,0.7824,-1,-1,-1
353,37,610,231,126,404,0.8575,-1,-1,-1
353,36,963,220,117,430,0.8383,-1,-1,-1
353,4,1156,146,272,705,0.9045,-1,-1,-1
353,1,796,191,186,535,0.8870,-1,-1,-1
354,43,1055,324,77,191,0.4573,-1,-1,-1
354,41,726,211,112,443,0.7971,-1,-1,-1
354,37,600,233,131,401,0.8523,-1,-1,-1
354,36,956,220,118,429,0.8263,-1,-1,-1
354,4,1154,147,269,707,0.9025,-1,-1,-1
354,1,794,193,182,534,0.8987,-1,-1,-1
355,43,1053,323,69,189,0.4924,-1,-1,-1
355,41,715,208,117,439,0.8711,-1,-1,-1
355,37,591,230,130,412,0.8695,-1,-1,-1
355,36,953,218,113,431,0.8611,-1,-1,-1
355,4,1145,145,279,711,0.9114,-1,-1,-1
355,1,794,194,177,532,0.9143,-1,-1,-1
356,43,1044,321,69,193,0.5261,-1,-1,-1
356,41,712,206,114,441,0.8749,-1,-1,-1
356,37,582,228,131,407,0.8852,-1,-1,-1
356,36,948,215,110,438,0.8808,-1,-1,-1
356,4,1144,140,274,718,0.9065,-1,-1,-1
356,1,797,193,170,529,0.9069,-1,-1,-1
357,43,1031,318,75,196,0.4900,-1,-1,-1
357,41,697,202,127,447,0.8687,-1,-1,-1
357,37,568,228,133,407,0.8812,-1,-1,-1
357,36,943,217,109,436,0.8806,-1,-1,-1
357,4,1138,141,273,719,0.9006,-1,-1,-1
357,1,791,186,170,536,0.8943,-1,-1,-1
358,43,1026,321,70,186,0.5661,-1,-1,-1
358,41,689,200,133,450,0.8525,-1,-1,-1
358,37,555,226,139,414,0.8661,-1,-1,-1
358,36,934,216,107,439,0.8229,-1,-1,-1
358,4,1129,143,274,721,0.9199,-1,-1,-1
358,1,787,182,169,540,0.8775,-1,-1,-1
359,43,1018,319,65,192,0.4760,-1,-1,-1
359,41,675,198,137,456,0.8675,-1,-1,-1
359,37,536,226,143,420,0.8872,-1,-1,-1
359,36,925,215,111,441,0.8159,-1,-1,-1
359,4,1123,141,278,723,0.9229,-1,-1,-1
359,1,787,180,164,544,0.8679,-1,-1,-1
360,43,1008,315,68,193,0.4285,-1,-1,-1
360,41,663,193,140,466,0.8972,-1,-1,-1
360,37,525,219,144,428,0.8958,-1,-1,-1
360,36,921,216,109,441,0.7940,-1,-1,-1
360,4,1120,141,276,722,0.9154,-1,-1,-1
360,1,784,182,161,543,0.8692,-1,-1,-1
361,41,650,191,146,470,0.8530,-1,-1,-1
361,37,501,219,154,432,0.8591,-1,-1,-1
361,36,917,212,110,442,0.8360,-1,-1,-1
361,4,1111,142,275,722,0.9051,-1,-1,-1
361,1,770,180,167,552,0.8641,-1,-1,-1
362,41,630,192,159,471,0.8747,-1,-1,-1
362,37,490,226,155,432,0.8596,-1,-1,-1
362,36,905,217,102,441,0.8269,-1,-1,-1
362,4,1108,143,269,722,0.9081,-1,-1,-1
362,1,764,186,168,550,0.8784,-1,-1,-1
363,41,618,193,166,473,0.8516,-1,-1,-1
363,37,474,222,159,446,0.8484,-1,-1,-1
363,36,901,211,95,443,0.7537,-1,-1,-1
363,4,1106,141,267,731,0.9108,-1,-1,-1
363,1,761,189,161,550,0.8737,-1,-1,-1
364,41,604,189,173,479,0.8616,-1,-1,-1
364,37,454,217,170,458,0.8621,-1,-1,-1
364,36,897,208,94,443,0.7483,-1,-1,-1
364,4,1104,136,268,737,0.9137,-1,-1,-1
364,1,764,185,151,553,0.8392,-1,-1,-1
365,41,595,190,177,481,0.8738,-1,-1,-1
365,37,440,224,180,457,0.9010,-1,-1,-1
365,36,894,209,95,448,0.5653,-1,-1,-1
365,4,1104,137,267,738,0.9207,-1,-1,-1
365,1,764,195,152,546,0.8387,-1,-1,-1
366,41,596,192,173,488,0.8600,-1,-1,-1
366,37,439,224,175,460,0.8791,-1,-1,-1
366,36,895,212,95,436,0.6775,-1,-1,-1
366,4,1101,140,269,733,0.9203,-1,-1,-1
366,1,757,199,156,545,0.8477,-1,-1,-1
367,42,357,296,60,200,0.4124,-1,-1,-1
367,41,595,191,171,499,0.8370,-1,-1,-1
367,37,441,221,168,465,0.8765,-1,-1,-1
367,36,893,209,89,436,0.6569,-1,-1,-1
367,4,1101,137,268,722,0.9041,-1,-1,-1
367,1,761,198,152,541,0.8394,-1,-1,-1
368,41,594,191,167,512,0.8232,-1,-1,-1
368,37,437,223,169,469,0.8808,-1,-1,-1
368,36,893,209,86,435,0.6509,-1,-1,-1
368,4,1099,134,269,721,0.8989,-1,-1,-1
368,1,761,198,153,544,0.8265,-1,-1,-1
369,41,592,188,161,519,0.8273,-1,-1,-1
369,37,423,220,180,475,0.8677,-1,-1,-1
369,36,895,209,86,442,0.6746,-1,-1,-1
369,4,1102,133,264,718,0.8924,-1,-1,-1
369,1,758,197,157,549,0.8448,-1,-1,-1
370,41,588,187,164,523,0.8507,-1,-1,-1
370,37,422,217,179,482,0.8898,-1,-1,-1
370,36,893,209,87,432,0.6168,-1,-1,-1
370,4,1105,133,262,720,0.8972,-1,-1,-1
370,1,758,196,160,539,0.8431,-1,-1,-1
371,41,585,189,162,525,0.8452,-1,-1,-1
371,37,418,217,181,489,0.9018,-1,-1,-1
371,36,895,210,86,433,0.6449,-1,-1,-1
371,4,1112,132,253,729,0.8972,-1,-1,-1
371,1,758,196,161,540,0.8589,-1,-1,-1
372,41,583,190,162,531,0.8600,-1,-1,-1
372,37,416,219,179,491,0.8992,-1,-1,-1
372,36,901,210,83,443,0.6561,-1,-1,-1
372,4,1112,134,254,730,0.8993,-1,-1,-1
372,1,757,196,165,544,0.8439,-1,-1,-1
373,41,578,188,168,536,0.8795,-1,-1,-1
373,37,412,220,176,494,0.8941,-1,-1,-1
373,36,904,214,84,435,0.6559,-1,-1,-1
373,4,1114,137,249,730,0.8989,-1,-1,-1
373,1,760,197,167,547,0.8366,-1,-1,-1
374,43,965,328,84,192,0.5218,-1,-1,-1
374,41,570,190,174,538,0.9075,-1,-1,-1
374,37,408,218,174,500,0.8951,-1,-1,-1
374,36,908,223,81,434,0.6219,-1,-1,-1
374,4,1119,140,247,734,0.9030,-1,-1,-1
374,1,764,196,168,546,0.8326,-1,-1,-1
375,43,967,331,80,193,0.5374,-1,-1,-1
375,41,567,190,176,543,0.9255,-1,-1,-1
375,37,405,220,173,501,0.8774,-1,-1,-1
375,36,910,227,80,432,0.5990,-1,-1,-1
375,4,1121,143,243,742,0.9024,-1,-1,-1
375,1,769,201,164,546,0.8370,-1,-1,-1
376,43,962,324,88,204,0.4720,-1,-1,-1
376,41,558,190,184,546,0.9079,-1,-1,-1
376,37,393,214,177,516,0.8743,-1,-1,-1
376,36,910,230,81,432,0.5073,-1,-1,-1
376,4,1122,144,242,746,0.8986,-1,-1,-1
376,1,772,207,162,547,0.8388,-1,-1,-1
377,43,966,331,86,201,0.5725,-1,-1,-1
377,41,552,188,190,550,0.9085,-1,-1,-1
377,37,394,220,172,519,0.8630,-1,-1,-1
377,4,1121,151,242,747,0.8979,-1,-1,-1
377,1,776,211,162,546,0.8509,-1,-1,-1
378,43,971,341,87,193,0.5660,-1,-1,-1
378,41,546,188,198,557,0.9094,-1,-1,-1
378,37,388,208,169,537,0.8432,-1,-1,-1
378,4,1122,154,238,752,0.8984,-1,-1,-1
378,1,778,212,161,548,0.8418,-1,-1,-1
379,43,967,315,92,220,0.4319,-1,-1,-1
379,41,539,186,204,567,0.9135,-1,-1,-1
379,37,390,222,165,533,0.8553,-1,-1,-1
379,4,1124,154,236,756,0.8937,-1,-1,-1
379,1,785,213,156,554,0.8515,-1,-1,-1
380,43,973,326,89,216,0.4369,-1,-1,-1
380,41,534,182,205,576,0.9048,-1,-1,-1
380,37,379,201,175,557,0.8598,-1,-1,-1
380,4,1124,155,234,762,0.8905,-1,-1,-1
380,1,788,213,154,553,0.8607,-1,-1,-1
381,45,731,320,61,204,0.6610,-1,-1,-1
381,43,981,345,76,195,0.4467,-1,-1,-1
381,41,530,180,203,588,0.9160,-1,-1,-1
381,37,371,206,180,560,0.8701,-1,-1,-1
381,4,1121,156,234,762,0.8905,-1,-1,-1
381,1,789,215,156,551,0.8559,-1,-1,-1
382,45,730,321,62,204,0.6662,-1,-1,-1
382,41,530,180,203,597,0.8964,-1,-1,-1
382,37,370,208,181,567,0.8783,-1,-1,-1
382,4,1118,157,234,766,0.8954,-1,-1,-1
382,1,785,226,161,536,0.8648,-1,-1,-1
383,45,729,323,60,199,0.6908,-1,-1,-1
383,41,524,177,206,605,0.8840,-1,-1,-1
383,37,367,206,175,566,0.8438,-1,-1,-1
383,36,918,274,85,412,0.4554,-1,-1,-1
383,4,1115,156,235,765,0.9035,-1,-1,-1
383,1,786,224,161,534,0.8579,-1,-1,-1
384,45,727,319,62,208,0.6788,-1,-1,-1
384,41,510,176,220,612,0.8980,-1,-1,-1
384,37,354,212,182,567,0.8367,-1,-1,-1
384,36,919,275,86,411,0.4409,-1,-1,-1
384,4,1110,155,236,756,0.9058,-1,-1,-1
384,1,782,217,167,534,0.8704,-1,-1,-1
385,45,725,320,65,209,0.7258,-1,-1,-1
385,41,506,175,219,622,0.8835,-1,-1,-1
385,37,349,202,179,581,0.8633,-1,-1,-1
385,36,916,265,89,415,0.4945,-1,-1,-1
385,4,1104,158,244,760,0.9220,-1,-1,-1
385,1,790,217,159,544,0.8622,-1,-1,-1
386,45,722,318,68,210,0.7430,-1,-1,-1
386,41,502,182,221,605,0.9028,-1,-1,-1
386,37,341,197,184,581,0.8905,-1,-1,-1
386,4,1098,159,251,755,0.9318,-1,-1,-1
386,1,782,218,169,525,0.8724,-1,-1,-1
387,45,720,316,71,211,0.7768,-1,-1,-1
387,41,490,173,229,631,0.8857,-1,-1,-1
387,37,331,198,189,577,0.8787,-1,-1,-1
387,4,1088,158,259,747,0.9267,-1,-1,-1
387,1,782,215,167,528,0.8812,-1,-1,-1
388,45,717,315,73,211,0.7973,-1,-1,-1
388,41,489,171,230,641,0.9205,-1,-1,-1
388,37,320,195,191,595,0.8819,-1,-1,-1
388,4,1086,158,265,745,0.9170,-1,-1,-1
388,1,778,218,168,529,0.8636,-1,-1,-1
389,45,715,316,75,209,0.7675,-1,-1,-1
389,41,485,160,226,659,0.9243,-1,-1,-1
389,37,311,186,195,606,0.8717,-1,-1,-1
389,4,1080,156,271,746,0.9110,-1,-1,-1
389,1,770,218,174,529,0.8561,-1,-1,-1
390,45,712,316,77,212,0.7368,-1,-1,-1
390,41,482,155,225,667,0.9222,-1,-1,-1
390,37,303,186,201,606,0.8700,-1,-1,-1
390,4,1075,159,273,749,0.9056,-1,-1,-1
390,1,765,220,176,529,0.8577,-1,-1,-1
391,45,710,314,78,214,0.7906,-1,-1,-1
391,41,482,152,226,672,0.9170,-1,-1,-1
391,37,291,180,207,614,0.8438,-1,-1,-1
391,4,1070,158,278,755,0.9067,-1,-1,-1
391,1,766,219,173,531,0.8505,-1,-1,-1
392,45,706,312,83,218,0.7557,-1,-1,-1
392,41,480,145,225,687,0.9048,-1,-1,-1
392,37,287,174,203,623,0.8652,-1,-1,-1
392,4,1067,157,284,764,0.9076,-1,-1,-1
392,1,760,220,176,533,0.8597,-1,-1,-1
393,45,703,311,81,222,0.7235,-1,-1,-1
393,41,474,140,228,697,0.9072,-1,-1,-1
393,37,265,171,219,633,0.8694,-1,-1,-1
393,4,1065,155,287,764,0.8989,-1,-1,-1
393,1,759,219,173,536,0.8901,-1,-1,-1
394,45,700,312,81,220,0.7275,-1,-1,-1
394,41,467,133,234,705,0.9058,-1,-1,-1
394,37,242,162,236,642,0.8793,-1,-1,-1
394,4,1060,155,292,766,0.8970,-1,-1,-1
394,1,761,220,167,536,0.8741,-1,-1,-1
395,45,699,310,77,220,0.7021,-1,-1,-1
395,41,459,122,236,720,0.8895,-1,-1,-1
395,37,232,161,236,642,0.8874,-1,-1,-1
395,4,1054,157,296,772,0.9049,-1,-1,-1
395,1,760,221,163,535,0.8960,-1,-1,-1
396,45,695,311,78,217,0.7438,-1,-1,-1
396,43,969,337,79,211,0.4032,-1,-1,-1
396,41,460,113,232,726,0.8665,-1,-1,-1
396,37,222,159,239,658,0.8890,-1,-1,-1
396,36,897,238,94,434,0.7333,-1,-1,-1
396,4,1050,157,299,775,0.9048,-1,-1,-1
396,1,760,222,155,532,0.8889,-1,-1,-1
397,45,694,310,76,220,0.7193,-1,-1,-1
397,43,969,341,77,206,0.4698,-1,-1,-1
397,41,445,107,240,742,0.8791,-1,-1,-1
397,37,192,157,258,662,0.8801,-1,-1,-1
397,36,890,240,99,434,0.7577,-1,-1,-1
397,4,1050,157,296,780,0.9042,-1,-1,-1
397,1,759,223,154,527,0.8820,-1,-1,-1
398,45,692,309,76,226,0.6943,-1,-1,-1
398,43,968,342,79,205,0.4669,-1,-1,-1
398,41,436,101,251,747,0.9018,-1,-1,-1
398,37,164,150,278,685,0.8898,-1,-1,-1
398,36,886,239,97,440,0.7946,-1,-1,-1
398,4,1050,155,294,784,0.9027,-1,-1,-1
398,1,755,222,156,529,0.8738,-1,-1,-1
399,45,690,307,71,218,0.6387,-1,-1,-1
399,43,969,339,77,208,0.5725,-1,-1,-1
399,41,428,95,259,755,0.8928,-1,-1,-1
399,37,134,147,293,693,0.8878,-1,-1,-1
399,36,884,240,97,435,0.7614,-1,-1,-1
399,4,1049,154,291,790,0.8970,-1,-1,-1
399,1,745,219,160,528,0.8776,-1,-1,-1
400,45,691,307,65,221,0.6010,-1,-1,-1
400,43,968,339,74,208,0.4577,-1,-1,-1
400,41,417,88,268,766,0.9014,-1,-1,-1
400,37,125,146,287,704,0.8997,-1,-1,-1
400,36,879,243,94,437,0.7743,-1,-1,-1
400,4,1048,155,291,788,0.9041,-1,-1,-1
400,1,740,212,162,536,0.8457,-1,-1,-1
401,45,688,305,66,226,0.5429,-1,-1,-1
401,43,968,345,76,203,0.4268,-1,-1,-1
401,41,411,81,275,777,0.8992,-1,-1,-1
401,37,117,142,292,718,0.9099,-1,-1,-1
401,36,874,245,98,438,0.7971,-1,-1,-1
401,4,1053,152,285,786,0.8945,-1,-1,-1
401,1,732,211,163,527,0.8462,-1,-1,-1
402,45,686,305,64,225,0.5022,-1,-1,-1
402,43,969,341,75,207,0.5281,-1,-1,-1
402,41,404,77,280,796,0.8991,-1,-1,-1
402,37,118,137,273,734,0.9038,-1,-1,-1
402,36,872,246,98,436,0.8056,-1,-1,-1
402,4,1059,148,278,795,0.8898,-1,-1,-1
402,1,728,209,165,523,0.8462,-1,-1,-1
403,45,686,306,63,224,0.4904,-1,-1,-1
403,41,395,76,288,814,0.9079,-1,-1,-1
403,37,104,133,281,753,0.9086,-1,-1,-1
403,36,868,247,103,428,0.8091,-1,-1,-1
403,4,1064,148,274,796,0.8939,-1,-1,-1
403,1,727,209,163,529,0.8466,-1,-1,-1
404,45,688,308,60,225,0.4798,-1,-1,-1
404,41,386,77,295,836,0.9028,-1,-1,-1
404,37,89,135,289,768,0.9114,-1,-1,-1
404,36,866,249,108,430,0.8019,-1,-1,-1
404,4,1068,148,273,797,0.8876,-1,-1,-1
404,1,728,209,162,530,0.8505,-1,-1,-1
405,45,685,307,66,234,0.4905,-1,-1,-1
405,41,376,77,302,842,0.9049,-1,-1,-1
405,37,70,133,296,780,0.8991,-1,-1,-1
405,36,865,249,106,423,0.8242,-1,-1,-1
405,4,1067,150,277,789,0.8881,-1,-1,-1
405,1,729,211,161,528,0.8509,-1,-1,-1
406,45,688,308,63,229,0.4657,-1,-1,-1
406,43,973,335,82,217,0.6249,-1,-1,-1
406,41,368,74,310,850,0.9027,-1,-1,-1
406,37,61,129,298,789,0.8958,-1,-1,-1
406,36,867,245,105,436,0.8195,-1,-1,-1
406,4,1075,150,276,774,0.9032,-1,-1,-1
406,1,729,211,161,530,0.8387,-1,-1,-1
407,45,689,308,61,229,0.4758,-1,-1,-1
407,43,976,339,84,213,0.6561,-1,-1,-1
407,41,356,69,321,870,0.9078,-1,-1,-1
407,37,57,125,300,800,0.9031,-1,-1,-1
407,36,868,242,108,446,0.8108,-1,-1,-1
407,4,1076,151,277,769,0.9085,-1,-1,-1
407,1,728,212,164,533,0.8398,-1,-1,-1
408,45,691,308,62,225,0.4488,-1,-1,-1
408,43,979,344,86,209,0.6575,-1,-1,-1
408,41,350,67,323,882,0.9088,-1,-1,-1
408,37,52,119,301,808,0.9152,-1,-1,-1
408,36,869,241,109,443,0.8258,-1,-1,-1
408,4,1079,151,273,772,0.9113,-1,-1,-1
408,1,729,214,163,534,0.8424,-1,-1,-1
409,45,696,309,62,233,0.4769,-1,-1,-1
409,43,988,347,90,208,0.5507,-1,-1,-1
409,41,358,66,315,899,0.9171,-1,-1,-1
409,37,45,114,308,820,0.9202,-1,-1,-1
409,36,873,245,111,436,0.8036,-1,-1,-1
409,4,1087,149,269,783,0.9136,-1,-1,-1
409,1,733,218,163,534,0.8531,-1,-1,-1
410,45,700,311,62,236,0.5709,-1,-1,-1
410,43,993,348,85,209,0.6443,-1,-1,-1
410,41,355,64,315,921,0.8991,-1,-1,-1
410,37,39,111,312,835,0.9145,-1,-1,-1
410,36,876,242,117,437,0.8127,-1,-1,-1
410,4,1091,152,271,785,0.9113,-1,-1,-1
410,1,734,221,167,534,0.8526,-1,-1,-1
411,45,708,310,59,234,0.5563,-1,-1,-1
411,43,998,351,85,206,0.6936,-1,-1,-1
411,41,354,59,318,948,0.9111,-1,-1,-1
411,37,27,103,311,846,0.9123,-1,-1,-1
411,36,881,243,112,433,0.7947,-1,-1,-1
411,4,1098,154,267,784,0.9125,-1,-1,-1
411,1,732,228,171,523,0.8816,-1,-1,-1
412,45,716,307,58,240,0.5890,-1,-1,-1
412,43,1002,352,87,205,0.6445,-1,-1,-1
412,41,347,54,326,969,0.8986,-1,-1,-1
412,37,16,96,317,855,0.9144,-1,-1,-1
412,36,889,242,117,436,0.8037,-1,-1,-1
412,4,1102,151,270,797,0.9115,-1,-1,-1
412,1,744,228,165,527,0.8647,-1,-1,-1
413,46,650,340,64,192,0.7330,-1,-1,-1
413,45,720,307,56,235,0.5414,-1,-1,-1
413,43,1011,353,85,206,0.5497,-1,-1,-1
413,41,344,47,324,988,0.8998,-1,-1,-1
413,37,2,92,322,865,0.9293,-1,-1,-1
413,36,894,243,122,434,0.8245,-1,-1,-1
413,4,1104,151,275,801,0.9097,-1,-1,-1
413,1,746,228,166,537,0.8499,-1,-1,-1
414,46,652,339,69,197,0.7533,-1,-1,-1
414,45,725,306,55,237,0.5443,-1,-1,-1
414,43,1011,338,88,220,0.5277,-1,-1,-1
414,41,336,36,328,1010,0.9089,-1,-1,-1
414,37,0,82,317,876,0.9292,-1,-1,-1
414,36,896,239,121,441,0.8206,-1,-1,-1
414,4,1109,149,274,809,0.9127,-1,-1,-1
414,1,752,226,165,527,0.8534,-1,-1,-1
415,46,654,341,68,191,0.7775,-1,-1,-1
415,45,728,303,56,240,0.4227,-1,-1,-1
415,43,1021,344,86,215,0.5871,-1,-1,-1
415,41,327,25,337,1024,0.9183,-1,-1,-1
415,37,0,76,311,887,0.9250,-1,-1,-1
415,36,902,238,119,443,0.8391,-1,-1,-1
415,4,1113,149,276,813,0.9174,-1,-1,-1
415,1,753,227,167,530,0.8578,-1,-1,-1
416,46,654,340,70,191,0.7726,-1,-1,-1
416,45,731,304,58,208,0.4211,-1,-1,-1
416,43,1021,348,94,212,0.5681,-1,-1,-1
416,41,316,10,342,1043,0.9246,-1,-1,-1
416,37,0,65,303,916,0.9181,-1,-1,-1
416,36,904,236,119,445,0.8431,-1,-1,-1
416,4,1115,149,275,818,0.9234,-1,-1,-1
416,1,750,225,172,520,0.8642,-1,-1,-1
417,46,655,339,70,197,0.7752,-1,-1,-1
417,43,1023,346,95,213,0.6266,-1,-1,-1
417,41,300,3,353,1058,0.9012,-1,-1,-1
417,37,0,56,300,949,0.9075,-1,-1,-1
417,36,908,237,121,444,0.8373,-1,-1,-1
417,4,1120,149,272,822,0.9275,-1,-1,-1
417,1,749,223,176,520,0.8618,-1,-1,-1
418,46,653,339,69,194,0.7290,-1,-1,-1
418,43,1024,346,101,212,0.6351,-1,-1,-1
418,41,276,1,373,1065,0.9078,-1,-1,-1
418,37,0,49,275,981,0.9274,-1,-1,-1
418,36,910,237,118,439,0.8327,-1,-1,-1
418,4,1123,147,271,827,0.9283,-1,-1,-1
418,1,749,218,176,528,0.8669,-1,-1,-1
419,46,656,335,65,197,0.6544,-1,-1,-1
419,43,1025,335,104,223,0.6682,-1,-1,-1
419,41,257,0,386,1057,0.8891,-1,-1,-1
419,37,0,39,260,994,0.9258,-1,-1,-1
419,36,910,238,116,436,0.8304,-1,-1,-1
419,4,1123,146,272,825,0.9298,-1,-1,-1
419,1,744,215,181,532,0.8781,-1,-1,-1
420,46,652,339,69,199,0.7003,-1,-1,-1
420,43,1026,328,106,230,0.6751,-1,-1,-1
420,41,239,3,400,1064,0.9036,-1,-1,-1
420,37,0,33,244,998,0.9231,-1,-1,-1
420,36,909,241,120,437,0.8241,-1,-1,-1
420,4,1122,145,274,825,0.9286,-1,-1,-1
420,1,742,214,181,534,0.8800,-1,-1,-1
421,46,650,336,69,198,0.6731,-1,-1,-1
421,43,1025,326,106,231,0.6342,-1,-1,-1
421,41,230,3,400,1057,0.9075,-1,-1,-1
421,37,0,27,232,995,0.9036,-1,-1,-1
421,36,906,241,124,434,0.8167,-1,-1,-1
421,4,1119,141,279,831,0.9342,-1,-1,-1
421,1,743,212,179,535,0.8733,-1,-1,-1
422,46,647,333,70,204,0.7040,-1,-1,-1
422,43,1017,318,104,235,0.4963,-1,-1,-1
422,41,219,3,404,1058,0.9122,-1,-1,-1
422,37,0,10,218,991,0.8660,-1,-1,-1
422,36,904,241,129,435,0.8163,-1,-1,-1
422,4,1116,133,283,836,0.9250,-1,-1,-1
422,1,740,211,179,537,0.8888,-1,-1,-1
423,46,643,329,74,212,0.7000,-1,-1,-1
423,43,1014,319,103,233,0.4840,-1,-1,-1
423,41,194,2,418,1067,0.9403,-1,-1,-1
423,37,0,9,197,997,0.9054,-1,-1,-1
423,36,903,243,131,434,0.7939,-1,-1,-1
423,4,1110,127,288,841,0.9163,-1,-1,-1
423,1,739,212,175,536,0.8736,-1,-1,-1
424,46,638,330,78,209,0.7208,-1,-1,-1
424,41,163,4,439,1068,0.9404,-1,-1,-1
424,37,0,6,173,1007,0.8905,-1,-1,-1
424,36,894,246,139,432,0.8203,-1,-1,-1
424,4,1105,129,295,836,0.9237,-1,-1,-1
424,1,733,215,177,532,0.8690,-1,-1,-1
425,46,627,328,85,211,0.7372,-1,-1,-1
425,41,139,3,447,1068,0.9240,-1,-1,-1
425,37,0,4,149,1013,0.8855,-1,-1,-1
425,36,892,241,141,435,0.7965,-1,-1,-1
425,4,1098,124,301,825,0.9221,-1,-1,-1
425,1,726,215,183,538,0.8811,-1,-1,-1
426,46,627,328,77,210,0.7214,-1,-1,-1
426,41,108,3,471,1069,0.9274,-1,-1,-1
426,37,0,86,121,609,0.5536,-1,-1,-1
426,36,893,241,136,431,0.8154,-1,-1,-1
426,4,1093,122,307,822,0.9282,-1,-1,-1
426,1,726,213,177,537,0.8883,-1,-1,-1
427,46,627,326,77,221,0.7255,-1,-1,-1
427,41,81,2,480,1070,0.9261,-1,-1,-1
427,37,0,155,100,525,0.6380,-1,-1,-1
427,36,896,241,131,433,0.8338,-1,-1,-1
427,4,1089,123,311,818,0.9300,-1,-1,-1
427,1,725,214,180,541,0.8730,-1,-1,-1
428,47,541,317,54,189,0.6518,-1,-1,-1
428,46,623,329,71,217,0.7154,-1,-1,-1
428,43,1027,326,85,243,0.4182,-1,-1,-1
428,41,48,5,507,1066,0.9205,-1,-1,-1
428,37,0,168,69,511,0.5230,-1,-1,-1
428,36,893,236,135,440,0.8490,-1,-1,-1
428,4,1085,125,314,819,0.9242,-1,-1,-1
428,1,716,214,183,538,0.8614,-1,-1,-1
429,47,540,323,52,188,0.6709,-1,-1,-1
429,46,621,329,66,216,0.7477,-1,-1,-1
429,41,4,5,540,1063,0.9329,-1,-1,-1
429,36,895,235,131,433,0.8258,-1,-1,-1
429,4,1079,127,318,823,0.9122,-1,-1,-1
429,1,705,215,191,535,0.8649,-1,-1,-1
430,47,532,345,55,162,0.5618,-1,-1,-1
430,46,613,328,70,215,0.7334,-1,-1,-1
430,41,0,4,535,1067,0.9445,-1,-1,-1
430,36,891,236,132,431,0.8164,-1,-1,-1
430,4,1077,129,319,827,0.9045,-1,-1,-1
430,1,701,216,192,530,0.8648,-1,-1,-1
431,47,528,312,56,198,0.5527,-1,-1,-1
431,46,606,326,75,226,0.7273,-1,-1,-1
431,41,0,4,527,1068,0.9472,-1,-1,-1
431,36,894,232,129,432,0.8250,-1,-1,-1
431,4,1073,131,322,834,0.9103,-1,-1,-1
431,1,694,213,175,540,0.8658,-1,-1,-1
432,47,521,319,57,193,0.6275,-1,-1,-1
432,46,605,327,69,228,0.7154,-1,-1,-1
432,41,0,5,517,1067,0.9563,-1,-1,-1
432,36,891,231,130,432,0.7955,-1,-1,-1
432,4,1071,130,324,838,0.9073,-1,-1,-1
432,1,683,211,187,536,0.8673,-1,-1,-1
433,47,517,319,58,194,0.5834,-1,-1,-1
433,46,601,326,68,227,0.7519,-1,-1,-1
433,41,0,6,505,1068,0.9501,-1,-1,-1
433,36,885,230,134,433,0.7771,-1,-1,-1
433,4,1070,130,325,840,0.9057,-1,-1,-1
433,1,679,208,176,533,0.8734,-1,-1,-1
434,47,516,325,58,188,0.5777,-1,-1,-1
434,46,599,324,69,229,0.7459,-1,-1,-1
434,41,0,2,496,1073,0.9519,-1,-1,-1
434,36,885,228,131,435,0.7948,-1,-1,-1
434,4,1071,127,327,845,0.9122,-1,-1,-1
434,1,675,206,173,533,0.8624,-1,-1,-1
435,47,515,318,55,194,0.6400,-1,-1,-1
435,46,598,324,70,225,0.7604,-1,-1,-1
435,41,0,4,485,1067,0.9420,-1,-1,-1
435,36,888,226,128,435,0.8152,-1,-1,-1
435,4,1072,123,326,853,0.9141,-1,-1,-1
435,1,672,202,172,537,0.8727,-1,-1,-1
436,48,995,310,76,237,0.5986,-1,-1,-1
436,47,513,315,55,195,0.6399,-1,-1,-1
436,46,595,320,74,227,0.7281,-1,-1,-1
436,41,1,7,474,1065,0.9442,-1,-1,-1
436,36,894,223,119,436,0.8009,-1,-1,-1
436,4,1078,121,322,853,0.9174,-1,-1,-1
436,1,669,190,172,546,0.8561,-1,-1,-1
437,49,818,300,79,237,0.6813,-1,-1,-1
437,48,996,304,76,242,0.6026,-1,-1,-1
437,47,512,327,55,182,0.6417,-1,-1,-1
437,46,593,317,76,223,0.7017,-1,-1,-1
437,41,1,5,452,1064,0.9411,-1,-1,-1
437,36,898,217,115,442,0.8119,-1,-1,-1
437,4,1081,119,321,839,0.9183,-1,-1,-1
437,1,667,190,172,535,0.8570,-1,-1,-1
438,49,815,298,81,239,0.6965,-1,-1,-1
438,48,994,303,77,241,0.6312,-1,-1,-1
438,47,510,318,56,189,0.7064,-1,-1,-1
438,46,588,313,80,228,0.7034,-1,-1,-1
438,41,1,5,436,1066,0.9475,-1,-1,-1
438,36,905,216,106,443,0.7748,-1,-1,-1
438,4,1085,116,317,834,0.9207,-1,-1,-1
438,1,664,196,174,524,0.8599,-1,-1,-1
439,49,812,300,82,238,0.7198,-1,-1,-1
439,48,993,303,77,238,0.6038,-1,-1,-1
439,47,509,342,54,166,0.6696,-1,-1,-1
439,46,584,312,80,226,0.7115,-1,-1,-1
439,41,1,5,407,1062,0.9466,-1,-1,-1
439,36,903,235,106,424,0.6837,-1,-1,-1
439,4,1087,112,317,844,0.9285,-1,-1,-1
439,1,662,195,173,525,0.8792,-1,-1,-1
440,49,807,297,85,242,0.7715,-1,-1,-1
440,48,994,302,77,237,0.6627,-1,-1,-1
440,47,507,313,54,194,0.6400,-1,-1,-1
440,46,581,311,81,234,0.6963,-1,-1,-1
440,41,1,6,385,1060,0.9402,-1,-1,-1
440,36,902,217,106,443,0.7669,-1,-1,-1
440,4,1090,108,319,839,0.9162,-1,-1,-1
440,1,658,195,173,515,0.9090,-1,-1,-1
441,49,807,295,82,244,0.7616,-1,-1,-1
441,48,996,299,78,239,0.6914,-1,-1,-1
441,47,507,311,54,196,0.6471,-1,-1,-1
441,46,582,310,80,241,0.6911,-1,-1,-1
441,41,0,5,347,1061,0.9095,-1,-1,-1
441,36,901,223,108,436,0.8034,-1,-1,-1
441,4,1094,106,318,836,0.9090,-1,-1,-1
441,1,659,196,173,515,0.9017,-1,-1,-1
442,49,811,294,83,244,0.7520,-1,-1,-1
442,48,996,301,81,239,0.7479,-1,-1,-1
442,47,509,336,55,170,0.6592,-1,-1,-1
442,46,583,310,79,232,0.7008,-1,-1,-1
442,43,1057,307,63,237,0.5243,-1,-1,-1
442,41,0,6,327,1058,0.9171,-1,-1,-1
442,36,905,224,105,437,0.7857,-1,-1,-1
442,4,1102,107,316,824,0.9065,-1,-1,-1
442,1,662,199,171,515,0.8936,-1,-1,-1
443,49,814,297,84,240,0.7145,-1,-1,-1
443,48,997,296,82,245,0.7062,-1,-1,-1
443,47,511,334,56,172,0.6652,-1,-1,-1
443,46,585,313,80,228,0.7062,-1,-1,-1
443,43,1064,309,65,234,0.4335,-1,-1,-1
443,41,0,7,294,1061,0.9256,-1,-1,-1
443,36,911,226,102,436,0.8131,-1,-1,-1
443,4,1107,111,319,820,0.9161,-1,-1,-1
443,1,665,202,172,516,0.8846,-1,-1,-1
444,49,818,302,89,231,0.7126,-1,-1,-1
444,48,1001,297,80,244,0.6354,-1,-1,-1
444,47,515,325,55,182,0.6177,-1,-1,-1
444,46,586,307,83,235,0.6975,-1,-1,-1
444,43,1066,308,66,236,0.4853,-1,-1,-1
444,41,0,5,258,1055,0.9030,-1,-1,-1
444,36,911,224,108,435,0.7974,-1,-1,-1
444,4,1118,111,314,819,0.9078,-1,-1,-1
444,1,668,202,172,522,0.8595,-1,-1,-1
445,49,824,300,90,233,0.7017,-1,-1,-1
445,48,1008,294,81,251,0.5615,-1,-1,-1
445,47,518,335,56,171,0.6155,-1,-1,-1
445,46,588,306,83,246,0.6998,-1,-1,-1
445,43,1071,301,68,245,0.4461,-1,-1,-1
445,41,0,5,226,1034,0.7782,-1,-1,-1
445,36,909,223,119,441,0.8026,-1,-1,-1
445,4,1124,117,314,818,0.9161,-1,-1,-1
445,1,673,198,170,519,0.8636,-1,-1,-1
446,49,827,294,88,238,0.7746,-1,-1,-1
446,48,1010,299,84,243,0.7152,-1,-1,-1
446,47,521,314,62,192,0.5795,-1,-1,-1
446,46,590,307,80,248,0.7096,-1,-1,-1
446,43,1083,305,65,236,0.5661,-1,-1,-1
446,41,0,5,207,914,0.4271,-1,-1,-1
446,36,914,221,122,447,0.7954,-1,-1,-1
446,4,1130,120,314,820,0.9303,-1,-1,-1
446,1,678,199,172,516,0.8680,-1,-1,-1
447,49,832,290,91,241,0.7621,-1,-1,-1
447,48,1016,293,83,251,0.7533,-1,-1,-1
447,47,527,324,56,186,0.6053,-1,-1,-1
447,46,593,312,83,249,0.7546,-1,-1,-1
447,43,1090,305,65,247,0.5492,-1,-1,-1
447,36,922,221,119,445,0.8036,-1,-1,-1
447,4,1141,124,308,823,0.9330,-1,-1,-1
447,1,682,200,174,516,0.8736,-1,-1,-1
448,49,842,297,83,239,0.7911,-1,-1,-1
448,48,1025,294,84,249,0.7029,-1,-1,-1
448,47,535,341,53,167,0.6302,-1,-1,-1
448,46,597,313,79,246,0.7547,-1,-1,-1
448,43,1097,313,66,232,0.4515,-1,-1,-1
448,36,923,224,120,431,0.8254,-1,-1,-1
448,4,1148,140,315,825,0.9165,-1,-1,-1
448,1,694,203,168,522,0.8737,-1,-1,-1
449,49,850,297,79,238,0.8276,-1,-1,-1
449,48,1031,295,83,250,0.7424,-1,-1,-1
449,47,538,331,58,182,0.5605,-1,-1,-1
449,46,599,316,86,249,0.7731,-1,-1,-1
449,43,1104,307,71,245,0.5793,-1,-1,-1
449,36,923,221,122,433,0.8103,-1,-1,-1
449,4,1157,145,313,824,0.9191,-1,-1,-1
449,1,699,202,168,514,0.8686,-1,-1,-1
450,49,853,294,81,238,0.8065,-1,-1,-1
450,48,1040,298,80,243,0.7181,-1,-1,-1
450,47,541,315,60,193,0.6376,-1,-1,-1
450,46,605,316,81,250,0.7856,-1,-1,-1
450,43,1111,313,70,247,0.5959,-1,-1,-1
450,36,932,216,120,453,0.8182,-1,-1,-1
450,4,1166,151,305,827,0.9136,-1,-1,-1
450,1,703,201,169,513,0.8720,-1,-1,-1
451,49,856,293,85,245,0.7597,-1,-1,-1
451,48,1052,304,76,237,0.6924,-1,-1,-1
451,47,549,316,59,193,0.5905,-1,-1,-1
451,46,610,314,80,252,0.7422,-1,-1,-1
451,43,1115,315,73,247,0.5624,-1,-1,-1
451,36,940,215,119,445,0.8558,-1,-1,-1
451,4,1172,155,309,828,0.9189,-1,-1,-1
451,1,703,202,179,512,0.8645,-1,-1,-1
452,49,858,304,91,238,0.6816,-1,-1,-1
452,48,1058,307,77,242,0.6652,-1,-1,-1
452,47,556,335,56,175,0.5914,-1,-1,-1
452,46,610,312,84,254,0.7546,-1,-1,-1
452,43,1123,310,78,254,0.5867,-1,-1,-1
452,36,949,220,116,437,0.8674,-1,-1,-1
452,4,1178,156,313,832,0.9102,-1,-1,-1
452,1,711,202,177,515,0.8621,-1,-1,-1
453,49,871,306,86,236,0.6841,-1,-1,-1
453,48,1062,305,81,244,0.6655,-1,-1,-1
453,47,562,323,61,186,0.5740,-1,-1,-1
453,46,616,309,84,260,0.7661,-1,-1,-1
453,43,1134,308,71,251,0.6115,-1,-1,-1
453,36,949,217,119,440,0.8508,-1,-1,-1
453,4,1185,160,307,837,0.9270,-1,-1,-1
453,1,719,206,173,519,0.8446,-1,-1,-1
454,49,875,300,87,238,0.6520,-1,-1,-1
454,48,1066,298,83,252,0.7073,-1,-1,-1
454,47,571,306,56,202,0.5793,-1,-1,-1
454,46,616,308,90,260,0.7611,-1,-1,-1
454,43,1142,317,70,246,0.4989,-1,-1,-1
454,36,956,221,124,437,0.8057,-1,-1,-1
454,4,1190,160,304,841,0.9234,-1,-1,-1
454,1,727,203,173,523,0.8493,-1,-1,-1
455,49,884,301,87,243,0.7576,-1,-1,-1
455,48,1075,295,83,255,0.7751,-1,-1,-1
455,47,573,306,62,201,0.6032,-1,-1,-1
455,46,626,304,86,264,0.7348,-1,-1,-1
455,43,1150,307,71,246,0.5427,-1,-1,-1
455,36,964,223,124,433,0.8393,-1,-1,-1
455,4,1195,161,304,844,0.9383,-1,-1,-1
455,1,739,201,171,521,0.8426,-1,-1,-1
456,50,718,250,82,316,0.6490,-1,-1,-1
456,49,893,301,82,240,0.7263,-1,-1,-1
456,48,1082,295,80,252,0.7852,-1,-1,-1
456,47,582,323,56,191,0.5601,-1,-1,-1
456,46,628,304,88,260,0.7466,-1,-1,-1
456,43,1159,313,67,245,0.4841,-1,-1,-1
456,36,967,215,125,439,0.7954,-1,-1,-1
456,4,1199,158,314,836,0.9141,-1,-1,-1
456,1,748,202,169,509,0.8410,-1,-1,-1
457,50,722,248,83,320,0.7157,-1,-1,-1
457,49,900,299,81,240,0.7038,-1,-1,-1
457,48,1089,295,80,251,0.7383,-1,-1,-1
457,47,585,310,61,197,0.4672,-1,-1,-1
457,46,631,297,87,270,0.7090,-1,-1,-1
457,36,973,210,128,447,0.7803,-1,-1,-1
457,4,1205,155,317,837,0.9158,-1,-1,-1
457,1,760,201,160,513,0.8489,-1,-1,-1
458,50,727,248,79,322,0.7368,-1,-1,-1
458,49,906,299,85,235,0.6989,-1,-1,-1
458,48,1094,295,83,253,0.7136,-1,-1,-1
458,47,596,301,53,208,0.4898,-1,-1,-1
458,46,634,295,92,271,0.7382,-1,-1,-1
458,36,985,210,123,449,0.8047,-1,-1,-1
458,4,1205,150,320,843,0.9224,-1,-1,-1
458,1,769,199,159,508,0.8462,-1,-1,-1
459,50,730,248,80,325,0.7385,-1,-1,-1
459,49,913,304,83,227,0.6190,-1,-1,-1
459,48,1096,290,87,260,0.6724,-1,-1,-1
459,47,598,301,55,204,0.5701,-1,-1,-1
459,46,633,295,98,273,0.7363,-1,-1,-1
459,36,993,212,123,445,0.8518,-1,-1,-1
459,4,1206,148,330,840,0.9291,-1,-1,-1
459,1,776,201,158,513,0.8422,-1,-1,-1
460,50,732,246,86,326,0.6639,-1,-1,-1
460,49,925,297,77,234,0.6740,-1,-1,-1
460,48,1106,293,83,251,0.7099,-1,-1,-1
460,47,605,305,53,193,0.4435,-1,-1,-1
460,46,639,294,92,274,0.7186,-1,-1,-1
460,36,997,211,126,443,0.8292,-1,-1,-1
460,4,1203,147,340,827,0.9238,-1,-1,-1
460,1,781,200,157,517,0.8405,-1,-1,-1
461,50,733,245,89,325,0.7502,-1,-1,-1
461,49,928,298,81,236,0.6692,-1,-1,-1
461,48,1113,290,81,251,0.7111,-1,-1,-1
461,47,609,300,56,198,0.4636,-1,-1,-1
461,46,641,291,91,278,0.7253,-1,-1,-1
461,36,1000,210,135,447,0.8321,-1,-1,-1
461,4,1205,141,346,827,0.9214,-1,-1,-1
461,1,786,198,157,519,0.8326,-1,-1,-1
462,50,734,243,89,329,0.7323,-1,-1,-1
462,49,932,294,80,232,0.7467,-1,-1,-1
462,48,1113,290,83,253,0.7136,-1,-1,-1
462,47,614,303,53,192,0.4419,-1,-1,-1
462,46,641,289,92,281,0.7582,-1,-1,-1
462,36,1002,209,136,448,0.8171,-1,-1,-1
462,4,1208,137,347,822,0.9129,-1,-1,-1
462,1,785,198,161,512,0.8397,-1,-1,-1
463,50,732,239,90,333,0.7441,-1,-1,-1
463,49,934,292,79,232,0.7799,-1,-1,-1
463,48,1114,289,86,256,0.6401,-1,-1,-1
463,46,640,289,93,280,0.7540,-1,-1,-1
463,36,1002,207,147,450,0.8360,-1,-1,-1
463,4,1207,134,349,820,0.9068,-1,-1,-1
463,1,784,197,163,515,0.8477,-1,-1,-1
464,50,731,233,90,337,0.7267,-1,-1,-1
464,49,933,287,81,237,0.7444,-1,-1,-1
464,48,1117,286,82,255,0.6854,-1,-1,-1
464,46,639,286,92,281,0.7618,-1,-1,-1
464,36,1004,206,142,450,0.8191,-1,-1,-1
464,4,1208,128,349,826,0.9075,-1,-1,-1
464,1,782,193,165,512,0.8390,-1,-1,-1
465,50,727,230,89,338,0.7607,-1,-1,-1
465,49,933,284,81,237,0.7455,-1,-1,-1
465,48,1116,284,84,257,0.7063,-1,-1,-1
465,46,634,285,94,282,0.7477,-1,-1,-1
465,36,1005,205,134,449,0.8069,-1,-1,-1
465,4,1204,122,352,839,0.9098,-1,-1,-1
465,1,779,188,170,509,0.8430,-1,-1,-1
466,50,726,224,83,343,0.7770,-1,-1,-1
466,49,933,280,81,240,0.7312,-1,-1,-1
466,48,1115,282,84,262,0.7059,-1,-1,-1
466,46,628,284,92,281,0.7682,-1,-1,-1
466,36,1004,203,133,449,0.7748,-1,-1,-1
466,4,1204,117,353,848,0.9109,-1,-1,-1
466,1,773,181,175,509,0.8414,-1,-1,-1
467,50,718,222,87,344,0.7528,-1,-1,-1
467,49,930,279,83,232,0.7346,-1,-1,-1
467,48,1115,281,82,265,0.7012,-1,-1,-1
467,46,621,282,95,284,0.7723,-1,-1,-1
467,36,1004,202,133,454,0.8002,-1,-1,-1
467,4,1201,117,355,856,0.9124,-1,-1,-1
467,1,770,178,176,515,0.8490,-1,-1,-1
468,50,712,218,90,351,0.7574,-1,-1,-1
468,49,926,277,84,236,0.7035,-1,-1,-1
468,48,1113,278,79,268,0.7025,-1,-1,-1
468,46,616,280,96,289,0.7726,-1,-1,-1
468,36,1002,201,137,457,0.8510,-1,-1,-1
468,4,1199,117,355,859,0.9121,-1,-1,-1
468,1,764,180,180,516,0.8475,-1,-1,-1
469,50,709,214,89,354,0.7568,-1,-1,-1
469,49,924,276,85,236,0.7302,-1,-1,-1
469,48,1111,275,81,268,0.6726,-1,-1,-1
469,46,610,274,99,295,0.8008,-1,-1,-1
469,36,997,205,131,452,0.8449,-1,-1,-1
469,4,1194,117,360,865,0.9007,-1,-1,-1
469,1,761,175,180,515,0.8491,-1,-1,-1
470,50,701,214,89,350,0.8002,-1,-1,-1
470,49,922,277,85,235,0.7485,-1,-1,-1
470,48,1111,272,78,272,0.6709,-1,-1,-1
470,46,602,273,100,295,0.7967,-1,-1,-1
470,36,994,204,137,449,0.8457,-1,-1,-1
470,4,1191,119,357,866,0.9050,-1,-1,-1
470,1,762,174,175,518,0.8544,-1,-1,-1
471,50,693,212,91,354,0.8184,-1,-1,-1
471,49,923,277,80,236,0.7410,-1,-1,-1
471,48,1105,273,84,265,0.6591,-1,-1,-1
471,46,597,272,98,297,0.8073,-1,-1,-1
471,36,998,201,123,450,0.8305,-1,-1,-1
471,4,1186,119,359,869,0.9118,-1,-1,-1
471,1,763,175,172,518,0.8250,-1,-1,-1
472,50,687,208,96,358,0.8281,-1,-1,-1
472,49,920,277,81,234,0.7636,-1,-1,-1
472,48,1098,264,90,275,0.6091,-1,-1,-1
472,46,590,269,102,301,0.8440,-1,-1,-1
472,36,997,199,122,450,0.8237,-1,-1,-1
472,4,1186,118,355,873,0.9165,-1,-1,-1
472,1,755,176,177,514,0.8319,-1,-1,-1
473,50,679,204,105,366,0.8447,-1,-1,-1
473,49,917,277,81,235,0.7358,-1,-1,-1
473,48,1099,261,86,277,0.6045,-1,-1,-1
473,46,586,263,100,307,0.8074,-1,-1,-1
473,36,989,189,130,459,0.8011,-1,-1,-1
473,4,1187,117,352,872,0.9131,-1,-1,-1
473,1,756,179,178,507,0.8744,-1,-1,-1
474,50,675,203,104,369,0.8421,-1,-1,-1
474,49,915,275,78,237,0.6679,-1,-1,-1
474,48,1093,269,86,260,0.7249,-1,-1,-1
474,46,576,259,105,313,0.8320,-1,-1,-1
474,36,988,197,123,446,0.8097,-1,-1,-1
474,4,1187,116,350,865,0.9173,-1,-1,-1
474,1,758,180,175,505,0.8715,-1,-1,-1
475,50,666,201,111,373,0.8631,-1,-1,-1
475,49,914,271,81,240,0.6507,-1,-1,-1
475,48,1092,268,85,258,0.7419,-1,-1,-1
475,46,566,256,106,316,0.8530,-1,-1,-1
475,36,988,193,117,443,0.7889,-1,-1,-1
475,4,1186,113,350,862,0.9203,-1,-1,-1
475,1,758,179,176,510,0.8831,-1,-1,-1
476,50,662,200,112,377,0.8693,-1,-1,-1
476,49,912,270,82,242,0.6176,-1,-1,-1
476,48,1092,268,82,257,0.7258,-1,-1,-1
476,46,563,258,106,314,0.8211,-1,-1,-1
476,36,985,193,119,438,0.7990,-1,-1,-1
476,4,1190,110,346,850,0.9170,-1,-1,-1
476,1,759,178,176,519,0.8714,-1,-1,-1
477,50,662,200,112,383,0.8614,-1,-1,-1
477,49,916,267,80,246,0.6111,-1,-1,-1
477,48,1092,266,83,267,0.7250,-1,-1,-1
477,46,556,262,110,316,0.8343,-1,-1,-1
477,36,984,193,118,440,0.7996,-1,-1,-1
477,4,1192,105,343,854,0.9209,-1,-1,-1
477,1,762,177,175,518,0.8688,-1,-1,-1
478,50,652,203,124,387,0.8852,-1,-1,-1
478,49,919,247,76,268,0.4486,-1,-1,-1
478,48,1095,270,77,259,0.7368,-1,-1,-1
478,46,555,260,108,325,0.7933,-1,-1,-1
478,36,980,194,123,441,0.8156,-1,-1,-1
478,4,1191,103,346,841,0.9140,-1,-1,-1
478,1,767,180,174,508,0.8752,-1,-1,-1
479,50,651,203,124,390,0.8878,-1,-1,-1
479,49,919,220,97,289,0.4102,-1,-1,-1
479,48,1092,267,81,270,0.7381,-1,-1,-1
479,46,548,262,111,326,0.8148,-1,-1,-1
479,36,980,194,123,442,0.8104,-1,-1,-1
479,4,1192,103,345,841,0.9238,-1,-1,-1
479,1,773,180,172,509,0.8857,-1,-1,-1
480,50,649,204,128,394,0.8757,-1,-1,-1
480,48,1092,270,81,262,0.7637,-1,-1,-1
480,46,543,267,111,328,0.8235,-1,-1,-1
480,36,975,195,128,445,0.7856,-1,-1,-1
480,4,1195,102,346,854,0.9196,-1,-1,-1
480,1,776,178,173,509,0.8939,-1,-1,-1
481,50,648,209,130,393,0.8805,-1,-1,-1
481,48,1092,273,83,264,0.7482,-1,-1,-1
481,46,542,271,111,328,0.8429,-1,-1,-1
481,36,974,197,130,450,0.7790,-1,-1,-1
481,4,1198,104,347,860,0.9195,-1,-1,-1
481,1,779,181,174,503,0.8986,-1,-1,-1
482,50,648,212,132,393,0.8588,-1,-1,-1
482,48,1092,277,89,272,0.6810,-1,-1,-1
482,46,541,274,110,327,0.8083,-1,-1,-1
482,36,977,201,124,446,0.7646,-1,-1,-1
482,4,1198,110,356,859,0.9209,-1,-1,-1
482,1,784,185,175,507,0.8941,-1,-1,-1
483,50,648,211,140,398,0.8299,-1,-1,-1
483,48,1096,272,91,270,0.7622,-1,-1,-1
483,46,543,271,108,332,0.8079,-1,-1,-1
483,36,980,204,126,443,0.8166,-1,-1,-1
483,4,1203,111,354,866,0.9229,-1,-1,-1
483,1,789,186,175,502,0.8630,-1,-1,-1
484,50,649,209,141,402,0.8402,-1,-1,-1
484,48,1099,272,92,277,0.7871,-1,-1,-1
484,46,542,270,108,336,0.8017,-1,-1,-1
484,36,982,205,127,446,0.8126,-1,-1,-1
484,4,1205,113,353,873,0.9261,-1,-1,-1
484,1,795,185,175,505,0.8654,-1,-1,-1
485,50,651,208,138,407,0.8525,-1,-1,-1
485,48,1101,277,93,271,0.7953,-1,-1,-1
485,46,539,273,114,340,0.7989,-1,-1,-1
485,36,994,201,121,455,0.7610,-1,-1,-1
485,4,1206,116,360,879,0.9015,-1,-1,-1
485,1,803,185,172,504,0.8707,-1,-1,-1
486,50,653,208,139,412,0.8536,-1,-1,-1
486,48,1105,277,92,273,0.7942,-1,-1,-1
486,46,537,271,119,347,0.8054,-1,-1,-1
486,36,999,208,121,452,0.7733,-1,-1,-1
486,4,1214,115,355,893,0.8968,-1,-1,-1
486,1,809,189,176,506,0.8680,-1,-1,-1
487,50,656,210,142,417,0.8620,-1,-1,-1
487,48,1112,284,93,275,0.8025,-1,-1,-1
487,46,538,271,117,353,0.8105,-1,-1,-1
487,36,1005,223,122,443,0.7929,-1,-1,-1
487,4,1220,128,354,896,0.9025,-1,-1,-1
487,1,816,195,176,514,0.8766,-1,-1,-1
488,50,659,210,146,420,0.8885,-1,-1,-1
488,48,1116,287,97,279,0.8168,-1,-1,-1
488,46,541,270,116,363,0.7981,-1,-1,-1
488,36,1007,227,121,445,0.8267,-1,-1,-1
488,4,1226,139,352,892,0.9093,-1,-1,-1
488,1,824,203,175,513,0.9083,-1,-1,-1
489,50,660,210,153,420,0.8808,-1,-1,-1
489,48,1119,290,99,282,0.8072,-1,-1,-1
489,46,539,273,120,361,0.8160,-1,-1,-1
489,36,1013,229,122,450,0.8143,-1,-1,-1
489,4,1228,144,349,896,0.9141,-1,-1,-1
489,1,833,210,179,507,0.8917,-1,-1,-1
490,50,662,213,155,426,0.8248,-1,-1,-1
490,48,1127,298,97,279,0.7882,-1,-1,-1
490,46,534,274,130,362,0.8118,-1,-1,-1
490,36,1013,229,125,451,0.8239,-1,-1,-1
490,4,1229,146,351,892,0.9119,-1,-1,-1
490,1,840,212,175,511,0.8713,-1,-1,-1
491,50,661,211,158,434,0.8774,-1,-1,-1
491,48,1138,299,92,281,0.7494,-1,-1,-1
491,46,532,279,131,361,0.7790,-1,-1,-1
491,36,1015,228,123,449,0.8334,-1,-1,-1
491,4,1228,145,352,896,0.9166,-1,-1,-1
491,1,843,218,178,511,0.8763,-1,-1,-1
492,50,664,213,160,437,0.8795,-1,-1,-1
492,48,1143,309,87,270,0.7617,-1,-1,-1
492,46,528,274,132,370,0.7898,-1,-1,-1
492,36,1016,232,127,455,0.8218,-1,-1,-1
492,4,1226,143,360,898,0.9003,-1,-1,-1
492,1,849,225,176,509,0.8783,-1,-1,-1
493,50,661,215,162,439,0.8765,-1,-1,-1
493,48,1145,309,86,273,0.7657,-1,-1,-1
493,46,525,279,136,370,0.8048,-1,-1,-1
493,36,1013,234,131,454,0.8169,-1,-1,-1
493,4,1222,137,350,904,0.9196,-1,-1,-1
493,1,849,228,177,507,0.8584,-1,-1,-1
494,50,658,213,163,446,0.8803,-1,-1,-1
494,48,1135,311,102,276,0.7909,-1,-1,-1
494,46,521,279,140,379,0.8230,-1,-1,-1
494,36,1011,234,133,447,0.8259,-1,-1,-1
494,4,1219,135,351,898,0.9202,-1,-1,-1
494,1,854,229,176,505,0.8463,-1,-1,-1
495,50,653,218,166,445,0.8791,-1,-1,-1
495,48,1137,312,101,278,0.8030,-1,-1,-1
495,46,518,280,139,382,0.8236,-1,-1,-1
495,36,1008,234,132,446,0.8265,-1,-1,-1
495,4,1219,129,349,889,0.9147,-1,-1,-1
495,1,855,229,176,505,0.8301,-1,-1,-1
496,50,648,216,168,448,0.8895,-1,-1,-1
496,48,1138,312,100,284,0.7857,-1,-1,-1
496,46,516,278,142,385,0.8410,-1,-1,-1
496,36,1011,235,131,446,0.8305,-1,-1,-1
496,4,1220,121,345,887,0.9067,-1,-1,-1
496,1,857,226,175,511,0.8346,-1,-1,-1
497,50,640,217,170,449,0.8909,-1,-1,-1
497,48,1139,311,101,287,0.7587,-1,-1,-1
497,46,510,282,143,384,0.8341,-1,-1,-1
497,36,1011,234,128,449,0.8203,-1,-1,-1
497,4,1220,114,343,894,0.9022,-1,-1,-1
497,1,855,226,180,512,0.8392,-1,-1,-1
498,50,629,213,179,461,0.9118,-1,-1,-1
498,48,1142,312,98,290,0.7708,-1,-1,-1
498,46,506,288,142,385,0.8391,-1,-1,-1
498,36,1010,234,129,451,0.8277,-1,-1,-1
498,4,1222,113,340,903,0.8958,-1,-1,-1
498,1,856,225,181,503,0.8180,-1,-1,-1
499,50,622,216,181,466,0.8705,-1,-1,-1
499,48,1143,311,95,286,0.7764,-1,-1,-1
499,46,500,286,141,393,0.8497,-1,-1,-1
499,36,1010,234,128,452,0.8084,-1,-1,-1
499,4,1223,111,340,908,0.9045,-1,-1,-1
499,1,858,226,177,491,0.8246,-1,-1,-1
500,50,620,215,177,475,0.8822,-1,-1,-1
500,48,1142,312,95,289,0.7885,-1,-1,-1
500,46,494,284,142,398,0.8681,-1,-1,-1
500,36,1010,235,124,448,0.8025,-1,-1,-1
500,4,1221,110,342,916,0.9074,-1,-1,-1
500,1,860,223,179,498,0.8418,-1,-1,-1
501,50,618,216,177,476,0.8730,-1,-1,-1
501,48,1140,310,96,285,0.8048,-1,-1,-1
501,46,486,286,143,399,0.8554,-1,-1,-1
501,36,1010,235,121,453,0.8155,-1,-1,-1
501,4,1220,110,341,922,0.9140,-1,-1,-1
501,1,857,224,181,505,0.8523,-1,-1,-1
502,50,614,215,176,479,0.8889,-1,-1,-1
502,48,1139,309,96,287,0.8009,-1,-1,-1
502,46,482,284,136,405,0.8331,-1,-1,-1
502,36,1008,236,120,451,0.8248,-1,-1,-1
502,4,1219,110,342,932,0.9131,-1,-1,-1
502,1,861,226,175,501,0.8376,-1,-1,-1
503,50,606,203,173,496,0.8906,-1,-1,-1
503,48,1135,308,97,287,0.8029,-1,-1,-1
503,46,471,281,140,415,0.8934,-1,-1,-1
503,36,1006,234,125,452,0.8433,-1,-1,-1
503,4,1218,112,342,937,0.9163,-1,-1,-1
503,1,855,227,181,499,0.8492,-1,-1,-1
504,50,600,201,171,494,0.8794,-1,-1,-1
504,48,1133,305,99,288,0.8072,-1,-1,-1
504,46,462,276,143,417,0.8568,-1,-1,-1
504,36,1004,234,121,454,0.8409,-1,-1,-1
504,4,1215,112,344,943,0.9133,-1,-1,-1
504,1,849,225,186,499,0.8440,-1,-1,-1
505,50,589,198,174,496,0.8669,-1,-1,-1
505,48,1131,303,102,289,0.7915,-1,-1,-1
505,46,449,272,150,422,0.8588,-1,-1,-1
505,36,1003,232,118,455,0.8493,-1,-1,-1
505,4,1216,112,342,947,0.9084,-1,-1,-1
505,1,852,223,186,500,0.8528,-1,-1,-1
506,50,581,188,174,508,0.8670,-1,-1,-1
506,48,1127,297,105,294,0.7936,-1,-1,-1
506,46,442,271,151,423,0.8822,-1,-1,-1
506,36,1003,231,118,454,0.8461,-1,-1,-1
506,4,1216,110,345,950,0.9081,-1,-1,-1
506,1,850,224,189,501,0.8488,-1,-1,-1
507,50,572,182,173,517,0.8584,-1,-1,-1
507,48,1127,296,103,294,0.8066,-1,-1,-1
507,46,429,268,152,431,0.8815,-1,-1,-1
507,36,1001,233,120,451,0.8155,-1,-1,-1
507,4,1213,110,348,930,0.9034,-1,-1,-1
507,1,848,226,189,500,0.8252,-1,-1,-1
508,50,562,188,174,513,0.8413,-1,-1,-1
508,48,1127,295,102,296,0.8124,-1,-1,-1
508,46,419,259,148,444,0.8867,-1,-1,-1
508,36,1001,230,106,452,0.7841,-1,-1,-1
508,4,1215,109,346,934,0.9065,-1,-1,-1
508,1,852,227,181,501,0.8173,-1,-1,-1
509,50,552,182,172,520,0.8772,-1,-1,-1
509,48,1123,288,101,299,0.8192,-1,-1,-1
509,46,404,255,153,447,0.8815,-1,-1,-1
509,36,999,228,101,457,0.8135,-1,-1,-1
509,4,1214,106,346,927,0.9085,-1,-1,-1
509,1,848,225,185,498,0.8409,-1,-1,-1
510,50,541,176,172,530,0.8469,-1,-1,-1
510,48,1117,293,102,294,0.8060,-1,-1,-1
510,46,394,250,150,457,0.8832,-1,-1,-1
510,36,997,232,97,452,0.7336,-1,-1,-1
510,4,1215,100,347,928,0.9029,-1,-1,-1
510,1,848,224,179,496,0.8397,-1,-1,-1
511,50,522,175,183,532,0.8351,-1,-1,-1
511,48,1117,285,99,300,0.8077,-1,-1,-1
511,46,378,248,158,466,0.8691,-1,-1,-1
511,36,996,229,97,453,0.7424,-1,-1,-1
511,4,1213,97,349,914,0.9114,-1,-1,-1
511,1,849,216,173,499,0.8176,-1,-1,-1
512,51,1067,307,55,198,0.4055,-1,-1,-1
512,50,510,170,187,541,0.8506,-1,-1,-1
512,48,1113,286,99,297,0.7878,-1,-1,-1
512,46,364,249,156,473,0.8725,-1,-1,-1
512,36,992,226,110,451,0.7263,-1,-1,-1
512,4,1205,94,355,897,0.9106,-1,-1,-1
512,1,845,212,175,496,0.8199,-1,-1,-1
513,51,1061,309,59,212,0.4983,-1,-1,-1
513,50,501,163,188,559,0.8414,-1,-1,-1
513,48,1112,282,98,298,0.8196,-1,-1,-1
513,46,352,245,163,481,0.8902,-1,-1,-1
513,36,987,220,90,454,0.6464,-1,-1,-1
513,4,1210,85,352,892,0.9038,-1,-1,-1
513,1,846,208,172,493,0.8161,-1,-1,-1
514,51,1058,297,61,228,0.6017,-1,-1,-1
514,50,495,161,187,570,0.8271,-1,-1,-1
514,48,1110,279,97,293,0.8258,-1,-1,-1
514,46,340,245,168,478,0.8670,-1,-1,-1
514,36,988,213,89,455,0.6944,-1,-1,-1
514,4,1211,68,348,907,0.9036,-1,-1,-1
514,1,850,202,163,497,0.8255,-1,-1,-1
515,51,1057,291,59,234,0.6138,-1,-1,-1
515,50,491,152,185,585,0.8334,-1,-1,-1
515,48,1106,275,101,299,0.8248,-1,-1,-1
515,46,329,241,176,480,0.8913,-1,-1,-1
515,36,986,210,88,447,0.7091,-1,-1,-1
515,4,1214,60,346,916,0.9056,-1,-1,-1
515,1,851,200,162,495,0.8006,-1,-1,-1
516,51,1058,294,58,216,0.5151,-1,-1,-1
516,50,481,147,191,592,0.8517,-1,-1,-1
516,48,1101,269,105,302,0.8080,-1,-1,-1
516,46,319,241,178,491,0.8822,-1,-1,-1
516,36,983,207,90,448,0.7213,-1,-1,-1
516,4,1216,58,343,919,0.9052,-1,-1,-1
516,1,855,198,155,494,0.8053,-1,-1,-1
517,51,1059,299,56,208,0.5654,-1,-1,-1
517,50,471,143,200,599,0.8822,-1,-1,-1
517,48,1103,264,105,307,0.8095,-1,-1,-1
517,46,309,237,172,506,0.8833,-1,-1,-1
517,36,984,206,86,445,0.6699,-1,-1,-1
517,4,1221,60,339,924,0.9079,-1,-1,-1
517,1,856,198,158,491,0.8047,-1,-1,-1
518,51,1059,298,53,212,0.5952,-1,-1,-1
518,50,462,138,209,615,0.8826,-1,-1,-1
518,48,1103,263,105,308,0.8218,-1,-1,-1
518,46,301,236,173,519,0.8703,-1,-1,-1
518,36,985,206,84,442,0.7141,-1,-1,-1
518,4,1223,58,337,931,0.9158,-1,-1,-1
518,1,854,197,157,495,0.8067,-1,-1,-1
519,51,1054,295,56,216,0.6169,-1,-1,-1
519,50,455,133,216,631,0.8793,-1,-1,-1
519,48,1101,259,107,311,0.8402,-1,-1,-1
519,46,287,231,182,529,0.8854,-1,-1,-1
519,36,984,204,82,446,0.7048,-1,-1,-1
519,4,1222,55,339,939,0.9113,-1,-1,-1
519,1,848,198,163,493,0.7996,-1,-1,-1
520,51,1055,297,56,210,0.6201,-1,-1,-1
520,50,446,129,225,638,0.8710,-1,-1,-1
520,48,1103,263,107,307,0.8204,-1,-1,-1
520,46,279,230,180,532,0.8755,-1,-1,-1
520,36,984,202,82,449,0.7281,-1,-1,-1
520,4,1228,56,336,946,0.9184,-1,-1,-1
520,1,858,196,153,497,0.8028,-1,-1,-1
521,51,1057,298,57,215,0.6342,-1,-1,-1
521,50,442,133,233,636,0.8823,-1,-1,-1
521,48,1108,263,108,307,0.8141,-1,-1,-1
521,46,273,227,185,542,0.8801,-1,-1,-1
521,36,985,202,84,448,0.7434,-1,-1,-1
521,4,1233,60,338,952,0.9247,-1,-1,-1
521,1,862,198,153,496,0.7958,-1,-1,-1
522,51,1058,287,58,222,0.6503,-1,-1,-1
522,50,439,127,232,644,0.8968,-1,-1,-1
522,48,1108,259,109,304,0.8183,-1,-1,-1
522,46,266,224,190,543,0.8889,-1,-1,-1
522,36,984,201,86,450,0.7318,-1,-1,-1
522,4,1236,59,329,958,0.9002,-1,-1,-1
522,1,860,195,150,489,0.7964,-1,-1,-1
523,51,1057,285,62,213,0.7360,-1,-1,-1
523,50,437,119,236,654,0.8920,-1,-1,-1
523,48,1106,258,112,305,0.8092,-1,-1,-1
523,46,251,217,200,556,0.8867,-1,-1,-1
523,36,983,196,88,458,0.6943,-1,-1,-1
523,4,1236,58,324,963,0.9029,-1,-1,-1
523,1,863,196,154,493,0.8042,-1,-1,-1
524,51,1058,277,66,224,0.7736,-1,-1,-1
524,50,434,117,240,657,0.8924,-1,-1,-1
524,48,1109,255,106,308,0.8059,-1,-1,-1
524,46,244,220,204,555,0.8879,-1,-1,-1
524,36,984,198,89,457,0.7008,-1,-1,-1
524,4,1237,56,328,964,0.9029,-1,-1,-1
524,1,867,196,147,488,0.8122,-1,-1,-1
525,51,1062,278,67,220,0.7914,-1,-1,-1
525,50,433,109,242,669,0.8974,-1,-1,-1
525,48,1113,257,107,307,0.8163,-1,-1,-1
525,46,239,216,201,558,0.8912,-1,-1,-1
525,36,989,199,89,452,0.6712,-1,-1,-1
525,4,1239,54,330,964,0.9075,-1,-1,-1
525,1,873,199,146,492,0.8266,-1,-1,-1
526,51,1065,273,64,226,0.7126,-1,-1,-1
526,50,430,109,246,672,0.8952,-1,-1,-1
526,48,1113,258,115,309,0.8369,-1,-1,-1
526,46,231,212,207,570,0.9054,-1,-1,-1
526,36,996,202,84,452,0.6592,-1,-1,-1
526,4,1240,53,333,964,0.9014,-1,-1,-1
526,1,878,199,144,484,0.8324,-1,-1,-1
527,51,1070,272,67,238,0.7060,-1,-1,-1
527,50,424,106,254,678,0.9033,-1,-1,-1
527,48,1121,262,112,306,0.8101,-1,-1,-1
527,46,226,211,208,579,0.9103,-1,-1,-1
527,36,1002,202,85,448,0.6431,-1,-1,-1
527,4,1237,53,335,958,0.9023,-1,-1,-1
527,1,879,199,153,498,0.8287,-1,-1,-1
528,51,1076,274,64,229,0.7336,-1,-1,-1
528,50,420,104,258,683,0.9031,-1,-1,-1
528,48,1122,262,114,307,0.8104,-1,-1,-1
528,46,223,210,208,588,0.9097,-1,-1,-1
528,36,1011,200,78,452,0.6133,-1,-1,-1
528,4,1239,52,341,963,0.8930,-1,-1,-1
528,1,875,197,160,485,0.7946,-1,-1,-1
529,51,1078,282,67,224,0.8008,-1,-1,-1
529,50,414,99,268,696,0.9021,-1,-1,-1
529,48,1131,262,110,309,0.8337,-1,-1,-1
529,46,221,212,207,601,0.9224,-1,-1,-1
529,4,1238,53,372,951,0.9146,-1,-1,-1
529,1,880,199,153,491,0.8417,-1,-1,-1
530,51,1086,286,64,221,0.7745,-1,-1,-1
530,50,412,100,270,709,0.8973,-1,-1,-1
530,48,1136,262,108,311,0.8354,-1,-1,-1
530,46,215,214,211,615,0.9218,-1,-1,-1
530,4,1241,51,348,944,0.9027,-1,-1,-1
530,1,883,202,150,484,0.8263,-1,-1,-1
531,51,1093,290,61,217,0.6229,-1,-1,-1
531,50,412,97,270,730,0.9139,-1,-1,-1
531,48,1142,264,107,316,0.8296,-1,-1,-1
531,46,212,215,211,610,0.9099,-1,-1,-1
531,4,1244,51,345,942,0.9060,-1,-1,-1
531,1,885,201,153,484,0.8303,-1,-1,-1
532,51,1094,282,65,226,0.7187,-1,-1,-1
532,50,399,97,281,752,0.9084,-1,-1,-1
532,48,1147,267,101,315,0.8334,-1,-1,-1
532,46,205,215,214,635,0.8979,-1,-1,-1
532,36,1012,208,97,457,0.4597,-1,-1,-1
532,4,1242,49,353,952,0.9175,-1,-1,-1
532,1,886,200,155,485,0.8341,-1,-1,-1
533,51,1099,283,64,226,0.6942,-1,-1,-1
533,50,387,92,296,759,0.8844,-1,-1,-1
533,48,1152,267,103,317,0.8083,-1,-1,-1
533,46,197,216,219,639,0.8949,-1,-1,-1
533,36,1012,206,96,456,0.4710,-1,-1,-1
533,4,1246,48,363,963,0.8987,-1,-1,-1
533,1,887,204,160,489,0.8482,-1,-1,-1
534,51,1109,287,56,239,0.7084,-1,-1,-1
534,50,379,91,300,765,0.8864,-1,-1,-1
534,48,1156,267,103,317,0.7840,-1,-1,-1
534,46,188,216,224,646,0.8884,-1,-1,-1
534,36,1011,207,101,439,0.6734,-1,-1,-1
534,4,1256,47,368,970,0.9098,-1,-1,-1
534,1,894,202,154,492,0.8685,-1,-1,-1
535,51,1109,282,59,246,0.6159,-1,-1,-1
535,50,373,85,304,798,0.8651,-1,-1,-1
535,48,1155,266,106,317,0.7936,-1,-1,-1
535,46,178,206,229,674,0.8968,-1,-1,-1
535,36,1014,205,102,440,0.6966,-1,-1,-1
535,4,1259,45,371,978,0.9108,-1,-1,-1
535,1,895,202,154,493,0.8611,-1,-1,-1
536,51,1111,280,56,251,0.5779,-1,-1,-1
536,50,369,85,302,816,0.8490,-1,-1,-1
536,48,1155,266,113,322,0.7966,-1,-1,-1
536,46,163,206,238,682,0.9054,-1,-1,-1
536,36,1017,202,97,458,0.7230,-1,-1,-1
536,4,1261,43,367,983,0.9156,-1,-1,-1
536,1,898,201,153,497,0.8684,-1,-1,-1
537,51,1112,287,57,238,0.4083,-1,-1,-1
537,50,364,79,296,833,0.8726,-1,-1,-1
537,48,1153,267,116,322,0.7815,-1,-1,-1
537,46,149,200,243,699,0.8975,-1,-1,-1
537,36,1016,203,100,429,0.7247,-1,-1,-1
537,4,1264,44,370,988,0.9260,-1,-1,-1
537,1,900,203,152,504,0.8698,-1,-1,-1
538,50,357,68,296,847,0.8765,-1,-1,-1
538,48,1156,268,113,320,0.7735,-1,-1,-1
538,46,141,193,237,713,0.8795,-1,-1,-1
538,36,1019,203,97,427,0.7331,-1,-1,-1
538,4,1269,44,371,997,0.9222,-1,-1,-1
538,1,901,208,155,497,0.8735,-1,-1,-1
539,50,348,54,297,862,0.8774,-1,-1,-1
539,48,1152,263,119,324,0.7797,-1,-1,-1
539,46,110,181,254,731,0.9074,-1,-1,-1
539,36,1017,201,94,452,0.7051,-1,-1,-1
539,4,1271,41,371,1008,0.9209,-1,-1,-1
539,1,901,204,152,503,0.8727,-1,-1,-1
540,50,326,48,310,877,0.8525,-1,-1,-1
540,48,1153,266,106,323,0.7803,-1,-1,-1
540,46,97,175,248,742,0.8970,-1,-1,-1
540,36,1019,201,100,436,0.7058,-1,-1,-1
540,4,1273,43,370,1016,0.9188,-1,-1,-1
540,1,902,207,154,497,0.8712,-1,-1,-1
541,50,307,41,322,893,0.8745,-1,-1,-1
541,48,1143,268,109,321,0.7962,-1,-1,-1
541,46,75,176,249,745,0.9012,-1,-1,-1
541,36,1016,203,96,454,0.6865,-1,-1,-1
541,4,1271,52,373,1014,0.9333,-1,-1,-1
541,1,901,209,152,489,0.8568,-1,-1,-1
542,50,286,28,310,912,0.8934,-1,-1,-1
542,48,1140,265,106,325,0.8037,-1,-1,-1
542,46,52,170,257,755,0.9227,-1,-1,-1
542,36,1014,202,96,451,0.6988,-1,-1,-1
542,4,1274,53,371,1011,0.9314,-1,-1,-1
542,1,896,206,158,488,0.8676,-1,-1,-1
543,50,272,18,307,926,0.8912,-1,-1,-1
543,48,1124,262,121,331,0.7920,-1,-1,-1
543,46,31,158,262,772,0.9023,-1,-1,-1
543,36,1013,202,97,454,0.6037,-1,-1,-1
543,4,1277,51,370,993,0.9287,-1,-1,-1
543,1,893,201,159,493,0.8640,-1,-1,-1
544,50,247,11,318,933,0.8958,-1,-1,-1
544,48,1112,262,131,332,0.8183,-1,-1,-1
544,46,10,151,262,785,0.9108,-1,-1,-1
544,36,1013,201,93,427,0.5398,-1,-1,-1
544,4,1282,51,365,1010,0.9253,-1,-1,-1
544,1,889,201,162,488,0.8762,-1,-1,-1
545,52,576,289,71,254,0.6949,-1,-1,-1
545,50,241,5,309,951,0.8766,-1,-1,-1
545,48,1107,259,127,334,0.7968,-1,-1,-1
545,46,0,143,251,805,0.9044,-1,-1,-1
545,36,1008,203,100,445,0.5919,-1,-1,-1
545,4,1285,54,363,1005,0.9227,-1,-1,-1
545,1,885,204,162,481,0.8784,-1,-1,-1
546,52,571,283,69,260,0.7033,-1,-1,-1
546,50,201,4,342,954,0.9046,-1,-1,-1
546,48,1105,263,124,330,0.8211,-1,-1,-1
546,46,0,139,241,821,0.8582,-1,-1,-1
546,4,1283,56,365,1001,0.9271,-1,-1,-1
546,1,880,203,163,484,0.8821,-1,-1,-1
547,52,569,287,65,256,0.7296,-1,-1,-1
547,50,175,3,355,967,0.8896,-1,-1,-1
547,48,1107,265,116,328,0.8241,-1,-1,-1
547,46,0,133,208,839,0.8850,-1,-1,-1
547,4,1282,56,363,991,0.9277,-1,-1,-1
547,1,880,202,155,487,0.8557,-1,-1,-1
548,52,563,283,64,262,0.7475,-1,-1,-1
548,50,143,4,382,992,0.9105,-1,-1,-1
548,48,1106,266,110,329,0.8284,-1,-1,-1
548,46,0,120,211,847,0.8779,-1,-1,-1
548,4,1282,54,360,977,0.9352,-1,-1,-1
548,1,876,203,154,488,0.8527,-1,-1,-1
549,53,1629,292,60,157,0.4113,-1,-1,-1
549,52,554,285,70,264,0.7634,-1,-1,-1
549,50,113,6,411,1021,0.9138,-1,-1,-1
549,48,1096,271,114,326,0.8478,-1,-1,-1
549,46,0,125,180,848,0.8461,-1,-1,-1
549,36,1000,231,130,390,0.6283,-1,-1,-1
549,4,1280,54,360,969,0.9332,-1,-1,-1
549,1,870,206,151,489,0.8371,-1,-1,-1
550,53,1625,278,60,175,0.4030,-1,-1,-1
550,52,546,282,69,266,0.7370,-1,-1,-1
550,50,93,6,416,1055,0.9147,-1,-1,-1
550,48,1094,272,106,328,0.8336,-1,-1,-1
550,46,0,164,156,822,0.8659,-1,-1,-1
550,36,979,209,88,421,0.6389,-1,-1,-1
550,4,1279,51,360,973,0.9329,-1,-1,-1
550,1,862,207,150,490,0.8485,-1,-1,-1
551,52,541,280,68,271,0.7028,-1,-1,-1
551,50,54,4,424,1073,0.8853,-1,-1,-1
551,48,1095,275,99,328,0.7957,-1,-1,-1
551,46,0,244,136,747,0.7912,-1,-1,-1
551,36,973,213,88,425,0.5743,-1,-1,-1
551,4,1280,51,356,980,0.9220,-1,-1,-1
551,1,858,211,150,485,0.8436,-1,-1,-1
552,54,1013,268,125,367,0.6554,-1,-1,-1
552,52,536,279,69,273,0.6827,-1,-1,-1
552,50,35,6,421,1062,0.8858,-1,-1,-1
552,48,1094,275,96,334,0.7420,-1,-1,-1
552,46,0,270,122,726,0.7522,-1,-1,-1
552,36,973,212,85,435,0.5028,-1,-1,-1
552,4,1281,49,354,986,0.9173,-1,-1,-1
552,1,856,213,147,476,0.8553,-1,-1,-1
553,54,1011,268,126,369,0.5643,-1,-1,-1
553,52,529,283,70,268,0.7218,-1,-1,-1
553,50,0,5,442,1057,0.9127,-1,-1,-1
553,48,1099,276,90,328,0.6515,-1,-1,-1
553,46,0,299,116,722,0.7627,-1,-1,-1
553,36,971,212,85,443,0.6806,-1,-1,-1
553,4,1283,50,374,992,0.8832,-1,-1,-1
553,1,850,216,147,479,0.8799,-1,-1,-1
554,54,1011,270,126,368,0.5735,-1,-1,-1
554,52,527,290,68,266,0.7539,-1,-1,-1
554,50,0,4,421,1071,0.9185,-1,-1,-1
554,48,1099,274,89,334,0.6204,-1,-1,-1
554,46,0,516,93,493,0.4335,-1,-1,-1
554,36,969,212,88,443,0.6252,-1,-1,-1
554,4,1279,48,356,1001,0.8840,-1,-1,-1
554,1,848,218,143,483,0.8755,-1,-1,-1
555,54,1013,271,124,370,0.5784,-1,-1,-1
555,52,522,295,69,266,0.7581,-1,-1,-1
555,50,1,3,392,1070,0.8875,-1,-1,-1
555,48,1075,272,102,347,0.4544,-1,-1,-1
555,36,964,212,98,444,0.6678,-1,-1,-1
555,4,1269,52,361,1002,0.8792,-1,-1,-1
555,1,846,221,139,483,0.8556,-1,-1,-1
556,54,1017,261,142,381,0.7105,-1,-1,-1
556,53,1611,281,76,178,0.4531,-1,-1,-1
556,52,520,292,66,271,0.7201,-1,-1,-1
556,50,0,2,389,1074,0.9003,-1,-1,-1
556,36,964,211,98,431,0.6181,-1,-1,-1
556,4,1269,55,352,1014,0.8846,-1,-1,-1
556,1,845,222,140,483,0.8563,-1,-1,-1
557,54,1039,262,131,378,0.8066,-1,-1,-1
557,52,519,293,66,270,0.7438,-1,-1,-1
557,50,0,4,382,1065,0.9186,-1,-1,-1
557,36,958,214,102,433,0.6927,-1,-1,-1
557,4,1271,56,384,1012,0.8658,-1,-1,-1
557,1,839,221,143,479,0.8444,-1,-1,-1
558,54,1050,260,123,384,0.8026,-1,-1,-1
558,52,519,292,66,272,0.7647,-1,-1,-1
558,50,0,6,350,1065,0.9208,-1,-1,-1
558,36,957,214,104,465,0.7620,-1,-1,-1
558,4,1280,57,372,1017,0.8618,-1,-1,-1
558,1,834,220,146,482,0.8465,-1,-1,-1
559,54,1054,261,117,387,0.8119,-1,-1,-1
559,52,521,294,67,272,0.7865,-1,-1,-1
559,50,1,5,351,1067,0.9054,-1,-1,-1
559,36,962,208,108,459,0.7501,-1,-1,-1
559,4,1287,57,333,1019,0.8468,-1,-1,-1
559,1,831,219,152,483,0.8429,-1,-1,-1
560,54,1064,268,112,377,0.7833,-1,-1,-1
560,52,521,298,68,270,0.7618,-1,-1,-1
560,50,1,4,340,1066,0.8833,-1,-1,-1
560,36,960,213,108,453,0.8009,-1,-1,-1
560,4,1289,62,322,1010,0.9047,-1,-1,-1
560,1,824,220,157,477,0.8426,-1,-1,-1
561,54,1068,272,121,373,0.7722,-1,-1,-1
561,53,1604,288,133,177,0.5819,-1,-1,-1
561,52,523,292,71,275,0.7179,-1,-1,-1
561,50,1,3,332,1064,0.8713,-1,-1,-1
561,36,960,212,113,451,0.8240,-1,-1,-1
561,4,1290,59,321,1009,0.9137,-1,-1,-1
561,1,823,217,158,476,0.8423,-1,-1,-1
562,54,1087,275,118,375,0.7980,-1,-1,-1
562,53,1617,286,137,180,0.5572,-1,-1,-1
562,52,522,292,79,274,0.7205,-1,-1,-1
562,50,0,14,327,1051,0.8500,-1,-1,-1
562,36,960,212,114,455,0.8248,-1,-1,-1
562,4,1296,58,316,1011,0.9095,-1,-1,-1
562,1,819,218,163,479,0.8311,-1,-1,-1
563,54,1102,279,127,376,0.7853,-1,-1,-1
563,53,1629,284,135,185,0.6762,-1,-1,-1
563,52,528,295,77,271,0.7150,-1,-1,-1
563,50,0,5,315,1063,0.8266,-1,-1,-1
563,36,960,214,120,464,0.8230,-1,-1,-1
563,4,1300,57,330,1001,0.9041,-1,-1,-1
563,1,814,219,168,475,0.8378,-1,-1,-1
564,54,1113,270,144,389,0.7605,-1,-1,-1
564,53,1646,282,113,188,0.5799,-1,-1,-1
564,52,536,294,75,277,0.7464,-1,-1,-1
564,50,0,6,308,1062,0.9063,-1,-1,-1
564,36,965,216,122,460,0.8163,-1,-1,-1
564,4,1309,54,336,1016,0.9080,-1,-1,-1
564,1,821,217,166,483,0.8365,-1,-1,-1
565,54,1126,273,166,387,0.8593,-1,-1,-1
565,53,1661,277,123,200,0.6824,-1,-1,-1
565,52,542,299,77,276,0.7743,-1,-1,-1
565,50,0,14,291,1052,0.8463,-1,-1,-1
565,36,968,219,120,460,0.8117,-1,-1,-1
565,4,1309,56,356,1021,0.9099,-1,-1,-1
565,1,831,221,165,482,0.8547,-1,-1,-1
566,54,1133,272,188,395,0.8553,-1,-1,-1
566,53,1675,281,111,196,0.5683,-1,-1,-1
566,52,546,298,77,278,0.7824,-1,-1,-1
566,50,1,11,260,1055,0.7710,-1,-1,-1
566,48,1089,271,96,342,0.6831,-1,-1,-1
566,36,977,220,122,469,0.8530,-1,-1,-1
566,4,1311,53,370,1012,0.9031,-1,-1,-1
566,1,836,228,169,480,0.8814,-1,-1,-1
567,54,1139,288,194,382,0.8415,-1,-1,-1
567,53,1691,283,109,191,0.5191,-1,-1,-1
567,52,556,301,74,274,0.8043,-1,-1,-1
567,50,1,8,242,1052,0.6544,-1,-1,-1
567,48,1100,269,106,347,0.7383,-1,-1,-1
567,36,985,219,125,465,0.8330,-1,-1,-1
567,4,1314,52,388,1014,0.9007,-1,-1,-1
567,1,845,228,165,481,0.8617,-1,-1,-1
568,54,1152,282,193,392,0.8869,-1,-1,-1
568,53,1706,284,124,195,0.7091,-1,-1,-1
568,52,560,295,75,282,0.8113,-1,-1,-1
568,50,0,17,215,1044,0.7386,-1,-1,-1
568,48,1099,272,112,355,0.7596,-1,-1,-1
568,36,990,225,121,464,0.8419,-1,-1,-1
568,4,1315,53,404,1019,0.9136,-1,-1,-1
568,1,850,230,164,480,0.8593,-1,-1,-1
569,54,1156,287,196,391,0.8997,-1,-1,-1
569,53,1718,286,109,198,0.6599,-1,-1,-1
569,52,566,302,77,277,0.7575,-1,-1,-1
569,48,1103,276,111,351,0.8159,-1,-1,-1
569,36,997,228,117,465,0.8387,-1,-1,-1
569,4,1318,53,412,1019,0.9185,-1,-1,-1
569,1,856,237,163,477,0.8748,-1,-1,-1
570,54,1162,284,199,399,0.8806,-1,-1,-1
570,53,1727,288,104,197,0.5827,-1,-1,-1
570,52,567,298,78,283,0.7444,-1,-1,-1
570,48,1108,276,117,354,0.8432,-1,-1,-1
570,36,1000,231,122,464,0.8317,-1,-1,-1
570,4,1320,54,428,1018,0.9149,-1,-1,-1
570,1,862,241,160,477,0.8690,-1,-1,-1
571,54,1171,281,200,409,0.8557,-1,-1,-1
571,53,1739,291,100,194,0.4375,-1,-1,-1
571,52,571,296,83,288,0.7222,-1,-1,-1
571,48,1113,276,127,355,0.8487,-1,-1,-1
571,36,1008,232,118,463,0.8697,-1,-1,-1
571,4,1325,56,423,1018,0.9020,-1,-1,-1
571,1,868,242,161,476,0.8415,-1,-1,-1
572,54,1194,286,184,403,0.8723,-1,-1,-1
572,53,1752,289,106,200,0.4826,-1,-1,-1
572,52,576,299,80,287,0.7156,-1,-1,-1
572,48,1121,278,125,358,0.8193,-1,-1,-1
572,36,1010,234,121,466,0.8419,-1,-1,-1
572,4,1328,59,440,1018,0.8979,-1,-1,-1
572,1,878,243,154,474,0.8791,-1,-1,-1
573,54,1213,286,175,407,0.8268,-1,-1,-1
573,53,1767,293,99,194,0.5041,-1,-1,-1
573,52,583,301,75,288,0.7455,-1,-1,-1
573,48,1124,278,130,357,0.8822,-1,-1,-1
573,36,1018,236,119,467,0.8489,-1,-1,-1
573,4,1336,56,434,1019,0.9096,-1,-1,-1
573,1,882,242,150,476,0.8886,-1,-1,-1
574,54,1234,285,162,407,0.6927,-1,-1,-1
574,53,1766,290,113,203,0.5946,-1,-1,-1
574,52,587,299,86,290,0.7564,-1,-1,-1
574,48,1132,279,132,358,0.8546,-1,-1,-1
574,36,1021,237,117,467,0.8344,-1,-1,-1
574,4,1342,57,442,1013,0.8978,-1,-1,-1
574,1,881,240,160,479,0.9063,-1,-1,-1
575,54,1268,282,140,418,0.7492,-1,-1,-1
575,52,589,298,85,292,0.7603,-1,-1,-1
575,48,1139,279,128,362,0.8428,-1,-1,-1
575,36,1022,235,119,470,0.8344,-1,-1,-1
575,4,1349,59,431,1012,0.9000,-1,-1,-1
575,1,882,240,160,477,0.9052,-1,-1,-1
576,54,1275,284,141,418,0.7736,-1,-1,-1
576,52,592,300,74,291,0.7384,-1,-1,-1
576,48,1144,278,128,366,0.8605,-1,-1,-1
576,36,1026,236,117,471,0.8511,-1,-1,-1
576,4,1359,62,426,1010,0.8963,-1,-1,-1
576,1,888,239,156,473,0.8817,-1,-1,-1
577,54,1297,275,135,432,0.7591,-1,-1,-1
577,52,592,305,87,284,0.7119,-1,-1,-1
577,48,1147,278,127,365,0.8332,-1,-1,-1
577,36,1028,234,119,473,0.8561,-1,-1,-1
577,4,1370,61,425,1013,0.8999,-1,-1,-1
577,1,889,236,155,461,0.8529,-1,-1,-1
578,54,1318,272,124,441,0.7001,-1,-1,-1
578,53,1796,298,122,201,0.6340,-1,-1,-1
578,52,592,304,80,286,0.7323,-1,-1,-1
578,48,1146,278,125,368,0.8418,-1,-1,-1
578,36,1028,231,123,475,0.8582,-1,-1,-1
578,4,1382,60,417,1012,0.9090,-1,-1,-1
578,1,891,237,154,470,0.8735,-1,-1,-1
579,54,1330,278,121,446,0.7207,-1,-1,-1
579,53,1805,303,114,207,0.6274,-1,-1,-1
579,52,591,300,76,296,0.7615,-1,-1,-1
579,48,1149,284,121,368,0.8481,-1,-1,-1
579,36,1026,238,125,472,0.8398,-1,-1,-1
579,4,1385,66,422,1006,0.9016,-1,-1,-1
579,1,889,242,153,471,0.8728,-1,-1,-1
580,54,1327,280,134,450,0.7778,-1,-1,-1
580,53,1813,304,106,209,0.6130,-1,-1,-1
580,52,587,303,75,294,0.7392,-1,-1,-1
580,48,1146,287,124,367,0.8623,-1,-1,-1
580,36,1021,234,122,473,0.8106,-1,-1,-1
580,4,1402,68,414,1004,0.9031,-1,-1,-1
580,1,889,245,151,471,0.8783,-1,-1,-1
581,54,1338,283,143,451,0.7871,-1,-1,-1
581,53,1822,305,97,209,0.5327,-1,-1,-1
581,52,585,302,72,296,0.7489,-1,-1,-1
581,48,1148,286,122,368,0.8517,-1,-1,-1
581,36,1018,233,125,471,0.8059,-1,-1,-1
581,4,1413,66,415,1006,0.9155,-1,-1,-1
581,1,884,245,154,471,0.8839,-1,-1,-1
582,54,1340,272,162,463,0.7874,-1,-1,-1
582,53,1831,307,88,211,0.5244,-1,-1,-1
582,52,583,304,71,294,0.7376,-1,-1,-1
582,48,1147,286,118,370,0.8526,-1,-1,-1
582,36,1014,233,133,469,0.8057,-1,-1,-1
582,4,1426,70,408,1006,0.9101,-1,-1,-1
582,1,884,248,148,466,0.8682,-1,-1,-1
583,54,1345,288,160,452,0.8256,-1,-1,-1
583,53,1839,308,80,212,0.6109,-1,-1,-1
583,52,578,303,76,298,0.7611,-1,-1,-1
583,48,1145,288,119,369,0.8539,-1,-1,-1
583,36,1011,234,136,469,0.8231,-1,-1,-1
583,4,1433,73,413,1002,0.9133,-1,-1,-1
583,1,881,251,147,465,0.8826,-1,-1,-1
584,54,1341,284,165,457,0.7955,-1,-1,-1
584,53,1843,308,76,216,0.5814,-1,-1,-1
584,52,575,303,78,299,0.7320,-1,-1,-1
584,48,1144,288,122,371,0.8641,-1,-1,-1
584,36,1010,235,139,470,0.8110,-1,-1,-1
584,4,1438,72,419,1002,0.9264,-1,-1,-1
584,1,869,255,156,471,0.8857,-1,-1,-1
585,54,1339,284,169,451,0.8068,-1,-1,-1
585,52,572,303,73,300,0.7359,-1,-1,-1
585,48,1143,292,117,368,0.8634,-1,-1,-1
585,36,1004,235,148,473,0.8195,-1,-1,-1
585,4,1448,72,416,1001,0.9277,-1,-1,-1
585,1,861,255,152,469,0.8761,-1,-1,-1
586,54,1339,280,177,460,0.7827,-1,-1,-1
586,52,568,302,71,300,0.7644,-1,-1,-1
586,48,1143,290,117,371,0.8737,-1,-1,-1
586,36,1005,237,141,468,0.8205,-1,-1,-1
586,4,1456,69,410,1008,0.9288,-1,-1,-1
586,1,861,255,146,468,0.8647,-1,-1,-1
587,54,1336,280,186,458,0.7974,-1,-1,-1
587,52,563,308,72,298,0.7270,-1,-1,-1
587,48,1141,290,116,373,0.8740,-1,-1,-1
587,36,1008,241,123,464,0.8291,-1,-1,-1
587,4,1462,68,407,1009,0.9131,-1,-1,-1
587,1,862,255,142,468,0.8712,-1,-1,-1
588,54,1340,282,184,458,0.7437,-1,-1,-1
588,52,557,304,72,304,0.8098,-1,-1,-1
588,48,1141,294,124,372,0.7978,-1,-1,-1
588,36,1005,240,126,464,0.8373,-1,-1,-1
588,4,1467,67,405,1012,0.8879,-1,-1,-1
588,1,857,257,139,463,0.8541,-1,-1,-1
589,54,1339,289,187,454,0.7059,-1,-1,-1
589,52,550,297,74,310,0.8401,-1,-1,-1
589,48,1139,289,134,380,0.7055,-1,-1,-1
589,36,1000,243,130,462,0.8367,-1,-1,-1
589,4,1465,62,410,1018,0.8823,-1,-1,-1
589,1,852,255,138,464,0.8420,-1,-1,-1
590,54,1344,273,183,479,0.6130,-1,-1,-1
590,52,546,299,78,309,0.8084,-1,-1,-1
590,48,1137,288,144,384,0.6769,-1,-1,-1
590,36,993,244,133,465,0.8348,-1,-1,-1
590,4,1466,62,411,1016,0.9009,-1,-1,-1
590,1,845,253,139,465,0.8277,-1,-1,-1
591,54,1380,274,159,477,0.4976,-1,-1,-1
591,52,543,299,75,311,0.7707,-1,-1,-1
591,48,1139,288,143,384,0.7322,-1,-1,-1
591,36,990,244,131,465,0.8523,-1,-1,-1
591,4,1464,63,417,1015,0.9007,-1,-1,-1
591,1,831,252,149,466,0.8702,-1,-1,-1
592,54,1419,269,131,485,0.4228,-1,-1,-1
592,52,540,299,80,312,0.7697,-1,-1,-1
592,48,1141,285,141,388,0.7518,-1,-1,-1
592,36,985,244,136,467,0.8387,-1,-1,-1
592,4,1463,61,420,1013,0.8921,-1,-1,-1
592,1,826,249,149,464,0.8862,-1,-1,-1
593,52,536,297,80,316,0.7759,-1,-1,-1
593,48,1141,283,140,391,0.7969,-1,-1,-1
593,36,984,244,133,468,0.8387,-1,-1,-1
593,4,1465,61,420,1013,0.9158,-1,-1,-1
593,1,817,247,156,465,0.8852,-1,-1,-1
594,52,534,301,81,312,0.7254,-1,-1,-1
594,48,1140,283,142,394,0.8037,-1,-1,-1
594,36,975,245,139,469,0.8234,-1,-1,-1
594,4,1468,62,417,1013,0.9204,-1,-1,-1
594,1,811,247,161,465,0.8736,-1,-1,-1
595,52,529,302,81,311,0.7620,-1,-1,-1
595,48,1146,281,135,397,0.7917,-1,-1,-1
595,36,973,245,142,472,0.8100,-1,-1,-1
595,4,1482,61,403,1012,0.9251,-1,-1,-1
595,1,809,247,161,465,0.8759,-1,-1,-1
596,52,529,300,82,315,0.7661,-1,-1,-1
596,48,1146,275,136,403,0.7640,-1,-1,-1
596,36,974,246,143,472,0.8007,-1,-1,-1
596,4,1493,60,394,1015,0.9173,-1,-1,-1
596,1,803,244,164,470,0.8689,-1,-1,-1
597,52,529,302,80,315,0.7585,-1,-1,-1
597,48,1152,271,137,409,0.7554,-1,-1,-1
597,36,973,247,147,473,0.8039,-1,-1,-1
597,4,1498,57,388,1018,0.9275,-1,-1,-1
597,1,799,246,169,468,0.8621,-1,-1,-1
598,52,529,305,83,318,0.7279,-1,-1,-1
598,48,1152,280,141,404,0.7920,-1,-1,-1
598,36,979,249,141,480,0.8116,-1,-1,-1
598,4,1505,59,384,1019,0.9247,-1,-1,-1
598,1,801,250,166,473,0.8670,-1,-1,-1
599,52,531,310,87,317,0.7225,-1,-1,-1
599,48,1155,283,135,401,0.7653,-1,-1,-1
599,36,981,252,144,479,0.8099,-1,-1,-1
599,4,1508,60,383,1017,0.9280,-1,-1,-1
599,1,802,253,164,474,0.8590,-1,-1,-1
600,52,534,307,84,322,0.7227,-1,-1,-1
600,48,1159,292,133,391,0.7389,-1,-1,-1
600,36,990,251,135,481,0.8544,-1,-1,-1
600,4,1509,59,396,1020,0.9257,-1,-1,-1
600,1,805,257,160,476,0.8407,-1,-1,-1
601,52,537,309,92,323,0.7339,-1,-1,-1
601,48,1165,285,148,404,0.6716,-1,-1,-1
601,36,995,255,135,474,0.8777,-1,-1,-1
601,4,1508,58,408,1022,0.9216,-1,-1,-1
601,1,810,259,160,474,0.8673,-1,-1,-1
602,52,541,314,86,320,0.7447,-1,-1,-1
602,48,1178,282,147,413,0.6310,-1,-1,-1
602,36,997,253,139,479,0.8618,-1,-1,-1
602,4,1513,58,406,1022,0.9298,-1,-1,-1
602,1,816,264,156,477,0.8518,-1,-1,-1
603,52,543,317,85,320,0.7756,-1,-1,-1
603,48,1193,284,143,414,0.7272,-1,-1,-1
603,36,998,256,141,479,0.8607,-1,-1,-1
603,4,1517,61,401,1013,0.9324,-1,-1,-1
603,1,822,271,159,474,0.8670,-1,-1,-1
604,52,547,322,85,325,0.8042,-1,-1,-1
604,48,1199,290,140,418,0.7803,-1,-1,-1
604,36,1005,261,135,471,0.8526,-1,-1,-1
604,4,1520,62,398,1013,0.9323,-1,-1,-1
604,1,827,275,159,473,0.8963,-1,-1,-1
605,52,551,326,85,324,0.8115,-1,-1,-1
605,48,1209,284,142,425,0.7807,-1,-1,-1
605,36,1011,261,136,466,0.8374,-1,-1,-1
605,4,1521,65,398,1014,0.9341,-1,-1,-1
605,1,832,276,158,472,0.8977,-1,-1,-1
606,56,1134,345,76,244,0.6524,-1,-1,-1
606,52,556,325,84,323,0.8223,-1,-1,-1
606,48,1217,290,149,423,0.7809,-1,-1,-1
606,36,1018,264,130,465,0.8146,-1,-1,-1
606,4,1534,62,385,1012,0.9378,-1,-1,-1
606,1,842,276,153,475,0.8648,-1,-1,-1
607,56,1147,339,68,252,0.6214,-1,-1,-1
607,52,564,325,87,325,0.7746,-1,-1,-1
607,48,1244,288,133,425,0.6505,-1,-1,-1
607,36,1030,261,127,473,0.8182,-1,-1,-1
607,4,1543,68,376,1006,0.9360,-1,-1,-1
607,1,850,278,154,469,0.8677,-1,-1,-1
608,56,1154,352,71,240,0.6006,-1,-1,-1
608,52,570,321,89,332,0.7491,-1,-1,-1
608,48,1251,291,135,425,0.7047,-1,-1,-1
608,36,1034,262,134,469,0.8204,-1,-1,-1
608,4,1556,66,362,1007,0.9253,-1,-1,-1
608,1,853,278,156,465,0.8322,-1,-1,-1
609,58,1229,328,87,292,0.5105,-1,-1,-1
609,56,1158,350,74,244,0.6482,-1,-1,-1
609,52,576,325,87,329,0.7532,-1,-1,-1
609,48,1264,290,129,429,0.7711,-1,-1,-1
609,36,1038,264,132,471,0.8510,-1,-1,-1
609,4,1564,67,354,1005,0.9320,-1,-1,-1
609,1,859,278,152,465,0.8309,-1,-1,-1
610,58,1236,336,82,299,0.5877,-1,-1,-1
610,56,1165,353,73,244,0.6000,-1,-1,-1
610,52,580,328,91,326,0.7638,-1,-1,-1
610,48,1271,285,143,434,0.7814,-1,-1,-1
610,36,1038,268,139,471,0.8561,-1,-1,-1
610,4,1572,70,346,1004,0.9299,-1,-1,-1
610,1,870,276,150,466,0.8552,-1,-1,-1
611,58,1242,337,84,293,0.5632,-1,-1,-1
611,56,1167,355,75,240,0.6848,-1,-1,-1
611,52,582,329,88,327,0.7977,-1,-1,-1
611,48,1280,289,138,435,0.7071,-1,-1,-1
611,36,1037,271,146,471,0.8726,-1,-1,-1
611,4,1583,68,335,1008,0.9195,-1,-1,-1
611,1,873,276,148,468,0.8534,-1,-1,-1
612,58,1241,341,82,302,0.6173,-1,-1,-1
612,56,1172,354,74,242,0.6515,-1,-1,-1
612,52,585,329,84,330,0.8087,-1,-1,-1
612,48,1288,288,135,441,0.7134,-1,-1,-1
612,36,1030,275,155,467,0.8472,-1,-1,-1
612,4,1601,72,317,1005,0.9253,-1,-1,-1
612,1,878,279,147,460,0.8551,-1,-1,-1
613,58,1242,340,86,299,0.6289,-1,-1,-1
613,56,1176,358,71,246,0.6859,-1,-1,-1
613,52,588,331,85,328,0.8044,-1,-1,-1
613,48,1299,293,126,441,0.7601,-1,-1,-1
613,36,1026,279,161,466,0.8447,-1,-1,-1
613,4,1610,74,308,1002,0.9234,-1,-1,-1
613,1,878,282,148,461,0.8417,-1,-1,-1
614,58,1242,338,101,325,0.5138,-1,-1,-1
614,56,1176,358,73,246,0.6574,-1,-1,-1
614,52,589,333,83,329,0.8115,-1,-1,-1
614,48,1309,291,125,456,0.7838,-1,-1,-1
614,36,1028,277,163,467,0.8102,-1,-1,-1
614,4,1623,72,296,1002,0.9348,-1,-1,-1
614,1,883,285,149,466,0.8626,-1,-1,-1
615,58,1260,323,105,363,0.5808,-1,-1,-1
615,56,1182,359,69,248,0.7276,-1,-1,-1
615,52,591,336,84,331,0.7860,-1,-1,-1
615,48,1317,297,125,454,0.7792,-1,-1,-1
615,36,1028,280,162,468,0.8391,-1,-1,-1
615,4,1634,71,285,1000,0.9268,-1,-1,-1
615,1,885,288,151,464,0.8660,-1,-1,-1
616,58,1265,325,102,341,0.5899,-1,-1,-1
616,56,1186,360,68,245,0.7110,-1,-1,-1
616,52,592,339,96,333,0.7771,-1,-1,-1
616,48,1324,304,122,449,0.7469,-1,-1,-1
616,36,1031,285,169,468,0.8309,-1,-1,-1
616,4,1639,74,280,998,0.9280,-1,-1,-1
616,1,886,292,157,463,0.8683,-1,-1,-1
617,58,1268,335,98,339,0.5876,-1,-1,-1
617,56,1189,365,68,242,0.6470,-1,-1,-1
617,52,591,339,91,334,0.7935,-1,-1,-1
617,48,1329,299,119,461,0.7879,-1,-1,-1
617,36,1033,290,176,466,0.8366,-1,-1,-1
617,4,1654,79,264,991,0.9242,-1,-1,-1
617,1,881,296,156,463,0.8636,-1,-1,-1
618,58,1261,341,101,338,0.6095,-1,-1,-1
618,56,1189,373,67,240,0.5547,-1,-1,-1
618,52,589,336,85,341,0.8191,-1,-1,-1
618,48,1328,307,123,454,0.7832,-1,-1,-1
618,36,1032,289,180,476,0.8692,-1,-1,-1
618,4,1661,90,257,979,0.9240,-1,-1,-1
618,1,883,301,145,462,0.8519,-1,-1,-1
619,58,1265,338,105,350,0.6332,-1,-1,-1
619,56,1188,372,62,244,0.5177,-1,-1,-1
619,52,585,337,89,340,0.8083,-1,-1,-1
619,48,1328,310,123,453,0.7971,-1,-1,-1
619,36,1033,289,175,476,0.8474,-1,-1,-1
619,4,1665,89,253,977,0.9106,-1,-1,-1
619,1,880,302,142,459,0.8564,-1,-1,-1
620,58,1263,341,103,356,0.6462,-1,-1,-1
620,56,1186,372,63,238,0.5691,-1,-1,-1
620,52,581,336,102,343,0.8202,-1,-1,-1
620,48,1329,310,121,456,0.7917,-1,-1,-1
620,36,1029,289,165,469,0.8314,-1,-1,-1
620,4,1670,94,248,975,0.9156,-1,-1,-1
620,1,877,302,147,460,0.8401,-1,-1,-1
621,58,1264,348,96,351,0.6203,-1,-1,-1
621,56,1186,370,64,261,0.5083,-1,-1,-1
621,52,579,339,98,342,0.8078,-1,-1,-1
621,48,1328,308,124,460,0.7847,-1,-1,-1
621,36,1028,288,151,477,0.8003,-1,-1,-1
621,4,1677,95,242,973,0.8742,-1,-1,-1
621,1,873,301,146,461,0.8395,-1,-1,-1
622,58,1261,338,109,373,0.6159,-1,-1,-1
622,56,1184,379,64,232,0.4177,-1,-1,-1
622,52,574,336,98,345,0.7852,-1,-1,-1
622,48,1326,310,126,460,0.7676,-1,-1,-1
622,36,1020,287,147,485,0.7849,-1,-1,-1
622,4,1682,96,237,974,0.8802,-1,-1,-1
622,1,870,302,152,456,0.8447,-1,-1,-1
623,58,1247,349,111,357,0.6507,-1,-1,-1
623,52,569,341,93,342,0.7512,-1,-1,-1
623,48,1326,312,127,461,0.7857,-1,-1,-1
623,36,1018,289,141,485,0.7958,-1,-1,-1
623,4,1692,93,227,979,0.8818,-1,-1,-1
623,1,861,305,160,462,0.8492,-1,-1,-1
624,60,1119,332,95,386,0.6721,-1,-1,-1
624,58,1244,332,120,399,0.7052,-1,-1,-1
624,52,564,338,93,346,0.7601,-1,-1,-1
624,48,1327,311,125,463,0.7881,-1,-1,-1
624,36,1013,286,142,484,0.8239,-1,-1,-1
624,4,1692,97,227,975,0.8906,-1,-1,-1
624,1,852,302,159,462,0.8591,-1,-1,-1
625,60,1112,331,99,396,0.7261,-1,-1,-1
625,58,1243,330,115,409,0.7258,-1,-1,-1
625,52,558,344,85,343,0.7604,-1,-1,-1
625,48,1327,305,124,475,0.7407,-1,-1,-1
625,36,1008,286,141,476,0.8097,-1,-1,-1
625,4,1694,102,225,973,0.8890,-1,-1,-1
625,1,849,303,150,458,0.8544,-1,-1,-1
626,60,1108,331,99,407,0.7344,-1,-1,-1
626,58,1244,330,109,409,0.6893,-1,-1,-1
626,52,552,341,85,347,0.7883,-1,-1,-1
626,48,1327,310,122,467,0.6944,-1,-1,-1
626,36,1002,288,136,474,0.8060,-1,-1,-1
626,4,1695,101,224,976,0.8918,-1,-1,-1
626,1,838,302,160,456,0.8644,-1,-1,-1
627,60,1106,331,97,411,0.7266,-1,-1,-1
627,58,1254,329,97,417,0.6558,-1,-1,-1
627,52,544,339,87,349,0.8014,-1,-1,-1
627,48,1326,308,123,470,0.7144,-1,-1,-1
627,36,993,288,140,474,0.7606,-1,-1,-1
627,4,1699,100,220,976,0.9070,-1,-1,-1
627,1,829,299,168,464,0.8773,-1,-1,-1
628,60,1098,330,110,412,0.6973,-1,-1,-1
628,58,1237,330,113,411,0.5951,-1,-1,-1
628,52,541,340,87,351,0.8244,-1,-1,-1
628,48,1322,305,128,475,0.7181,-1,-1,-1
628,36,982,284,132,472,0.7322,-1,-1,-1
628,4,1694,95,225,981,0.9136,-1,-1,-1
628,1,824,302,168,459,0.8761,-1,-1,-1
629,60,1085,329,122,415,0.7893,-1,-1,-1
629,58,1234,331,113,410,0.6128,-1,-1,-1
629,52,537,341,99,354,0.8090,-1,-1,-1
629,48,1324,302,122,481,0.7426,-1,-1,-1
629,36,978,280,130,477,0.7703,-1,-1,-1
629,4,1664,99,254,972,0.8631,-1,-1,-1
629,1,821,303,170,460,0.8825,-1,-1,-1
630,60,1082,329,125,419,0.8062,-1,-1,-1
630,52,532,344,84,355,0.8141,-1,-1,-1
630,48,1324,301,121,483,0.7331,-1,-1,-1
630,36,969,283,135,473,0.7857,-1,-1,-1
630,4,1616,101,303,970,0.9078,-1,-1,-1
630,1,816,303,169,462,0.8803,-1,-1,-1
631,60,1082,328,124,422,0.7996,-1,-1,-1
631,52,528,342,89,357,0.7680,-1,-1,-1
631,48,1321,303,126,480,0.7199,-1,-1,-1
631,36,970,286,133,470,0.7964,-1,-1,-1
631,4,1688,101,231,972,0.9036,-1,-1,-1
631,1,815,304,168,459,0.8841,-1,-1,-1
632,60,1085,327,128,425,0.8632,-1,-1,-1
632,52,526,342,93,359,0.7671,-1,-1,-1
632,48,1325,304,124,480,0.7394,-1,-1,-1
632,36,970,286,135,471,0.8001,-1,-1,-1
632,4,1697,98,222,976,0.9078,-1,-1,-1
632,1,815,306,167,456,0.8867,-1,-1,-1
633,60,1089,326,126,426,0.8651,-1,-1,-1
633,52,525,341,89,362,0.7625,-1,-1,-1
633,48,1326,302,123,485,0.7785,-1,-1,-1
633,36,968,290,135,471,0.7891,-1,-1,-1
633,4,1710,93,209,979,0.9058,-1,-1,-1
633,1,813,308,170,456,0.8866,-1,-1,-1
634,60,1091,327,125,427,0.8626,-1,-1,-1
634,58,1235,330,117,414,0.6274,-1,-1,-1
634,52,525,343,90,362,0.7651,-1,-1,-1
634,48,1327,303,125,487,0.7892,-1,-1,-1
634,36,968,292,135,467,0.7939,-1,-1,-1
634,4,1722,85,197,988,0.8967,-1,-1,-1
634,1,811,311,173,456,0.8918,-1,-1,-1
635,60,1095,325,125,431,0.8375,-1,-1,-1
635,58,1238,324,117,421,0.6534,-1,-1,-1
635,52,523,342,90,365,0.7675,-1,-1,-1
635,48,1335,299,125,492,0.7693,-1,-1,-1
635,36,964,283,142,477,0.7800,-1,-1,-1
635,4,1728,74,191,999,0.8793,-1,-1,-1
635,1,812,312,173,459,0.8921,-1,-1,-1
636,60,1099,326,129,434,0.8566,-1,-1,-1
636,58,1235,322,124,426,0.6294,-1,-1,-1
636,52,521,348,89,363,0.7758,-1,-1,-1
636,48,1340,304,128,488,0.7499,-1,-1,-1
636,36,968,288,142,484,0.8060,-1,-1,-1
636,4,1722,68,197,1007,0.8602,-1,-1,-1
636,1,814,315,174,455,0.8921,-1,-1,-1
637,60,1098,332,128,430,0.8223,-1,-1,-1
637,58,1241,320,124,434,0.6968,-1,-1,-1
637,52,520,356,93,361,0.7354,-1,-1,-1
637,48,1346,305,128,493,0.7950,-1,-1,-1
637,36,970,290,139,480,0.8006,-1,-1,-1
637,4,1720,71,199,1003,0.8651,-1,-1,-1
637,1,817,320,171,450,0.8977,-1,-1,-1
638,60,1099,330,132,438,0.8284,-1,-1,-1
638,58,1244,315,124,434,0.7017,-1,-1,-1
638,52,519,351,91,367,0.7409,-1,-1,-1
638,48,1349,306,126,493,0.7904,-1,-1,-1
638,36,972,292,137,476,0.8039,-1,-1,-1
638,4,1714,73,205,1000,0.8867,-1,-1,-1
638,1,826,317,166,453,0.8941,-1,-1,-1
639,60,1106,334,136,439,0.8126,-1,-1,-1
639,58,1246,314,127,436,0.7716,-1,-1,-1
639,52,520,355,92,367,0.7272,-1,-1,-1
639,48,1353,306,129,496,0.7620,-1,-1,-1
639,36,991,295,120,481,0.8243,-1,-1,-1
639,4,1710,78,209,995,0.8780,-1,-1,-1
639,1,830,319,165,459,0.8904,-1,-1,-1
640,60,1110,335,137,438,0.8370,-1,-1,-1
640,58,1251,314,126,441,0.7821,-1,-1,-1
640,52,520,354,97,372,0.7270,-1,-1,-1
640,48,1358,305,133,499,0.7849,-1,-1,-1
640,36,997,297,112,484,0.8078,-1,-1,-1
640,4,1702,74,217,996,0.9035,-1,-1,-1
640,1,835,320,163,450,0.8836,-1,-1,-1
641,60,1114,334,148,441,0.8384,-1,-1,-1
641,58,1256,321,130,451,0.7695,-1,-1,-1
641,52,523,354,95,376,0.7603,-1,-1,-1
641,48,1366,301,132,511,0.7632,-1,-1,-1
641,36,1004,303,114,476,0.7935,-1,-1,-1
641,4,1701,77,218,989,0.9012,-1,-1,-1
641,1,850,322,151,447,0.8696,-1,-1,-1
642,60,1121,336,157,446,0.7952,-1,-1,-1
642,58,1263,325,128,450,0.7428,-1,-1,-1
642,52,525,357,100,375,0.7872,-1,-1,-1
642,48,1375,303,136,509,0.8055,-1,-1,-1
642,36,1007,310,118,477,0.7827,-1,-1,-1
642,4,1696,82,222,985,0.9072,-1,-1,-1
642,1,853,323,154,449,0.8503,-1,-1,-1
643,60,1124,330,156,459,0.8311,-1,-1,-1
643,58,1274,317,126,474,0.6728,-1,-1,-1
643,52,527,362,107,371,0.7913,-1,-1,-1
643,48,1382,303,133,510,0.7522,-1,-1,-1
643,36,1012,309,116,479,0.7870,-1,-1,-1
643,4,1694,88,224,979,0.9078,-1,-1,-1
643,1,860,326,155,444,0.8344,-1,-1,-1
644,60,1129,327,158,463,0.8808,-1,-1,-1
644,58,1278,323,127,468,0.6698,-1,-1,-1
644,52,530,363,105,374,0.7910,-1,-1,-1
644,48,1390,301,133,521,0.7656,-1,-1,-1
644,36,1012,309,119,483,0.8116,-1,-1,-1
644,4,1688,95,231,975,0.9014,-1,-1,-1
644,1,865,323,154,449,0.8490,-1,-1,-1
645,60,1134,329,160,471,0.8732,-1,-1,-1
645,58,1281,313,131,483,0.6654,-1,-1,-1
645,52,534,367,101,368,0.8035,-1,-1,-1
645,48,1398,300,132,525,0.7745,-1,-1,-1
645,36,1008,307,133,486,0.8487,-1,-1,-1
645,4,1686,95,233,976,0.8926,-1,-1,-1
645,1,868,324,154,456,0.8748,-1,-1,-1
646,60,1132,325,170,479,0.8839,-1,-1,-1
646,58,1292,314,129,483,0.7557,-1,-1,-1
646,52,535,366,100,372,0.8056,-1,-1,-1
646,48,1402,301,134,525,0.8123,-1,-1,-1
646,36,1009,309,132,486,0.8391,-1,-1,-1
646,4,1687,186,232,872,0.8391,-1,-1,-1
646,1,874,326,149,458,0.8746,-1,-1,-1
647,60,1132,326,169,482,0.8827,-1,-1,-1
647,58,1302,311,123,480,0.7532,-1,-1,-1
647,52,535,365,100,377,0.8014,-1,-1,-1
647,48,1405,295,141,533,0.8038,-1,-1,-1
647,36,1012,309,131,486,0.8451,-1,-1,-1
647,4,1683,272,236,792,0.8404,-1,-1,-1
647,1,878,327,147,457,0.8922,-1,-1,-1
648,60,1132,330,174,481,0.8865,-1,-1,-1
648,58,1304,311,128,485,0.8177,-1,-1,-1
648,52,536,366,101,378,0.8109,-1,-1,-1
648,48,1411,298,144,534,0.8092,-1,-1,-1
648,36,1015,310,128,485,0.8184,-1,-1,-1
648,4,1694,284,225,771,0.8470,-1,-1,-1
648,1,879,332,147,452,0.8930,-1,-1,-1
649,60,1134,329,177,486,0.8857,-1,-1,-1
649,58,1307,309,133,489,0.8159,-1,-1,-1
649,52,537,367,99,380,0.8085,-1,-1,-1
649,48,1421,295,138,539,0.8026,-1,-1,-1
649,36,1016,310,128,481,0.8052,-1,-1,-1
649,4,1698,277,221,781,0.8215,-1,-1,-1
649,1,879,335,151,451,0.8879,-1,-1,-1
650,60,1132,327,187,495,0.8751,-1,-1,-1
650,58,1307,305,137,501,0.8336,-1,-1,-1
650,52,536,366,101,383,0.8096,-1,-1,-1
650,48,1428,296,136,539,0.8078,-1,-1,-1
650,36,1020,311,127,477,0.8064,-1,-1,-1
650,4,1707,283,212,768,0.7515,-1,-1,-1
650,1,879,338,153,451,0.8912,-1,-1,-1
651,61,821,382,67,244,0.5896,-1,-1,-1
651,60,1132,328,191,489,0.8788,-1,-1,-1
651,58,1312,305,136,501,0.8365,-1,-1,-1
651,52,535,364,104,385,0.8114,-1,-1,-1
651,48,1432,292,142,547,0.8176,-1,-1,-1
651,36,1024,311,126,471,0.8024,-1,-1,-1
651,4,1719,285,200,650,0.6637,-1,-1,-1
651,1,880,337,155,448,0.8987,-1,-1,-1
652,61,816,388,70,243,0.6679,-1,-1,-1
652,60,1131,326,190,503,0.8792,-1,-1,-1
652,58,1315,300,138,506,0.8140,-1,-1,-1
652,52,534,365,101,384,0.8173,-1,-1,-1
652,48,1441,292,137,550,0.8296,-1,-1,-1
652,36,1022,310,129,478,0.8089,-1,-1,-1
652,4,1729,278,190,623,0.6290,-1,-1,-1
652,1,879,339,157,445,0.8953,-1,-1,-1
653,61,813,405,75,223,0.7168,-1,-1,-1
653,60,1128,322,196,522,0.8814,-1,-1,-1
653,58,1316,304,142,515,0.8084,-1,-1,-1
653,52,529,364,109,389,0.8087,-1,-1,-1
653,48,1445,292,137,551,0.8337,-1,-1,-1
653,36,1026,310,126,479,0.8235,-1,-1,-1
653,4,1736,285,183,630,0.8033,-1,-1,-1
653,1,877,339,159,442,0.8915,-1,-1,-1
654,61,813,391,70,244,0.7137,-1,-1,-1
654,60,1126,320,201,522,0.8878,-1,-1,-1
654,58,1316,301,143,519,0.8354,-1,-1,-1
654,52,527,364,109,391,0.7950,-1,-1,-1
654,48,1447,292,137,551,0.8419,-1,-1,-1
654,36,1024,308,126,479,0.7858,-1,-1,-1
654,4,1749,286,170,680,0.8177,-1,-1,-1
654,1,874,336,164,442,0.8896,-1,-1,-1
655,61,811,390,68,246,0.7471,-1,-1,-1
655,60,1123,318,201,534,0.8801,-1,-1,-1
655,58,1316,298,145,525,0.8529,-1,-1,-1
655,52,524,358,111,399,0.8134,-1,-1,-1
655,48,1448,293,138,552,0.8492,-1,-1,-1
655,36,1023,304,130,483,0.7857,-1,-1,-1
655,4,1753,284,166,713,0.7837,-1,-1,-1
655,1,869,333,166,454,0.8799,-1,-1,-1
656,61,809,396,66,240,0.7358,-1,-1,-1
656,60,1119,317,202,535,0.8765,-1,-1,-1
656,58,1312,301,151,530,0.8430,-1,-1,-1
656,52,516,355,111,405,0.8172,-1,-1,-1
656,48,1449,295,140,555,0.8449,-1,-1,-1
656,36,1021,306,126,481,0.7741,-1,-1,-1
656,4,1765,286,154,752,0.8470,-1,-1,-1
656,1,864,335,167,446,0.8535,-1,-1,-1
657,61,803,408,68,221,0.7457,-1,-1,-1
657,60,1115,321,203,529,0.8735,-1,-1,-1
657,58,1308,302,157,535,0.8495,-1,-1,-1
657,52,512,361,116,403,0.8252,-1,-1,-1
657,48,1452,297,139,553,0.8635,-1,-1,-1
657,36,1018,306,121,472,0.7690,-1,-1,-1
657,4,1782,290,137,761,0.8446,-1,-1,-1
657,1,862,339,167,445,0.8617,-1,-1,-1
658,61,799,406,67,221,0.7255,-1,-1,-1
658,60,1114,318,201,518,0.8577,-1,-1,-1
658,58,1303,300,163,538,0.8565,-1,-1,-1
658,52,506,362,109,401,0.7737,-1,-1,-1
658,48,1453,295,142,553,0.8483,-1,-1,-1
658,36,1017,307,128,480,0.7962,-1,-1,-1
658,4,1787,289,132,767,0.8308,-1,-1,-1
658,1,857,334,170,447,0.8592,-1,-1,-1
659,61,794,400,70,227,0.7277,-1,-1,-1
659,60,1110,311,204,530,0.8650,-1,-1,-1
659,58,1300,298,172,536,0.8519,-1,-1,-1
659,52,500,368,115,395,0.7611,-1,-1,-1
659,48,1457,293,141,555,0.8351,-1,-1,-1
659,36,1019,305,119,478,0.7894,-1,-1,-1
659,4,1798,286,121,773,0.8297,-1,-1,-1
659,1,857,329,168,449,0.8709,-1,-1,-1
660,61,788,390,76,237,0.7327,-1,-1,-1
660,60,1105,305,208,544,0.8682,-1,-1,-1
660,58,1304,298,166,544,0.8462,-1,-1,-1
660,52,499,362,119,400,0.7562,-1,-1,-1
660,48,1456,290,146,559,0.8104,-1,-1,-1
660,36,1016,305,123,482,0.7881,-1,-1,-1
660,4,1805,283,114,785,0.7917,-1,-1,-1
660,1,854,328,169,448,0.8756,-1,-1,-1
661,61,792,389,65,238,0.6835,-1,-1,-1
661,60,1103,295,204,558,0.8364,-1,-1,-1
661,58,1294,296,177,545,0.8305,-1,-1,-1
661,52,495,359,106,408,0.7509,-1,-1,-1
661,48,1455,288,149,566,0.8235,-1,-1,-1
661,36,1014,307,119,477,0.7728,-1,-1,-1
661,4,1811,282,108,792,0.8116,-1,-1,-1
661,1,853,327,165,454,0.8667,-1,-1,-1
662,61,788,388,65,239,0.6790,-1,-1,-1
662,60,1100,297,204,561,0.8485,-1,-1,-1
662,58,1298,292,174,551,0.8469,-1,-1,-1
662,52,490,357,107,413,0.7891,-1,-1,-1
662,48,1457,286,148,573,0.8071,-1,-1,-1
662,36,1012,310,115,477,0.7916,-1,-1,-1
662,4,1813,278,106,793,0.8104,-1,-1,-1
662,1,851,329,166,458,0.8555,-1,-1,-1
663,61,781,393,69,234,0.5560,-1,-1,-1
663,60,1095,295,208,572,0.8728,-1,-1,-1
663,58,1289,287,178,567,0.8422,-1,-1,-1
663,52,482,360,109,413,0.8249,-1,-1,-1
663,48,1458,287,147,573,0.8349,-1,-1,-1
663,36,1010,312,119,482,0.8410,-1,-1,-1
663,4,1812,278,107,794,0.7980,-1,-1,-1
663,1,839,330,169,454,0.8657,-1,-1,-1
664,61,775,388,67,247,0.7159,-1,-1,-1
664,60,1092,293,204,584,0.8781,-1,-1,-1
664,58,1286,284,180,578,0.8439,-1,-1,-1
664,52,476,355,114,420,0.8513,-1,-1,-1
664,48,1455,289,150,569,0.8529,-1,-1,-1
664,36,1004,308,118,482,0.8103,-1,-1,-1
664,4,1812,276,107,796,0.7978,-1,-1,-1
664,1,838,331,165,448,0.8959,-1,-1,-1
665,61,765,385,73,254,0.8019,-1,-1,-1
665,60,1087,292,210,591,0.8942,-1,-1,-1
665,58,1281,281,181,583,0.8476,-1,-1,-1
665,52,470,354,116,421,0.8439,-1,-1,-1
665,48,1451,289,155,569,0.8651,-1,-1,-1
665,36,1001,308,114,479,0.8521,-1,-1,-1
665,4,1814,272,105,802,0.7950,-1,-1,-1
665,1,846,332,153,449,0.8932,-1,-1,-1
666,61,763,384,70,253,0.7544,-1,-1,-1
666,60,1084,289,210,612,0.8963,-1,-1,-1
666,58,1275,282,185,584,0.8588,-1,-1,-1
666,52,460,353,115,424,0.8397,-1,-1,-1
666,48,1451,286,159,576,0.8750,-1,-1,-1
666,36,987,306,124,485,0.8323,-1,-1,-1
666,4,1799,268,120,807,0.7964,-1,-1,-1
666,1,843,332,152,449,0.9108,-1,-1,-1
667,61,761,395,69,242,0.7058,-1,-1,-1
667,60,1081,287,220,624,0.8868,-1,-1,-1
667,58,1275,282,177,590,0.8724,-1,-1,-1
667,52,452,355,120,423,0.7905,-1,-1,-1
667,48,1448,287,159,572,0.8771,-1,-1,-1
667,36,983,303,124,476,0.8358,-1,-1,-1
667,4,1788,258,131,817,0.7922,-1,-1,-1
667,1,839,333,155,448,0.9014,-1,-1,-1
668,61,754,386,71,251,0.6810,-1,-1,-1
668,60,1078,285,224,642,0.8819,-1,-1,-1
668,58,1274,278,173,593,0.8751,-1,-1,-1
668,52,445,352,113,427,0.7825,-1,-1,-1
668,48,1446,281,166,578,0.8793,-1,-1,-1
668,36,982,298,120,486,0.8039,-1,-1,-1
668,4,1788,254,131,821,0.7810,-1,-1,-1
668,1,838,332,160,447,0.9063,-1,-1,-1
669,61,750,387,70,253,0.7351,-1,-1,-1
669,60,1073,282,229,645,0.8841,-1,-1,-1
669,58,1272,270,173,602,0.8735,-1,-1,-1
669,52,440,352,111,430,0.7706,-1,-1,-1
669,48,1442,278,172,582,0.8826,-1,-1,-1
669,36,978,299,122,490,0.8127,-1,-1,-1
669,4,1797,252,122,823,0.8100,-1,-1,-1
669,1,834,332,155,440,0.8934,-1,-1,-1
670,61,739,378,83,263,0.8191,-1,-1,-1
670,60,1073,281,233,658,0.8898,-1,-1,-1
670,58,1272,260,173,612,0.8777,-1,-1,-1
670,52,434,352,114,432,0.8060,-1,-1,-1
670,48,1441,276,175,586,0.8835,-1,-1,-1
670,36,974,296,124,486,0.8248,-1,-1,-1
670,4,1800,244,119,829,0.8325,-1,-1,-1
670,1,832,330,152,430,0.8725,-1,-1,-1
671,61,740,379,80,261,0.8027,-1,-1,-1
671,60,1073,281,234,674,0.8900,-1,-1,-1
671,58,1274,259,176,615,0.8831,-1,-1,-1
671,52,428,350,116,435,0.8539,-1,-1,-1
671,48,1444,275,175,591,0.8818,-1,-1,-1
671,36,971,296,123,480,0.8115,-1,-1,-1
671,4,1797,204,122,870,0.8411,-1,-1,-1
671,1,833,328,149,436,0.8746,-1,-1,-1
672,61,738,380,79,261,0.7933,-1,-1,-1
672,60,1074,278,236,687,0.8879,-1,-1,-1
672,58,1273,260,183,619,0.8874,-1,-1,-1
672,52,424,347,119,441,0.8431,-1,-1,-1
672,48,1447,274,174,593,0.8799,-1,-1,-1
672,36,969,294,127,481,0.8084,-1,-1,-1
672,4,1793,213,126,862,0.8615,-1,-1,-1
672,1,834,329,146,437,0.8781,-1,-1,-1
673,61,739,377,79,265,0.7757,-1,-1,-1
673,60,1073,271,242,699,0.8915,-1,-1,-1
673,58,1276,255,180,647,0.8579,-1,-1,-1
673,52,420,345,120,443,0.8598,-1,-1,-1
673,48,1445,272,181,600,0.8764,-1,-1,-1
673,36,968,293,128,489,0.8044,-1,-1,-1
673,4,1788,218,131,857,0.8681,-1,-1,-1
673,1,835,325,145,440,0.8804,-1,-1,-1
674,61,738,380,79,267,0.7642,-1,-1,-1
674,60,1072,265,257,712,0.9071,-1,-1,-1
674,58,1279,246,183,645,0.8473,-1,-1,-1
674,52,419,347,118,442,0.8334,-1,-1,-1
674,48,1448,271,186,601,0.8539,-1,-1,-1
674,36,969,294,130,490,0.8056,-1,-1,-1
674,4,1782,211,137,860,0.8603,-1,-1,-1
674,1,835,327,141,440,0.8775,-1,-1,-1
675,61,738,381,76,262,0.7518,-1,-1,-1
675,60,1070,263,270,716,0.9082,-1,-1,-1
675,58,1280,249,188,652,0.8331,-1,-1,-1
675,52,415,351,124,441,0.8169,-1,-1,-1
675,48,1451,272,189,601,0.8537,-1,-1,-1
675,36,968,293,133,494,0.8090,-1,-1,-1
675,4,1775,230,144,842,0.8672,-1,-1,-1
675,1,836,325,145,440,0.8825,-1,-1,-1
676,61,738,382,75,262,0.7662,-1,-1,-1
676,60,1066,259,283,703,0.8837,-1,-1,-1
676,58,1291,241,191,673,0.8601,-1,-1,-1
676,52,412,351,125,446,0.8233,-1,-1,-1
676,48,1457,273,189,588,0.8221,-1,-1,-1
676,36,966,286,138,504,0.8272,-1,-1,-1
676,4,1767,225,152,844,0.8755,-1,-1,-1
676,1,836,328,144,441,0.8918,-1,-1,-1
677,61,733,379,82,265,0.7521,-1,-1,-1
677,60,1062,252,294,704,0.8608,-1,-1,-1
677,58,1297,235,195,681,0.8527,-1,-1,-1
677,52,409,354,129,442,0.8151,-1,-1,-1
677,48,1465,271,182,589,0.8158,-1,-1,-1
677,36,968,282,136,500,0.8134,-1,-1,-1
677,4,1761,223,158,845,0.8943,-1,-1,-1
677,1,835,325,149,444,0.8932,-1,-1,-1
678,61,731,376,85,269,0.7661,-1,-1,-1
678,60,1064,243,297,692,0.8752,-1,-1,-1
678,58,1301,240,200,694,0.8311,-1,-1,-1
678,52,406,352,129,445,0.8166,-1,-1,-1
678,48,1470,269,180,590,0.8492,-1,-1,-1
678,36,965,286,146,501,0.8021,-1,-1,-1
678,4,1753,224,166,843,0.8775,-1,-1,-1
678,1,836,325,149,449,0.8905,-1,-1,-1
679,61,734,375,81,270,0.7756,-1,-1,-1
679,60,1064,233,297,728,0.8729,-1,-1,-1
679,58,1314,231,194,720,0.8311,-1,-1,-1
679,52,408,351,134,450,0.8094,-1,-1,-1
679,48,1475,267,181,590,0.8382,-1,-1,-1
679,36,969,285,145,500,0.7995,-1,-1,-1
679,4,1743,240,176,824,0.8643,-1,-1,-1
679,1,836,324,152,445,0.8855,-1,-1,-1
680,61,736,375,85,272,0.8285,-1,-1,-1
680,60,1068,228,287,746,0.8816,-1,-1,-1
680,58,1326,235,194,731,0.8176,-1,-1,-1
680,52,406,355,130,448,0.8005,-1,-1,-1
680,48,1479,263,187,604,0.7963,-1,-1,-1
680,36,973,287,140,502,0.8128,-1,-1,-1
680,4,1740,244,179,806,0.8048,-1,-1,-1
680,1,837,327,159,447,0.8942,-1,-1,-1
681,61,738,381,86,270,0.8184,-1,-1,-1
681,60,1070,226,291,762,0.8920,-1,-1,-1
681,58,1331,240,201,732,0.8382,-1,-1,-1
681,52,410,350,129,456,0.7827,-1,-1,-1
681,48,1492,265,179,600,0.7699,-1,-1,-1
681,36,978,290,136,494,0.8145,-1,-1,-1
681,4,1742,249,177,690,0.7377,-1,-1,-1
681,1,840,330,159,442,0.8760,-1,-1,-1
682,61,741,380,84,276,0.8294,-1,-1,-1
682,60,1075,222,296,780,0.8893,-1,-1,-1
682,58,1343,233,198,742,0.8402,-1,-1,-1
682,52,412,349,127,460,0.7904,-1,-1,-1
682,48,1500,266,176,602,0.7842,-1,-1,-1
682,36,983,291,131,490,0.8224,-1,-1,-1
682,4,1741,251,178,538,0.7314,-1,-1,-1
682,1,845,330,159,443,0.8253,-1,-1,-1
683,61,741,377,87,279,0.8440,-1,-1,-1
683,60,1085,218,294,812,0.8835,-1,-1,-1
683,58,1353,225,215,756,0.8378,-1,-1,-1
683,52,414,346,125,465,0.7981,-1,-1,-1
683,48,1506,266,174,606,0.7657,-1,-1,-1
683,36,990,291,127,492,0.8075,-1,-1,-1
683,1,851,333,156,431,0.8109,-1,-1,-1
684,61,749,380,88,279,0.8409,-1,-1,-1
684,60,1090,215,297,845,0.9024,-1,-1,-1
684,58,1364,224,211,763,0.8659,-1,-1,-1
684,52,415,344,129,472,0.7981,-1,-1,-1
684,48,1512,265,169,625,0.7177,-1,-1,-1
684,36,1004,296,118,492,0.7776,-1,-1,-1
684,1,856,331,159,443,0.8051,-1,-1,-1
685,61,755,378,90,286,0.8298,-1,-1,-1
685,60,1096,209,301,866,0.8870,-1,-1,-1
685,58,1372,219,223,767,0.8397,-1,-1,-1
685,52,418,342,132,475,0.8062,-1,-1,-1
685,48,1521,258,173,625,0.6477,-1,-1,-1
685,36,1011,297,119,490,0.7871,-1,-1,-1
685,1,860,328,158,445,0.8573,-1,-1,-1
686,62,849,394,52,225,0.4724,-1,-1,-1
686,61,761,378,84,286,0.7945,-1,-1,-1
686,60,1102,210,307,864,0.9092,-1,-1,-1
686,58,1390,209,241,779,0.8299,-1,-1,-1
686,52,424,346,127,462,0.8161,-1,-1,-1
686,48,1548,281,152,604,0.5785,-1,-1,-1
686,36,1015,296,123,489,0.8446,-1,-1,-1
686,1,873,325,151,446,0.8530,-1,-1,-1
687,61,766,373,85,289,0.8142,-1,-1,-1
687,60,1106,205,308,867,0.9205,-1,-1,-1
687,58,1390,202,275,788,0.8298,-1,-1,-1
687,52,428,336,126,471,0.8000,-1,-1,-1
687,36,1023,295,119,498,0.8194,-1,-1,-1
687,1,874,326,161,449,0.8632,-1,-1,-1
688,61,765,378,92,285,0.8526,-1,-1,-1
688,60,1110,200,313,874,0.9080,-1,-1,-1
688,58,1406,195,285,794,0.8608,-1,-1,-1
688,52,431,332,134,479,0.8191,-1,-1,-1
688,36,1027,287,121,499,0.8172,-1,-1,-1
688,4,1810,327,109,456,0.5407,-1,-1,-1
688,1,878,324,155,448,0.8423,-1,-1,-1
689,61,774,372,90,283,0.8171,-1,-1,-1
689,60,1114,197,318,876,0.9126,-1,-1,-1
689,58,1418,186,295,802,0.8837,-1,-1,-1
689,52,433,332,134,475,0.8023,-1,-1,-1
689,36,1036,287,117,492,0.7969,-1,-1,-1
689,1,883,320,158,438,0.8446,-1,-1,-1
690,61,774,363,95,289,0.8082,-1,-1,-1
690,60,1113,187,329,888,0.9134,-1,-1,-1
690,58,1427,174,310,814,0.8942,-1,-1,-1
690,52,439,324,136,478,0.7829,-1,-1,-1
690,36,1031,280,128,498,0.8379,-1,-1,-1
690,1,894,317,154,436,0.8309,-1,-1,-1
691,61,776,361,90,285,0.8258,-1,-1,-1
691,60,1116,171,335,906,0.8980,-1,-1,-1
691,58,1432,164,336,832,0.9182,-1,-1,-1
691,52,441,318,135,478,0.7838,-1,-1,-1
691,36,1048,280,113,496,0.8135,-1,-1,-1
691,1,909,309,147,438,0.8399,-1,-1,-1
692,62,869,360,56,251,0.5319,-1,-1,-1
692,61,777,358,91,287,0.8046,-1,-1,-1
692,60,1113,160,356,914,0.8987,-1,-1,-1
692,58,1443,154,347,862,0.9137,-1,-1,-1
692,52,440,309,131,484,0.8071,-1,-1,-1
692,36,1049,274,114,511,0.7174,-1,-1,-1
692,1,916,302,139,443,0.8151,-1,-1,-1
693,62,868,374,56,230,0.5436,-1,-1,-1
693,61,781,357,90,285,0.7574,-1,-1,-1
693,60,1108,147,375,927,0.8828,-1,-1,-1
693,58,1450,148,365,891,0.9198,-1,-1,-1
693,52,438,316,134,478,0.7941,-1,-1,-1
693,36,1055,272,109,541,0.6295,-1,-1,-1
693,1,913,295,156,446,0.7879,-1,-1,-1
694,62,868,371,58,232,0.5096,-1,-1,-1
694,61,784,353,87,289,0.7676,-1,-1,-1
694,60,1107,133,389,939,0.8753,-1,-1,-1
694,58,1455,139,379,911,0.9150,-1,-1,-1
694,52,434,309,135,487,0.8007,-1,-1,-1
694,36,1061,271,93,497,0.6028,-1,-1,-1
694,1,915,283,138,453,0.7530,-1,-1,-1
695,62,867,370,62,227,0.5225,-1,-1,-1
695,61,785,350,84,288,0.7653,-1,-1,-1
695,60,1104,119,404,954,0.8881,-1,-1,-1
695,58,1464,131,390,920,0.9133,-1,-1,-1
695,52,433,303,128,493,0.8177,-1,-1,-1
695,36,1058,267,94,498,0.5574,-1,-1,-1
695,1,916,298,157,438,0.7953,-1,-1,-1
696,62,865,370,65,229,0.5485,-1,-1,-1
696,61,776,348,94,292,0.7905,-1,-1,-1
696,60,1113,103,409,973,0.8832,-1,-1,-1
696,58,1471,122,404,940,0.9031,-1,-1,-1
696,52,431,300,130,495,0.8143,-1,-1,-1
696,1,915,297,146,438,0.7754,-1,-1,-1
697,62,864,358,63,246,0.6800,-1,-1,-1
697,61,777,342,94,296,0.7977,-1,-1,-1
697,60,1116,91,425,982,0.9037,-1,-1,-1
697,58,1473,116,420,958,0.9130,-1,-1,-1
697,52,426,295,136,498,0.8340,-1,-1,-1
697,1,917,275,138,451,0.7918,-1,-1,-1
698,63,1040,218,172,706,0.6038,-1,-1,-1
698,62,864,351,63,247,0.6769,-1,-1,-1
698,61,779,338,94,298,0.7689,-1,-1,-1
698,60,1115,73,437,1001,0.9335,-1,-1,-1
698,58,1485,109,425,959,0.9237,-1,-1,-1
698,52,425,287,134,504,0.8184,-1,-1,-1
698,1,918,289,144,435,0.7860,-1,-1,-1
699,63,1040,202,178,736,0.5788,-1,-1,-1
699,62,863,346,66,249,0.6053,-1,-1,-1
699,61,775,335,100,299,0.7767,-1,-1,-1
699,60,1118,52,444,1025,0.9334,-1,-1,-1
699,58,1492,94,425,969,0.9263,-1,-1,-1
699,52,425,281,151,499,0.8262,-1,-1,-1
699,1,919,282,157,438,0.7908,-1,-1,-1
700,63,1049,196,149,735,0.7031,-1,-1,-1
700,62,866,346,62,242,0.6702,-1,-1,-1
700,61,773,331,101,300,0.7594,-1,-1,-1
700,60,1130,29,442,1047,0.9363,-1,-1,-1
700,58,1508,80,410,989,0.9283,-1,-1,-1
700,52,421,275,140,504,0.8043,-1,-1,-1
700,1,923,282,151,436,0.8038,-1,-1,-1
701,63,1045,192,145,743,0.7710,-1,-1,-1
701,62,864,342,62,244,0.6481,-1,-1,-1
701,61,774,330,104,301,0.7648,-1,-1,-1
701,60,1139,20,443,1054,0.9327,-1,-1,-1
701,58,1513,67,405,1004,0.9130,-1,-1,-1
701,52,416,273,131,511,0.8250,-1,-1,-1
701,1,923,281,151,436,0.8079,-1,-1,-1
702,63,1041,184,152,760,0.7657,-1,-1,-1
702,62,859,333,67,248,0.6521,-1,-1,-1
702,61,767,325,114,305,0.7854,-1,-1,-1
702,60,1141,12,448,1061,0.9131,-1,-1,-1
702,58,1513,64,405,1005,0.9346,-1,-1,-1
702,52,410,269,138,516,0.8474,-1,-1,-1
702,1,922,278,139,437,0.7983,-1,-1,-1
703,63,1041,178,182,763,0.8240,-1,-1,-1
703,62,859,332,70,249,0.6659,-1,-1,-1
703,61,770,319,108,311,0.8006,-1,-1,-1
703,60,1149,8,442,1067,0.9105,-1,-1,-1
703,58,1520,48,398,1022,0.9147,-1,-1,-1
703,52,406,255,140,525,0.8171,-1,-1,-1
703,1,923,275,132,428,0.8165,-1,-1,-1
704,63,1035,161,211,778,0.8300,-1,-1,-1
704,62,858,328,69,248,0.6573,-1,-1,-1
704,61,768,313,112,317,0.8256,-1,-1,-1
704,60,1153,4,447,1071,0.9208,-1,-1,-1
704,58,1533,37,385,1030,0.9176,-1,-1,-1
704,52,398,254,141,519,0.8281,-1,-1,-1
704,1,923,268,121,432,0.8009,-1,-1,-1
705,63,1024,148,206,797,0.8323,-1,-1,-1
705,62,856,324,69,243,0.6997,-1,-1,-1
705,61,770,310,106,313,0.8227,-1,-1,-1
705,60,1161,3,451,1074,0.9122,-1,-1,-1
705,58,1546,22,373,1048,0.9220,-1,-1,-1
705,52,394,246,142,523,0.8498,-1,-1,-1
705,1,924,267,118,427,0.8139,-1,-1,-1
706,63,1007,138,207,816,0.8531,-1,-1,-1
706,62,856,319,68,245,0.7390,-1,-1,-1
706,61,770,305,102,313,0.8328,-1,-1,-1
706,60,1175,4,448,1070,0.9088,-1,-1,-1
706,58,1560,4,358,1062,0.9238,-1,-1,-1
706,52,392,241,151,534,0.8327,-1,-1,-1
706,1,924,255,121,431,0.8066,-1,-1,-1
707,63,997,121,211,856,0.9016,-1,-1,-1
707,62,856,315,67,242,0.6850,-1,-1,-1
707,61,770,299,102,316,0.8384,-1,-1,-1
707,60,1182,4,464,1070,0.9355,-1,-1,-1
707,58,1579,2,340,1074,0.9211,-1,-1,-1
707,52,389,235,145,534,0.8390,-1,-1,-1
707,1,923,249,115,435,0.7373,-1,-1,-1
708,63,980,107,229,885,0.8907,-1,-1,-1
708,62,854,309,70,251,0.6874,-1,-1,-1
708,61,767,291,106,317,0.8330,-1,-1,-1
708,60,1186,4,480,1069,0.9386,-1,-1,-1
708,58,1601,2,318,1073,0.9136,-1,-1,-1
708,52,385,227,147,538,0.8468,-1,-1,-1
708,1,923,243,101,433,0.6183,-1,-1,-1
709,63,965,101,266,902,0.8658,-1,-1,-1
709,62,853,301,70,249,0.6314,-1,-1,-1
709,61,767,279,107,324,0.8184,-1,-1,-1
709,60,1190,4,486,1069,0.9280,-1,-1,-1
709,58,1623,5,296,1072,0.9109,-1,-1,-1
709,52,383,214,146,543,0.8503,-1,-1,-1
709,1,921,235,108,434,0.4050,-1,-1,-1
710,63,931,86,305,934,0.8969,-1,-1,-1
710,62,849,289,77,261,0.6389,-1,-1,-1
710,61,769,273,107,327,0.8034,-1,-1,-1
710,60,1223,4,522,1068,0.9341,-1,-1,-1
710,58,1659,4,259,1068,0.9045,-1,-1,-1
710,52,377,214,145,540,0.8443,-1,-1,-1
711,63,928,75,307,954,0.8874,-1,-1,-1
711,62,848,288,75,262,0.6305,-1,-1,-1
711,61,767,267,110,330,0.8115,-1,-1,-1
711,60,1242,4,558,1067,0.9381,-1,-1,-1
711,58,1694,3,224,1056,0.8100,-1,-1,-1
711,52,374,210,147,543,0.8378,-1,-1,-1
712,63,904,63,332,980,0.9013,-1,-1,-1
712,62,847,289,75,260,0.6406,-1,-1,-1
712,61,764,265,112,327,0.8067,-1,-1,-1
712,60,1261,3,576,1068,0.9376,-1,-1,-1
712,58,1745,9,173,860,0.5558,-1,-1,-1
712,52,369,205,151,547,0.8426,-1,-1,-1
713,63,900,51,332,1008,0.9047,-1,-1,-1
713,62,847,276,76,266,0.6162,-1,-1,-1
713,61,760,261,113,333,0.8208,-1,-1,-1
713,60,1281,5,592,1065,0.9490,-1,-1,-1
713,58,1743,3,176,800,0.4374,-1,-1,-1
713,52,366,195,151,555,0.8278,-1,-1,-1
714,63,892,45,335,1022,0.9162,-1,-1,-1
714,62,848,274,72,269,0.6446,-1,-1,-1
714,61,758,261,121,333,0.8284,-1,-1,-1
714,60,1294,6,621,1064,0.9577,-1,-1,-1
714,58,1739,7,180,846,0.5102,-1,-1,-1
714,52,364,193,150,557,0.8234,-1,-1,-1
715,63,881,33,332,1035,0.9065,-1,-1,-1
715,62,848,273,66,269,0.6720,-1,-1,-1
715,61,759,260,123,330,0.8060,-1,-1,-1
715,60,1285,5,635,1063,0.9558,-1,-1,-1
715,52,363,192,149,559,0.8164,-1,-1,-1
716,63,873,6,334,1063,0.9025,-1,-1,-1
716,62,847,271,56,268,0.6715,-1,-1,-1
716,61,758,256,114,334,0.8100,-1,-1,-1
716,60,1273,6,646,1062,0.9533,-1,-1,-1
716,52,355,188,155,563,0.8116,-1,-1,-1
717,64,1238,308,67,213,0.5973,-1,-1,-1
717,63,854,1,346,1070,0.8944,-1,-1,-1
717,61,755,249,128,342,0.8448,-1,-1,-1
717,60,1267,6,651,1061,0.9543,-1,-1,-1
717,52,350,183,155,569,0.8179,-1,-1,-1
718,64,1240,317,64,204,0.6739,-1,-1,-1
718,63,846,3,341,1070,0.9215,-1,-1,-1
718,61,758,245,108,350,0.8589,-1,-1,-1
718,60,1268,7,651,1059,0.9498,-1,-1,-1
718,52,348,181,155,572,0.8115,-1,-1,-1
719,64,1243,307,66,217,0.6612,-1,-1,-1
719,63,816,2,356,1071,0.9196,-1,-1,-1
719,61,756,241,102,357,0.8631,-1,-1,-1
719,60,1276,6,642,1061,0.9553,-1,-1,-1
719,52,343,177,157,577,0.8197,-1,-1,-1
720,64,1237,299,80,224,0.6903,-1,-1,-1
720,63,795,4,356,1066,0.9287,-1,-1,-1
720,61,753,240,92,357,0.6909,-1,-1,-1
720,60,1286,5,632,1059,0.9550,-1,-1,-1
720,52,339,177,160,580,0.8317,-1,-1,-1
721,64,1236,299,80,219,0.6661,-1,-1,-1
721,63,767,4,363,1069,0.9173,-1,-1,-1
721,60,1293,6,625,1056,0.9511,-1,-1,-1
721,52,333,186,169,574,0.8422,-1,-1,-1
722,64,1234,297,81,220,0.6817,-1,-1,-1
722,63,749,3,366,1071,0.9075,-1,-1,-1
722,60,1305,6,612,1055,0.9578,-1,-1,-1
722,52,328,182,169,578,0.8686,-1,-1,-1
722,36,1086,162,139,521,0.8587,-1,-1,-1
723,64,1226,293,92,227,0.5368,-1,-1,-1
723,63,728,3,370,1067,0.9116,-1,-1,-1
723,60,1316,5,602,1055,0.9415,-1,-1,-1
723,52,325,165,164,599,0.8825,-1,-1,-1
723,36,1082,161,145,512,0.8744,-1,-1,-1
724,66,1285,110,178,667,0.8345,-1,-1,-1
724,64,1247,298,70,214,0.4186,-1,-1,-1
724,63,701,3,394,1069,0.9304,-1,-1,-1
724,60,1331,5,587,1060,0.9318,-1,-1,-1
724,52,321,160,166,603,0.8732,-1,-1,-1
724,36,1076,156,153,512,0.8820,-1,-1,-1
725,66,1240,105,216,676,0.8590,-1,-1,-1
725,63,669,3,402,1072,0.9173,-1,-1,-1
725,60,1339,5,579,1065,0.9205,-1,-1,-1
725,52,314,156,166,601,0.8607,-1,-1,-1
725,36,1072,152,157,511,0.8780,-1,-1,-1
726,66,1225,107,229,692,0.8762,-1,-1,-1
726,63,634,3,408,1077,0.9171,-1,-1,-1
726,60,1357,5,562,1063,0.8852,-1,-1,-1
726,52,311,153,165,602,0.8567,-1,-1,-1
726,36,1064,150,170,513,0.8759,-1,-1,-1
727,66,1195,98,267,713,0.8785,-1,-1,-1
727,63,605,4,413,1070,0.9226,-1,-1,-1
727,60,1399,5,519,1061,0.8657,-1,-1,-1
727,52,299,145,169,613,0.8539,-1,-1,-1
727,36,1062,151,171,510,0.8729,-1,-1,-1
728,66,1174,102,287,704,0.8632,-1,-1,-1
728,63,564,5,435,1068,0.9292,-1,-1,-1
728,60,1544,5,375,1062,0.7388,-1,-1,-1
728,52,289,141,168,617,0.8537,-1,-1,-1
728,36,1058,150,164,510,0.8221,-1,-1,-1
729,66,1129,98,329,706,0.8735,-1,-1,-1
729,63,521,2,450,1071,0.9266,-1,-1,-1
729,60,1685,25,233,1040,0.4110,-1,-1,-1
729,52,281,131,169,624,0.8780,-1,-1,-1
729,36,1059,148,145,510,0.8271,-1,-1,-1
729,1,931,186,126,436,0.8355,-1,-1,-1
730,66,1124,95,336,705,0.8928,-1,-1,-1
730,63,468,3,471,1071,0.9423,-1,-1,-1
730,52,270,126,170,629,0.8697,-1,-1,-1
730,36,1058,145,149,511,0.8425,-1,-1,-1
730,1,916,184,139,436,0.8218,-1,-1,-1
731,66,1102,91,355,710,0.8895,-1,-1,-1
731,63,423,5,486,1070,0.9301,-1,-1,-1
731,52,258,130,165,626,0.8412,-1,-1,-1
731,36,1051,140,144,517,0.8655,-1,-1,-1
731,1,906,184,143,438,0.8199,-1,-1,-1
732,66,1098,86,355,711,0.8737,-1,-1,-1
732,63,348,5,531,1062,0.9251,-1,-1,-1
732,52,243,117,158,642,0.8260,-1,-1,-1
732,36,1051,137,135,515,0.8323,-1,-1,-1
732,1,904,182,155,436,0.8265,-1,-1,-1
733,66,1089,70,349,728,0.8784,-1,-1,-1
733,63,255,5,595,1064,0.9347,-1,-1,-1
733,36,1042,132,137,516,0.8226,-1,-1,-1
733,1,899,178,162,436,0.8257,-1,-1,-1
734,66,1084,79,337,717,0.8971,-1,-1,-1
734,63,219,6,587,1061,0.9428,-1,-1,-1
734,36,1030,133,137,521,0.8433,-1,-1,-1
734,1,890,181,150,435,0.8450,-1,-1,-1
735,66,1072,74,322,738,0.8838,-1,-1,-1
735,63,160,5,612,1063,0.9062,-1,-1,-1
735,36,1021,134,137,521,0.7863,-1,-1,-1
735,1,887,179,147,435,0.8485,-1,-1,-1
736,66,1053,70,311,734,0.8556,-1,-1,-1
736,63,35,5,692,1061,0.9001,-1,-1,-1
736,61,712,182,130,407,0.6655,-1,-1,-1
736,36,1026,132,107,527,0.7182,-1,-1,-1
736,1,881,177,142,436,0.8518,-1,-1,-1
737,66,1051,66,275,727,0.8416,-1,-1,-1
737,63,0,5,691,1059,0.9338,-1,-1,-1
737,61,674,174,151,417,0.7283,-1,-1,-1
737,36,1008,138,113,517,0.7288,-1,-1,-1
737,1,878,176,136,432,0.8602,-1,-1,-1
738,66,1025,70,248,722,0.8696,-1,-1,-1
738,63,2,4,665,1058,0.9209,-1,-1,-1
738,61,650,168,156,442,0.8258,-1,-1,-1
738,1,865,172,132,436,0.8167,-1,-1,-1
739,66,1002,69,223,735,0.8467,-1,-1,-1
739,63,1,3,640,1048,0.8299,-1,-1,-1
739,61,622,166,166,446,0.7658,-1,-1,-1
739,1,842,178,142,435,0.8347,-1,-1,-1
740,66,980,64,195,732,0.8330,-1,-1,-1
740,63,2,3,596,1049,0.8850,-1,-1,-1
740,61,611,162,165,452,0.8727,-1,-1,-1
740,1,830,168,143,444,0.8888,-1,-1,-1
741,66,951,64,202,742,0.8539,-1,-1,-1
741,63,1,3,543,1059,0.8855,-1,-1,-1
741,61,602,160,158,459,0.8686,-1,-1,-1
741,1,818,177,141,436,0.8220,-1,-1,-1
742,66,920,66,210,762,0.8476,-1,-1,-1
742,63,0,3,451,997,0.4933,-1,-1,-1
742,61,578,155,180,464,0.8625,-1,-1,-1
742,1,804,178,142,437,0.7931,-1,-1,-1
743,66,893,69,223,757,0.8337,-1,-1,-1
743,63,0,12,286,979,0.7325,-1,-1,-1
743,61,569,154,167,471,0.8585,-1,-1,-1
743,1,789,180,152,434,0.8218,-1,-1,-1
744,66,841,65,247,766,0.8055,-1,-1,-1
744,63,0,63,204,730,0.8558,-1,-1,-1
744,61,553,153,174,480,0.8385,-1,-1,-1
744,1,776,171,149,444,0.7602,-1,-1,-1
745,66,799,60,288,767,0.6661,-1,-1,-1
745,63,0,60,178,761,0.8711,-1,-1,-1
745,61,533,155,178,491,0.8611,-1,-1,-1
745,1,758,179,143,432,0.7390,-1,-1,-1
746,69,1049,226,106,313,0.7364,-1,-1,-1
746,66,727,55,338,772,0.8516,-1,-1,-1
746,63,0,57,154,766,0.8502,-1,-1,-1
746,61,512,155,191,490,0.8778,-1,-1,-1
746,1,757,180,124,423,0.7286,-1,-1,-1
747,69,1048,224,97,313,0.7013,-1,-1,-1
747,66,687,57,367,772,0.8755,-1,-1,-1
747,63,0,53,139,775,0.8413,-1,-1,-1
747,61,496,151,191,500,0.8773,-1,-1,-1
747,1,727,174,123,425,0.6563,-1,-1,-1
748,69,1033,222,105,319,0.7073,-1,-1,-1
748,66,662,52,370,776,0.8749,-1,-1,-1
748,63,0,57,115,776,0.7953,-1,-1,-1
748,61,480,148,192,509,0.8435,-1,-1,-1
748,1,719,170,112,406,0.6108,-1,-1,-1
749,69,1030,220,99,322,0.7431,-1,-1,-1
749,66,648,54,374,781,0.8742,-1,-1,-1
749,63,0,122,90,712,0.6782,-1,-1,-1
749,61,466,151,206,518,0.8618,-1,-1,-1
750,69,1030,224,97,323,0.7850,-1,-1,-1
750,66,626,48,386,804,0.8543,-1,-1,-1
750,63,0,169,76,664,0.6506,-1,-1,-1
750,61,459,149,195,529,0.8256,-1,-1,-1
750,36,905,143,96,455,0.5135,-1,-1,-1
751,70,972,240,92,325,0.6853,-1,-1,-1
751,69,1024,226,103,330,0.8007,-1,-1,-1
751,66,622,49,375,799,0.9010,-1,-1,-1
751,61,435,148,208,527,0.8716,-1,-1,-1
751,36,883,142,112,477,0.7370,-1,-1,-1
752,70,964,243,111,323,0.6796,-1,-1,-1
752,69,1026,227,100,330,0.8008,-1,-1,-1
752,66,612,48,368,806,0.9003,-1,-1,-1
752,61,424,144,214,543,0.8545,-1,-1,-1
752,36,865,145,123,510,0.7273,-1,-1,-1
753,70,961,245,117,334,0.7119,-1,-1,-1
753,69,1028,229,97,324,0.7899,-1,-1,-1
753,66,602,44,363,822,0.8867,-1,-1,-1
753,61,416,137,220,555,0.8598,-1,-1,-1
753,36,860,149,123,513,0.7695,-1,-1,-1
754,70,956,249,123,331,0.7593,-1,-1,-1
754,69,1027,233,99,321,0.7411,-1,-1,-1
754,66,597,47,338,832,0.9112,-1,-1,-1
754,61,400,137,224,569,0.8908,-1,-1,-1
754,36,858,147,125,525,0.7778,-1,-1,-1
755,70,956,248,121,333,0.7649,-1,-1,-1
755,69,1029,231,103,324,0.7499,-1,-1,-1
755,66,578,42,332,840,0.8877,-1,-1,-1
755,61,387,136,232,575,0.8917,-1,-1,-1
755,36,854,147,130,527,0.7723,-1,-1,-1
756,71,1817,318,102,325,0.6044,-1,-1,-1
756,70,951,251,121,331,0.7871,-1,-1,-1
756,69,1030,231,110,324,0.7860,-1,-1,-1
756,66,546,40,331,847,0.8505,-1,-1,-1
756,61,380,134,221,577,0.8892,-1,-1,-1
756,36,852,151,129,528,0.7502,-1,-1,-1
757,70,952,251,121,338,0.8014,-1,-1,-1
757,69,1031,234,113,323,0.7755,-1,-1,-1
757,66,556,39,292,855,0.8186,-1,-1,-1
757,61,374,133,200,584,0.8711,-1,-1,-1
757,36,849,154,134,529,0.7504,-1,-1,-1
758,70,954,254,131,339,0.8241,-1,-1,-1
758,69,1036,233,118,319,0.7616,-1,-1,-1
758,66,455,42,365,858,0.8406,-1,-1,-1
758,61,375,131,193,593,0.8712,-1,-1,-1
758,36,847,159,135,525,0.7791,-1,-1,-1
759,70,961,256,125,340,0.8245,-1,-1,-1
759,69,1043,236,111,328,0.7349,-1,-1,-1
759,66,469,39,308,870,0.8441,-1,-1,-1
759,61,375,132,186,604,0.8112,-1,-1,-1
759,36,849,163,126,523,0.7775,-1,-1,-1
760,70,967,253,122,347,0.8393,-1,-1,-1
760,69,1050,232,106,362,0.7529,-1,-1,-1
760,67,725,196,123,444,0.6930,-1,-1,-1
760,66,427,42,319,877,0.8445,-1,-1,-1
760,61,373,129,199,606,0.7885,-1,-1,-1
760,36,847,167,132,522,0.8010,-1,-1,-1
761,70,970,253,129,356,0.8672,-1,-1,-1
761,69,1054,231,107,355,0.7730,-1,-1,-1
761,67,717,199,134,443,0.7699,-1,-1,-1
761,66,396,42,337,885,0.8073,-1,-1,-1
761,61,373,127,196,617,0.6915,-1,-1,-1
761,36,846,169,134,524,0.8326,-1,-1,-1
762,70,971,253,133,358,0.8621,-1,-1,-1
762,69,1063,233,98,359,0.8004,-1,-1,-1
762,67,705,197,147,444,0.7807,-1,-1,-1
762,66,361,41,364,895,0.8426,-1,-1,-1
762,61,359,128,184,627,0.6124,-1,-1,-1
762,36,847,168,135,526,0.8325,-1,-1,-1
763,70,974,250,137,361,0.8683,-1,-1,-1
763,69,1066,231,99,366,0.7908,-1,-1,-1
763,67,703,205,149,443,0.8307,-1,-1,-1
763,66,347,39,373,906,0.8387,-1,-1,-1
763,61,345,133,188,622,0.6328,-1,-1,-1
763,36,847,167,137,528,0.8154,-1,-1,-1
764,70,974,250,147,365,0.8653,-1,-1,-1
764,69,1071,231,100,371,0.7681,-1,-1,-1
764,67,712,200,145,455,0.8299,-1,-1,-1
764,66,332,41,392,914,0.8593,-1,-1,-1
764,36,847,168,138,528,0.8239,-1,-1,-1
765,70,979,253,150,363,0.8288,-1,-1,-1
765,69,1077,231,102,372,0.7081,-1,-1,-1
765,67,716,206,149,449,0.8241,-1,-1,-1
765,66,323,38,396,924,0.8718,-1,-1,-1
765,36,855,168,137,521,0.8176,-1,-1,-1
766,70,980,252,156,371,0.8272,-1,-1,-1
766,69,1077,241,116,366,0.6961,-1,-1,-1
766,67,718,209,148,440,0.8142,-1,-1,-1
766,66,307,36,407,928,0.8925,-1,-1,-1
766,36,859,163,135,520,0.8404,-1,-1,-1
767,70,983,253,161,379,0.7658,-1,-1,-1
767,69,1080,243,121,366,0.6408,-1,-1,-1
767,67,719,199,150,453,0.8279,-1,-1,-1
767,66,290,33,417,933,0.9054,-1,-1,-1
767,36,860,160,135,520,0.8457,-1,-1,-1
767,1,630,273,106,334,0.6364,-1,-1,-1
768,70,982,253,165,372,0.7171,-1,-1,-1
768,69,1094,230,104,377,0.6978,-1,-1,-1
768,67,721,205,144,443,0.8020,-1,-1,-1
768,66,271,34,427,937,0.9123,-1,-1,-1
768,36,859,157,136,524,0.8421,-1,-1,-1
768,1,629,270,108,335,0.7596,-1,-1,-1
769,70,978,252,183,375,0.7299,-1,-1,-1
769,69,1102,229,94,382,0.6916,-1,-1,-1
769,67,721,198,136,442,0.8062,-1,-1,-1
769,66,245,35,448,940,0.9089,-1,-1,-1
769,36,851,157,145,524,0.8316,-1,-1,-1
769,1,628,269,107,338,0.8026,-1,-1,-1
770,70,976,250,181,388,0.7830,-1,-1,-1
770,69,1101,225,91,394,0.7143,-1,-1,-1
770,67,723,203,134,443,0.8050,-1,-1,-1
770,66,224,22,450,965,0.8922,-1,-1,-1
770,36,848,154,148,527,0.8312,-1,-1,-1
770,1,627,268,107,337,0.8252,-1,-1,-1
771,70,973,245,185,393,0.7964,-1,-1,-1
771,69,1099,220,93,399,0.6938,-1,-1,-1
771,67,724,196,135,441,0.8295,-1,-1,-1
771,66,203,16,456,976,0.9096,-1,-1,-1
771,36,843,153,155,527,0.8318,-1,-1,-1
771,1,626,262,110,344,0.7806,-1,-1,-1
772,70,969,247,192,400,0.7991,-1,-1,-1
772,69,1091,224,109,411,0.6962,-1,-1,-1
772,67,722,197,134,445,0.8322,-1,-1,-1
772,66,179,15,454,971,0.8991,-1,-1,-1
772,36,843,152,150,532,0.8576,-1,-1,-1
772,1,623,263,109,345,0.7810,-1,-1,-1
773,70,964,242,196,406,0.8238,-1,-1,-1
773,69,1095,213,103,418,0.7297,-1,-1,-1
773,67,719,196,133,444,0.8557,-1,-1,-1
773,66,162,13,439,927,0.8765,-1,-1,-1
773,36,835,152,151,531,0.8397,-1,-1,-1
773,1,616,259,114,348,0.7700,-1,-1,-1
774,70,960,234,200,415,0.8332,-1,-1,-1
774,69,1094,207,106,421,0.7469,-1,-1,-1
774,67,714,195,133,446,0.8699,-1,-1,-1
774,66,145,4,394,945,0.8808,-1,-1,-1
774,36,825,152,155,529,0.8581,-1,-1,-1
774,1,612,255,115,350,0.7776,-1,-1,-1
775,70,961,230,196,416,0.8693,-1,-1,-1
775,69,1091,204,109,425,0.7510,-1,-1,-1
775,67,711,186,135,449,0.8625,-1,-1,-1
775,66,136,3,363,945,0.9131,-1,-1,-1
775,36,824,152,141,516,0.8624,-1,-1,-1
775,1,607,251,114,354,0.7959,-1,-1,-1
776,72,410,48,206,767,0.8353,-1,-1,-1
776,70,956,228,195,420,0.8768,-1,-1,-1
776,69,1087,200,116,434,0.7739,-1,-1,-1
776,67,701,186,131,443,0.8552,-1,-1,-1
776,66,118,3,336,961,0.9049,-1,-1,-1
776,36,818,147,146,523,0.8493,-1,-1,-1
776,1,598,248,114,360,0.7172,-1,-1,-1
777,72,383,39,229,790,0.7979,-1,-1,-1
777,70,962,225,182,428,0.8499,-1,-1,-1
777,69,1085,196,128,430,0.7849,-1,-1,-1
777,67,695,187,133,442,0.8503,-1,-1,-1
777,66,96,2,337,954,0.8949,-1,-1,-1
777,36,816,151,142,519,0.8473,-1,-1,-1
777,1,590,247,114,363,0.7638,-1,-1,-1
778,72,317,38,287,825,0.8339,-1,-1,-1
778,70,958,221,175,431,0.7885,-1,-1,-1
778,69,1082,198,129,439,0.7756,-1,-1,-1
778,67,686,191,137,447,0.8237,-1,-1,-1
778,66,77,4,331,984,0.9053,-1,-1,-1
778,36,811,155,140,528,0.8471,-1,-1,-1
778,1,586,246,111,363,0.7766,-1,-1,-1
779,72,308,34,290,852,0.8063,-1,-1,-1
779,70,954,216,175,438,0.8674,-1,-1,-1
779,69,1076,194,133,440,0.8119,-1,-1,-1
779,67,673,196,146,437,0.7965,-1,-1,-1
779,66,51,4,331,1000,0.9200,-1,-1,-1
779,36,802,155,143,531,0.8416,-1,-1,-1
779,1,575,245,114,367,0.7239,-1,-1,-1
780,72,317,30,284,855,0.8576,-1,-1,-1
780,70,952,212,171,445,0.8844,-1,-1,-1
780,69,1073,192,135,447,0.8307,-1,-1,-1
780,67,677,195,136,438,0.7847,-1,-1,-1
780,66,20,6,331,1003,0.9054,-1,-1,-1
780,36,792,152,154,532,0.8380,-1,-1,-1
780,1,565,245,117,366,0.7592,-1,-1,-1
781,72,303,20,303,890,0.8790,-1,-1,-1
781,70,951,211,170,448,0.8823,-1,-1,-1
781,69,1067,193,150,453,0.8457,-1,-1,-1
781,67,678,198,127,433,0.7589,-1,-1,-1
781,66,0,4,325,1006,0.9050,-1,-1,-1
781,36,777,153,161,528,0.8225,-1,-1,-1
781,1,552,245,119,370,0.7013,-1,-1,-1
782,72,269,15,319,904,0.8990,-1,-1,-1
782,70,950,205,167,457,0.8765,-1,-1,-1
782,69,1068,189,153,463,0.8363,-1,-1,-1
782,67,672,199,130,437,0.7665,-1,-1,-1
782,66,0,7,303,1009,0.9103,-1,-1,-1
782,36,784,154,149,529,0.8440,-1,-1,-1
782,1,531,245,133,381,0.6591,-1,-1,-1
783,72,248,9,334,942,0.9055,-1,-1,-1
783,70,949,203,166,466,0.8743,-1,-1,-1
783,69,1065,188,156,466,0.8379,-1,-1,-1
783,67,673,197,126,441,0.7658,-1,-1,-1
783,66,0,7,274,1014,0.9138,-1,-1,-1
783,36,781,154,153,525,0.8373,-1,-1,-1
783,1,523,244,137,380,0.6104,-1,-1,-1
784,72,224,3,356,959,0.9284,-1,-1,-1
784,70,949,200,168,474,0.8715,-1,-1,-1
784,69,1063,186,157,468,0.8316,-1,-1,-1
784,67,677,196,124,443,0.7974,-1,-1,-1
784,66,0,8,257,1020,0.8928,-1,-1,-1
784,36,780,150,150,528,0.8139,-1,-1,-1
784,1,524,240,131,381,0.5321,-1,-1,-1
785,72,218,2,356,967,0.9051,-1,-1,-1
785,70,948,201,171,482,0.8579,-1,-1,-1
785,69,1064,182,165,471,0.8194,-1,-1,-1
785,67,681,195,120,445,0.8258,-1,-1,-1
785,66,0,7,232,1015,0.8962,-1,-1,-1
785,36,782,147,139,526,0.7900,-1,-1,-1
785,1,539,238,104,383,0.6085,-1,-1,-1
786,72,209,3,353,974,0.9152,-1,-1,-1
786,70,949,196,172,487,0.8394,-1,-1,-1
786,69,1068,179,166,478,0.8137,-1,-1,-1
786,67,683,192,122,448,0.8162,-1,-1,-1
786,66,0,12,212,1017,0.8897,-1,-1,-1
786,36,785,145,140,527,0.7811,-1,-1,-1
786,1,537,233,99,387,0.5659,-1,-1,-1
787,72,196,4,361,983,0.9194,-1,-1,-1
787,70,947,202,179,491,0.8650,-1,-1,-1
787,69,1074,176,169,481,0.8039,-1,-1,-1
787,67,682,193,121,444,0.8252,-1,-1,-1
787,66,0,44,202,990,0.8933,-1,-1,-1
787,36,784,151,140,521,0.8099,-1,-1,-1
787,1,529,231,98,386,0.5895,-1,-1,-1
788,73,609,249,99,377,0.7360,-1,-1,-1
788,72,187,3,368,1010,0.9120,-1,-1,-1
788,70,946,199,186,502,0.8340,-1,-1,-1
788,69,1074,173,171,477,0.7867,-1,-1,-1
788,67,682,195,121,444,0.8153,-1,-1,-1
788,66,0,60,187,977,0.8461,-1,-1,-1
788,36,784,150,138,518,0.8057,-1,-1,-1
788,1,524,232,99,387,0.5084,-1,-1,-1
789,73,604,249,106,377,0.7407,-1,-1,-1
789,72,174,4,379,1011,0.8989,-1,-1,-1
789,70,934,190,200,519,0.8519,-1,-1,-1
789,69,1076,168,177,494,0.7815,-1,-1,-1
789,67,684,195,123,448,0.8139,-1,-1,-1
789,66,0,90,176,957,0.8343,-1,-1,-1
789,36,786,150,138,519,0.7977,-1,-1,-1
789,1,522,229,96,395,0.5240,-1,-1,-1
790,73,598,249,119,382,0.7055,-1,-1,-1
790,72,162,3,383,1027,0.8930,-1,-1,-1
790,70,937,202,211,512,0.8726,-1,-1,-1
790,69,1089,168,171,512,0.8036,-1,-1,-1
790,67,686,193,126,457,0.7692,-1,-1,-1
790,66,0,96,158,957,0.8101,-1,-1,-1
790,36,790,150,139,516,0.8195,-1,-1,-1
790,1,522,229,93,399,0.4747,-1,-1,-1
791,73,601,247,123,386,0.7348,-1,-1,-1
791,72,153,9,400,1026,0.8933,-1,-1,-1
791,70,963,202,198,517,0.8458,-1,-1,-1
791,69,1092,168,174,524,0.8152,-1,-1,-1
791,67,694,194,129,456,0.7468,-1,-1,-1
791,66,0,100,141,966,0.7616,-1,-1,-1
791,36,797,152,140,525,0.8693,-1,-1,-1
791,1,520,230,105,405,0.5869,-1,-1,-1
792,73,603,253,120,387,0.7351,-1,-1,-1
792,72,134,2,419,1042,0.8864,-1,-1,-1
792,70,966,198,213,526,0.8730,-1,-1,-1
792,69,1096,170,172,492,0.8074,-1,-1,-1
792,67,697,196,131,459,0.7712,-1,-1,-1
792,66,0,128,118,937,0.6687,-1,-1,-1
792,36,802,155,139,523,0.8600,-1,-1,-1
792,1,521,231,108,413,0.6158,-1,-1,-1
793,73,613,255,123,390,0.7190,-1,-1,-1
793,72,114,1,471,1052,0.9289,-1,-1,-1
793,70,963,188,224,542,0.8444,-1,-1,-1
793,69,1113,158,168,542,0.8035,-1,-1,-1
793,67,701,199,135,459,0.8143,-1,-1,-1
793,66,0,146,104,916,0.4735,-1,-1,-1
793,36,813,152,140,519,0.8312,-1,-1,-1
793,1,523,231,107,393,0.7118,-1,-1,-1
794,73,619,256,118,392,0.7641,-1,-1,-1
794,72,105,6,488,1063,0.9336,-1,-1,-1
794,70,967,173,239,563,0.8385,-1,-1,-1
794,69,1127,155,163,539,0.8509,-1,-1,-1
794,67,711,200,139,454,0.8466,-1,-1,-1
794,36,823,156,137,528,0.8394,-1,-1,-1
794,1,528,232,107,402,0.6953,-1,-1,-1
795,73,623,259,123,394,0.7891,-1,-1,-1
795,72,86,2,510,1074,0.9412,-1,-1,-1
795,70,1002,175,218,553,0.8192,-1,-1,-1
795,69,1144,155,156,558,0.8457,-1,-1,-1
795,67,720,201,137,449,0.8044,-1,-1,-1
795,36,832,155,141,537,0.8258,-1,-1,-1
795,1,532,233,110,412,0.7073,-1,-1,-1
796,73,626,258,129,399,0.7319,-1,-1,-1
796,72,64,4,540,1067,0.9365,-1,-1,-1
796,70,998,178,236,557,0.8461,-1,-1,-1
796,69,1150,158,159,562,0.8179,-1,-1,-1
796,67,734,207,131,445,0.7955,-1,-1,-1
796,36,843,159,145,540,0.8152,-1,-1,-1
796,1,532,236,119,403,0.6674,-1,-1,-1
797,73,640,262,112,399,0.7779,-1,-1,-1
797,72,38,5,572,1066,0.9240,-1,-1,-1
797,70,1002,176,243,573,0.8384,-1,-1,-1
797,69,1166,157,155,588,0.7947,-1,-1,-1
797,67,738,207,135,457,0.8144,-1,-1,-1
797,36,854,167,130,536,0.7542,-1,-1,-1
797,1,537,240,116,353,0.6911,-1,-1,-1
798,73,643,264,110,408,0.7857,-1,-1,-1
798,72,8,4,609,1068,0.9305,-1,-1,-1
798,70,999,173,255,602,0.8882,-1,-1,-1
798,69,1179,162,156,583,0.8313,-1,-1,-1
798,67,747,214,130,444,0.7930,-1,-1,-1
798,36,860,172,135,535,0.8065,-1,-1,-1
798,1,539,245,116,334,0.7186,-1,-1,-1
799,73,643,266,112,416,0.8130,-1,-1,-1
799,72,0,1,624,1070,0.9280,-1,-1,-1
799,70,1005,180,261,612,0.8938,-1,-1,-1
799,69,1189,161,159,614,0.8028,-1,-1,-1
799,67,758,218,126,445,0.7912,-1,-1,-1
799,36,863,180,141,536,0.8116,-1,-1,-1
799,1,540,248,120,340,0.7418,-1,-1,-1
800,73,640,269,122,417,0.7695,-1,-1,-1
800,72,1,1,626,1070,0.9155,-1,-1,-1
800,70,1007,184,273,628,0.8904,-1,-1,-1
800,69,1197,169,161,616,0.8009,-1,-1,-1
800,67,761,219,127,444,0.8099,-1,-1,-1
800,36,867,185,135,534,0.8079,-1,-1,-1
800,1,540,251,121,338,0.7012,-1,-1,-1
801,73,636,268,125,423,0.7976,-1,-1,-1
801,72,0,4,633,1066,0.9240,-1,-1,-1
801,70,1006,186,283,637,0.8756,-1,-1,-1
801,69,1200,169,166,632,0.7892,-1,-1,-1
801,67,769,228,122,440,0.8171,-1,-1,-1
801,36,876,189,128,534,0.8010,-1,-1,-1
801,1,544,253,119,340,0.6505,-1,-1,-1
802,73,638,269,125,423,0.7820,-1,-1,-1
802,72,0,5,631,1066,0.9067,-1,-1,-1
802,70,1002,191,298,641,0.8695,-1,-1,-1
802,69,1211,174,171,633,0.8054,-1,-1,-1
802,67,775,227,118,443,0.8020,-1,-1,-1
802,36,876,195,136,525,0.8103,-1,-1,-1
802,1,538,254,126,354,0.6231,-1,-1,-1
803,73,648,271,118,423,0.8586,-1,-1,-1
803,72,0,6,624,1066,0.9289,-1,-1,-1
803,70,991,190,316,651,0.8918,-1,-1,-1
803,69,1228,160,170,653,0.8347,-1,-1,-1
803,67,777,231,120,440,0.8390,-1,-1,-1
803,36,880,194,137,536,0.8105,-1,-1,-1
803,1,537,255,130,344,0.6836,-1,-1,-1
804,73,653,272,115,428,0.8313,-1,-1,-1
804,72,0,5,614,1064,0.9086,-1,-1,-1
804,70,998,189,318,669,0.8454,-1,-1,-1
804,69,1228,157,183,661,0.8210,-1,-1,-1
804,67,782,229,119,442,0.8371,-1,-1,-1
804,36,888,190,143,536,0.7902,-1,-1,-1
804,1,531,255,143,323,0.5625,-1,-1,-1
805,73,654,271,118,434,0.8350,-1,-1,-1
805,72,0,6,599,1064,0.9097,-1,-1,-1
805,70,1005,188,322,681,0.8453,-1,-1,-1
805,69,1237,151,194,676,0.8553,-1,-1,-1
805,67,787,230,117,446,0.8265,-1,-1,-1
805,36,891,187,145,539,0.7860,-1,-1,-1
805,1,529,254,156,479,0.5966,-1,-1,-1
806,73,657,271,117,437,0.8405,-1,-1,-1
806,72,0,7,581,1063,0.9074,-1,-1,-1
806,70,1009,165,322,711,0.8347,-1,-1,-1
806,69,1246,148,197,674,0.8436,-1,-1,-1
806,67,793,228,117,449,0.8063,-1,-1,-1
806,36,900,186,140,536,0.8000,-1,-1,-1
806,1,526,250,174,485,0.5539,-1,-1,-1
807,73,660,271,116,443,0.7985,-1,-1,-1
807,72,1,5,562,1067,0.8627,-1,-1,-1
807,70,1024,165,317,718,0.8632,-1,-1,-1
807,69,1259,138,205,692,0.8365,-1,-1,-1
807,67,793,224,123,456,0.7777,-1,-1,-1
807,36,903,184,136,525,0.8154,-1,-1,-1
807,1,517,247,167,322,0.6092,-1,-1,-1
808,73,659,271,119,452,0.8060,-1,-1,-1
808,72,1,4,525,1064,0.9003,-1,-1,-1
808,70,1034,165,316,725,0.8872,-1,-1,-1
808,69,1268,132,218,702,0.8552,-1,-1,-1
808,67,799,224,122,445,0.7848,-1,-1,-1
808,36,909,183,131,519,0.8102,-1,-1,-1
808,1,505,245,176,334,0.6830,-1,-1,-1
809,73,655,268,124,457,0.8316,-1,-1,-1
809,72,2,5,518,1057,0.9255,-1,-1,-1
809,70,1042,156,324,736,0.8922,-1,-1,-1
809,69,1273,128,231,705,0.8539,-1,-1,-1
809,67,803,223,119,441,0.7958,-1,-1,-1
809,36,909,181,143,519,0.8492,-1,-1,-1
809,1,507,238,174,386,0.6781,-1,-1,-1
810,73,655,267,128,462,0.8345,-1,-1,-1
810,72,1,5,504,1060,0.9144,-1,-1,-1
810,70,1056,139,314,758,0.8963,-1,-1,-1
810,69,1281,117,236,731,0.8644,-1,-1,-1
810,67,802,222,120,441,0.8223,-1,-1,-1
810,36,908,180,146,519,0.8516,-1,-1,-1
810,1,503,232,178,507,0.8438,-1,-1,-1
811,73,655,270,127,463,0.8352,-1,-1,-1
811,72,1,5,431,1060,0.9231,-1,-1,-1
811,70,1063,140,314,771,0.9023,-1,-1,-1
811,69,1290,115,245,749,0.8777,-1,-1,-1
811,67,803,224,120,447,0.8056,-1,-1,-1
811,36,909,183,146,524,0.8274,-1,-1,-1
811,1,503,231,172,517,0.8518,-1,-1,-1
812,73,652,266,132,467,0.8224,-1,-1,-1
812,72,1,6,395,1040,0.7604,-1,-1,-1
812,70,1064,129,320,794,0.9016,-1,-1,-1
812,69,1298,113,253,772,0.8511,-1,-1,-1
812,67,803,222,118,450,0.8070,-1,-1,-1
812,36,906,181,150,526,0.8366,-1,-1,-1
812,1,502,226,168,522,0.8179,-1,-1,-1
813,76,299,69,209,806,0.8414,-1,-1,-1
813,73,647,263,143,475,0.8076,-1,-1,-1
813,72,2,11,366,960,0.5923,-1,-1,-1
813,70,1079,120,310,804,0.8578,-1,-1,-1
813,69,1304,106,261,804,0.8987,-1,-1,-1
813,67,798,221,122,448,0.8179,-1,-1,-1
813,36,905,174,150,530,0.8380,-1,-1,-1
813,1,499,226,165,523,0.8649,-1,-1,-1
814,76,254,57,247,823,0.8786,-1,-1,-1
814,75,746,264,64,275,0.4243,-1,-1,-1
814,73,646,256,141,483,0.8180,-1,-1,-1
814,72,0,4,370,1050,0.6978,-1,-1,-1
814,70,1093,109,310,844,0.8455,-1,-1,-1
814,69,1311,105,264,820,0.8887,-1,-1,-1
814,67,794,220,125,448,0.8223,-1,-1,-1
814,36,902,177,152,527,0.8322,-1,-1,-1
814,1,494,220,167,529,0.8786,-1,-1,-1
815,76,225,48,272,834,0.9178,-1,-1,-1
815,73,642,253,151,493,0.8410,-1,-1,-1
815,72,0,4,373,1054,0.5776,-1,-1,-1
815,70,1108,103,298,886,0.8514,-1,-1,-1
815,69,1317,104,271,827,0.8655,-1,-1,-1
815,67,789,221,129,447,0.8326,-1,-1,-1
815,36,899,177,155,529,0.8414,-1,-1,-1
815,1,490,221,170,531,0.8792,-1,-1,-1
816,76,219,42,274,854,0.9007,-1,-1,-1
816,73,639,249,154,502,0.8579,-1,-1,-1
816,70,1117,97,295,927,0.8409,-1,-1,-1
816,69,1319,103,280,849,0.8803,-1,-1,-1
816,67,783,221,132,444,0.8613,-1,-1,-1
816,36,898,178,156,528,0.8448,-1,-1,-1
816,1,480,221,176,535,0.8701,-1,-1,-1
817,76,208,40,283,859,0.9052,-1,-1,-1
817,73,639,247,152,508,0.8621,-1,-1,-1
817,70,1119,99,304,951,0.8468,-1,-1,-1
817,69,1323,98,293,873,0.8541,-1,-1,-1
817,67,782,222,130,445,0.8565,-1,-1,-1
817,36,902,179,153,527,0.8450,-1,-1,-1
817,1,468,222,182,545,0.8491,-1,-1,-1
818,77,1051,303,93,261,0.6539,-1,-1,-1
818,76,197,31,289,890,0.9276,-1,-1,-1
818,73,629,251,162,506,0.8440,-1,-1,-1
818,70,1119,104,312,931,0.8586,-1,-1,-1
818,69,1327,91,303,905,0.8233,-1,-1,-1
818,67,778,225,132,451,0.8360,-1,-1,-1
818,36,905,181,146,529,0.8434,-1,-1,-1
818,1,451,223,194,552,0.8101,-1,-1,-1
819,77,1048,301,100,263,0.6786,-1,-1,-1
819,76,183,23,295,933,0.9225,-1,-1,-1
819,73,623,249,167,509,0.8418,-1,-1,-1
819,70,1125,101,313,954,0.8762,-1,-1,-1
819,69,1332,76,308,927,0.8519,-1,-1,-1
819,67,773,226,133,445,0.8201,-1,-1,-1
819,36,899,181,147,533,0.8423,-1,-1,-1
819,1,436,220,203,561,0.8340,-1,-1,-1
820,77,1046,304,102,262,0.7181,-1,-1,-1
820,76,169,14,304,968,0.9258,-1,-1,-1
820,73,618,246,167,515,0.8573,-1,-1,-1
820,70,1132,100,318,975,0.9195,-1,-1,-1
820,69,1336,63,316,944,0.8392,-1,-1,-1
820,67,769,226,134,441,0.7990,-1,-1,-1
820,36,902,183,145,533,0.8449,-1,-1,-1
820,1,425,219,204,566,0.8253,-1,-1,-1
821,77,1047,301,104,266,0.7566,-1,-1,-1
821,76,158,9,308,986,0.9289,-1,-1,-1
821,73,607,243,181,523,0.8696,-1,-1,-1
821,70,1135,92,332,981,0.9058,-1,-1,-1
821,69,1348,48,314,962,0.8331,-1,-1,-1
821,67,762,225,141,438,0.8144,-1,-1,-1
821,36,902,183,147,533,0.8566,-1,-1,-1
821,1,421,217,202,577,0.8324,-1,-1,-1
822,77,1042,300,113,267,0.7912,-1,-1,-1
822,76,143,4,318,1010,0.9308,-1,-1,-1
822,73,606,238,184,533,0.8728,-1,-1,-1
822,70,1141,82,340,993,0.8978,-1,-1,-1
822,69,1361,30,306,880,0.8080,-1,-1,-1
822,67,761,220,142,444,0.7984,-1,-1,-1
822,36,900,182,148,535,0.8531,-1,-1,-1
822,1,414,213,205,590,0.8319,-1,-1,-1
823,77,1045,297,112,267,0.7943,-1,-1,-1
823,76,131,1,322,1026,0.9311,-1,-1,-1
823,73,600,233,191,542,0.8743,-1,-1,-1
823,70,1145,64,357,1016,0.8638,-1,-1,-1
823,69,1369,9,308,922,0.8314,-1,-1,-1
823,67,749,218,153,445,0.8304,-1,-1,-1
823,36,898,183,152,532,0.8592,-1,-1,-1
823,1,410,209,201,604,0.8289,-1,-1,-1
824,77,1048,298,108,267,0.7688,-1,-1,-1
824,76,119,3,328,1043,0.9081,-1,-1,-1
824,73,596,231,193,551,0.8782,-1,-1,-1
824,70,1142,45,377,1031,0.8705,-1,-1,-1
824,69,1389,5,299,962,0.8665,-1,-1,-1
824,67,748,216,156,446,0.8369,-1,-1,-1
824,36,903,182,150,531,0.8534,-1,-1,-1
824,1,407,205,196,611,0.8501,-1,-1,-1
825,77,1052,299,105,265,0.7381,-1,-1,-1
825,76,106,3,330,1054,0.8923,-1,-1,-1
825,73,595,223,190,581,0.8837,-1,-1,-1
825,70,1141,24,393,1050,0.8735,-1,-1,-1
825,69,1398,1,298,1010,0.8635,-1,-1,-1
825,67,747,215,161,445,0.8420,-1,-1,-1
825,36,905,181,151,533,0.8501,-1,-1,-1
825,1,404,202,200,618,0.8507,-1,-1,-1
826,77,1051,298,106,267,0.7486,-1,-1,-1
826,76,88,3,342,1061,0.8912,-1,-1,-1
826,73,590,223,197,595,0.8788,-1,-1,-1
826,70,1132,4,440,1066,0.9138,-1,-1,-1
826,69,1417,4,287,1051,0.8595,-1,-1,-1
826,67,747,213,157,447,0.8308,-1,-1,-1
826,36,907,181,149,529,0.8547,-1,-1,-1
826,1,400,203,200,623,0.8221,-1,-1,-1
827,77,1056,296,109,268,0.7629,-1,-1,-1
827,76,72,4,350,1061,0.9037,-1,-1,-1
827,73,589,230,199,574,0.8687,-1,-1,-1
827,70,1127,0,479,1071,0.9203,-1,-1,-1
827,69,1446,3,269,1067,0.8354,-1,-1,-1
827,67,743,212,161,450,0.8405,-1,-1,-1
827,36,901,174,157,535,0.8466,-1,-1,-1
827,1,396,198,194,633,0.8270,-1,-1,-1
828,77,1062,296,103,270,0.7432,-1,-1,-1
828,76,59,5,358,1063,0.9048,-1,-1,-1
828,73,591,223,196,600,0.8631,-1,-1,-1
828,70,1125,1,523,1069,0.9132,-1,-1,-1
828,69,1479,1,255,1070,0.8558,-1,-1,-1
828,67,743,210,162,451,0.8293,-1,-1,-1
828,36,898,170,164,536,0.8408,-1,-1,-1
828,1,391,192,198,649,0.8469,-1,-1,-1
829,77,1067,297,105,271,0.7859,-1,-1,-1
829,76,44,6,364,1053,0.9102,-1,-1,-1
829,73,590,225,198,605,0.8770,-1,-1,-1
829,70,1127,1,567,1067,0.9224,-1,-1,-1
829,69,1490,4,265,1061,0.8048,-1,-1,-1
829,67,744,211,169,453,0.8300,-1,-1,-1
829,36,905,178,166,521,0.8288,-1,-1,-1
829,1,391,191,198,655,0.8433,-1,-1,-1
830,77,1070,298,105,269,0.8061,-1,-1,-1
830,76,21,5,382,1052,0.9275,-1,-1,-1
830,73,588,227,201,619,0.8804,-1,-1,-1
830,70,1127,2,616,1068,0.9264,-1,-1,-1
830,69,1532,3,253,1066,0.7284,-1,-1,-1
830,67,747,212,173,456,0.8281,-1,-1,-1
830,36,905,176,174,519,0.8173,-1,-1,-1
830,1,390,190,195,663,0.8434,-1,-1,-1
831,77,1075,296,109,275,0.7707,-1,-1,-1
831,76,1,3,408,1068,0.9391,-1,-1,-1
831,73,586,228,202,628,0.8809,-1,-1,-1
831,70,1128,2,676,1068,0.9263,-1,-1,-1
831,69,1541,0,280,1059,0.6082,-1,-1,-1
831,67,749,212,173,453,0.8273,-1,-1,-1
831,36,913,176,171,519,0.8388,-1,-1,-1
831,1,386,188,199,676,0.8444,-1,-1,-1
832,77,1082,295,107,283,0.7313,-1,-1,-1
832,76,0,4,418,1066,0.9450,-1,-1,-1
832,73,585,226,204,638,0.8787,-1,-1,-1
832,70,1119,5,703,1063,0.9336,-1,-1,-1
832,69,1580,2,268,1064,0.7040,-1,-1,-1
832,67,751,216,167,453,0.8367,-1,-1,-1
832,36,912,175,172,523,0.8551,-1,-1,-1
832,1,380,188,202,686,0.8443,-1,-1,-1
833,77,1088,293,109,276,0.7293,-1,-1,-1
833,76,0,3,426,1073,0.9446,-1,-1,-1
833,73,584,220,209,650,0.8699,-1,-1,-1
833,70,1116,5,767,1066,0.9536,-1,-1,-1
833,67,756,216,169,453,0.8197,-1,-1,-1
833,36,907,174,182,526,0.8465,-1,-1,-1
833,1,375,189,205,692,0.8633,-1,-1,-1
834,77,1095,294,105,278,0.7178,-1,-1,-1
834,76,0,2,432,1066,0.9399,-1,-1,-1
834,73,581,218,212,655,0.8809,-1,-1,-1
834,70,1117,5,802,1063,0.9332,-1,-1,-1
834,67,766,217,171,453,0.8291,-1,-1,-1
834,36,931,176,167,525,0.8163,-1,-1,-1
834,1,369,185,211,710,0.8766,-1,-1,-1
835,78,1659,3,260,482,0.4559,-1,-1,-1
835,77,1103,299,105,271,0.6990,-1,-1,-1
835,76,0,4,436,1066,0.9315,-1,-1,-1
835,73,578,216,220,662,0.8745,-1,-1,-1
835,70,1127,5,790,1059,0.9374,-1,-1,-1
835,67,772,220,173,453,0.8336,-1,-1,-1
835,36,956,180,147,526,0.8470,-1,-1,-1
835,1,369,185,213,724,0.8851,-1,-1,-1
836,77,1112,299,98,282,0.6966,-1,-1,-1
836,76,0,4,440,1066,0.9323,-1,-1,-1
836,73,570,215,231,668,0.8678,-1,-1,-1
836,70,1146,6,772,1060,0.9447,-1,-1,-1
836,69,1706,6,213,1051,0.4272,-1,-1,-1
836,67,781,225,172,455,0.8478,-1,-1,-1
836,36,950,182,156,527,0.8398,-1,-1,-1
836,1,368,187,219,731,0.8789,-1,-1,-1
837,77,1115,298,105,288,0.7848,-1,-1,-1
837,76,0,6,440,1063,0.9346,-1,-1,-1
837,73,575,213,229,677,0.8816,-1,-1,-1
837,70,1163,4,756,1060,0.9539,-1,-1,-1
837,67,784,226,164,455,0.8788,-1,-1,-1
837,36,947,186,166,524,0.8580,-1,-1,-1
837,1,367,185,220,740,0.8736,-1,-1,-1
838,77,1121,297,107,288,0.7283,-1,-1,-1
838,76,0,6,442,1061,0.9276,-1,-1,-1
838,73,574,212,233,682,0.8816,-1,-1,-1
838,70,1213,4,706,1064,0.9499,-1,-1,-1
838,67,792,226,162,456,0.8844,-1,-1,-1
838,36,942,189,176,523,0.8551,-1,-1,-1
838,1,365,182,224,759,0.8725,-1,-1,-1
839,77,1135,298,100,288,0.7081,-1,-1,-1
839,76,0,7,441,1057,0.9280,-1,-1,-1
839,73,575,209,248,694,0.8815,-1,-1,-1
839,70,1286,4,632,1062,0.9413,-1,-1,-1
839,67,802,226,174,455,0.8210,-1,-1,-1
839,36,969,188,156,524,0.8244,-1,-1,-1
839,1,364,181,227,780,0.8725,-1,-1,-1
840,77,1141,296,100,289,0.7110,-1,-1,-1
840,76,0,8,442,1056,0.9267,-1,-1,-1
840,73,576,205,253,702,0.8906,-1,-1,-1
840,70,1379,6,539,1060,0.9071,-1,-1,-1
840,67,806,224,164,452,0.8148,-1,-1,-1
840,36,952,191,175,517,0.8227,-1,-1,-1
840,1,361,177,234,792,0.8873,-1,-1,-1
841,77,1143,290,103,295,0.7750,-1,-1,-1
841,76,0,2,442,1066,0.9294,-1,-1,-1
841,73,580,196,254,705,0.8676,-1,-1,-1
841,70,1450,7,468,1059,0.9244,-1,-1,-1
841,67,819,218,150,455,0.8046,-1,-1,-1
841,36,940,187,192,525,0.8117,-1,-1,-1
841,1,357,170,239,803,0.8793,-1,-1,-1
842,77,1154,293,95,293,0.7328,-1,-1,-1
842,76,0,4,444,1065,0.9331,-1,-1,-1
842,73,582,188,254,726,0.8830,-1,-1,-1
842,70,1548,6,371,1045,0.8715,-1,-1,-1
842,67,823,216,172,456,0.8329,-1,-1,-1
842,36,1005,186,131,525,0.8259,-1,-1,-1
842,1,362,157,236,825,0.8780,-1,-1,-1
843,77,1165,287,92,297,0.7167,-1,-1,-1
843,76,0,5,437,1062,0.9356,-1,-1,-1
843,75,760,231,83,270,0.4529,-1,-1,-1
843,73,584,183,251,741,0.8679,-1,-1,-1
843,70,1632,6,287,1058,0.8693,-1,-1,-1
843,67,829,211,167,453,0.8557,-1,-1,-1
843,36,1000,184,143,523,0.8580,-1,-1,-1
843,1,357,147,244,839,0.8800,-1,-1,-1
844,79,1414,203,256,738,0.8934,-1,-1,-1
844,77,1170,281,90,302,0.6896,-1,-1,-1
844,76,0,4,423,1057,0.9049,-1,-1,-1
844,75,760,230,87,271,0.5185,-1,-1,-1
844,73,589,176,247,760,0.8847,-1,-1,-1
844,70,1700,6,219,1062,0.7843,-1,-1,-1
844,67,830,207,176,452,0.9083,-1,-1,-1
844,36,990,180,158,524,0.8516,-1,-1,-1
844,1,348,139,254,846,0.8735,-1,-1,-1
845,79,1432,199,263,761,0.8969,-1,-1,-1
845,77,1171,277,100,304,0.7362,-1,-1,-1
845,76,0,5,410,1057,0.8786,-1,-1,-1
845,75,761,223,90,266,0.4632,-1,-1,-1
845,73,586,172,260,780,0.8814,-1,-1,-1
845,70,1752,7,167,1061,0.6752,-1,-1,-1
845,67,830,204,171,453,0.8812,-1,-1,-1
845,36,987,175,162,524,0.8310,-1,-1,-1
845,1,334,131,270,856,0.8897,-1,-1,-1
846,79,1440,193,262,778,0.9040,-1,-1,-1
846,77,1174,277,96,302,0.7300,-1,-1,-1
846,76,0,5,377,1056,0.8737,-1,-1,-1
846,75,762,220,89,265,0.5159,-1,-1,-1
846,73,587,167,263,782,0.8500,-1,-1,-1
846,67,833,201,170,454,0.8787,-1,-1,-1
846,36,993,168,159,530,0.8264,-1,-1,-1
846,1,320,124,284,864,0.9031,-1,-1,-1
847,79,1454,188,249,787,0.9088,-1,-1,-1
847,77,1183,271,95,298,0.6303,-1,-1,-1
847,76,2,7,344,1056,0.8269,-1,-1,-1
847,75,762,212,90,273,0.4655,-1,-1,-1
847,73,582,160,268,799,0.8581,-1,-1,-1
847,67,838,196,170,454,0.8677,-1,-1,-1
847,36,998,159,159,520,0.8018,-1,-1,-1
847,1,318,110,287,885,0.9133,-1,-1,-1
848,79,1476,179,242,802,0.8979,-1,-1,-1
848,77,1188,267,88,300,0.7059,-1,-1,-1
848,76,1,7,289,1054,0.7626,-1,-1,-1
848,75,761,205,91,280,0.4431,-1,-1,-1
848,73,575,152,271,822,0.8704,-1,-1,-1
848,67,839,192,168,455,0.8636,-1,-1,-1
848,36,1004,156,148,518,0.8026,-1,-1,-1
848,1,304,99,299,897,0.8909,-1,-1,-1
849,79,1485,177,246,842,0.8925,-1,-1,-1
849,77,1187,264,87,303,0.7655,-1,-1,-1
849,76,0,5,225,1061,0.8333,-1,-1,-1
849,75,759,208,91,270,0.4906,-1,-1,-1
849,73,565,149,280,856,0.8973,-1,-1,-1
849,67,840,191,166,455,0.8895,-1,-1,-1
849,36,1000,153,154,515,0.8386,-1,-1,-1
849,1,295,91,302,910,0.9031,-1,-1,-1
850,79,1495,174,250,849,0.8896,-1,-1,-1
850,77,1186,260,85,305,0.7500,-1,-1,-1
850,76,0,4,159,1038,0.4153,-1,-1,-1
850,73,553,142,292,871,0.8800,-1,-1,-1
850,67,831,187,170,457,0.9093,-1,-1,-1
850,36,1000,151,150,513,0.8314,-1,-1,-1
850,1,286,81,299,924,0.9137,-1,-1,-1
851,79,1506,170,262,857,0.9010,-1,-1,-1
851,77,1182,252,94,310,0.7210,-1,-1,-1
851,76,0,4,103,843,0.6893,-1,-1,-1
851,73,554,132,291,895,0.8845,-1,-1,-1
851,67,832,182,166,456,0.9022,-1,-1,-1
851,36,1004,144,148,517,0.8235,-1,-1,-1
851,1,269,73,312,937,0.9181,-1,-1,-1
852,79,1516,159,267,871,0.9279,-1,-1,-1
852,77,1185,249,85,311,0.6972,-1,-1,-1
852,73,547,118,300,916,0.8987,-1,-1,-1
852,67,826,180,170,455,0.8901,-1,-1,-1
852,36,998,139,155,518,0.8486,-1,-1,-1
852,1,254,65,322,960,0.9152,-1,-1,-1
853,79,1526,142,277,893,0.9105,-1,-1,-1
853,77,1172,240,104,317,0.6859,-1,-1,-1
853,73,541,107,302,934,0.8971,-1,-1,-1
853,67,824,178,169,457,0.8713,-1,-1,-1
853,36,990,135,163,521,0.8722,-1,-1,-1
853,1,234,55,334,1001,0.9112,-1,-1,-1
854,79,1533,136,288,910,0.9214,-1,-1,-1
854,77,1175,237,98,321,0.7220,-1,-1,-1
854,73,534,99,308,950,0.9005,-1,-1,-1
854,67,822,178,170,457,0.8747,-1,-1,-1
854,36,988,134,164,521,0.8762,-1,-1,-1
854,1,221,48,338,1018,0.9031,-1,-1,-1
855,79,1544,118,295,935,0.9126,-1,-1,-1
855,77,1174,236,98,320,0.7192,-1,-1,-1
855,73,521,80,323,971,0.8871,-1,-1,-1
855,67,824,175,162,458,0.8775,-1,-1,-1
855,36,982,131,170,525,0.8691,-1,-1,-1
855,1,204,39,345,1030,0.9128,-1,-1,-1
856,79,1539,105,324,951,0.9129,-1,-1,-1
856,77,1172,233,94,316,0.7210,-1,-1,-1
856,73,510,69,333,987,0.9027,-1,-1,-1
856,67,815,171,168,461,0.8693,-1,-1,-1
856,36,978,126,173,523,0.8948,-1,-1,-1
856,1,180,32,355,1040,0.9104,-1,-1,-1
857,79,1529,97,356,963,0.9136,-1,-1,-1
857,77,1172,228,93,320,0.6821,-1,-1,-1
857,73,494,62,349,1002,0.9233,-1,-1,-1
857,67,804,167,178,466,0.8571,-1,-1,-1
857,36,976,124,168,525,0.8686,-1,-1,-1
857,1,159,20,360,1051,0.9171,-1,-1,-1
858,79,1514,87,402,989,0.9338,-1,-1,-1
858,77,1164,226,109,322,0.7221,-1,-1,-1
858,73,479,50,365,1017,0.9212,-1,-1,-1
858,67,799,164,176,471,0.8631,-1,-1,-1
858,36,972,122,170,527,0.8634,-1,-1,-1
858,1,115,5,389,1065,0.8939,-1,-1,-1
859,79,1518,75,401,1000,0.9149,-1,-1,-1
859,77,1160,223,106,321,0.7585,-1,-1,-1
859,73,470,39,373,1035,0.9283,-1,-1,-1
859,67,799,161,175,462,0.8424,-1,-1,-1
859,36,963,121,171,528,0.8572,-1,-1,-1
859,1,92,5,392,1068,0.9048,-1,-1,-1
860,79,1558,66,361,1008,0.9152,-1,-1,-1
860,77,1157,216,104,326,0.7578,-1,-1,-1
860,73,464,28,376,1046,0.9260,-1,-1,-1
860,67,796,157,171,461,0.8355,-1,-1,-1
860,36,958,120,178,528,0.8671,-1,-1,-1
860,1,66,2,404,1070,0.8519,-1,-1,-1
861,79,1558,51,360,1020,0.9216,-1,-1,-1
861,77,1159,208,109,330,0.7545,-1,-1,-1
861,73,447,12,391,1062,0.9182,-1,-1,-1
861,67,793,151,172,461,0.8320,-1,-1,-1
861,36,958,118,175,525,0.8662,-1,-1,-1
861,1,44,4,413,1070,0.7429,-1,-1,-1
862,79,1563,39,355,1030,0.9164,-1,-1,-1
862,77,1157,208,104,326,0.7245,-1,-1,-1
862,73,438,4,393,1071,0.9241,-1,-1,-1
862,67,794,145,171,462,0.8521,-1,-1,-1
862,36,955,117,177,524,0.8804,-1,-1,-1
862,1,1,4,439,1076,0.7818,-1,-1,-1
863,79,1576,24,342,1046,0.9119,-1,-1,-1
863,77,1161,205,97,327,0.7373,-1,-1,-1
863,73,423,2,403,1077,0.9151,-1,-1,-1
863,67,791,139,174,468,0.8505,-1,-1,-1
863,36,960,115,174,526,0.8889,-1,-1,-1
863,1,2,5,423,1070,0.8290,-1,-1,-1
864,79,1599,21,319,1048,0.9233,-1,-1,-1
864,77,1158,203,100,329,0.7279,-1,-1,-1
864,73,409,3,413,1073,0.9220,-1,-1,-1
864,67,793,138,169,465,0.8538,-1,-1,-1
864,36,962,111,176,529,0.8879,-1,-1,-1
864,1,1,4,407,1066,0.8731,-1,-1,-1
865,79,1615,10,303,1060,0.9179,-1,-1,-1
865,77,1162,201,100,332,0.7069,-1,-1,-1
865,73,399,5,415,1070,0.9408,-1,-1,-1
865,67,795,137,170,464,0.8580,-1,-1,-1
865,36,966,109,178,530,0.8958,-1,-1,-1
865,1,9,3,392,1067,0.8797,-1,-1,-1
866,79,1661,7,257,1062,0.9258,-1,-1,-1
866,77,1166,200,99,333,0.7346,-1,-1,-1
866,73,379,5,425,1070,0.9400,-1,-1,-1
866,67,796,137,172,464,0.8526,-1,-1,-1
866,36,971,106,175,531,0.8829,-1,-1,-1
866,1,0,3,373,1066,0.9254,-1,-1,-1
867,79,1688,6,230,1065,0.8719,-1,-1,-1
867,77,1163,201,108,335,0.7251,-1,-1,-1
867,73,357,4,433,1071,0.9291,-1,-1,-1
867,67,796,139,172,466,0.8633,-1,-1,-1
867,36,976,107,172,530,0.8868,-1,-1,-1
867,1,0,6,333,1065,0.8872,-1,-1,-1
868,79,1715,16,204,1053,0.8037,-1,-1,-1
868,77,1163,203,109,337,0.6991,-1,-1,-1
868,73,329,3,449,1070,0.9219,-1,-1,-1
868,67,796,142,174,468,0.8629,-1,-1,-1
868,36,980,110,168,522,0.8897,-1,-1,-1
868,1,0,6,313,1065,0.9142,-1,-1,-1
869,79,1716,199,203,771,0.6450,-1,-1,-1
869,77,1151,200,120,341,0.7184,-1,-1,-1
869,73,297,5,470,1065,0.9282,-1,-1,-1
869,67,797,143,170,471,0.8565,-1,-1,-1
869,36,981,110,167,517,0.8837,-1,-1,-1
869,1,0,7,290,1060,0.9242,-1,-1,-1
870,79,1761,222,158,590,0.7433,-1,-1,-1
870,77,1155,200,117,344,0.7568,-1,-1,-1
870,73,254,6,497,1064,0.9098,-1,-1,-1
870,67,794,148,173,469,0.8717,-1,-1,-1
870,36,982,110,161,517,0.8664,-1,-1,-1
870,1,0,7,266,1061,0.9251,-1,-1,-1
871,79,1809,240,110,454,0.5204,-1,-1,-1
871,77,1162,204,112,346,0.7649,-1,-1,-1
871,73,232,5,499,1063,0.9218,-1,-1,-1
871,67,794,158,174,462,0.8886,-1,-1,-1
871,36,991,116,152,514,0.8511,-1,-1,-1
871,1,0,6,243,1061,0.9154,-1,-1,-1
872,81,618,143,155,477,0.7880,-1,-1,-1
872,77,1168,207,109,348,0.7779,-1,-1,-1
872,73,193,4,528,1064,0.9210,-1,-1,-1
872,67,796,161,172,467,0.8908,-1,-1,-1
872,36,989,117,151,520,0.8372,-1,-1,-1
872,1,0,6,203,1057,0.9135,-1,-1,-1
873,81,610,142,159,485,0.7917,-1,-1,-1
873,77,1171,209,106,348,0.7517,-1,-1,-1
873,73,157,5,553,1062,0.9375,-1,-1,-1
873,67,796,162,175,472,0.9029,-1,-1,-1
873,36,988,121,146,519,0.8362,-1,-1,-1
873,1,0,33,177,1032,0.8689,-1,-1,-1
874,81,604,145,160,496,0.8567,-1,-1,-1
874,77,1174,210,105,348,0.7461,-1,-1,-1
874,73,117,8,574,1056,0.9201,-1,-1,-1
874,67,797,164,174,473,0.9104,-1,-1,-1
874,36,984,124,152,519,0.8192,-1,-1,-1
874,1,0,139,144,926,0.8255,-1,-1,-1
875,81,599,146,159,497,0.8438,-1,-1,-1
875,77,1182,209,98,350,0.6885,-1,-1,-1
875,73,89,6,594,1059,0.9271,-1,-1,-1
875,67,799,164,173,474,0.8992,-1,-1,-1
875,36,990,128,147,514,0.8260,-1,-1,-1
876,81,591,145,163,501,0.8199,-1,-1,-1
876,77,1191,210,91,348,0.6453,-1,-1,-1
876,73,35,6,625,1059,0.9309,-1,-1,-1
876,67,803,166,169,471,0.8811,-1,-1,-1
876,36,989,134,142,517,0.8246,-1,-1,-1
877,81,583,145,164,504,0.8087,-1,-1,-1
877,77,1192,210,91,351,0.6541,-1,-1,-1
877,73,4,6,637,1060,0.9512,-1,-1,-1
877,67,801,166,170,472,0.8767,-1,-1,-1
877,36,988,135,137,517,0.8254,-1,-1,-1
878,81,575,143,176,511,0.8556,-1,-1,-1
878,77,1190,208,94,355,0.6812,-1,-1,-1
878,73,0,4,625,1060,0.9527,-1,-1,-1
878,67,801,165,169,473,0.8755,-1,-1,-1
878,36,982,133,142,517,0.8126,-1,-1,-1
879,81,558,142,187,518,0.8306,-1,-1,-1
879,77,1187,209,96,355,0.7205,-1,-1,-1
879,75,712,229,92,285,0.5661,-1,-1,-1
879,73,0,4,603,1060,0.9471,-1,-1,-1
879,67,800,164,170,469,0.8662,-1,-1,-1
879,36,973,132,152,522,0.8340,-1,-1,-1
880,81,550,143,180,520,0.7909,-1,-1,-1
880,77,1189,206,92,357,0.7443,-1,-1,-1
880,75,696,208,106,360,0.6082,-1,-1,-1
880,73,1,4,579,1061,0.9374,-1,-1,-1
880,67,797,163,172,464,0.8677,-1,-1,-1
880,36,969,134,149,514,0.8414,-1,-1,-1
881,81,538,143,194,523,0.7794,-1,-1,-1
881,77,1194,202,91,362,0.7639,-1,-1,-1
881,75,695,214,104,368,0.6402,-1,-1,-1
881,73,0,3,553,1063,0.9296,-1,-1,-1
881,67,793,159,175,462,0.8648,-1,-1,-1
881,36,971,131,140,516,0.8614,-1,-1,-1
882,81,524,143,208,531,0.8286,-1,-1,-1
882,77,1189,200,95,364,0.7583,-1,-1,-1
882,75,693,209,102,382,0.6076,-1,-1,-1
882,73,2,6,525,1058,0.9207,-1,-1,-1
882,67,792,157,175,460,0.8837,-1,-1,-1
882,36,966,130,141,516,0.8763,-1,-1,-1
883,81,513,139,210,543,0.8328,-1,-1,-1
883,77,1185,203,100,362,0.7770,-1,-1,-1
883,75,686,218,108,374,0.6872,-1,-1,-1
883,73,1,7,505,1056,0.9186,-1,-1,-1
883,67,790,157,175,461,0.8779,-1,-1,-1
883,36,965,125,140,519,0.8697,-1,-1,-1
884,81,496,139,224,545,0.7843,-1,-1,-1
884,77,1182,201,104,365,0.8080,-1,-1,-1
884,75,674,217,110,371,0.6620,-1,-1,-1
884,73,1,10,462,1055,0.9357,-1,-1,-1
884,67,787,146,179,482,0.8808,-1,-1,-1
884,36,955,128,153,521,0.8444,-1,-1,-1
885,81,485,132,238,561,0.8034,-1,-1,-1
885,77,1178,196,112,370,0.8110,-1,-1,-1
885,75,668,217,112,352,0.6562,-1,-1,-1
885,73,1,14,408,1051,0.9227,-1,-1,-1
885,67,787,150,168,470,0.8811,-1,-1,-1
885,36,948,119,160,523,0.8398,-1,-1,-1
886,81,468,131,233,565,0.8029,-1,-1,-1
886,77,1173,201,115,370,0.8105,-1,-1,-1
886,75,661,220,110,311,0.6293,-1,-1,-1
886,73,1,8,366,1058,0.9135,-1,-1,-1
886,67,778,155,174,465,0.9019,-1,-1,-1
886,36,953,119,150,512,0.8295,-1,-1,-1
887,81,449,130,245,570,0.8524,-1,-1,-1
887,77,1173,204,109,370,0.7967,-1,-1,-1
887,75,643,208,122,356,0.6269,-1,-1,-1
887,73,1,24,303,1043,0.7198,-1,-1,-1
887,67,771,157,177,468,0.8924,-1,-1,-1
887,36,944,120,155,514,0.8691,-1,-1,-1
888,81,429,118,257,588,0.8070,-1,-1,-1
888,77,1167,202,125,369,0.7563,-1,-1,-1
888,75,633,208,125,362,0.6653,-1,-1,-1
888,73,0,35,209,1025,0.5971,-1,-1,-1
888,67,765,157,176,468,0.8770,-1,-1,-1
888,36,933,120,161,513,0.8611,-1,-1,-1
889,81,405,110,270,598,0.6657,-1,-1,-1
889,77,1163,202,141,369,0.7453,-1,-1,-1
889,75,618,200,125,381,0.6425,-1,-1,-1
889,67,760,159,173,470,0.8502,-1,-1,-1
889,36,915,118,168,517,0.8367,-1,-1,-1
890,81,385,102,259,612,0.8031,-1,-1,-1
890,77,1153,203,111,376,0.8367,-1,-1,-1
890,75,590,192,130,386,0.5623,-1,-1,-1
890,67,736,164,181,465,0.8372,-1,-1,-1
890,36,898,119,169,516,0.8505,-1,-1,-1
891,81,365,90,266,626,0.8448,-1,-1,-1
891,77,1143,208,111,374,0.8573,-1,-1,-1
891,75,581,200,126,382,0.6960,-1,-1,-1
891,67,720,164,180,468,0.9045,-1,-1,-1
891,36,898,120,159,519,0.8828,-1,-1,-1
892,81,342,87,279,633,0.8187,-1,-1,-1
892,77,1133,213,113,375,0.8073,-1,-1,-1
892,75,567,212,120,376,0.4542,-1,-1,-1
892,67,704,167,183,466,0.8668,-1,-1,-1
892,36,882,124,166,521,0.8777,-1,-1,-1
893,81,318,86,282,646,0.7745,-1,-1,-1
893,77,1125,215,111,377,0.8113,-1,-1,-1
893,75,551,194,117,423,0.4617,-1,-1,-1
893,67,697,168,179,471,0.8527,-1,-1,-1
893,36,871,127,166,521,0.8669,-1,-1,-1
894,81,300,83,281,653,0.8161,-1,-1,-1
894,77,1116,219,116,376,0.8277,-1,-1,-1
894,67,699,169,164,475,0.8575,-1,-1,-1
894,36,862,133,165,511,0.8499,-1,-1,-1
895,81,280,79,294,682,0.7396,-1,-1,-1
895,77,1108,223,120,379,0.8366,-1,-1,-1
895,67,681,171,171,473,0.8835,-1,-1,-1
895,36,836,136,178,516,0.8474,-1,-1,-1
896,81,264,78,272,695,0.7923,-1,-1,-1
896,77,1104,224,120,380,0.8417,-1,-1,-1
896,67,673,172,173,467,0.8602,-1,-1,-1
896,36,850,136,164,524,0.8779,-1,-1,-1
897,81,245,73,302,707,0.8345,-1,-1,-1
897,77,1098,228,124,379,0.8631,-1,-1,-1
897,75,514,180,103,462,0.5933,-1,-1,-1
897,67,671,172,168,470,0.8293,-1,-1,-1
897,36,847,143,161,520,0.8592,-1,-1,-1
898,81,230,69,315,723,0.8197,-1,-1,-1
898,77,1097,225,125,384,0.8650,-1,-1,-1
898,75,492,179,115,459,0.5146,-1,-1,-1
898,67,664,171,171,474,0.8190,-1,-1,-1
898,36,831,146,175,521,0.8286,-1,-1,-1
899,81,224,67,284,734,0.7668,-1,-1,-1
899,77,1098,229,123,381,0.8604,-1,-1,-1
899,75,442,174,159,492,0.6187,-1,-1,-1
899,67,659,171,174,478,0.8178,-1,-1,-1
899,36,817,148,185,520,0.8282,-1,-1,-1
900,81,218,58,278,749,0.7597,-1,-1,-1
900,77,1101,227,123,386,0.8592,-1,-1,-1
900,75,442,171,157,507,0.7157,-1,-1,-1
900,67,657,171,176,480,0.8321,-1,-1,-1
900,36,826,150,175,521,0.8236,-1,-1,-1