1,0,14,141,77,197,0.8904,-1,-1,-1
1,1,120,158,75,169,0.7633,-1,-1,-1
2,0,15,139,78,200,0.8923,-1,-1,-1
2,1,121,157,76,171,0.7616,-1,-1,-1
3,0,18,140,78,200,0.8280,-1,-1,-1
3,1,121,155,77,174,0.7137,-1,-1,-1
4,0,23,141,77,201,0.7894,-1,-1,-1
4,1,129,155,80,178,0.7729,-1,-1,-1
5,0,30,140,79,206,0.7990,-1,-1,-1
5,1,136,153,81,183,0.7952,-1,-1,-1
6,0,33,141,80,207,0.8107,-1,-1,-1
6,1,141,152,83,186,0.8166,-1,-1,-1
6,3,223,201,20,63,0.6111,-1,-1,-1
6,4,269,200,26,62,0.6090,-1,-1,-1
7,0,35,139,81,211,0.7901,-1,-1,-1
7,1,145,149,85,191,0.8467,-1,-1,-1
7,3,227,199,21,64,0.6682,-1,-1,-1
7,4,274,200,26,62,0.6483,-1,-1,-1
8,0,38,138,82,214,0.7647,-1,-1,-1
8,1,153,150,85,193,0.8595,-1,-1,-1
8,3,235,201,21,64,0.6840,-1,-1,-1
8,4,281,202,26,62,0.6375,-1,-1,-1
9,0,43,139,82,214,0.8895,-1,-1,-1
9,1,157,149,87,196,0.8786,-1,-1,-1
9,3,242,202,21,63,0.6118,-1,-1,-1
9,4,288,202,26,63,0.7184,-1,-1,-1
9,8,269,200,21,64,0.6219,-1,-1,-1
10,0,48,138,83,217,0.8521,-1,-1,-1
10,1,164,147,88,200,0.8222,-1,-1,-1
10,3,250,201,22,64,0.6095,-1,-1,-1
10,4,295,202,27,64,0.7501,-1,-1,-1
11,0,52,136,86,220,0.8758,-1,-1,-1
11,1,169,147,90,202,0.8646,-1,-1,-1
11,3,257,201,21,64,0.6250,-1,-1,-1
11,4,303,202,26,63,0.7043,-1,-1,-1
11,10,145,196,23,68,0.5482,-1,-1,-1
12,0,60,135,86,224,0.8715,-1,-1,-1
12,1,179,147,92,205,0.8883,-1,-1,-1
12,4,313,205,25,62,0.5252,-1,-1,-1
12,8,271,205,21,63,0.5395,-1,-1,-1
13,0,64,131,89,232,0.8566,-1,-1,-1
13,1,186,147,92,209,0.8322,-1,-1,-1
13,4,321,207,23,59,0.4868,-1,-1,-1
13,12,159,198,31,69,0.6136,-1,-1,-1
13,8,276,205,20,63,0.6508,-1,-1,-1
14,0,74,133,89,233,0.8679,-1,-1,-1
14,1,196,145,95,212,0.8318,-1,-1,-1
14,4,333,207,23,60,0.5205,-1,-1,-1
14,12,168,197,30,69,0.5807,-1,-1,-1
15,0,81,130,91,240,0.8552,-1,-1,-1
15,1,207,153,93,208,0.8080,-1,-1,-1
15,4,345,203,25,65,0.6298,-1,-1,-1
15,12,179,197,31,71,0.5719,-1,-1,-1
16,0,83,124,94,246,0.8326,-1,-1,-1
16,1,212,144,97,218,0.8204,-1,-1,-1
16,4,352,201,25,65,0.5228,-1,-1,-1
16,12,186,194,31,72,0.5155,-1,-1,-1
16,17,300,198,24,68,0.5734,-1,-1,-1
16,18,330,197,22,68,0.5778,-1,-1,-1
17,0,84,121,96,252,0.8647,-1,-1,-1
17,1,217,141,100,223,0.8023,-1,-1,-1
17,4,354,193,28,72,0.5605,-1,-1,-1
17,12,190,192,31,72,0.5776,-1,-1,-1
17,17,304,196,25,69,0.6276,-1,-1,-1
17,18,333,194,23,69,0.4443,-1,-1,-1
18,0,84,120,98,257,0.8780,-1,-1,-1
18,1,222,140,102,227,0.8442,-1,-1,-1
18,12,193,192,31,72,0.3803,-1,-1,-1
18,17,310,197,24,68,0.6929,-1,-1,-1
19,0,83,119,99,259,0.8719,-1,-1,-1
19,1,223,135,105,233,0.8503,-1,-1,-1
19,12,194,190,31,72,0.5386,-1,-1,-1
19,17,312,193,25,70,0.5698,-1,-1,-1
20,0,79,115,101,265,0.8955,-1,-1,-1
20,1,221,130,109,240,0.8651,-1,-1,-1
21,0,74,110,104,272,0.8763,-1,-1,-1
21,1,219,126,113,247,0.8694,-1,-1,-1
22,0,70,105,107,280,0.8848,-1,-1,-1
22,1,218,122,115,254,0.8475,-1,-1,-1
22,21,-1,130,39,166,0.5377,-1,-1,-1
22,22,193,186,27,72,0.4587,-1,-1,-1
23,0,68,104,110,288,0.8822,-1,-1,-1
23,1,218,122,118,260,0.8563,-1,-1,-1
23,21,0,132,39,165,0.4689,-1,-1,-1
23,22,196,188,28,74,0.3351,-1,-1,-1
24,0,67,103,112,293,0.8526,-1,-1,-1
24,1,221,121,119,265,0.8584,-1,-1,-1
24,21,0,133,39,163,0.6095,-1,-1,-1
25,0,64,102,115,302,0.8782,-1,-1,-1
25,1,223,120,122,272,0.8088,-1,-1,-1
25,21,0,134,41,176,0.4891,-1,-1,-1
26,0,61,99,118,310,0.8602,-1,-1,-1
26,1,221,118,124,278,0.8547,-1,-1,-1
26,21,-1,133,41,174,0.5443,-1,-1,-1
27,0,58,96,122,318,0.8516,-1,-1,-1
27,1,223,114,128,289,0.8211,-1,-1,-1
27,21,-2,131,42,178,0.4042,-1,-1,-1
28,0,57,93,124,325,0.8646,-1,-1,-1
28,1,227,112,129,295,0.8012,-1,-1,-1
28,21,-2,130,42,181,0.5305,-1,-1,-1
29,0,53,88,129,335,0.8524,-1,-1,-1
29,1,227,107,132,305,0.7272,-1,-1,-1
29,21,-2,127,41,180,0.4371,-1,-1,-1
30,0,49,84,133,344,0.8481,-1,-1,-1
30,1,230,104,134,310,0.8074,-1,-1,-1
30,21,-3,125,42,183,0.4179,-1,-1,-1
31,0,45,80,136,352,0.8853,-1,-1,-1
31,1,232,100,137,319,0.8288,-1,-1,-1
32,0,41,77,141,363,0.8524,-1,-1,-1
32,1,235,98,140,325,0.7246,-1,-1,-1
33,0,47,70,144,372,0.8628,-1,-1,-1
33,1,246,92,143,335,0.8584,-1,-1,-1
33,18,361,189,25,74,0.5161,-1,-1,-1
34,0,51,68,148,381,0.8374,-1,-1,-1
34,1,254,89,147,347,0.8519,-1,-1,-1
34,18,367,187,26,76,0.7299,-1,-1,-1
34,3,401,186,25,75,0.4887,-1,-1,-1
35,0,56,68,150,387,0.8517,-1,-1,-1
35,1,262,88,151,355,0.8401,-1,-1,-1
35,18,374,189,27,76,0.7148,-1,-1,-1
36,0,64,63,153,398,0.8788,-1,-1,-1
36,1,273,82,155,367,0.8722,-1,-1,-1
36,18,384,190,26,75,0.5888,-1,-1,-1
37,0,67,60,154,404,0.8891,-1,-1,-1
37,1,280,78,159,377,0.8741,-1,-1,-1
37,18,390,190,27,76,0.6429,-1,-1,-1
37,28,451,188,27,79,0.6883,-1,-1,-1
38,0,68,57,157,411,0.8692,-1,-1,-1
38,1,284,75,165,388,0.8698,-1,-1,-1
38,18,398,194,26,73,0.6293,-1,-1,-1
38,28,457,190,27,80,0.7360,-1,-1,-1
38,4,515,203,17,42,0.5514,-1,-1,-1
39,0,68,54,160,420,0.8672,-1,-1,-1
39,1,287,70,170,398,0.8618,-1,-1,-1
39,18,403,195,26,71,0.3787,-1,-1,-1
39,28,461,188,28,82,0.6781,-1,-1,-1
39,4,522,203,15,36,0.3164,-1,-1,-1
40,0,66,51,163,428,0.8761,-1,-1,-1
40,1,288,66,176,408,0.8494,-1,-1,-1
40,18,408,198,25,70,0.4274,-1,-1,-1
40,28,466,187,28,84,0.6518,-1,-1,-1
41,0,63,48,166,433,0.8826,-1,-1,-1
41,1,292,63,181,416,0.9161,-1,-1,-1
41,30,182,61,58,201,0.6809,-1,-1,-1
41,21,9,115,30,116,0.6251,-1,-1,-1
41,3,439,184,27,84,0.4747,-1,-1,-1
42,0,56,41,168,440,0.8508,-1,-1,-1
42,1,292,57,185,423,0.9154,-1,-1,-1
42,30,163,55,87,306,0.6617,-1,-1,-1
42,21,6,110,30,111,0.6872,-1,-1,-1
42,28,475,187,16,46,0.5572,-1,-1,-1
43,0,50,37,170,444,0.8821,-1,-1,-1
43,1,292,54,189,427,0.9024,-1,-1,-1
43,30,155,51,98,347,0.6343,-1,-1,-1
44,0,45,32,173,449,0.8703,-1,-1,-1
44,1,293,50,192,431,0.9093,-1,-1,-1
44,30,152,48,101,364,0.5949,-1,-1,-1
45,0,43,28,175,453,0.8776,-1,-1,-1
45,1,295,46,195,435,0.9000,-1,-1,-1
45,30,153,45,100,367,0.6360,-1,-1,-1
45,31,267,183,29,79,0.5551,-1,-1,-1
46,0,37,21,178,459,0.8406,-1,-1,-1
46,1,293,42,200,439,0.8978,-1,-1,-1
46,30,165,44,77,281,0.6557,-1,-1,-1
47,0,33,16,182,464,0.8341,-1,-1,-1
47,1,292,37,204,444,0.8849,-1,-1,-1
47,30,154,38,93,345,0.6420,-1,-1,-1
48,0,32,12,184,468,0.8438,-1,-1,-1
48,1,294,33,208,447,0.8339,-1,-1,-1
48,30,153,35,97,368,0.6788,-1,-1,-1
49,0,30,10,186,469,0.8346,-1,-1,-1
49,1,297,30,211,451,0.8557,-1,-1,-1
49,30,167,35,76,283,0.7153,-1,-1,-1
50,0,25,6,188,473,0.8373,-1,-1,-1
50,1,296,26,215,454,0.8404,-1,-1,-1
50,30,172,34,68,252,0.7050,-1,-1,-1
51,0,22,2,190,477,0.8515,-1,-1,-1
51,1,297,22,219,457,0.8866,-1,-1,-1
51,30,174,33,66,244,0.7039,-1,-1,-1
51,32,164,24,70,388,0.5769,-1,-1,-1
52,0,21,1,191,476,0.8292,-1,-1,-1
52,1,291,18,222,462,0.8454,-1,-1,-1
52,32,172,28,68,381,0.6944,-1,-1,-1
53,0,18,0,193,477,0.8653,-1,-1,-1
53,1,296,14,225,466,0.8840,-1,-1,-1
53,32,173,28,69,381,0.6465,-1,-1,-1
54,0,15,-1,195,479,0.8695,-1,-1,-1
54,1,298,12,227,468,0.8568,-1,-1,-1
54,32,174,28,69,384,0.6566,-1,-1,-1
55,0,14,-1,196,477,0.8491,-1,-1,-1
55,1,304,8,232,471,0.8722,-1,-1,-1
55,32,175,25,70,388,0.6473,-1,-1,-1
56,0,13,-1,197,477,0.8755,-1,-1,-1
56,1,307,6,235,473,0.8912,-1,-1,-1
56,32,176,25,71,392,0.6612,-1,-1,-1
57,0,15,0,200,476,0.8628,-1,-1,-1
57,1,310,2,239,476,0.9044,-1,-1,-1
57,32,175,22,72,398,0.6729,-1,-1,-1
58,0,12,0,200,476,0.8736,-1,-1,-1
58,1,312,2,242,476,0.8807,-1,-1,-1
58,32,175,21,74,402,0.6507,-1,-1,-1
59,0,11,0,202,477,0.8626,-1,-1,-1
59,1,315,1,246,477,0.8843,-1,-1,-1
59,32,177,20,74,406,0.7800,-1,-1,-1
60,0,7,0,204,477,0.8714,-1,-1,-1
60,1,318,0,249,479,0.8873,-1,-1,-1
60,32,178,19,75,408,0.7856,-1,-1,-1
61,0,7,0,206,479,0.8641,-1,-1,-1
61,1,322,0,253,479,0.8732,-1,-1,-1
61,32,178,18,76,410,0.7541,-1,-1,-1
62,0,14,0,208,477,0.7972,-1,-1,-1
62,1,325,0,256,479,0.8727,-1,-1,-1
62,32,179,16,76,412,0.7508,-1,-1,-1
63,0,12,0,211,477,0.7876,-1,-1,-1
63,1,325,0,259,479,0.8513,-1,-1,-1
63,32,179,15,77,414,0.7733,-1,-1,-1
64,0,12,0,213,476,0.7391,-1,-1,-1
64,1,327,0,261,478,0.9024,-1,-1,-1
64,32,177,13,78,414,0.7013,-1,-1,-1
65,0,14,0,217,478,0.7366,-1,-1,-1
65,1,328,0,264,478,0.8693,-1,-1,-1
65,32,174,13,80,422,0.6512,-1,-1,-1
65,34,501,193,26,76,0.5418,-1,-1,-1
66,0,14,0,221,479,0.8197,-1,-1,-1
66,1,327,0,267,479,0.9044,-1,-1,-1
66,32,172,11,82,428,0.5877,-1,-1,-1
66,34,501,192,27,77,0.5473,-1,-1,-1
67,0,4,1,220,478,0.7402,-1,-1,-1
67,1,327,0,269,479,0.8533,-1,-1,-1
67,32,177,12,82,424,0.7227,-1,-1,-1
67,34,501,192,27,76,0.5436,-1,-1,-1
68,0,1,1,220,479,0.7381,-1,-1,-1
68,1,329,0,272,479,0.8851,-1,-1,-1
68,32,180,11,83,423,0.6599,-1,-1,-1
68,34,503,192,27,77,0.4494,-1,-1,-1
69,0,-1,1,219,479,0.7159,-1,-1,-1
69,1,329,0,274,478,0.9083,-1,-1,-1
69,32,181,10,83,423,0.6731,-1,-1,-1
69,34,503,192,27,76,0.5070,-1,-1,-1
70,0,0,1,219,479,0.7579,-1,-1,-1
70,1,329,0,275,478,0.9005,-1,-1,-1
70,32,185,9,82,422,0.8252,-1,-1,-1
70,34,504,193,26,76,0.4796,-1,-1,-1
70,37,298,176,27,85,0.5054,-1,-1,-1
71,0,0,1,219,479,0.8248,-1,-1,-1
71,1,327,0,277,478,0.8842,-1,-1,-1
71,32,186,8,82,422,0.8559,-1,-1,-1
71,34,504,193,26,75,0.4513,-1,-1,-1
71,37,294,176,27,85,0.5154,-1,-1,-1
72,0,0,1,220,478,0.8807,-1,-1,-1
72,1,325,0,279,478,0.8982,-1,-1,-1
72,32,187,6,83,424,0.8501,-1,-1,-1
72,34,504,192,26,76,0.4222,-1,-1,-1
72,37,297,176,27,84,0.5157,-1,-1,-1
73,0,0,0,220,479,0.8554,-1,-1,-1
73,1,323,0,280,478,0.8891,-1,-1,-1
73,32,188,7,83,423,0.8465,-1,-1,-1
73,34,504,192,26,77,0.4735,-1,-1,-1
73,37,294,176,27,83,0.5436,-1,-1,-1
73,38,584,195,26,52,0.6386,-1,-1,-1
74,0,-1,1,219,478,0.8156,-1,-1,-1
74,1,320,0,282,478,0.8997,-1,-1,-1
74,32,189,6,84,424,0.8425,-1,-1,-1
74,34,503,193,26,77,0.4974,-1,-1,-1
74,37,291,176,27,83,0.5493,-1,-1,-1
74,38,584,196,26,52,0.3864,-1,-1,-1
75,0,-1,1,218,479,0.7761,-1,-1,-1
75,1,315,0,283,478,0.9045,-1,-1,-1
75,32,190,4,83,426,0.8374,-1,-1,-1
75,37,291,176,27,81,0.5720,-1,-1,-1
76,0,-1,0,219,480,0.8394,-1,-1,-1
76,1,313,0,283,478,0.9128,-1,-1,-1
76,32,190,5,84,424,0.8464,-1,-1,-1
76,37,291,176,27,81,0.6733,-1,-1,-1
77,0,0,0,220,479,0.8580,-1,-1,-1
77,1,310,0,283,478,0.8881,-1,-1,-1
77,32,190,4,85,425,0.8355,-1,-1,-1
77,37,291,176,26,81,0.6467,-1,-1,-1
78,0,0,0,220,479,0.8909,-1,-1,-1
78,1,309,0,284,479,0.8948,-1,-1,-1
78,32,190,4,85,425,0.8366,-1,-1,-1
78,37,291,176,27,81,0.5657,-1,-1,-1
79,0,0,0,220,479,0.8900,-1,-1,-1
79,1,307,0,284,479,0.8816,-1,-1,-1
79,32,189,4,84,425,0.8570,-1,-1,-1
79,37,291,177,28,80,0.5733,-1,-1,-1
80,0,0,0,220,479,0.8993,-1,-1,-1
80,1,307,1,283,478,0.8853,-1,-1,-1
80,32,189,5,83,423,0.8380,-1,-1,-1
80,37,295,177,22,60,0.3429,-1,-1,-1
81,0,1,0,221,479,0.8796,-1,-1,-1
81,1,305,0,283,478,0.9002,-1,-1,-1
81,32,187,8,83,420,0.8057,-1,-1,-1
82,0,5,0,221,477,0.8125,-1,-1,-1
82,1,304,0,283,479,0.8893,-1,-1,-1
82,32,186,10,84,419,0.7682,-1,-1,-1
83,0,3,1,222,477,0.8128,-1,-1,-1
83,1,304,0,283,478,0.8869,-1,-1,-1
83,32,188,9,83,419,0.8012,-1,-1,-1
84,0,2,0,222,478,0.7690,-1,-1,-1
84,1,304,0,283,479,0.9076,-1,-1,-1
84,32,185,6,85,424,0.7931,-1,-1,-1
85,0,0,0,222,479,0.8319,-1,-1,-1
85,1,304,1,282,477,0.8986,-1,-1,-1
85,32,183,12,84,418,0.7544,-1,-1,-1
86,0,-1,1,220,478,0.8404,-1,-1,-1
86,1,305,0,282,478,0.8915,-1,-1,-1
86,32,180,15,83,415,0.8017,-1,-1,-1
87,0,-2,1,221,478,0.8166,-1,-1,-1
87,1,305,0,281,478,0.8894,-1,-1,-1
87,32,176,16,83,413,0.7925,-1,-1,-1
87,34,502,194,25,75,0.5379,-1,-1,-1
88,0,-1,1,220,478,0.8443,-1,-1,-1
88,1,305,0,282,478,0.9118,-1,-1,-1
88,32,174,20,82,408,0.8084,-1,-1,-1
88,34,503,195,25,75,0.3960,-1,-1,-1
89,0,0,1,220,476,0.8425,-1,-1,-1
89,1,305,0,282,478,0.8975,-1,-1,-1
89,32,174,23,81,408,0.7839,-1,-1,-1
89,34,504,196,24,74,0.3909,-1,-1,-1
90,0,0,1,220,478,0.7863,-1,-1,-1
90,1,306,0,281,478,0.9019,-1,-1,-1
90,32,173,24,82,408,0.7855,-1,-1,-1
90,34,504,196,23,74,0.3505,-1,-1,-1
91,0,-1,1,220,478,0.8234,-1,-1,-1
91,1,308,1,280,477,0.8979,-1,-1,-1
91,32,172,24,82,405,0.7691,-1,-1,-1
91,34,504,195,23,74,0.4098,-1,-1,-1
92,0,0,1,220,478,0.8522,-1,-1,-1
92,1,307,1,280,477,0.9017,-1,-1,-1
92,32,172,24,82,401,0.8306,-1,-1,-1
92,34,504,194,23,75,0.3990,-1,-1,-1
93,0,0,1,220,478,0.8925,-1,-1,-1
93,1,305,1,281,477,0.8985,-1,-1,-1
93,32,174,24,85,406,0.8400,-1,-1,-1
93,41,294,181,26,78,0.5898,-1,-1,-1
94,0,0,1,220,478,0.8636,-1,-1,-1
94,1,306,1,280,476,0.8938,-1,-1,-1
94,32,176,24,87,407,0.8118,-1,-1,-1
94,41,295,180,26,77,0.5762,-1,-1,-1
94,42,268,192,17,57,0.5653,-1,-1,-1
95,0,0,1,220,478,0.8676,-1,-1,-1
95,1,305,1,280,477,0.8870,-1,-1,-1
95,32,177,23,89,408,0.8104,-1,-1,-1
95,41,297,179,26,79,0.5368,-1,-1,-1
95,42,266,193,18,56,0.6947,-1,-1,-1
96,0,0,1,221,478,0.8326,-1,-1,-1
96,1,305,1,279,476,0.8927,-1,-1,-1
96,32,176,22,90,410,0.7777,-1,-1,-1
96,41,298,180,26,77,0.5108,-1,-1,-1
96,42,265,192,17,56,0.6088,-1,-1,-1
97,0,0,2,220,477,0.8571,-1,-1,-1
97,1,306,1,278,476,0.8983,-1,-1,-1
97,32,179,21,91,410,0.8206,-1,-1,-1
97,41,300,180,25,77,0.5552,-1,-1,-1
97,42,262,191,18,58,0.6807,-1,-1,-1
97,43,0,83,40,369,0.5609,-1,-1,-1
98,0,0,1,220,478,0.8746,-1,-1,-1
98,1,307,1,278,477,0.9115,-1,-1,-1
98,32,181,20,91,411,0.8325,-1,-1,-1
98,41,300,178,26,79,0.6001,-1,-1,-1
98,43,0,82,40,373,0.6135,-1,-1,-1
99,0,0,1,220,478,0.8616,-1,-1,-1
99,1,307,1,278,477,0.9092,-1,-1,-1
99,32,182,20,92,411,0.8316,-1,-1,-1
99,41,300,179,26,79,0.5984,-1,-1,-1
99,43,0,81,40,376,0.6111,-1,-1,-1
100,0,0,2,220,477,0.8735,-1,-1,-1
100,1,308,1,277,477,0.9108,-1,-1,-1
100,32,183,18,92,413,0.8386,-1,-1,-1
100,41,300,178,26,80,0.5996,-1,-1,-1
100,43,-1,80,39,374,0.4816,-1,-1,-1
100,34,504,193,23,76,0.4674,-1,-1,-1
101,0,0,2,219,477,0.8765,-1,-1,-1
101,1,308,1,277,477,0.9021,-1,-1,-1
101,32,187,18,92,413,0.8338,-1,-1,-1
101,41,299,179,27,81,0.5962,-1,-1,-1
101,43,-2,80,39,377,0.4920,-1,-1,-1
101,34,504,193,23,77,0.3545,-1,-1,-1
102,0,0,1,220,477,0.9014,-1,-1,-1
102,1,308,1,276,477,0.9044,-1,-1,-1
102,32,189,18,92,413,0.8474,-1,-1,-1
102,43,-1,80,39,377,0.5012,-1,-1,-1
102,34,505,198,21,70,0.3395,-1,-1,-1
103,0,0,0,220,478,0.8942,-1,-1,-1
103,1,309,1,276,477,0.9035,-1,-1,-1
103,32,190,18,93,413,0.8404,-1,-1,-1
103,43,-1,81,38,373,0.4739,-1,-1,-1
103,34,506,200,21,68,0.3459,-1,-1,-1
104,0,0,0,220,478,0.8959,-1,-1,-1
104,1,311,1,275,477,0.9161,-1,-1,-1
104,32,192,18,92,412,0.8360,-1,-1,-1
104,43,-2,81,39,374,0.4686,-1,-1,-1
104,34,506,200,21,68,0.3955,-1,-1,-1
105,0,0,0,220,478,0.9096,-1,-1,-1
105,1,311,1,275,477,0.9160,-1,-1,-1
105,32,191,18,92,413,0.8315,-1,-1,-1
105,43,-2,82,37,366,0.3882,-1,-1,-1
105,34,507,201,20,66,0.3706,-1,-1,-1
105,41,300,178,26,80,0.5603,-1,-1,-1
106,0,1,0,220,478,0.9036,-1,-1,-1
106,1,313,0,275,478,0.9179,-1,-1,-1
106,32,190,18,91,413,0.7975,-1,-1,-1
106,43,-2,82,37,375,0.3921,-1,-1,-1
106,34,507,201,20,67,0.3204,-1,-1,-1
106,41,300,179,26,81,0.6239,-1,-1,-1
107,0,1,1,221,478,0.9100,-1,-1,-1
107,1,314,0,276,478,0.9112,-1,-1,-1
107,32,189,18,91,412,0.8060,-1,-1,-1
107,43,-3,81,37,374,0.2803,-1,-1,-1
107,34,508,199,20,69,0.2816,-1,-1,-1
107,41,301,178,25,81,0.6264,-1,-1,-1
108,0,1,1,222,478,0.9047,-1,-1,-1
108,1,315,0,277,478,0.9055,-1,-1,-1
108,32,189,17,90,414,0.8183,-1,-1,-1
108,34,508,198,21,69,0.2666,-1,-1,-1
108,41,301,177,25,81,0.6394,-1,-1,-1
109,0,1,1,222,478,0.9137,-1,-1,-1
109,1,316,0,277,478,0.8905,-1,-1,-1
109,32,189,18,89,413,0.8271,-1,-1,-1
109,34,510,198,17,59,0.3207,-1,-1,-1
109,41,300,177,26,81,0.6338,-1,-1,-1
110,0,0,0,222,479,0.9135,-1,-1,-1
110,1,316,0,277,478,0.8721,-1,-1,-1
110,32,189,18,90,413,0.8169,-1,-1,-1
110,41,300,177,25,81,0.6214,-1,-1,-1
111,0,0,0,221,478,0.9080,-1,-1,-1
111,1,313,0,277,478,0.8454,-1,-1,-1
111,32,189,18,90,413,0.8257,-1,-1,-1
111,41,300,177,24,80,0.5749,-1,-1,-1
112,0,0,0,221,478,0.9243,-1,-1,-1
112,1,312,0,278,478,0.8654,-1,-1,-1
112,32,189,18,90,413,0.8304,-1,-1,-1
112,41,297,177,26,80,0.5606,-1,-1,-1
113,0,0,0,222,478,0.9287,-1,-1,-1
113,1,311,0,278,478,0.8883,-1,-1,-1
113,32,189,18,91,414,0.8295,-1,-1,-1
113,41,296,177,22,64,0.4185,-1,-1,-1
114,0,0,0,221,478,0.9104,-1,-1,-1
114,1,311,0,278,478,0.8842,-1,-1,-1
114,32,189,19,91,412,0.8424,-1,-1,-1
115,0,0,0,221,478,0.9280,-1,-1,-1
115,1,309,0,279,478,0.8572,-1,-1,-1
115,32,190,19,91,413,0.8664,-1,-1,-1
116,0,0,1,220,478,0.9008,-1,-1,-1
116,1,307,0,280,478,0.8660,-1,-1,-1
116,32,192,19,91,413,0.8310,-1,-1,-1
117,0,0,1,220,478,0.8998,-1,-1,-1
117,1,306,0,280,479,0.8809,-1,-1,-1
117,32,193,19,91,413,0.8623,-1,-1,-1
118,0,0,1,221,478,0.8918,-1,-1,-1
118,1,303,0,281,478,0.9072,-1,-1,-1
118,32,194,19,92,412,0.8514,-1,-1,-1
119,0,1,2,222,477,0.8927,-1,-1,-1
119,1,302,0,280,478,0.8999,-1,-1,-1
119,32,196,19,92,412,0.8399,-1,-1,-1
119,34,502,192,23,78,0.5985,-1,-1,-1
120,0,2,2,222,477,0.8615,-1,-1,-1
120,1,303,0,280,478,0.9000,-1,-1,-1
120,32,198,20,91,410,0.8032,-1,-1,-1
120,34,501,192,24,79,0.5503,-1,-1,-1
121,0,0,2,222,477,0.8995,-1,-1,-1
121,1,303,1,280,477,0.8843,-1,-1,-1
121,32,198,20,90,411,0.8373,-1,-1,-1
121,34,501,192,24,79,0.5875,-1,-1,-1
122,0,4,1,223,478,0.8743,-1,-1,-1
122,1,304,1,280,477,0.8706,-1,-1,-1
122,32,199,20,90,410,0.7626,-1,-1,-1
122,34,501,193,25,78,0.5368,-1,-1,-1
123,0,4,1,225,478,0.8656,-1,-1,-1
123,1,304,0,280,478,0.8988,-1,-1,-1
123,32,199,21,90,410,0.8198,-1,-1,-1
123,34,501,193,25,78,0.5438,-1,-1,-1
124,0,8,1,226,477,0.8806,-1,-1,-1
124,1,306,0,280,478,0.9037,-1,-1,-1
124,32,199,21,89,410,0.8560,-1,-1,-1
124,34,501,193,26,78,0.5221,-1,-1,-1
125,0,10,1,228,477,0.9046,-1,-1,-1
125,1,306,0,279,478,0.8838,-1,-1,-1
125,32,199,21,87,410,0.8066,-1,-1,-1
125,34,501,192,26,79,0.6081,-1,-1,-1
125,47,292,178,30,80,0.5239,-1,-1,-1
125,43,1,81,41,397,0.4749,-1,-1,-1
126,0,11,1,230,477,0.8734,-1,-1,-1
126,1,306,0,279,478,0.8744,-1,-1,-1
126,32,199,21,87,410,0.7793,-1,-1,-1
126,34,502,194,25,77,0.5440,-1,-1,-1
126,47,292,178,29,79,0.4788,-1,-1,-1
126,43,1,80,42,399,0.4015,-1,-1,-1
127,0,10,0,232,478,0.8886,-1,-1,-1
127,1,307,1,278,477,0.8853,-1,-1,-1
127,32,199,21,86,410,0.7495,-1,-1,-1
127,34,502,194,26,77,0.4643,-1,-1,-1
127,47,293,177,30,80,0.5115,-1,-1,-1
127,43,1,78,43,402,0.2536,-1,-1,-1
128,0,10,0,233,478,0.8723,-1,-1,-1
128,1,307,0,278,478,0.8911,-1,-1,-1
128,32,200,21,85,410,0.7385,-1,-1,-1
128,34,503,199,24,71,0.4633,-1,-1,-1
128,47,295,177,30,80,0.4866,-1,-1,-1
128,43,2,78,43,402,0.4025,-1,-1,-1
128,48,562,203,15,37,0.4673,-1,-1,-1
129,0,9,0,235,477,0.8907,-1,-1,-1
129,1,307,0,277,478,0.8895,-1,-1,-1
129,32,200,21,85,409,0.7069,-1,-1,-1
129,34,503,194,25,76,0.5482,-1,-1,-1
129,47,294,177,30,80,0.4728,-1,-1,-1
129,43,2,79,44,401,0.4216,-1,-1,-1
129,48,561,203,15,37,0.3320,-1,-1,-1
130,0,9,0,236,478,0.8805,-1,-1,-1
130,1,308,0,277,478,0.8823,-1,-1,-1
130,32,201,21,84,409,0.7130,-1,-1,-1
130,34,503,191,26,80,0.5336,-1,-1,-1
130,47,295,177,29,80,0.4455,-1,-1,-1
130,43,1,78,45,402,0.4390,-1,-1,-1
130,48,560,202,16,39,0.3463,-1,-1,-1
131,0,11,0,236,478,0.8683,-1,-1,-1
131,1,307,0,278,478,0.8965,-1,-1,-1
131,32,201,22,83,408,0.7738,-1,-1,-1
131,34,502,190,27,81,0.5157,-1,-1,-1
131,47,294,177,29,80,0.4467,-1,-1,-1
131,43,1,77,46,403,0.2617,-1,-1,-1
131,48,560,202,16,39,0.3740,-1,-1,-1
132,0,11,0,236,478,0.8440,-1,-1,-1
132,1,306,0,277,478,0.9044,-1,-1,-1
132,32,200,22,83,408,0.8335,-1,-1,-1
132,34,501,190,27,81,0.5195,-1,-1,-1
132,47,293,177,29,80,0.5856,-1,-1,-1
132,43,0,77,45,402,0.3064,-1,-1,-1
132,48,560,202,16,39,0.2654,-1,-1,-1
133,0,8,0,235,478,0.8549,-1,-1,-1
133,1,306,1,276,477,0.8987,-1,-1,-1
133,32,200,22,83,409,0.8282,-1,-1,-1
133,34,502,189,27,81,0.5931,-1,-1,-1
133,47,292,177,30,80,0.6830,-1,-1,-1
133,43,0,78,46,401,0.3519,-1,-1,-1
134,0,2,0,233,478,0.8529,-1,-1,-1
134,1,306,1,276,477,0.8938,-1,-1,-1
134,32,200,22,83,409,0.8207,-1,-1,-1
134,34,502,190,27,80,0.5087,-1,-1,-1
134,47,292,177,30,80,0.6026,-1,-1,-1
134,43,0,79,46,400,0.3723,-1,-1,-1
135,0,1,1,232,477,0.8865,-1,-1,-1
135,1,306,0,275,478,0.9013,-1,-1,-1
135,32,200,22,83,408,0.8347,-1,-1,-1
135,34,501,191,27,80,0.5467,-1,-1,-1
135,47,291,177,31,80,0.6422,-1,-1,-1
135,43,0,80,43,394,0.3162,-1,-1,-1
136,0,0,1,230,477,0.8756,-1,-1,-1
136,1,305,0,275,478,0.9071,-1,-1,-1
136,32,200,22,82,408,0.8135,-1,-1,-1
136,34,501,190,27,81,0.5636,-1,-1,-1
136,47,291,177,31,80,0.5960,-1,-1,-1
137,0,-1,1,228,475,0.8555,-1,-1,-1
137,1,305,0,274,478,0.8957,-1,-1,-1
137,32,199,22,82,408,0.8225,-1,-1,-1
137,34,501,192,27,79,0.4907,-1,-1,-1
137,47,292,177,30,80,0.5713,-1,-1,-1
138,0,-2,1,228,476,0.8668,-1,-1,-1
138,1,305,0,274,478,0.8932,-1,-1,-1
138,32,195,22,84,408,0.8078,-1,-1,-1
138,34,502,196,25,75,0.4422,-1,-1,-1
138,47,292,177,31,80,0.6820,-1,-1,-1
139,0,-1,2,226,474,0.8749,-1,-1,-1
139,1,306,1,273,477,0.8970,-1,-1,-1
139,32,193,21,85,409,0.8196,-1,-1,-1
139,34,502,196,25,74,0.4495,-1,-1,-1
139,47,292,177,31,79,0.7009,-1,-1,-1
140,0,-2,2,226,475,0.8939,-1,-1,-1
140,1,306,1,274,477,0.8843,-1,-1,-1
140,32,192,21,86,410,0.8331,-1,-1,-1
140,34,503,194,25,77,0.4210,-1,-1,-1
140,47,291,177,32,80,0.6775,-1,-1,-1
141,0,-2,2,225,476,0.8980,-1,-1,-1
141,1,308,1,273,477,0.8893,-1,-1,-1
141,32,191,20,87,411,0.8431,-1,-1,-1
141,34,503,193,25,78,0.4886,-1,-1,-1
141,47,291,178,32,79,0.6415,-1,-1,-1
141,48,554,204,17,40,0.5065,-1,-1,-1
142,0,-3,2,224,475,0.8971,-1,-1,-1
142,1,307,0,274,478,0.8875,-1,-1,-1
142,32,190,20,88,411,0.8495,-1,-1,-1
142,34,502,190,27,81,0.5539,-1,-1,-1
142,47,291,177,32,80,0.5841,-1,-1,-1
142,48,554,202,17,42,0.5510,-1,-1,-1
143,0,-3,1,223,476,0.9090,-1,-1,-1
143,1,308,0,274,478,0.9008,-1,-1,-1
143,32,188,20,90,412,0.8471,-1,-1,-1
143,34,502,190,27,80,0.5338,-1,-1,-1
143,47,291,177,32,80,0.5885,-1,-1,-1
143,48,554,204,16,40,0.4297,-1,-1,-1
144,0,-3,1,223,477,0.9058,-1,-1,-1
144,1,309,0,275,478,0.9092,-1,-1,-1
144,32,188,20,90,412,0.8431,-1,-1,-1
144,34,503,189,27,81,0.4848,-1,-1,-1
144,47,291,178,31,79,0.5454,-1,-1,-1
144,48,553,203,17,40,0.4748,-1,-1,-1
145,0,-3,1,222,477,0.9053,-1,-1,-1
145,1,312,0,276,478,0.9208,-1,-1,-1
145,32,187,20,92,412,0.8465,-1,-1,-1
145,34,503,189,27,81,0.4596,-1,-1,-1
145,47,291,178,31,78,0.5876,-1,-1,-1
145,48,552,203,22,53,0.5169,-1,-1,-1
146,0,-3,1,221,477,0.8903,-1,-1,-1
146,1,313,0,276,478,0.8714,-1,-1,-1
146,32,187,20,92,412,0.8500,-1,-1,-1
146,47,291,177,31,79,0.6061,-1,-1,-1
147,0,-2,1,220,475,0.9091,-1,-1,-1
147,1,310,1,275,477,0.7707,-1,-1,-1
147,32,186,20,93,412,0.8371,-1,-1,-1
147,47,293,177,30,79,0.4672,-1,-1,-1
148,0,0,2,219,474,0.9084,-1,-1,-1
148,1,317,1,277,477,0.8866,-1,-1,-1
148,32,186,19,94,413,0.8339,-1,-1,-1
148,47,294,177,30,82,0.5861,-1,-1,-1
149,0,0,2,220,473,0.8899,-1,-1,-1
149,1,321,1,277,478,0.8566,-1,-1,-1
149,32,187,20,94,411,0.8099,-1,-1,-1
149,47,295,178,30,83,0.5860,-1,-1,-1
150,0,2,2,219,472,0.8917,-1,-1,-1
150,1,322,1,279,477,0.8300,-1,-1,-1
150,32,189,20,94,412,0.8592,-1,-1,-1
151,0,4,2,219,470,0.8976,-1,-1,-1
151,1,306,1,274,477,0.7351,-1,-1,-1
151,32,190,19,94,412,0.8136,-1,-1,-1
152,0,5,2,220,470,0.8905,-1,-1,-1
152,1,294,1,270,478,0.6704,-1,-1,-1
152,32,192,19,93,412,0.8207,-1,-1,-1
153,0,5,2,221,471,0.8761,-1,-1,-1
153,1,310,1,271,477,0.8719,-1,-1,-1
153,32,192,19,92,412,0.8088,-1,-1,-1
154,0,4,2,221,472,0.8649,-1,-1,-1
154,1,312,1,274,477,0.8958,-1,-1,-1
154,32,191,19,93,412,0.8320,-1,-1,-1
154,34,501,187,27,82,0.6573,-1,-1,-1
154,48,553,206,16,38,0.5386,-1,-1,-1
155,0,5,2,221,472,0.8799,-1,-1,-1
155,1,310,1,275,477,0.8999,-1,-1,-1
155,32,192,20,91,410,0.8266,-1,-1,-1
155,52,534,193,13,57,0.5642,-1,-1,-1
155,34,501,189,27,80,0.6480,-1,-1,-1
155,48,554,206,15,37,0.5288,-1,-1,-1
156,0,4,2,222,472,0.8792,-1,-1,-1
156,1,308,1,275,477,0.8950,-1,-1,-1
156,32,191,19,92,412,0.8075,-1,-1,-1
156,52,534,193,13,56,0.5257,-1,-1,-1
156,34,501,191,26,78,0.5614,-1,-1,-1
156,48,554,207,14,36,0.5108,-1,-1,-1
157,0,4,2,221,473,0.8494,-1,-1,-1
157,1,301,1,274,477,0.9026,-1,-1,-1
157,32,190,18,92,414,0.7911,-1,-1,-1
157,34,500,194,26,76,0.5545,-1,-1,-1
157,48,554,208,14,35,0.4730,-1,-1,-1
158,0,2,1,221,474,0.8766,-1,-1,-1
158,1,291,0,270,478,0.9149,-1,-1,-1
158,32,189,18,92,414,0.7787,-1,-1,-1
158,34,500,195,26,76,0.5520,-1,-1,-1
158,48,554,208,14,35,0.4774,-1,-1,-1
159,0,2,1,221,473,0.8578,-1,-1,-1
159,1,282,0,265,478,0.9060,-1,-1,-1
159,32,190,18,92,413,0.8060,-1,-1,-1
159,34,498,189,29,82,0.7068,-1,-1,-1
159,48,553,208,15,36,0.3524,-1,-1,-1
160,0,0,1,221,473,0.8713,-1,-1,-1
160,1,276,0,259,479,0.9338,-1,-1,-1
160,32,188,18,93,416,0.8288,-1,-1,-1
160,34,497,186,30,85,0.7510,-1,-1,-1
160,48,553,208,15,36,0.3658,-1,-1,-1
161,0,-1,1,220,475,0.8669,-1,-1,-1
161,1,273,0,253,479,0.9221,-1,-1,-1
161,32,187,17,93,419,0.8163,-1,-1,-1
161,34,497,185,30,87,0.7402,-1,-1,-1
161,48,554,208,14,35,0.3024,-1,-1,-1
162,0,-3,1,220,476,0.8841,-1,-1,-1
162,1,272,0,249,479,0.9111,-1,-1,-1
162,32,185,16,94,421,0.8176,-1,-1,-1
162,34,497,184,30,88,0.7474,-1,-1,-1
162,52,526,191,15,61,0.5418,-1,-1,-1
163,0,-2,0,220,478,0.8622,-1,-1,-1
163,1,273,1,245,478,0.9076,-1,-1,-1
163,32,185,15,94,424,0.8283,-1,-1,-1
163,34,497,184,31,87,0.7481,-1,-1,-1
163,52,526,191,15,61,0.3538,-1,-1,-1
164,0,-2,0,219,478,0.7709,-1,-1,-1
164,1,274,0,242,479,0.8914,-1,-1,-1
164,32,180,13,96,427,0.8294,-1,-1,-1
164,34,497,183,31,88,0.7536,-1,-1,-1
165,0,-2,0,219,478,0.7112,-1,-1,-1
165,1,278,0,238,479,0.9299,-1,-1,-1
165,32,180,12,97,429,0.8234,-1,-1,-1
165,34,497,183,31,88,0.7376,-1,-1,-1
166,0,-1,0,219,478,0.7862,-1,-1,-1
166,1,281,0,235,479,0.9325,-1,-1,-1
166,32,179,10,98,432,0.8472,-1,-1,-1
166,34,497,182,32,89,0.7612,-1,-1,-1
167,0,-1,0,218,478,0.8579,-1,-1,-1
167,1,282,0,232,478,0.9337,-1,-1,-1
167,32,179,10,98,432,0.8404,-1,-1,-1
167,34,497,183,32,88,0.7298,-1,-1,-1
167,48,548,204,18,41,0.5344,-1,-1,-1
168,0,0,0,218,478,0.8721,-1,-1,-1
168,1,283,0,229,478,0.9212,-1,-1,-1
168,32,180,8,99,436,0.8382,-1,-1,-1
168,34,497,182,32,89,0.7540,-1,-1,-1
168,48,548,204,18,41,0.5553,-1,-1,-1
169,0,0,0,218,478,0.8707,-1,-1,-1
169,1,280,0,228,477,0.9148,-1,-1,-1
169,32,180,9,99,435,0.8326,-1,-1,-1
169,34,497,183,32,88,0.7340,-1,-1,-1
169,48,548,204,18,41,0.4097,-1,-1,-1
170,0,0,1,218,476,0.8747,-1,-1,-1
170,1,280,2,225,476,0.9009,-1,-1,-1
170,32,180,8,99,436,0.8456,-1,-1,-1
170,34,497,183,32,88,0.7628,-1,-1,-1
170,52,525,190,16,63,0.4885,-1,-1,-1
171,0,0,0,218,478,0.8918,-1,-1,-1
171,1,279,1,225,478,0.9084,-1,-1,-1
171,32,180,8,99,439,0.8501,-1,-1,-1
172,0,0,0,218,478,0.9036,-1,-1,-1
172,1,279,1,225,478,0.9148,-1,-1,-1
172,32,181,7,99,440,0.8539,-1,-1,-1
173,0,0,1,217,477,0.8974,-1,-1,-1
173,1,280,0,224,478,0.9248,-1,-1,-1
173,32,181,7,99,440,0.8620,-1,-1,-1
174,0,0,0,217,478,0.9098,-1,-1,-1
174,1,281,0,222,478,0.9297,-1,-1,-1
174,32,181,7,98,440,0.8574,-1,-1,-1
175,0,0,0,217,478,0.9156,-1,-1,-1
175,1,281,1,221,477,0.9012,-1,-1,-1
175,32,181,7,98,440,0.8609,-1,-1,-1
176,0,-1,1,217,477,0.8821,-1,-1,-1
176,1,281,1,220,478,0.9143,-1,-1,-1
176,32,180,8,99,439,0.8435,-1,-1,-1
177,0,-1,1,216,477,0.8824,-1,-1,-1
177,1,281,1,220,477,0.8909,-1,-1,-1
177,32,180,8,99,439,0.8496,-1,-1,-1
178,0,-1,1,215,476,0.8781,-1,-1,-1
178,1,282,0,220,478,0.9348,-1,-1,-1
178,32,180,8,99,438,0.8365,-1,-1,-1
178,48,546,203,19,44,0.6175,-1,-1,-1
178,34,497,183,32,89,0.7559,-1,-1,-1
179,0,-1,1,215,476,0.8712,-1,-1,-1
179,1,278,0,220,478,0.9191,-1,-1,-1
179,32,181,9,98,436,0.8662,-1,-1,-1
179,48,547,203,19,43,0.5327,-1,-1,-1
179,34,497,184,32,88,0.7749,-1,-1,-1
180,0,-1,1,215,476,0.8764,-1,-1,-1
180,1,280,0,220,478,0.9331,-1,-1,-1
180,32,180,9,98,436,0.8345,-1,-1,-1
180,48,546,204,18,43,0.3911,-1,-1,-1
180,34,496,184,33,88,0.7857,-1,-1,-1
181,0,0,1,215,477,0.8828,-1,-1,-1
181,1,281,0,220,478,0.9392,-1,-1,-1
181,32,180,9,99,437,0.8403,-1,-1,-1
181,48,548,205,18,42,0.4219,-1,-1,-1
181,34,497,183,32,89,0.7686,-1,-1,-1
182,0,0,0,216,478,0.8953,-1,-1,-1
182,1,282,0,220,478,0.9452,-1,-1,-1
182,32,180,9,99,438,0.8500,-1,-1,-1
182,48,548,206,17,41,0.3354,-1,-1,-1
182,34,496,183,34,89,0.7790,-1,-1,-1
183,0,0,0,216,478,0.9070,-1,-1,-1
183,1,283,0,220,478,0.9461,-1,-1,-1
183,32,180,9,99,439,0.8493,-1,-1,-1
183,48,548,206,17,41,0.5717,-1,-1,-1
183,34,496,184,33,88,0.7875,-1,-1,-1
183,52,526,188,20,69,0.4854,-1,-1,-1
184,0,0,0,216,478,0.9033,-1,-1,-1
184,1,285,0,219,479,0.9347,-1,-1,-1
184,32,180,9,98,438,0.8519,-1,-1,-1
184,48,549,206,17,41,0.4221,-1,-1,-1
184,34,496,183,33,89,0.7756,-1,-1,-1
184,52,525,189,21,68,0.6076,-1,-1,-1
185,0,0,0,215,478,0.8901,-1,-1,-1
185,1,287,0,219,479,0.9201,-1,-1,-1
185,32,180,9,98,438,0.8504,-1,-1,-1
185,48,548,205,18,42,0.3852,-1,-1,-1
185,34,496,183,33,89,0.7531,-1,-1,-1
185,52,530,190,19,65,0.4734,-1,-1,-1
186,0,0,0,216,477,0.8987,-1,-1,-1
186,1,290,0,219,479,0.9268,-1,-1,-1
186,32,180,9,98,440,0.8547,-1,-1,-1
186,48,547,204,18,43,0.2680,-1,-1,-1
186,34,497,184,32,87,0.7768,-1,-1,-1
186,52,532,191,18,63,0.4264,-1,-1,-1
187,0,0,0,216,478,0.8963,-1,-1,-1
187,1,292,0,218,479,0.9302,-1,-1,-1
187,32,180,9,98,439,0.8574,-1,-1,-1
187,48,551,206,17,41,0.3735,-1,-1,-1
187,34,497,184,32,88,0.7624,-1,-1,-1
187,52,534,192,16,61,0.4999,-1,-1,-1
188,0,0,1,215,477,0.8885,-1,-1,-1
188,1,294,0,217,479,0.9331,-1,-1,-1
188,32,180,8,98,440,0.8487,-1,-1,-1
188,48,549,206,17,41,0.3433,-1,-1,-1
188,34,497,184,32,88,0.7674,-1,-1,-1
188,52,533,191,17,64,0.2719,-1,-1,-1
189,0,0,1,215,477,0.8973,-1,-1,-1
189,1,294,0,217,479,0.9290,-1,-1,-1
189,32,180,9,98,440,0.8567,-1,-1,-1
189,48,548,205,17,42,0.2601,-1,-1,-1
189,34,497,184,32,88,0.7617,-1,-1,-1
190,0,0,1,216,477,0.8934,-1,-1,-1
190,1,295,0,216,479,0.9328,-1,-1,-1
190,32,180,9,98,440,0.8516,-1,-1,-1
190,48,551,206,17,40,0.3377,-1,-1,-1
190,34,497,184,32,88,0.7631,-1,-1,-1
191,0,0,1,215,476,0.8814,-1,-1,-1
191,1,295,0,215,479,0.9330,-1,-1,-1
191,32,180,8,98,440,0.8409,-1,-1,-1
191,48,553,207,16,39,0.2800,-1,-1,-1
191,34,497,184,31,88,0.7701,-1,-1,-1
192,0,0,1,215,476,0.8875,-1,-1,-1
192,1,296,0,214,479,0.9296,-1,-1,-1
192,32,179,8,99,441,0.8547,-1,-1,-1
192,34,497,184,31,88,0.7514,-1,-1,-1
193,0,0,1,214,476,0.8819,-1,-1,-1
193,1,296,0,214,479,0.9354,-1,-1,-1
193,32,180,9,98,440,0.8621,-1,-1,-1
193,34,496,184,32,88,0.7658,-1,-1,-1
194,0,0,1,214,476,0.8921,-1,-1,-1
194,1,295,0,214,479,0.9193,-1,-1,-1
194,32,180,8,97,440,0.8574,-1,-1,-1
194,34,497,184,31,88,0.7568,-1,-1,-1
195,0,0,1,214,476,0.8905,-1,-1,-1
195,1,291,0,215,479,0.9254,-1,-1,-1
195,32,179,9,98,439,0.8577,-1,-1,-1
195,34,496,184,32,89,0.7551,-1,-1,-1
196,0,0,1,213,476,0.8653,-1,-1,-1
196,1,289,0,216,479,0.9242,-1,-1,-1
196,32,180,9,97,440,0.8506,-1,-1,-1
196,34,496,183,32,91,0.7480,-1,-1,-1
197,0,0,1,214,476,0.8853,-1,-1,-1
197,1,287,0,217,479,0.9231,-1,-1,-1
197,32,179,9,98,440,0.8603,-1,-1,-1
197,34,496,183,32,91,0.7588,-1,-1,-1
198,0,0,0,213,477,0.9051,-1,-1,-1
198,1,287,0,217,479,0.9244,-1,-1,-1
198,32,179,9,97,440,0.8621,-1,-1,-1
198,34,497,184,31,90,0.7591,-1,-1,-1
199,0,-1,0,214,478,0.8904,-1,-1,-1
199,1,286,0,218,479,0.9263,-1,-1,-1
199,32,177,9,98,441,0.8554,-1,-1,-1
199,34,496,184,32,90,0.7629,-1,-1,-1
200,0,-1,0,213,478,0.8832,-1,-1,-1
200,1,284,0,219,479,0.9329,-1,-1,-1
200,32,174,10,98,441,0.8321,-1,-1,-1
200,34,497,184,31,89,0.7815,-1,-1,-1
201,0,-2,1,212,476,0.7585,-1,-1,-1
201,1,283,0,220,479,0.9301,-1,-1,-1
201,32,171,11,98,440,0.7771,-1,-1,-1
201,34,496,185,31,89,0.7775,-1,-1,-1
202,0,-1,1,212,476,0.6703,-1,-1,-1
202,1,283,0,220,479,0.9303,-1,-1,-1
202,32,166,14,97,436,0.7593,-1,-1,-1
202,34,496,185,31,89,0.7603,-1,-1,-1
202,56,526,189,23,74,0.4501,-1,-1,-1
203,0,0,1,211,476,0.6978,-1,-1,-1
203,1,283,0,220,479,0.9227,-1,-1,-1
203,32,161,17,97,430,0.7662,-1,-1,-1
203,34,495,185,31,89,0.7618,-1,-1,-1
203,56,527,188,24,75,0.5239,-1,-1,-1
204,0,0,0,214,477,0.7390,-1,-1,-1
204,1,281,0,221,479,0.9048,-1,-1,-1
204,32,156,17,97,423,0.6147,-1,-1,-1
204,34,495,186,30,88,0.7515,-1,-1,-1
204,56,532,192,21,68,0.5549,-1,-1,-1
205,0,1,1,213,476,0.7481,-1,-1,-1
205,1,279,0,222,479,0.9212,-1,-1,-1
205,32,152,19,96,414,0.6137,-1,-1,-1
205,34,495,187,30,87,0.6550,-1,-1,-1
205,56,532,193,21,69,0.3863,-1,-1,-1
206,0,0,1,212,476,0.6727,-1,-1,-1
206,1,280,0,223,479,0.9196,-1,-1,-1
206,32,148,20,95,406,0.5404,-1,-1,-1
206,34,495,186,30,88,0.6939,-1,-1,-1
206,56,529,191,22,73,0.5892,-1,-1,-1
207,0,0,2,212,476,0.7984,-1,-1,-1
207,1,280,1,222,478,0.9093,-1,-1,-1
207,32,153,24,93,393,0.7797,-1,-1,-1
207,34,495,186,30,88,0.7511,-1,-1,-1
207,56,531,192,21,69,0.5047,-1,-1,-1
208,0,-2,0,211,478,0.7683,-1,-1,-1
208,1,277,3,223,476,0.8957,-1,-1,-1
208,32,159,29,89,377,0.8089,-1,-1,-1
208,34,494,186,31,88,0.7319,-1,-1,-1
208,56,534,195,19,63,0.3644,-1,-1,-1
209,0,-2,1,211,477,0.8331,-1,-1,-1
209,1,276,3,224,476,0.8965,-1,-1,-1
209,32,165,33,85,367,0.8093,-1,-1,-1
209,34,494,186,31,88,0.7594,-1,-1,-1
209,56,534,196,20,63,0.3097,-1,-1,-1
210,0,-3,0,211,478,0.8969,-1,-1,-1
210,1,274,1,225,478,0.8969,-1,-1,-1
210,32,169,41,83,356,0.8173,-1,-1,-1
210,34,493,186,31,89,0.7272,-1,-1,-1
210,56,538,195,18,58,0.3933,-1,-1,-1
211,0,-3,1,209,477,0.9005,-1,-1,-1
211,1,271,1,227,478,0.8851,-1,-1,-1
211,32,172,45,81,351,0.8656,-1,-1,-1
211,34,492,184,31,90,0.7514,-1,-1,-1
211,56,534,191,21,64,0.3734,-1,-1,-1
212,0,-5,1,208,477,0.8549,-1,-1,-1
212,1,269,1,228,478,0.8873,-1,-1,-1
212,32,173,51,82,348,0.8617,-1,-1,-1
212,34,492,186,30,89,0.7372,-1,-1,-1
212,56,533,193,20,63,0.2899,-1,-1,-1
213,0,-8,0,206,477,0.8431,-1,-1,-1
213,1,266,1,229,478,0.8724,-1,-1,-1
213,32,175,54,84,349,0.8435,-1,-1,-1
213,34,490,185,31,89,0.7447,-1,-1,-1
213,56,530,192,21,67,0.2643,-1,-1,-1
213,59,520,185,26,82,0.6122,-1,-1,-1
214,0,-9,1,203,476,0.8912,-1,-1,-1
214,1,265,1,230,478,0.8905,-1,-1,-1
214,32,171,57,88,350,0.8926,-1,-1,-1
214,34,489,185,31,90,0.7178,-1,-1,-1
214,56,530,192,21,64,0.3414,-1,-1,-1
214,59,519,186,26,82,0.5130,-1,-1,-1
215,0,-10,1,200,476,0.9157,-1,-1,-1
215,1,265,1,230,478,0.9046,-1,-1,-1
215,32,174,57,89,345,0.9173,-1,-1,-1
215,34,486,184,31,91,0.7916,-1,-1,-1
215,59,516,185,27,83,0.4292,-1,-1,-1
216,0,-12,2,198,475,0.9137,-1,-1,-1
216,1,264,1,230,478,0.8607,-1,-1,-1
216,32,178,59,90,341,0.9025,-1,-1,-1
216,34,485,184,31,90,0.8195,-1,-1,-1
216,59,516,184,27,83,0.4566,-1,-1,-1
216,56,536,196,19,56,0.5177,-1,-1,-1
217,0,-12,1,195,476,0.9251,-1,-1,-1
217,1,271,0,228,479,0.8654,-1,-1,-1
217,32,180,61,92,338,0.9039,-1,-1,-1
217,34,484,182,32,92,0.8245,-1,-1,-1
217,59,515,185,26,82,0.5025,-1,-1,-1
217,56,538,194,19,56,0.3856,-1,-1,-1
218,0,-11,1,193,476,0.8917,-1,-1,-1
218,1,277,0,225,479,0.8254,-1,-1,-1
218,32,183,66,93,333,0.8893,-1,-1,-1
218,34,482,181,32,95,0.8092,-1,-1,-1
218,59,517,188,25,79,0.4579,-1,-1,-1
218,56,538,195,19,55,0.5077,-1,-1,-1
219,0,-8,1,192,476,0.9012,-1,-1,-1
219,1,275,0,223,478,0.8361,-1,-1,-1
219,32,188,72,92,327,0.8891,-1,-1,-1
219,34,480,181,33,94,0.8026,-1,-1,-1
219,59,516,189,25,78,0.4532,-1,-1,-1
219,56,537,195,20,56,0.3579,-1,-1,-1
220,0,-5,1,191,476,0.8736,-1,-1,-1
220,1,273,6,219,472,0.8490,-1,-1,-1
220,32,191,79,91,318,0.8994,-1,-1,-1
220,34,479,180,33,96,0.7803,-1,-1,-1
220,59,511,185,26,84,0.6427,-1,-1,-1
220,56,537,196,19,55,0.4301,-1,-1,-1
221,0,-1,1,191,475,0.7936,-1,-1,-1
221,1,277,17,213,461,0.8364,-1,-1,-1
221,32,195,85,90,307,0.8813,-1,-1,-1
221,34,479,181,33,96,0.7415,-1,-1,-1
221,59,509,183,26,86,0.6893,-1,-1,-1
221,56,539,200,18,51,0.4336,-1,-1,-1
222,0,1,0,192,475,0.8871,-1,-1,-1
222,1,281,25,209,453,0.8754,-1,-1,-1
222,32,202,89,88,296,0.8878,-1,-1,-1
222,34,481,181,32,96,0.7101,-1,-1,-1
222,59,508,183,27,86,0.6542,-1,-1,-1
222,56,539,200,19,52,0.5626,-1,-1,-1
223,0,3,1,193,476,0.9169,-1,-1,-1
223,1,287,31,207,448,0.9002,-1,-1,-1
223,32,212,92,86,278,0.6350,-1,-1,-1
223,34,482,184,32,96,0.6163,-1,-1,-1
223,59,507,184,27,86,0.6231,-1,-1,-1
223,56,539,200,19,53,0.5766,-1,-1,-1
224,0,5,1,195,477,0.9019,-1,-1,-1
224,1,290,34,205,445,0.9008,-1,-1,-1
224,32,214,95,84,270,0.8901,-1,-1,-1
224,34,483,183,31,97,0.6821,-1,-1,-1
224,59,506,183,27,88,0.4143,-1,-1,-1
224,56,539,201,19,53,0.5572,-1,-1,-1
225,0,7,0,197,477,0.9005,-1,-1,-1
225,1,293,38,202,440,0.8797,-1,-1,-1
225,32,219,100,81,264,0.8600,-1,-1,-1
225,34,483,183,31,98,0.7502,-1,-1,-1
225,59,509,188,25,83,0.2999,-1,-1,-1
225,56,539,200,20,54,0.6836,-1,-1,-1
226,0,9,0,199,478,0.8915,-1,-1,-1
226,1,297,43,198,435,0.8619,-1,-1,-1
226,32,222,107,80,257,0.8804,-1,-1,-1
226,34,483,181,31,99,0.6861,-1,-1,-1
226,59,508,186,26,87,0.5608,-1,-1,-1
226,56,540,201,19,53,0.5288,-1,-1,-1
227,0,10,1,202,478,0.8967,-1,-1,-1
227,1,295,49,195,430,0.8989,-1,-1,-1
227,32,226,110,79,250,0.8810,-1,-1,-1
227,34,482,181,32,100,0.7720,-1,-1,-1
227,59,507,186,27,88,0.5331,-1,-1,-1
227,56,539,199,21,56,0.5996,-1,-1,-1
228,0,11,1,204,477,0.9148,-1,-1,-1
228,1,296,53,190,425,0.8971,-1,-1,-1
228,32,233,112,78,245,0.8689,-1,-1,-1
228,34,482,182,32,101,0.7656,-1,-1,-1
228,59,509,187,25,84,0.5612,-1,-1,-1
228,56,541,201,21,55,0.5651,-1,-1,-1
229,0,10,2,206,477,0.8972,-1,-1,-1
229,1,297,60,184,418,0.8587,-1,-1,-1
229,32,240,110,75,235,0.8844,-1,-1,-1
229,34,483,182,32,102,0.7494,-1,-1,-1
229,59,510,187,25,84,0.4879,-1,-1,-1
229,56,542,198,22,59,0.6196,-1,-1,-1
230,0,9,4,207,475,0.9064,-1,-1,-1
230,1,297,64,179,414,0.8620,-1,-1,-1
230,32,244,110,74,230,0.8517,-1,-1,-1
230,34,484,182,33,103,0.7665,-1,-1,-1
230,59,511,188,25,84,0.5450,-1,-1,-1
230,56,544,198,22,59,0.6732,-1,-1,-1
230,61,455,169,31,122,0.6953,-1,-1,-1
231,0,7,4,207,474,0.8842,-1,-1,-1
231,1,297,66,176,412,0.8474,-1,-1,-1
231,32,249,110,75,228,0.8622,-1,-1,-1
231,34,486,182,33,104,0.7743,-1,-1,-1
231,59,512,186,25,88,0.4889,-1,-1,-1
231,56,549,200,21,58,0.6161,-1,-1,-1
231,61,455,166,32,125,0.8156,-1,-1,-1
232,0,6,4,208,474,0.8768,-1,-1,-1
232,1,309,66,171,411,0.8324,-1,-1,-1
232,32,254,113,74,225,0.8706,-1,-1,-1
232,34,488,183,33,104,0.7485,-1,-1,-1
232,59,513,184,26,92,0.5703,-1,-1,-1
232,56,552,199,23,60,0.6536,-1,-1,-1
232,61,457,163,34,130,0.8118,-1,-1,-1
233,0,5,3,211,475,0.8301,-1,-1,-1
233,1,317,68,167,411,0.8668,-1,-1,-1
233,32,260,118,74,221,0.8538,-1,-1,-1
233,34,490,183,33,104,0.4957,-1,-1,-1
233,59,517,184,26,93,0.5403,-1,-1,-1
233,56,557,199,23,60,0.6206,-1,-1,-1
233,61,464,160,34,134,0.7347,-1,-1,-1
234,0,6,2,211,474,0.8640,-1,-1,-1
234,1,322,69,165,409,0.8492,-1,-1,-1
234,32,266,120,73,217,0.8788,-1,-1,-1
234,34,494,180,33,107,0.3684,-1,-1,-1
234,59,519,183,26,95,0.5314,-1,-1,-1
234,56,561,197,24,63,0.5257,-1,-1,-1
234,61,469,159,38,148,0.5457,-1,-1,-1
235,0,7,2,211,473,0.8649,-1,-1,-1
235,1,330,74,163,404,0.8374,-1,-1,-1
235,32,272,120,72,215,0.8471,-1,-1,-1
235,59,521,183,27,95,0.5435,-1,-1,-1
235,56,570,199,23,61,0.5630,-1,-1,-1
235,61,481,158,36,141,0.5041,-1,-1,-1
236,0,9,2,212,473,0.8689,-1,-1,-1
236,1,341,78,162,401,0.8434,-1,-1,-1
236,32,279,119,70,208,0.8084,-1,-1,-1
236,59,527,184,26,94,0.6045,-1,-1,-1
236,56,574,197,23,63,0.5730,-1,-1,-1
237,0,13,3,214,475,0.8891,-1,-1,-1
237,1,359,86,158,393,0.8452,-1,-1,-1
237,32,287,119,70,204,0.8620,-1,-1,-1
237,56,583,196,25,65,0.5836,-1,-1,-1
237,65,609,195,31,275,0.6296,-1,-1,-1
237,66,8,117,38,159,0.5715,-1,-1,-1
238,0,17,6,215,472,0.8698,-1,-1,-1
238,1,371,88,158,391,0.8581,-1,-1,-1
238,32,293,120,69,202,0.8021,-1,-1,-1
238,56,589,194,27,68,0.7506,-1,-1,-1
238,65,607,200,32,277,0.6703,-1,-1,-1
238,66,13,118,38,155,0.3352,-1,-1,-1
238,67,238,173,34,99,0.5335,-1,-1,-1
239,0,26,12,214,466,0.8157,-1,-1,-1
239,1,388,89,154,379,0.8477,-1,-1,-1
239,32,303,122,68,201,0.7343,-1,-1,-1
239,56,595,199,25,64,0.3640,-1,-1,-1
239,65,604,204,31,275,0.3561,-1,-1,-1
240,0,38,15,213,462,0.7750,-1,-1,-1
240,1,401,88,152,373,0.8769,-1,-1,-1
240,32,307,123,68,197,0.7808,-1,-1,-1
240,56,599,195,26,67,0.4709,-1,-1,-1
240,70,368,180,21,80,0.4647,-1,-1,-1
240,67,250,160,40,114,0.7219,-1,-1,-1
241,0,48,16,213,461,0.7936,-1,-1,-1
241,1,408,86,152,373,0.8569,-1,-1,-1
241,32,309,124,68,194,0.7106,-1,-1,-1
241,56,602,197,24,61,0.2704,-1,-1,-1
241,70,366,177,21,83,0.2874,-1,-1,-1
241,67,251,156,40,118,0.2689,-1,-1,-1
241,65,590,199,34,280,0.4948,-1,-1,-1
242,0,54,14,214,464,0.8638,-1,-1,-1
242,1,412,87,153,376,0.8687,-1,-1,-1
242,32,308,123,67,189,0.7589,-1,-1,-1
242,72,392,181,26,79,0.5363,-1,-1,-1
242,65,593,182,36,297,0.5871,-1,-1,-1
243,0,58,12,216,467,0.8575,-1,-1,-1
243,1,415,89,152,376,0.8566,-1,-1,-1
243,32,310,122,68,188,0.8202,-1,-1,-1
243,72,391,180,26,81,0.6624,-1,-1,-1
243,65,583,77,50,402,0.7982,-1,-1,-1
244,0,65,8,214,461,0.8286,-1,-1,-1
244,1,418,92,150,375,0.8808,-1,-1,-1
244,32,308,120,70,190,0.8290,-1,-1,-1
244,72,392,179,27,82,0.6664,-1,-1,-1
244,65,568,24,58,455,0.8954,-1,-1,-1
244,74,414,179,27,100,0.4639,-1,-1,-1
244,66,25,166,24,89,0.7426,-1,-1,-1
245,0,70,7,212,458,0.8521,-1,-1,-1
245,1,423,94,148,376,0.8279,-1,-1,-1
245,32,310,120,70,191,0.8191,-1,-1,-1
245,72,391,178,26,83,0.6498,-1,-1,-1
245,65,561,1,64,477,0.7549,-1,-1,-1
245,74,414,176,28,103,0.6708,-1,-1,-1
246,0,73,10,213,462,0.9060,-1,-1,-1
246,1,426,91,145,373,0.8210,-1,-1,-1
246,32,310,121,71,190,0.8017,-1,-1,-1
246,72,390,176,27,85,0.6457,-1,-1,-1
246,65,557,-8,68,486,0.8396,-1,-1,-1
246,74,414,172,30,106,0.8569,-1,-1,-1
246,66,36,193,12,41,0.6500,-1,-1,-1
247,0,77,13,213,462,0.9082,-1,-1,-1
247,1,429,88,140,365,0.7983,-1,-1,-1
247,32,309,122,71,190,0.8120,-1,-1,-1
247,72,388,175,26,84,0.6260,-1,-1,-1
247,65,541,-11,73,487,0.8511,-1,-1,-1
247,74,411,171,30,108,0.8221,-1,-1,-1
247,75,-6,165,33,88,0.7018,-1,-1,-1
247,67,285,168,31,93,0.6506,-1,-1,-1
248,0,80,11,213,465,0.8874,-1,-1,-1
248,1,432,88,136,355,0.8171,-1,-1,-1
248,32,309,122,71,190,0.8210,-1,-1,-1
248,72,386,174,27,87,0.6710,-1,-1,-1
248,65,535,-11,78,488,0.8170,-1,-1,-1
248,74,409,170,31,110,0.8626,-1,-1,-1
248,76,27,193,19,40,0.5991,-1,-1,-1
248,67,286,169,30,90,0.5796,-1,-1,-1
249,0,87,9,213,469,0.8593,-1,-1,-1
249,1,437,89,134,353,0.6783,-1,-1,-1
249,32,313,122,70,187,0.8406,-1,-1,-1
249,72,385,173,29,90,0.6619,-1,-1,-1
249,65,526,-10,84,485,0.7818,-1,-1,-1
249,74,410,170,31,110,0.8026,-1,-1,-1
249,76,28,194,18,39,0.5567,-1,-1,-1
249,67,288,169,30,90,0.6625,-1,-1,-1
250,0,96,8,212,471,0.8984,-1,-1,-1
250,1,450,93,134,353,0.6776,-1,-1,-1
250,32,318,123,69,183,0.8483,-1,-1,-1
250,72,389,174,28,89,0.6722,-1,-1,-1
250,65,526,-9,88,487,0.7922,-1,-1,-1
250,74,414,170,31,113,0.8256,-1,-1,-1
250,76,31,196,19,39,0.6106,-1,-1,-1
250,67,292,171,30,92,0.6283,-1,-1,-1
250,77,81,176,27,85,0.5249,-1,-1,-1
251,0,106,9,210,470,0.8892,-1,-1,-1
251,1,477,124,120,326,0.4695,-1,-1,-1
251,32,323,123,68,183,0.8630,-1,-1,-1
251,72,391,174,28,91,0.6169,-1,-1,-1
251,65,526,-8,91,481,0.7452,-1,-1,-1
251,74,415,170,33,115,0.7954,-1,-1,-1
251,76,33,196,19,40,0.7207,-1,-1,-1
251,77,88,180,27,85,0.6202,-1,-1,-1
252,0,116,14,205,465,0.8653,-1,-1,-1
252,1,489,144,112,310,0.3085,-1,-1,-1
252,32,326,127,67,181,0.8388,-1,-1,-1
252,72,394,175,29,92,0.6608,-1,-1,-1
252,65,528,-5,94,479,0.8031,-1,-1,-1
252,74,416,172,34,117,0.7850,-1,-1,-1
252,76,36,198,18,41,0.6023,-1,-1,-1
252,77,79,182,29,88,0.7010,-1,-1,-1
252,79,468,148,51,170,0.7070,-1,-1,-1
253,0,127,23,200,455,0.9010,-1,-1,-1
253,32,333,130,66,178,0.8482,-1,-1,-1
253,72,398,174,29,93,0.6206,-1,-1,-1
253,65,531,0,95,474,0.8819,-1,-1,-1
253,74,420,172,34,121,0.7784,-1,-1,-1
253,76,40,200,18,40,0.5264,-1,-1,-1
253,77,76,182,30,91,0.7537,-1,-1,-1
253,79,465,145,53,175,0.8199,-1,-1,-1
254,0,134,29,197,449,0.8918,-1,-1,-1
254,32,337,132,66,179,0.8402,-1,-1,-1
254,72,402,175,29,93,0.6062,-1,-1,-1
254,65,533,0,95,466,0.8385,-1,-1,-1
254,74,422,172,35,123,0.7906,-1,-1,-1
254,76,42,202,18,40,0.6056,-1,-1,-1
254,77,73,181,32,93,0.7866,-1,-1,-1
254,79,460,142,56,183,0.7619,-1,-1,-1
255,0,147,36,194,443,0.8856,-1,-1,-1
255,32,340,135,65,179,0.8344,-1,-1,-1
255,72,399,175,30,96,0.3551,-1,-1,-1
255,65,533,2,97,471,0.8691,-1,-1,-1
255,74,421,172,37,126,0.7094,-1,-1,-1
255,77,65,181,34,97,0.7264,-1,-1,-1
255,79,451,149,55,180,0.8502,-1,-1,-1
255,34,499,146,48,160,0.6828,-1,-1,-1
256,0,156,36,193,443,0.8496,-1,-1,-1
256,32,342,135,64,177,0.8453,-1,-1,-1
256,65,531,-1,100,478,0.9144,-1,-1,-1
256,74,418,170,36,127,0.6316,-1,-1,-1
256,77,51,179,35,100,0.6791,-1,-1,-1
256,79,441,145,58,187,0.8415,-1,-1,-1
256,81,92,136,57,168,0.7336,-1,-1,-1
256,34,498,158,46,148,0.7347,-1,-1,-1
257,0,158,38,188,441,0.8082,-1,-1,-1
257,32,343,134,63,177,0.7327,-1,-1,-1
257,65,530,-1,102,478,0.9071,-1,-1,-1
257,74,416,168,38,133,0.5381,-1,-1,-1
257,77,35,179,38,101,0.6616,-1,-1,-1
257,79,437,143,61,192,0.7970,-1,-1,-1
257,81,77,134,60,172,0.8156,-1,-1,-1
257,34,494,158,49,151,0.7319,-1,-1,-1
258,0,162,32,191,448,0.8316,-1,-1,-1
258,32,341,134,63,176,0.7523,-1,-1,-1
258,65,517,-2,107,480,0.8910,-1,-1,-1
258,77,18,178,39,102,0.4592,-1,-1,-1
258,79,421,135,66,202,0.8268,-1,-1,-1
258,81,54,132,63,178,0.8696,-1,-1,-1
258,34,492,159,50,152,0.7565,-1,-1,-1
259,0,161,31,192,449,0.8551,-1,-1,-1
259,32,340,135,62,175,0.8180,-1,-1,-1
259,65,505,-2,112,481,0.8967,-1,-1,-1
259,79,407,129,68,212,0.8220,-1,-1,-1
259,81,36,130,66,183,0.8844,-1,-1,-1
259,34,486,149,56,164,0.7537,-1,-1,-1
260,0,152,31,192,447,0.8826,-1,-1,-1
260,32,335,138,61,175,0.8392,-1,-1,-1
260,65,509,-1,114,480,0.9059,-1,-1,-1
260,79,392,126,72,223,0.8247,-1,-1,-1
260,81,18,127,70,191,0.9019,-1,-1,-1
260,34,479,143,57,171,0.7922,-1,-1,-1
261,0,141,30,192,448,0.8873,-1,-1,-1
261,32,329,144,59,171,0.8501,-1,-1,-1
261,65,502,-2,120,481,0.8837,-1,-1,-1
261,79,377,126,78,231,0.8502,-1,-1,-1
261,81,3,125,72,194,0.8678,-1,-1,-1
261,34,468,144,58,179,0.5599,-1,-1,-1
262,0,128,26,193,451,0.8647,-1,-1,-1
262,32,320,145,58,171,0.6803,-1,-1,-1
262,65,497,-2,123,481,0.8545,-1,-1,-1
262,79,356,125,84,242,0.8464,-1,-1,-1
263,0,114,18,196,460,0.9071,-1,-1,-1
263,32,315,159,51,153,0.4267,-1,-1,-1
263,65,481,-2,130,481,0.9205,-1,-1,-1
263,79,335,122,89,252,0.8500,-1,-1,-1
264,0,104,13,199,465,0.9015,-1,-1,-1
264,65,472,-1,137,480,0.9353,-1,-1,-1
264,79,323,118,94,262,0.8483,-1,-1,-1
265,0,94,11,199,467,0.8979,-1,-1,-1
265,65,465,-1,143,480,0.9281,-1,-1,-1
265,79,291,109,96,276,0.8117,-1,-1,-1
266,0,84,13,201,466,0.8483,-1,-1,-1
266,65,459,-1,149,479,0.9241,-1,-1,-1
266,79,271,102,96,287,0.8277,-1,-1,-1
266,84,367,156,59,161,0.7559,-1,-1,-1
266,32,326,148,52,159,0.7771,-1,-1,-1
267,0,77,10,203,468,0.8939,-1,-1,-1
267,65,453,-1,155,478,0.9391,-1,-1,-1
267,79,251,91,99,296,0.8262,-1,-1,-1
267,84,361,148,61,165,0.8304,-1,-1,-1
267,32,318,143,52,159,0.8151,-1,-1,-1
268,0,72,5,207,474,0.8539,-1,-1,-1
268,65,449,-1,162,479,0.9328,-1,-1,-1
268,79,235,83,100,301,0.4138,-1,-1,-1
268,84,357,141,61,167,0.8465,-1,-1,-1
268,32,311,136,53,163,0.8470,-1,-1,-1
269,0,70,2,212,476,0.8099,-1,-1,-1
269,65,446,-1,167,479,0.9425,-1,-1,-1
269,79,226,69,101,313,0.2601,-1,-1,-1
269,84,347,135,62,169,0.8191,-1,-1,-1
269,32,308,130,53,162,0.8678,-1,-1,-1
270,0,63,2,215,476,0.8588,-1,-1,-1
270,65,437,0,173,478,0.9301,-1,-1,-1
270,84,337,119,63,174,0.8600,-1,-1,-1
270,32,308,117,51,160,0.7591,-1,-1,-1
270,85,591,130,45,283,0.6769,-1,-1,-1
271,0,57,0,219,478,0.8615,-1,-1,-1
271,65,431,0,179,479,0.9160,-1,-1,-1
271,84,327,93,65,181,0.7953,-1,-1,-1
271,32,306,92,50,163,0.6043,-1,-1,-1
271,85,592,105,44,273,0.6429,-1,-1,-1
272,0,54,0,214,462,0.8814,-1,-1,-1
272,65,425,0,185,478,0.9304,-1,-1,-1
272,84,315,58,68,189,0.8441,-1,-1,-1
272,85,589,48,47,288,0.5206,-1,-1,-1
273,0,40,0,217,458,0.8790,-1,-1,-1
273,65,422,0,190,478,0.9102,-1,-1,-1
273,84,309,41,70,194,0.8287,-1,-1,-1
273,85,596,106,35,211,0.4850,-1,-1,-1
274,0,46,0,222,471,0.8605,-1,-1,-1
274,65,418,0,195,477,0.9195,-1,-1,-1
274,84,302,44,71,199,0.7184,-1,-1,-1
274,85,592,75,41,243,0.6118,-1,-1,-1
274,88,254,80,59,139,0.6586,-1,-1,-1
275,0,37,0,223,476,0.8412,-1,-1,-1
275,65,415,0,199,478,0.9189,-1,-1,-1
275,85,593,24,49,296,0.2703,-1,-1,-1
275,88,254,94,59,140,0.5282,-1,-1,-1
275,32,297,72,61,198,0.7421,-1,-1,-1
276,0,35,1,220,474,0.8252,-1,-1,-1
276,65,415,0,204,479,0.9186,-1,-1,-1
276,85,592,6,54,333,0.4323,-1,-1,-1
276,88,257,124,56,136,0.6772,-1,-1,-1
276,32,296,88,63,205,0.7775,-1,-1,-1
277,0,37,1,206,444,0.8131,-1,-1,-1
277,65,417,0,207,479,0.9275,-1,-1,-1
277,88,242,143,54,131,0.6319,-1,-1,-1
277,32,289,102,65,208,0.8254,-1,-1,-1
278,0,26,2,214,466,0.8344,-1,-1,-1
278,65,410,0,208,480,0.9324,-1,-1,-1
278,88,233,152,52,128,0.5596,-1,-1,-1
278,32,277,108,68,216,0.7659,-1,-1,-1
279,0,8,16,210,457,0.8922,-1,-1,-1
279,65,393,0,209,480,0.9208,-1,-1,-1
279,32,261,120,71,223,0.8061,-1,-1,-1
279,89,321,146,43,144,0.8199,-1,-1,-1
279,85,584,45,53,320,0.8235,-1,-1,-1
280,0,-3,23,205,451,0.8978,-1,-1,-1
280,65,374,0,210,480,0.9236,-1,-1,-1
280,32,241,123,72,228,0.8292,-1,-1,-1
280,89,307,149,44,145,0.8435,-1,-1,-1
280,90,174,145,68,203,0.8568,-1,-1,-1
280,85,577,55,54,314,0.8612,-1,-1,-1
281,0,-23,12,205,465,0.9171,-1,-1,-1
281,65,350,0,212,480,0.9165,-1,-1,-1
281,32,260,132,56,176,0.8297,-1,-1,-1
281,90,185,113,79,236,0.7563,-1,-1,-1
281,85,561,55,57,310,0.8771,-1,-1,-1
282,0,-35,11,196,466,0.8984,-1,-1,-1
282,65,341,0,215,480,0.9318,-1,-1,-1
282,32,257,141,49,154,0.7987,-1,-1,-1
282,90,169,104,84,254,0.8155,-1,-1,-1
282,85,544,81,58,299,0.6220,-1,-1,-1
283,0,-37,19,187,460,0.8932,-1,-1,-1
283,65,349,0,217,480,0.9244,-1,-1,-1
283,32,257,154,46,146,0.6717,-1,-1,-1
283,90,155,108,89,267,0.8748,-1,-1,-1
283,85,541,95,61,309,0.3951,-1,-1,-1
283,94,115,164,33,151,0.7546,-1,-1,-1
283,95,309,120,65,282,0.5403,-1,-1,-1
284,0,-32,21,180,458,0.8687,-1,-1,-1
284,65,372,0,218,480,0.9334,-1,-1,-1
284,90,150,108,92,276,0.8199,-1,-1,-1
284,94,119,162,34,155,0.7412,-1,-1,-1
284,95,319,110,71,303,0.7723,-1,-1,-1
284,89,274,162,42,143,0.6973,-1,-1,-1
285,0,-27,18,177,461,0.8862,-1,-1,-1
285,65,399,0,219,479,0.9507,-1,-1,-1
285,90,154,104,94,281,0.8056,-1,-1,-1
285,94,126,159,35,159,0.7573,-1,-1,-1
285,95,340,90,76,324,0.8064,-1,-1,-1
285,32,240,168,40,130,0.6363,-1,-1,-1
286,0,-20,25,171,454,0.8811,-1,-1,-1
286,65,421,0,217,479,0.9473,-1,-1,-1
286,90,160,104,96,287,0.8768,-1,-1,-1
286,94,132,162,36,159,0.7315,-1,-1,-1
286,95,360,78,84,354,0.8743,-1,-1,-1
286,97,319,73,70,274,0.6860,-1,-1,-1
286,89,252,172,38,129,0.6395,-1,-1,-1
287,0,-15,33,166,446,0.8836,-1,-1,-1
287,65,442,0,212,479,0.9312,-1,-1,-1
287,90,167,103,98,293,0.8755,-1,-1,-1
287,94,138,162,37,164,0.7044,-1,-1,-1
287,95,380,69,90,378,0.8879,-1,-1,-1
287,97,331,71,74,293,0.7827,-1,-1,-1
288,0,-10,35,163,444,0.8924,-1,-1,-1
288,65,464,0,204,478,0.8976,-1,-1,-1
288,90,171,100,101,302,0.8460,-1,-1,-1
288,94,143,158,39,169,0.7371,-1,-1,-1
288,95,403,58,98,398,0.8621,-1,-1,-1
288,97,344,66,77,302,0.8485,-1,-1,-1
289,0,-1,50,156,422,0.8693,-1,-1,-1
289,65,492,0,193,477,0.7905,-1,-1,-1
289,90,178,99,105,316,0.8167,-1,-1,-1
289,94,150,156,40,174,0.6308,-1,-1,-1
289,95,428,49,105,419,0.8704,-1,-1,-1
289,97,360,61,80,312,0.8389,-1,-1,-1
290,0,4,58,157,417,0.8744,-1,-1,-1
290,90,188,97,109,328,0.8425,-1,-1,-1
290,94,158,155,42,177,0.6118,-1,-1,-1
290,95,456,38,114,441,0.8575,-1,-1,-1
290,97,377,54,85,325,0.8541,-1,-1,-1
290,100,286,158,46,174,0.6947,-1,-1,-1
291,0,9,58,159,418,0.8726,-1,-1,-1
291,90,201,92,113,340,0.8609,-1,-1,-1
291,94,167,152,43,181,0.7400,-1,-1,-1
291,95,483,26,120,457,0.8551,-1,-1,-1
291,97,396,45,89,339,0.8711,-1,-1,-1
291,100,302,159,48,178,0.7450,-1,-1,-1
291,103,570,64,82,379,0.6377,-1,-1,-1
292,0,13,55,164,423,0.8955,-1,-1,-1
292,90,213,89,117,355,0.8126,-1,-1,-1
292,94,175,153,44,183,0.7568,-1,-1,-1
292,95,495,12,127,471,0.8705,-1,-1,-1
292,97,412,37,97,362,0.8695,-1,-1,-1
292,100,320,164,47,177,0.7982,-1,-1,-1
293,0,16,47,167,429,0.8592,-1,-1,-1
293,90,221,80,122,372,0.8006,-1,-1,-1
293,94,184,158,43,177,0.6008,-1,-1,-1
293,95,504,2,132,481,0.9074,-1,-1,-1
293,97,426,28,103,383,0.8575,-1,-1,-1
293,100,338,166,48,176,0.8374,-1,-1,-1
294,0,22,44,169,434,0.8728,-1,-1,-1
294,90,229,71,127,391,0.8024,-1,-1,-1
294,95,515,0,132,482,0.8664,-1,-1,-1
294,97,437,19,113,412,0.8895,-1,-1,-1
294,100,356,166,48,173,0.8100,-1,-1,-1
295,0,34,46,171,433,0.8658,-1,-1,-1
295,90,237,61,133,412,0.8333,-1,-1,-1
295,95,530,37,122,445,0.7162,-1,-1,-1
295,97,451,9,121,437,0.9097,-1,-1,-1
295,100,374,166,48,171,0.8106,-1,-1,-1
295,94,213,185,32,127,0.7040,-1,-1,-1
296,0,39,51,169,426,0.8240,-1,-1,-1
296,90,244,52,137,428,0.8342,-1,-1,-1
296,95,544,51,111,412,0.2560,-1,-1,-1
296,97,463,2,128,454,0.8470,-1,-1,-1
296,100,388,166,49,172,0.8267,-1,-1,-1
296,94,224,193,30,117,0.7685,-1,-1,-1
297,0,33,51,170,415,0.7753,-1,-1,-1
297,90,245,39,141,443,0.8569,-1,-1,-1
297,97,474,0,134,466,0.9083,-1,-1,-1
297,100,399,163,50,175,0.8133,-1,-1,-1
297,94,227,194,30,113,0.6258,-1,-1,-1
297,104,8,125,56,229,0.7938,-1,-1,-1
298,0,52,52,173,421,0.8309,-1,-1,-1
298,90,241,24,145,459,0.8822,-1,-1,-1
298,97,484,-2,140,479,0.9139,-1,-1,-1
298,100,414,165,52,172,0.8802,-1,-1,-1
298,104,4,121,49,200,0.8569,-1,-1,-1
299,0,63,51,175,425,0.8287,-1,-1,-1
299,90,240,13,149,470,0.8739,-1,-1,-1
299,97,488,-2,144,484,0.9162,-1,-1,-1
299,100,421,166,54,171,0.8809,-1,-1,-1
299,104,1,117,49,199,0.8652,-1,-1,-1
300,0,70,51,177,427,0.8068,-1,-1,-1
300,90,234,2,152,481,0.8826,-1,-1,-1
300,97,495,-1,146,485,0.9191,-1,-1,-1
300,100,428,164,56,172,0.8690,-1,-1,-1
300,104,3,131,49,197,0.8343,-1,-1,-1
300,105,370,167,45,136,0.8035,-1,-1,-1
301,0,75,47,176,432,0.8502,-1,-1,-1
301,90,224,0,155,483,0.8111,-1,-1,-1
301,97,501,-1,145,484,0.9030,-1,-1,-1
301,100,432,163,58,172,0.8896,-1,-1,-1
301,104,7,147,46,182,0.5350,-1,-1,-1
301,105,368,166,47,139,0.8452,-1,-1,-1
302,0,72,39,172,440,0.6733,-1,-1,-1
302,90,200,-1,158,483,0.8193,-1,-1,-1
302,97,507,-1,144,484,0.9027,-1,-1,-1
302,100,444,161,59,172,0.8565,-1,-1,-1
302,104,8,147,44,170,0.7640,-1,-1,-1
302,105,366,165,48,141,0.8094,-1,-1,-1
303,90,167,-3,163,485,0.6961,-1,-1,-1
303,97,515,-1,141,483,0.8091,-1,-1,-1
303,100,456,159,59,174,0.8192,-1,-1,-1
303,104,13,146,43,167,0.7337,-1,-1,-1
303,105,378,162,49,144,0.6111,-1,-1,-1
303,108,336,192,33,116,0.7462,-1,-1,-1
303,109,53,103,77,288,0.7445,-1,-1,-1
304,97,523,0,137,482,0.7210,-1,-1,-1
304,100,463,158,60,173,0.8260,-1,-1,-1
304,105,384,160,49,143,0.7217,-1,-1,-1
304,108,338,191,34,121,0.7542,-1,-1,-1
304,109,30,95,80,295,0.6391,-1,-1,-1
304,94,275,155,38,146,0.7033,-1,-1,-1
304,0,127,135,140,344,0.5856,-1,-1,-1
305,100,467,159,61,173,0.8339,-1,-1,-1
305,105,387,158,49,145,0.7711,-1,-1,-1
305,108,341,190,37,124,0.7554,-1,-1,-1
305,109,23,90,83,302,0.8196,-1,-1,-1
305,111,532,151,56,223,0.8230,-1,-1,-1
305,112,281,155,75,162,0.6579,-1,-1,-1
305,94,278,153,39,147,0.6616,-1,-1,-1
305,0,104,158,137,320,0.4472,-1,-1,-1
305,103,551,2,98,470,0.6935,-1,-1,-1
306,100,471,159,61,171,0.7992,-1,-1,-1
306,105,388,158,50,147,0.8163,-1,-1,-1
306,108,347,189,38,126,0.6691,-1,-1,-1
306,111,530,137,60,237,0.8496,-1,-1,-1
306,112,291,153,75,164,0.7574,-1,-1,-1
306,94,276,153,41,153,0.6392,-1,-1,-1
307,100,473,161,61,170,0.7510,-1,-1,-1
307,105,392,158,51,147,0.8518,-1,-1,-1
307,108,346,187,39,128,0.6948,-1,-1,-1
307,111,530,130,64,244,0.8645,-1,-1,-1
307,112,295,152,75,166,0.7448,-1,-1,-1
307,94,274,156,39,147,0.5339,-1,-1,-1
307,90,173,91,114,338,0.7858,-1,-1,-1
308,100,480,170,57,158,0.3836,-1,-1,-1
308,105,394,158,53,148,0.8224,-1,-1,-1
308,108,353,186,38,128,0.7598,-1,-1,-1
308,111,526,123,68,254,0.8738,-1,-1,-1
308,112,297,150,77,169,0.7805,-1,-1,-1
308,90,151,67,133,398,0.8122,-1,-1,-1
309,105,396,157,56,151,0.8267,-1,-1,-1
309,108,360,184,38,128,0.7060,-1,-1,-1
309,111,524,117,76,276,0.8804,-1,-1,-1
309,112,303,150,75,169,0.8172,-1,-1,-1
309,90,139,63,141,412,0.8149,-1,-1,-1
310,105,398,158,57,153,0.8440,-1,-1,-1
310,108,369,185,40,132,0.8429,-1,-1,-1
310,111,521,116,83,290,0.8513,-1,-1,-1
310,112,304,151,77,172,0.8459,-1,-1,-1
310,90,128,63,147,415,0.8554,-1,-1,-1
310,115,464,172,39,120,0.7719,-1,-1,-1
311,105,398,158,58,156,0.8288,-1,-1,-1
311,108,371,186,41,133,0.7867,-1,-1,-1
311,111,518,113,91,309,0.8522,-1,-1,-1
311,112,302,151,78,174,0.8541,-1,-1,-1
311,90,128,61,150,418,0.8724,-1,-1,-1
311,115,459,175,39,117,0.8059,-1,-1,-1
311,117,55,74,88,366,0.8317,-1,-1,-1
312,105,398,157,59,159,0.7811,-1,-1,-1
312,108,371,186,43,134,0.5691,-1,-1,-1
312,111,510,106,99,326,0.8849,-1,-1,-1
312,112,299,150,80,177,0.8535,-1,-1,-1
312,90,123,63,151,415,0.8048,-1,-1,-1
312,115,452,176,39,116,0.7907,-1,-1,-1
312,117,26,62,93,387,0.9259,-1,-1,-1
313,105,398,157,60,160,0.7857,-1,-1,-1
313,108,367,187,43,135,0.7422,-1,-1,-1
313,111,504,98,107,343,0.8793,-1,-1,-1
313,112,296,149,81,180,0.8419,-1,-1,-1
313,90,119,75,148,403,0.8483,-1,-1,-1
313,115,446,176,38,115,0.8052,-1,-1,-1
313,117,3,50,99,410,0.8863,-1,-1,-1
314,105,399,157,60,162,0.7975,-1,-1,-1
314,108,367,185,45,139,0.7760,-1,-1,-1
314,111,498,88,114,360,0.8940,-1,-1,-1
314,112,297,147,82,184,0.8080,-1,-1,-1
314,90,116,75,151,404,0.8635,-1,-1,-1
314,115,442,178,36,111,0.7470,-1,-1,-1
314,117,-11,40,103,433,0.8478,-1,-1,-1
315,105,407,158,61,163,0.6673,-1,-1,-1
315,108,373,187,47,144,0.6934,-1,-1,-1
315,111,495,80,125,385,0.9089,-1,-1,-1
315,112,302,148,83,189,0.8592,-1,-1,-1
315,90,119,72,155,407,0.8649,-1,-1,-1
315,104,18,149,53,179,0.8010,-1,-1,-1
316,105,417,158,60,161,0.7891,-1,-1,-1
316,108,381,186,50,147,0.7886,-1,-1,-1
316,111,492,70,134,407,0.9151,-1,-1,-1
316,112,307,144,84,195,0.7486,-1,-1,-1
316,90,124,68,157,411,0.8570,-1,-1,-1
316,104,23,146,55,180,0.8180,-1,-1,-1
317,105,423,156,61,165,0.7991,-1,-1,-1
317,108,393,189,52,147,0.7214,-1,-1,-1
317,111,492,56,141,426,0.9053,-1,-1,-1
317,112,317,142,85,199,0.8656,-1,-1,-1
317,90,128,65,160,414,0.8623,-1,-1,-1
317,104,28,144,55,181,0.8591,-1,-1,-1
318,105,428,156,61,167,0.8037,-1,-1,-1
318,108,402,187,56,150,0.7995,-1,-1,-1
318,111,492,43,146,440,0.9103,-1,-1,-1
318,112,325,141,86,202,0.9066,-1,-1,-1
318,90,133,64,163,415,0.8432,-1,-1,-1
318,104,32,144,55,180,0.8839,-1,-1,-1
319,105,438,153,63,175,0.6500,-1,-1,-1
319,108,412,184,56,150,0.5812,-1,-1,-1
319,111,494,23,150,459,0.9381,-1,-1,-1
319,112,332,141,88,202,0.8503,-1,-1,-1
319,90,143,85,157,394,0.8685,-1,-1,-1
319,104,38,146,55,177,0.8460,-1,-1,-1
320,105,454,145,63,177,0.4997,-1,-1,-1
320,108,421,178,59,157,0.7100,-1,-1,-1
320,112,338,135,90,207,0.8987,-1,-1,-1
320,90,151,76,162,403,0.8754,-1,-1,-1
320,104,39,143,58,178,0.8273,-1,-1,-1
320,103,526,0,105,477,0.9193,-1,-1,-1
321,105,458,159,61,170,0.5380,-1,-1,-1
321,112,346,128,94,213,0.8828,-1,-1,-1
321,90,163,62,167,417,0.8529,-1,-1,-1
321,104,47,139,58,177,0.8729,-1,-1,-1
321,103,542,37,95,439,0.3252,-1,-1,-1
322,105,467,163,59,166,0.6351,-1,-1,-1
322,112,356,120,97,218,0.9060,-1,-1,-1
322,90,176,48,172,431,0.8798,-1,-1,-1
322,104,57,132,59,174,0.8296,-1,-1,-1
322,121,147,107,64,196,0.8097,-1,-1,-1
322,94,350,154,35,117,0.5282,-1,-1,-1
322,100,574,67,84,256,0.6669,-1,-1,-1
323,105,487,161,63,171,0.7140,-1,-1,-1
323,112,375,114,99,224,0.8301,-1,-1,-1
323,90,190,44,174,435,0.8715,-1,-1,-1
323,104,69,130,58,172,0.8192,-1,-1,-1
323,121,146,103,70,213,0.8601,-1,-1,-1
323,122,537,153,61,142,0.5919,-1,-1,-1
323,94,365,155,37,112,0.4863,-1,-1,-1
323,108,462,168,43,117,0.7719,-1,-1,-1
324,105,500,158,67,173,0.7618,-1,-1,-1
324,112,389,109,99,228,0.8098,-1,-1,-1
324,90,201,36,176,444,0.8610,-1,-1,-1
324,104,76,126,59,172,0.8238,-1,-1,-1
324,121,143,98,73,221,0.8457,-1,-1,-1
324,122,541,149,70,164,0.5500,-1,-1,-1
324,94,368,151,50,154,0.6440,-1,-1,-1
324,108,470,163,41,110,0.7347,-1,-1,-1
325,105,516,154,71,178,0.7803,-1,-1,-1
325,112,407,102,99,236,0.7987,-1,-1,-1
325,90,212,32,179,448,0.8654,-1,-1,-1
325,104,77,123,62,175,0.8057,-1,-1,-1
325,121,142,91,79,236,0.7997,-1,-1,-1
325,122,556,159,69,163,0.5088,-1,-1,-1
325,94,377,147,52,166,0.3871,-1,-1,-1
325,108,475,165,37,101,0.4089,-1,-1,-1
326,105,531,152,72,179,0.7501,-1,-1,-1
326,112,419,99,99,241,0.8727,-1,-1,-1
326,90,219,32,178,446,0.8708,-1,-1,-1
326,104,78,123,65,178,0.8168,-1,-1,-1
326,121,128,88,83,247,0.8156,-1,-1,-1
326,94,384,144,55,177,0.6889,-1,-1,-1
327,105,525,125,79,194,0.7390,-1,-1,-1
327,112,427,95,99,246,0.8880,-1,-1,-1
327,90,226,35,175,434,0.8677,-1,-1,-1
327,104,76,124,65,175,0.5981,-1,-1,-1
327,121,111,83,87,258,0.7755,-1,-1,-1
327,94,392,142,55,178,0.6327,-1,-1,-1
327,122,559,148,77,183,0.8223,-1,-1,-1
328,105,524,114,82,200,0.6176,-1,-1,-1
328,112,431,94,101,249,0.8996,-1,-1,-1
328,90,226,38,177,432,0.8556,-1,-1,-1
328,104,69,135,61,165,0.6140,-1,-1,-1
328,121,93,78,92,273,0.5978,-1,-1,-1
328,94,399,139,53,171,0.5053,-1,-1,-1
328,124,0,123,29,159,0.7512,-1,-1,-1
328,122,563,144,80,189,0.8575,-1,-1,-1
329,105,537,112,83,208,0.5652,-1,-1,-1
329,112,430,91,104,255,0.9116,-1,-1,-1
329,90,226,38,181,437,0.8545,-1,-1,-1
329,121,88,69,103,290,0.7479,-1,-1,-1
329,94,407,137,46,147,0.5336,-1,-1,-1
329,124,7,125,29,157,0.7966,-1,-1,-1
329,122,564,144,80,191,0.8852,-1,-1,-1
329,108,506,138,55,154,0.6592,-1,-1,-1
330,112,427,93,105,258,0.9119,-1,-1,-1
330,90,226,35,186,443,0.8388,-1,-1,-1
330,121,55,62,108,305,0.8023,-1,-1,-1
330,94,411,139,46,146,0.5610,-1,-1,-1
330,124,10,130,29,156,0.6462,-1,-1,-1
330,122,563,148,79,191,0.8511,-1,-1,-1
330,108,508,135,58,162,0.5242,-1,-1,-1
331,112,428,93,105,261,0.8554,-1,-1,-1
331,90,235,33,187,446,0.8717,-1,-1,-1
331,121,31,54,114,319,0.8524,-1,-1,-1
331,94,417,139,43,138,0.3635,-1,-1,-1
331,124,9,130,30,160,0.5406,-1,-1,-1
331,122,563,146,81,196,0.7771,-1,-1,-1
331,108,512,135,58,164,0.7688,-1,-1,-1
332,112,440,89,106,265,0.8217,-1,-1,-1
332,90,238,28,189,451,0.8594,-1,-1,-1
332,121,7,43,119,336,0.8757,-1,-1,-1
332,94,414,136,56,181,0.5552,-1,-1,-1
332,122,575,148,75,184,0.5662,-1,-1,-1
332,105,557,106,84,216,0.8347,-1,-1,-1
333,112,447,87,106,267,0.8302,-1,-1,-1
333,90,240,26,189,453,0.8918,-1,-1,-1
333,121,-8,35,121,349,0.8935,-1,-1,-1
333,94,418,133,61,198,0.8263,-1,-1,-1
333,105,559,107,85,221,0.8817,-1,-1,-1
334,112,454,83,106,272,0.8373,-1,-1,-1
334,90,240,27,188,452,0.8999,-1,-1,-1
334,121,-23,31,119,360,0.8969,-1,-1,-1
334,94,418,132,63,207,0.7902,-1,-1,-1
334,105,558,108,85,220,0.9098,-1,-1,-1
335,112,458,81,105,273,0.7992,-1,-1,-1
335,90,240,28,187,451,0.8999,-1,-1,-1
335,121,-31,47,111,350,0.8225,-1,-1,-1
335,94,416,133,63,210,0.7768,-1,-1,-1
335,105,556,110,85,219,0.9094,-1,-1,-1
335,125,33,121,66,179,0.8138,-1,-1,-1
336,112,461,79,105,274,0.8269,-1,-1,-1
336,90,238,25,187,454,0.8881,-1,-1,-1
336,94,414,130,65,214,0.8184,-1,-1,-1
336,105,556,105,86,222,0.8618,-1,-1,-1
336,125,25,116,66,183,0.8159,-1,-1,-1
337,112,470,75,106,275,0.8835,-1,-1,-1
337,90,237,19,189,460,0.8943,-1,-1,-1
337,94,414,123,67,219,0.8294,-1,-1,-1
337,105,563,99,84,223,0.8608,-1,-1,-1
337,125,23,110,64,178,0.8326,-1,-1,-1
338,112,471,72,109,281,0.8770,-1,-1,-1
338,90,239,22,188,457,0.8905,-1,-1,-1
338,94,423,122,69,218,0.7160,-1,-1,-1
338,105,574,97,80,221,0.8126,-1,-1,-1
338,125,22,111,65,180,0.8193,-1,-1,-1
339,112,471,72,111,284,0.8839,-1,-1,-1
339,90,240,20,189,459,0.8908,-1,-1,-1
339,94,430,117,70,223,0.5306,-1,-1,-1
339,105,579,96,78,225,0.8265,-1,-1,-1
339,125,20,112,66,182,0.8161,-1,-1,-1
339,126,-2,124,32,168,0.5379,-1,-1,-1
340,112,477,67,115,290,0.8535,-1,-1,-1
340,90,240,15,191,464,0.8826,-1,-1,-1
340,94,429,112,65,210,0.7101,-1,-1,-1
340,125,24,112,67,181,0.8205,-1,-1,-1
340,126,-4,118,32,173,0.6419,-1,-1,-1
341,112,492,65,116,293,0.8206,-1,-1,-1
341,90,246,13,191,466,0.8931,-1,-1,-1
341,94,430,108,65,210,0.7567,-1,-1,-1
341,125,22,113,70,181,0.9139,-1,-1,-1
341,126,-3,114,33,174,0.7066,-1,-1,-1
341,127,469,114,56,231,0.5640,-1,-1,-1
342,112,509,61,116,296,0.7645,-1,-1,-1
342,90,251,11,191,466,0.8618,-1,-1,-1
342,94,431,104,66,214,0.7309,-1,-1,-1
342,125,21,114,71,178,0.8579,-1,-1,-1
342,126,-1,112,34,181,0.7614,-1,-1,-1
342,127,482,115,58,234,0.6840,-1,-1,-1
342,128,233,168,26,89,0.7978,-1,-1,-1
343,112,527,58,118,306,0.9042,-1,-1,-1
343,90,254,14,191,464,0.8503,-1,-1,-1
343,94,442,102,67,220,0.7889,-1,-1,-1
343,125,28,116,72,176,0.8517,-1,-1,-1
343,126,5,115,36,184,0.7987,-1,-1,-1
343,127,500,117,58,236,0.7808,-1,-1,-1
343,128,230,171,26,89,0.8124,-1,-1,-1
344,112,538,57,118,314,0.8567,-1,-1,-1
344,90,266,14,193,464,0.8380,-1,-1,-1
344,94,449,102,67,226,0.6960,-1,-1,-1
344,125,35,119,71,176,0.8327,-1,-1,-1
344,126,8,119,36,180,0.8311,-1,-1,-1
344,127,509,120,59,239,0.7496,-1,-1,-1
344,128,226,172,26,90,0.7793,-1,-1,-1
345,112,549,55,115,321,0.8832,-1,-1,-1
345,90,280,9,196,469,0.8726,-1,-1,-1
345,94,455,98,67,234,0.6352,-1,-1,-1
345,125,45,117,71,179,0.8313,-1,-1,-1
345,126,13,120,38,175,0.8885,-1,-1,-1
345,127,521,116,61,244,0.8191,-1,-1,-1
345,128,217,170,28,93,0.8091,-1,-1,-1
346,112,561,62,108,321,0.7157,-1,-1,-1
346,90,289,5,198,473,0.8595,-1,-1,-1
346,94,454,99,69,246,0.6423,-1,-1,-1
346,125,57,122,70,180,0.7857,-1,-1,-1
346,126,17,126,40,174,0.8751,-1,-1,-1
346,127,545,118,64,247,0.7659,-1,-1,-1
346,128,217,175,29,94,0.7247,-1,-1,-1
347,90,306,3,198,474,0.8556,-1,-1,-1
347,94,472,94,70,252,0.5916,-1,-1,-1
347,125,75,126,68,177,0.8139,-1,-1,-1
347,126,23,130,43,173,0.8636,-1,-1,-1
347,127,567,118,65,255,0.7037,-1,-1,-1
347,128,219,175,30,96,0.7626,-1,-1,-1
348,90,315,3,199,475,0.8803,-1,-1,-1
348,94,486,86,70,257,0.6011,-1,-1,-1
348,125,86,127,69,176,0.8758,-1,-1,-1
348,126,33,128,43,173,0.7591,-1,-1,-1
348,127,579,112,66,258,0.8512,-1,-1,-1
348,128,217,172,32,99,0.6369,-1,-1,-1
349,90,322,2,199,475,0.8995,-1,-1,-1
349,94,493,81,74,276,0.6716,-1,-1,-1
349,125,92,130,71,174,0.8378,-1,-1,-1
349,126,48,127,45,174,0.7382,-1,-1,-1
349,127,591,110,65,263,0.4466,-1,-1,-1
349,128,212,170,34,102,0.6714,-1,-1,-1
350,90,325,2,200,475,0.8965,-1,-1,-1
350,94,499,77,77,294,0.7689,-1,-1,-1
350,125,93,130,72,175,0.8470,-1,-1,-1
350,126,56,128,46,174,0.7856,-1,-1,-1
350,128,208,169,35,104,0.7652,-1,-1,-1
351,90,329,1,201,477,0.9141,-1,-1,-1
351,94,507,67,82,320,0.7944,-1,-1,-1
351,126,67,129,48,171,0.8711,-1,-1,-1
351,128,204,168,36,105,0.6598,-1,-1,-1
351,104,117,126,60,170,0.7601,-1,-1,-1
352,90,328,1,202,477,0.8895,-1,-1,-1
352,94,516,62,89,338,0.7572,-1,-1,-1
352,126,75,130,52,167,0.8971,-1,-1,-1
352,128,200,166,36,107,0.7621,-1,-1,-1
352,104,127,125,58,169,0.7428,-1,-1,-1
353,90,331,1,201,478,0.8725,-1,-1,-1
353,94,522,53,96,361,0.8377,-1,-1,-1
353,126,78,129,55,164,0.8622,-1,-1,-1
353,128,197,162,37,108,0.7542,-1,-1,-1
353,104,139,122,57,169,0.7966,-1,-1,-1
353,132,23,144,50,125,0.4980,-1,-1,-1
354,90,335,1,200,477,0.8313,-1,-1,-1
354,94,529,46,102,378,0.8531,-1,-1,-1
354,126,82,131,58,163,0.8507,-1,-1,-1
354,128,197,163,37,109,0.6847,-1,-1,-1
354,104,150,124,59,170,0.7917,-1,-1,-1
354,133,6,88,36,264,0.5549,-1,-1,-1
355,90,339,1,198,466,0.7779,-1,-1,-1
355,94,540,37,104,391,0.8615,-1,-1,-1
355,126,98,133,58,162,0.8382,-1,-1,-1
355,104,161,130,62,169,0.8689,-1,-1,-1
355,133,14,79,39,286,0.8747,-1,-1,-1
356,90,343,0,203,472,0.8416,-1,-1,-1
356,94,546,22,107,413,0.8857,-1,-1,-1
356,126,111,129,59,163,0.8661,-1,-1,-1
356,104,163,129,65,167,0.8686,-1,-1,-1
356,133,16,50,44,311,0.8992,-1,-1,-1
357,90,340,0,208,477,0.8734,-1,-1,-1
357,94,553,14,110,445,0.8228,-1,-1,-1
357,126,122,127,59,164,0.8585,-1,-1,-1
357,104,163,126,68,168,0.8472,-1,-1,-1
357,133,26,38,47,315,0.9175,-1,-1,-1
357,134,532,22,69,362,0.5608,-1,-1,-1
358,90,344,2,208,475,0.8356,-1,-1,-1
358,94,565,42,97,411,0.7483,-1,-1,-1
358,126,128,129,59,164,0.8507,-1,-1,-1
358,104,169,128,67,166,0.7920,-1,-1,-1
358,133,29,39,50,313,0.9058,-1,-1,-1
358,134,532,20,71,372,0.7654,-1,-1,-1
359,90,347,11,206,466,0.8958,-1,-1,-1
359,94,575,71,86,377,0.5742,-1,-1,-1
359,126,129,149,59,160,0.8847,-1,-1,-1
359,104,176,146,64,164,0.7914,-1,-1,-1
359,133,27,62,52,310,0.9118,-1,-1,-1
359,134,532,36,74,389,0.8000,-1,-1,-1
360,90,350,22,204,455,0.8947,-1,-1,-1
360,126,128,160,61,160,0.8770,-1,-1,-1
360,104,182,156,62,166,0.8212,-1,-1,-1
360,133,23,76,54,311,0.9073,-1,-1,-1
360,134,540,38,79,407,0.8428,-1,-1,-1
361,90,348,21,205,457,0.9222,-1,-1,-1
361,126,126,162,61,158,0.8741,-1,-1,-1
361,104,184,158,60,164,0.8168,-1,-1,-1
361,133,17,75,58,315,0.9021,-1,-1,-1
361,134,541,27,83,422,0.8890,-1,-1,-1
362,90,345,16,209,461,0.9077,-1,-1,-1
362,126,130,157,60,157,0.7257,-1,-1,-1
362,104,182,156,60,164,0.8525,-1,-1,-1
362,133,15,68,60,321,0.9101,-1,-1,-1
362,134,539,9,88,440,0.8979,-1,-1,-1
363,90,346,14,210,463,0.9060,-1,-1,-1
363,126,135,156,59,156,0.8472,-1,-1,-1
363,104,182,158,60,162,0.8591,-1,-1,-1
363,133,14,69,63,323,0.8565,-1,-1,-1
363,134,539,2,92,456,0.8740,-1,-1,-1
363,136,107,171,36,138,0.7953,-1,-1,-1
364,90,351,16,209,462,0.9163,-1,-1,-1
364,126,140,161,58,156,0.8121,-1,-1,-1
364,104,184,163,59,162,0.7522,-1,-1,-1
364,133,16,72,67,328,0.8709,-1,-1,-1
364,134,543,0,96,474,0.8736,-1,-1,-1
364,136,101,178,36,137,0.6855,-1,-1,-1
365,90,353,20,207,458,0.8978,-1,-1,-1
365,126,142,166,58,158,0.8557,-1,-1,-1
365,104,187,167,58,161,0.8015,-1,-1,-1
365,133,16,80,69,328,0.8963,-1,-1,-1
365,134,546,-1,96,478,0.8115,-1,-1,-1
365,136,102,182,33,128,0.2820,-1,-1,-1
366,90,350,18,207,460,0.9261,-1,-1,-1
366,126,141,162,59,156,0.8719,-1,-1,-1
366,104,189,160,57,160,0.8388,-1,-1,-1
366,133,15,74,71,325,0.8434,-1,-1,-1
366,134,557,19,91,462,0.8535,-1,-1,-1
367,90,355,14,208,464,0.9312,-1,-1,-1
367,126,141,155,61,154,0.8783,-1,-1,-1
367,104,196,152,57,160,0.8276,-1,-1,-1
367,133,16,66,74,325,0.8804,-1,-1,-1
368,90,365,13,208,465,0.8817,-1,-1,-1
368,126,147,154,61,153,0.8776,-1,-1,-1
368,133,19,66,78,322,0.8953,-1,-1,-1
368,125,209,149,63,159,0.8264,-1,-1,-1
369,90,378,14,208,464,0.9082,-1,-1,-1
369,126,160,157,62,154,0.8795,-1,-1,-1
369,133,24,72,81,313,0.9236,-1,-1,-1
369,125,223,156,63,157,0.8655,-1,-1,-1
370,90,384,13,209,465,0.9006,-1,-1,-1
370,126,170,157,62,155,0.8620,-1,-1,-1
370,133,24,75,85,307,0.9255,-1,-1,-1
370,125,224,159,64,158,0.8679,-1,-1,-1
371,90,388,9,212,469,0.8634,-1,-1,-1
371,126,179,157,60,155,0.8429,-1,-1,-1
371,133,23,71,90,312,0.9066,-1,-1,-1
371,125,224,160,65,157,0.8469,-1,-1,-1
372,90,394,3,216,473,0.8586,-1,-1,-1
372,126,188,157,60,154,0.8452,-1,-1,-1
372,133,26,71,94,312,0.8968,-1,-1,-1
372,125,230,159,64,156,0.8562,-1,-1,-1
373,90,402,1,221,476,0.8735,-1,-1,-1
373,126,201,159,59,150,0.8022,-1,-1,-1
373,133,35,75,97,310,0.8849,-1,-1,-1
373,125,242,158,63,155,0.8400,-1,-1,-1
373,138,-5,121,49,259,0.5062,-1,-1,-1
374,90,411,0,222,478,0.8870,-1,-1,-1
374,126,211,161,58,151,0.8515,-1,-1,-1
374,133,42,80,101,312,0.9088,-1,-1,-1
374,125,255,158,61,157,0.8456,-1,-1,-1
374,138,-3,110,51,271,0.8444,-1,-1,-1
375,90,417,0,222,478,0.9098,-1,-1,-1
375,126,216,164,57,148,0.8486,-1,-1,-1
375,133,42,80,104,316,0.9067,-1,-1,-1
375,125,264,158,59,156,0.7978,-1,-1,-1
375,138,-1,103,52,279,0.8611,-1,-1,-1
375,139,188,220,20,47,0.4910,-1,-1,-1
376,90,426,0,221,478,0.9091,-1,-1,-1
376,126,221,163,57,148,0.8489,-1,-1,-1
376,133,44,79,107,315,0.9101,-1,-1,-1
376,125,270,158,58,156,0.7957,-1,-1,-1
376,138,2,100,54,282,0.8556,-1,-1,-1
376,139,188,218,19,48,0.4601,-1,-1,-1
377,90,439,3,215,475,0.8580,-1,-1,-1
377,126,227,161,55,146,0.8595,-1,-1,-1
377,133,47,74,111,317,0.8987,-1,-1,-1
377,125,276,159,55,155,0.8371,-1,-1,-1
377,138,4,96,55,288,0.8394,-1,-1,-1
377,139,187,219,19,46,0.3500,-1,-1,-1
377,140,449,192,33,91,0.6976,-1,-1,-1
378,90,456,24,202,454,0.9015,-1,-1,-1
378,126,232,160,54,146,0.8181,-1,-1,-1
378,133,53,72,110,311,0.9004,-1,-1,-1
378,125,280,160,55,154,0.8363,-1,-1,-1
378,138,4,96,57,290,0.8405,-1,-1,-1
378,139,185,218,20,47,0.4099,-1,-1,-1
378,140,451,193,32,91,0.6728,-1,-1,-1
379,90,474,36,191,443,0.8195,-1,-1,-1
379,126,234,158,54,148,0.7705,-1,-1,-1
379,133,54,68,113,312,0.8939,-1,-1,-1
379,125,285,157,54,156,0.8312,-1,-1,-1
379,138,3,95,55,284,0.7587,-1,-1,-1
379,139,183,215,20,49,0.2835,-1,-1,-1
379,140,453,191,32,90,0.7226,-1,-1,-1
380,90,493,48,179,431,0.7768,-1,-1,-1
380,126,238,160,54,148,0.7801,-1,-1,-1
380,133,52,69,114,315,0.9060,-1,-1,-1
380,125,289,158,54,155,0.8439,-1,-1,-1
380,138,2,99,54,280,0.7557,-1,-1,-1
380,140,450,192,33,91,0.6836,-1,-1,-1
381,90,513,69,162,410,0.7955,-1,-1,-1
381,126,240,165,54,147,0.8537,-1,-1,-1
381,133,46,72,118,323,0.9085,-1,-1,-1
381,125,291,160,53,156,0.8292,-1,-1,-1
381,138,0,106,53,275,0.8326,-1,-1,-1
381,140,455,195,32,91,0.5972,-1,-1,-1
381,142,509,165,65,166,0.8684,-1,-1,-1
382,90,535,106,140,373,0.6916,-1,-1,-1
382,126,237,166,55,146,0.8664,-1,-1,-1
382,133,39,73,120,329,0.9124,-1,-1,-1
382,125,293,159,54,158,0.8308,-1,-1,-1
382,138,0,119,44,233,0.7133,-1,-1,-1
382,140,455,196,32,89,0.6302,-1,-1,-1
382,142,511,163,67,172,0.8661,-1,-1,-1
383,126,233,169,55,146,0.8556,-1,-1,-1
383,133,29,74,122,334,0.8984,-1,-1,-1
383,125,294,163,54,156,0.8830,-1,-1,-1
383,138,0,133,38,204,0.5033,-1,-1,-1
383,140,449,199,32,87,0.5555,-1,-1,-1
383,142,513,162,70,179,0.8817,-1,-1,-1
384,126,232,165,56,148,0.7908,-1,-1,-1
384,133,13,69,124,339,0.9042,-1,-1,-1
384,125,289,162,54,156,0.8597,-1,-1,-1
384,140,445,198,32,87,0.5825,-1,-1,-1
384,142,510,154,74,188,0.8592,-1,-1,-1
385,126,235,163,55,148,0.8163,-1,-1,-1
385,133,5,65,124,337,0.9250,-1,-1,-1
385,125,287,160,54,157,0.8686,-1,-1,-1
385,140,440,196,32,86,0.5836,-1,-1,-1
385,142,512,148,77,195,0.8776,-1,-1,-1
386,126,235,160,56,151,0.8196,-1,-1,-1
386,133,0,62,124,340,0.9124,-1,-1,-1
386,125,286,159,54,156,0.8617,-1,-1,-1
386,140,438,194,32,86,0.6197,-1,-1,-1
386,142,511,143,81,206,0.8325,-1,-1,-1
387,126,236,158,55,150,0.8564,-1,-1,-1
387,133,-4,57,126,348,0.9107,-1,-1,-1
387,125,286,155,53,157,0.8524,-1,-1,-1
387,140,434,191,33,88,0.5990,-1,-1,-1
387,142,514,137,84,219,0.8951,-1,-1,-1
388,126,234,161,56,149,0.8494,-1,-1,-1
388,133,-7,54,126,356,0.8674,-1,-1,-1
388,125,285,155,53,157,0.8134,-1,-1,-1
388,140,425,193,33,86,0.6092,-1,-1,-1
388,142,513,136,87,228,0.8993,-1,-1,-1
389,126,230,167,55,148,0.8398,-1,-1,-1
389,133,-9,56,125,360,0.9042,-1,-1,-1
389,140,417,198,33,84,0.4515,-1,-1,-1
389,142,513,135,91,241,0.8748,-1,-1,-1
389,104,280,164,54,157,0.8107,-1,-1,-1
390,126,225,167,54,148,0.8571,-1,-1,-1
390,133,-11,58,120,348,0.8984,-1,-1,-1
390,142,512,128,93,252,0.8742,-1,-1,-1
390,104,278,164,52,155,0.7889,-1,-1,-1
391,126,218,165,53,147,0.8216,-1,-1,-1
391,133,-12,84,107,321,0.8876,-1,-1,-1
391,142,509,117,98,265,0.8765,-1,-1,-1
391,104,271,164,52,152,0.7745,-1,-1,-1
391,140,401,196,32,82,0.5275,-1,-1,-1
392,126,212,162,54,147,0.8572,-1,-1,-1
392,133,-16,94,102,314,0.8681,-1,-1,-1
392,142,507,109,103,275,0.9179,-1,-1,-1
392,104,267,172,49,141,0.7348,-1,-1,-1
392,140,392,193,33,82,0.6327,-1,-1,-1
393,126,208,162,53,149,0.8001,-1,-1,-1
393,133,-20,101,96,313,0.6949,-1,-1,-1
393,142,506,106,114,296,0.9214,-1,-1,-1
393,104,262,167,51,147,0.8349,-1,-1,-1
393,140,386,200,31,77,0.3534,-1,-1,-1
394,126,207,162,54,151,0.8259,-1,-1,-1
394,133,-20,104,92,312,0.6160,-1,-1,-1
394,142,504,103,122,309,0.9169,-1,-1,-1
394,104,260,164,52,151,0.8497,-1,-1,-1
394,140,384,202,31,76,0.4079,-1,-1,-1
395,126,207,161,54,151,0.8364,-1,-1,-1
395,142,499,95,131,331,0.9121,-1,-1,-1
395,104,256,159,53,154,0.8235,-1,-1,-1
395,140,379,198,33,78,0.6299,-1,-1,-1
395,138,-2,103,42,228,0.5186,-1,-1,-1
396,126,205,164,53,150,0.8782,-1,-1,-1
396,142,494,89,142,354,0.9195,-1,-1,-1
396,104,254,161,52,153,0.8258,-1,-1,-1
396,140,373,198,34,80,0.5958,-1,-1,-1
396,138,-5,104,40,228,0.5692,-1,-1,-1
397,126,201,167,53,149,0.8770,-1,-1,-1
397,142,491,79,151,379,0.9237,-1,-1,-1
397,104,252,164,52,154,0.8414,-1,-1,-1
397,140,370,198,34,82,0.5400,-1,-1,-1
398,126,199,170,53,148,0.8860,-1,-1,-1
398,142,494,66,158,404,0.8829,-1,-1,-1
398,104,251,169,51,152,0.8078,-1,-1,-1
398,140,368,201,33,80,0.5547,-1,-1,-1
399,126,199,169,53,148,0.8660,-1,-1,-1
399,142,497,48,163,430,0.9171,-1,-1,-1
399,104,251,168,51,152,0.8630,-1,-1,-1
399,140,366,196,35,84,0.7320,-1,-1,-1
400,126,201,166,51,147,0.8446,-1,-1,-1
400,142,507,31,163,450,0.7976,-1,-1,-1
400,104,250,166,50,150,0.8892,-1,-1,-1
400,140,363,196,34,83,0.5626,-1,-1,-1
401,126,199,165,53,147,0.8649,-1,-1,-1
401,142,520,26,156,453,0.8397,-1,-1,-1
401,104,247,164,51,151,0.8145,-1,-1,-1
401,140,358,202,33,77,0.3716,-1,-1,-1
402,126,196,162,52,149,0.8601,-1,-1,-1
402,142,537,56,139,425,0.7529,-1,-1,-1
402,104,245,162,50,151,0.8570,-1,-1,-1
403,126,195,165,52,147,0.8759,-1,-1,-1
403,104,245,169,48,145,0.7967,-1,-1,-1
403,140,352,198,33,80,0.4517,-1,-1,-1
404,126,195,167,51,145,0.8858,-1,-1,-1
404,104,247,174,47,140,0.7742,-1,-1,-1
404,140,350,195,34,81,0.6486,-1,-1,-1
405,126,195,167,51,143,0.8625,-1,-1,-1
405,104,247,173,47,139,0.7678,-1,-1,-1
405,140,348,195,33,78,0.4582,-1,-1,-1
406,126,195,166,50,142,0.8560,-1,-1,-1
406,104,246,169,48,140,0.8126,-1,-1,-1
406,140,346,193,34,79,0.5282,-1,-1,-1
407,126,195,165,49,138,0.8544,-1,-1,-1
407,104,246,163,49,143,0.8455,-1,-1,-1
407,140,345,194,32,77,0.5288,-1,-1,-1
408,126,194,161,50,141,0.8360,-1,-1,-1
408,104,248,160,48,144,0.8165,-1,-1,-1
408,140,344,193,33,76,0.6300,-1,-1,-1
409,126,193,158,50,143,0.8408,-1,-1,-1
409,104,248,157,49,146,0.8576,-1,-1,-1
409,140,343,190,33,78,0.6364,-1,-1,-1
410,126,191,157,50,143,0.8478,-1,-1,-1
410,104,246,157,49,146,0.8314,-1,-1,-1
410,140,337,188,32,78,0.5303,-1,-1,-1
411,126,186,157,50,143,0.8283,-1,-1,-1
411,104,243,157,49,146,0.8280,-1,-1,-1
411,140,337,188,31,76,0.4344,-1,-1,-1
412,126,182,160,49,141,0.8407,-1,-1,-1
412,104,239,160,47,144,0.8333,-1,-1,-1
412,140,331,188,31,76,0.3489,-1,-1,-1
413,126,180,160,49,142,0.8719,-1,-1,-1
413,104,236,158,48,145,0.8287,-1,-1,-1
413,140,324,187,30,74,0.2603,-1,-1,-1
414,126,178,160,49,141,0.8576,-1,-1,-1
414,104,233,160,48,142,0.8168,-1,-1,-1
414,140,324,189,29,73,0.4177,-1,-1,-1
415,126,173,160,49,139,0.8512,-1,-1,-1
415,104,228,158,47,142,0.8148,-1,-1,-1
415,140,320,192,28,71,0.4348,-1,-1,-1
415,156,552,136,89,283,0.7672,-1,-1,-1
416,126,169,160,50,140,0.8759,-1,-1,-1
416,104,223,161,46,140,0.7893,-1,-1,-1
416,140,316,196,26,69,0.3900,-1,-1,-1
416,156,542,104,101,319,0.9088,-1,-1,-1
417,126,166,162,50,140,0.8722,-1,-1,-1
417,104,219,170,45,134,0.7939,-1,-1,-1
417,140,305,194,28,74,0.5465,-1,-1,-1
417,156,532,56,117,376,0.8542,-1,-1,-1
418,126,164,163,49,138,0.8767,-1,-1,-1
418,104,215,168,46,135,0.8088,-1,-1,-1
418,140,299,191,29,76,0.6904,-1,-1,-1
418,156,527,31,125,404,0.8493,-1,-1,-1
419,126,163,166,48,135,0.8760,-1,-1,-1
419,104,211,168,47,136,0.7778,-1,-1,-1
419,140,295,189,30,78,0.7229,-1,-1,-1
419,156,525,20,128,419,0.8693,-1,-1,-1
420,126,160,166,49,135,0.8543,-1,-1,-1
420,104,208,170,46,132,0.7760,-1,-1,-1
420,140,291,191,29,74,0.6876,-1,-1,-1
420,156,507,14,133,430,0.8926,-1,-1,-1
421,126,155,166,48,133,0.8535,-1,-1,-1
421,104,203,168,45,130,0.8388,-1,-1,-1
421,140,284,191,29,75,0.7292,-1,-1,-1
421,156,494,17,134,430,0.9182,-1,-1,-1
422,126,151,164,48,133,0.8783,-1,-1,-1
422,104,199,169,43,126,0.8232,-1,-1,-1
422,140,278,191,30,74,0.5918,-1,-1,-1
422,156,485,21,137,428,0.8962,-1,-1,-1
423,126,147,161,48,133,0.8552,-1,-1,-1
423,104,193,163,45,130,0.8436,-1,-1,-1
423,140,273,189,29,74,0.6460,-1,-1,-1
423,156,475,25,140,426,0.8653,-1,-1,-1
424,126,141,160,48,134,0.8767,-1,-1,-1
424,104,190,162,45,131,0.8345,-1,-1,-1
424,140,267,188,30,74,0.6173,-1,-1,-1
424,156,465,33,140,419,0.8778,-1,-1,-1
425,126,136,162,47,131,0.8075,-1,-1,-1
425,104,184,160,45,131,0.8092,-1,-1,-1
425,140,260,186,30,73,0.5847,-1,-1,-1
425,156,453,39,141,410,0.8907,-1,-1,-1
426,126,131,160,47,130,0.8692,-1,-1,-1
426,104,180,160,44,129,0.8278,-1,-1,-1
426,140,254,183,30,74,0.6085,-1,-1,-1
426,156,442,41,144,405,0.8827,-1,-1,-1
427,126,125,159,47,130,0.8620,-1,-1,-1
427,104,176,157,44,131,0.8382,-1,-1,-1
427,140,253,184,27,70,0.6496,-1,-1,-1
427,156,423,41,143,401,0.8647,-1,-1,-1
428,126,121,158,47,129,0.8590,-1,-1,-1
428,104,172,154,44,130,0.8430,-1,-1,-1
428,140,243,180,29,73,0.5933,-1,-1,-1
428,156,408,40,137,383,0.9028,-1,-1,-1
428,157,568,13,69,444,0.8718,-1,-1,-1
429,126,116,155,47,129,0.8518,-1,-1,-1
429,104,170,152,43,129,0.8403,-1,-1,-1
429,140,235,179,29,74,0.6294,-1,-1,-1
429,156,395,41,130,366,0.9197,-1,-1,-1
429,157,532,4,75,467,0.7186,-1,-1,-1
430,126,113,155,47,127,0.8420,-1,-1,-1
430,104,165,152,44,128,0.8223,-1,-1,-1
430,140,229,179,28,74,0.5657,-1,-1,-1
430,156,373,46,127,356,0.8965,-1,-1,-1
430,157,493,0,80,478,0.9189,-1,-1,-1
431,126,109,153,47,127,0.8456,-1,-1,-1
431,104,162,152,44,127,0.7857,-1,-1,-1
431,140,224,178,28,73,0.6893,-1,-1,-1
431,156,356,47,126,352,0.9037,-1,-1,-1
431,157,473,0,87,480,0.9279,-1,-1,-1
432,126,108,154,47,124,0.8673,-1,-1,-1
432,104,159,154,42,125,0.7747,-1,-1,-1
432,140,220,177,29,73,0.7283,-1,-1,-1
432,156,344,51,118,326,0.8714,-1,-1,-1
432,157,461,0,95,480,0.8622,-1,-1,-1
433,126,106,154,47,124,0.8741,-1,-1,-1
433,104,157,154,42,124,0.7957,-1,-1,-1
433,140,217,176,29,74,0.7757,-1,-1,-1
433,156,332,54,113,318,0.8545,-1,-1,-1
433,157,465,0,102,481,0.8610,-1,-1,-1
433,160,0,93,71,262,0.5735,-1,-1,-1
434,126,101,154,47,124,0.8717,-1,-1,-1
434,104,154,153,42,124,0.8284,-1,-1,-1
434,140,213,176,29,74,0.7374,-1,-1,-1
434,156,318,55,111,317,0.8098,-1,-1,-1
434,157,436,0,108,481,0.8412,-1,-1,-1
434,160,-2,71,79,287,0.4331,-1,-1,-1
435,126,98,153,47,125,0.8816,-1,-1,-1
435,104,151,151,42,122,0.8409,-1,-1,-1
435,140,209,176,29,73,0.6963,-1,-1,-1
435,156,301,53,109,319,0.7353,-1,-1,-1
435,157,392,0,111,480,0.8573,-1,-1,-1
435,160,-1,63,80,296,0.3060,-1,-1,-1
435,161,594,102,46,291,0.6841,-1,-1,-1
436,126,92,151,48,124,0.8738,-1,-1,-1
436,104,149,149,42,121,0.8123,-1,-1,-1
436,140,205,174,29,73,0.6198,-1,-1,-1
436,157,344,0,116,479,0.9057,-1,-1,-1
436,161,594,103,47,292,0.6585,-1,-1,-1
437,126,89,149,47,123,0.8699,-1,-1,-1
437,104,147,149,42,121,0.8280,-1,-1,-1
437,140,202,175,30,72,0.6625,-1,-1,-1
437,157,306,1,124,479,0.9310,-1,-1,-1
437,161,595,98,47,298,0.7229,-1,-1,-1
438,126,85,149,46,122,0.8681,-1,-1,-1
438,104,144,149,43,121,0.8255,-1,-1,-1
438,140,198,171,31,75,0.7447,-1,-1,-1
438,157,269,2,136,478,0.9126,-1,-1,-1
438,161,576,77,52,323,0.8768,-1,-1,-1
438,160,1,68,75,273,0.4850,-1,-1,-1
439,126,81,148,47,121,0.8509,-1,-1,-1
439,104,141,149,42,120,0.8214,-1,-1,-1
439,157,242,3,146,476,0.8532,-1,-1,-1
439,161,561,73,56,329,0.8917,-1,-1,-1
439,162,383,135,57,173,0.5182,-1,-1,-1
440,126,80,146,42,108,0.7027,-1,-1,-1
440,157,180,1,161,479,0.8533,-1,-1,-1
440,161,551,73,60,335,0.8972,-1,-1,-1
440,162,374,134,59,178,0.6503,-1,-1,-1
440,156,272,56,113,330,0.7609,-1,-1,-1
441,157,90,1,172,478,0.9024,-1,-1,-1
441,161,548,74,63,338,0.8594,-1,-1,-1
441,162,366,137,59,179,0.7558,-1,-1,-1
441,156,273,61,113,332,0.8541,-1,-1,-1
442,157,39,1,179,478,0.6664,-1,-1,-1
442,161,548,75,64,327,0.8408,-1,-1,-1
442,162,362,137,59,178,0.7295,-1,-1,-1
442,156,264,63,116,333,0.9047,-1,-1,-1
443,161,539,73,66,318,0.7852,-1,-1,-1
443,162,358,133,58,180,0.7858,-1,-1,-1
443,156,257,62,118,335,0.8662,-1,-1,-1
444,161,523,76,67,310,0.7917,-1,-1,-1
444,162,352,135,57,178,0.4928,-1,-1,-1
444,156,251,64,116,326,0.8806,-1,-1,-1
444,165,569,80,59,305,0.7549,-1,-1,-1
444,140,186,177,29,71,0.7419,-1,-1,-1
444,104,141,154,40,118,0.7358,-1,-1,-1
445,161,507,79,71,304,0.7573,-1,-1,-1
445,162,352,137,56,179,0.7956,-1,-1,-1
445,156,249,63,113,320,0.9077,-1,-1,-1
445,165,580,82,57,295,0.6468,-1,-1,-1
445,140,187,178,30,71,0.6988,-1,-1,-1
445,104,142,156,39,115,0.8437,-1,-1,-1
446,161,500,80,81,315,0.8539,-1,-1,-1
446,162,345,139,57,179,0.7899,-1,-1,-1
446,156,243,60,113,321,0.9172,-1,-1,-1
446,165,584,77,55,289,0.8041,-1,-1,-1
446,140,189,178,30,71,0.5792,-1,-1,-1
446,104,144,157,40,114,0.8430,-1,-1,-1
446,166,98,153,35,120,0.8171,-1,-1,-1
446,160,10,4,80,279,0.5774,-1,-1,-1
447,161,500,85,87,317,0.8687,-1,-1,-1
447,162,344,142,57,178,0.7904,-1,-1,-1
447,156,236,61,115,323,0.9179,-1,-1,-1
447,165,582,79,56,288,0.8238,-1,-1,-1
447,140,192,180,29,70,0.5981,-1,-1,-1
447,104,146,158,39,115,0.8193,-1,-1,-1
447,166,101,154,34,120,0.7627,-1,-1,-1
448,161,493,84,90,312,0.8731,-1,-1,-1
448,162,343,143,57,177,0.8250,-1,-1,-1
448,156,232,61,115,327,0.9182,-1,-1,-1
448,165,580,80,58,294,0.8738,-1,-1,-1
448,140,193,180,30,70,0.5963,-1,-1,-1
448,104,146,157,40,113,0.7968,-1,-1,-1
448,166,104,153,34,118,0.8473,-1,-1,-1
448,160,-7,0,121,436,0.8729,-1,-1,-1
449,161,488,83,90,309,0.8365,-1,-1,-1
449,162,343,142,58,178,0.8126,-1,-1,-1
449,156,231,63,114,329,0.9171,-1,-1,-1
449,165,573,84,58,293,0.7045,-1,-1,-1
449,140,196,180,30,71,0.5687,-1,-1,-1
449,104,148,158,39,113,0.7909,-1,-1,-1
449,166,108,156,34,115,0.8724,-1,-1,-1
449,160,-8,-2,127,466,0.8994,-1,-1,-1
450,161,494,82,90,311,0.7748,-1,-1,-1
450,162,350,140,57,176,0.7618,-1,-1,-1
450,156,232,64,113,330,0.8612,-1,-1,-1
450,165,578,84,55,274,0.7122,-1,-1,-1
450,140,203,181,30,70,0.6379,-1,-1,-1
450,104,155,158,39,113,0.8498,-1,-1,-1
450,166,116,157,34,115,0.8063,-1,-1,-1
450,160,-5,-2,130,478,0.8764,-1,-1,-1
451,161,496,83,93,316,0.8140,-1,-1,-1
451,162,354,139,57,177,0.8304,-1,-1,-1
451,156,230,65,115,330,0.8631,-1,-1,-1
451,165,579,86,55,267,0.7522,-1,-1,-1
451,140,207,183,30,69,0.6326,-1,-1,-1
451,104,162,159,39,113,0.8149,-1,-1,-1
451,166,124,160,34,113,0.8525,-1,-1,-1
451,160,-2,-2,131,483,0.8977,-1,-1,-1
452,161,494,85,98,319,0.8513,-1,-1,-1
452,162,359,139,58,179,0.7878,-1,-1,-1
452,156,228,62,114,326,0.8920,-1,-1,-1
452,165,579,86,56,272,0.7126,-1,-1,-1
452,104,170,160,38,112,0.8749,-1,-1,-1
452,166,132,159,34,113,0.8080,-1,-1,-1
452,160,1,-2,133,484,0.8976,-1,-1,-1
453,161,495,82,101,325,0.8755,-1,-1,-1
453,162,363,139,59,179,0.6765,-1,-1,-1
453,156,236,56,114,327,0.8697,-1,-1,-1
453,165,578,80,60,290,0.8049,-1,-1,-1
453,104,177,159,39,112,0.7992,-1,-1,-1
453,166,140,156,35,114,0.8423,-1,-1,-1
453,160,5,-2,135,485,0.8782,-1,-1,-1
454,161,500,85,103,327,0.8550,-1,-1,-1
454,162,370,141,61,182,0.7841,-1,-1,-1
454,156,244,57,115,331,0.8899,-1,-1,-1
454,165,581,81,62,303,0.7722,-1,-1,-1
454,104,188,162,38,112,0.8367,-1,-1,-1
454,166,149,157,36,115,0.8172,-1,-1,-1
454,160,8,-1,138,485,0.8836,-1,-1,-1
455,161,504,80,101,321,0.8815,-1,-1,-1
455,162,378,140,62,184,0.7894,-1,-1,-1
455,156,251,57,118,338,0.8570,-1,-1,-1
455,165,578,81,62,308,0.7614,-1,-1,-1
455,104,197,161,38,111,0.7791,-1,-1,-1
455,166,159,159,35,111,0.8262,-1,-1,-1
455,160,12,-1,140,483,0.8668,-1,-1,-1
456,161,504,80,101,319,0.8601,-1,-1,-1
456,162,383,141,63,185,0.7364,-1,-1,-1
456,156,256,60,119,341,0.8716,-1,-1,-1
456,165,581,84,60,299,0.6329,-1,-1,-1
456,104,204,162,38,109,0.8507,-1,-1,-1
456,166,167,161,34,109,0.7540,-1,-1,-1
456,160,15,-1,144,483,0.8825,-1,-1,-1
457,161,496,82,105,323,0.8428,-1,-1,-1
457,162,387,140,64,185,0.8066,-1,-1,-1
457,156,264,63,120,346,0.8613,-1,-1,-1
457,165,589,85,57,292,0.7317,-1,-1,-1
457,104,211,163,38,109,0.7822,-1,-1,-1
457,166,176,165,34,106,0.7986,-1,-1,-1
457,160,18,0,149,481,0.8703,-1,-1,-1
458,161,493,83,111,332,0.8802,-1,-1,-1
458,162,391,138,63,184,0.8266,-1,-1,-1
458,156,269,63,121,347,0.8849,-1,-1,-1
458,165,592,82,57,299,0.7304,-1,-1,-1
458,104,219,162,38,109,0.8283,-1,-1,-1
458,166,186,164,32,101,0.5131,-1,-1,-1
458,160,26,2,153,480,0.8766,-1,-1,-1
459,161,501,88,115,334,0.8502,-1,-1,-1
459,162,396,141,63,187,0.8286,-1,-1,-1
459,156,275,66,122,352,0.8620,-1,-1,-1
459,165,592,85,56,299,0.7150,-1,-1,-1
459,104,227,167,38,109,0.7901,-1,-1,-1
459,160,39,4,158,478,0.8354,-1,-1,-1
460,161,505,87,119,336,0.8677,-1,-1,-1
460,162,398,142,64,189,0.8480,-1,-1,-1
460,156,276,65,124,353,0.8769,-1,-1,-1
460,165,597,83,52,296,0.5998,-1,-1,-1
460,104,232,169,37,107,0.7799,-1,-1,-1
460,160,49,1,161,481,0.8934,-1,-1,-1
461,161,505,81,116,330,0.8526,-1,-1,-1
461,162,401,142,64,190,0.8277,-1,-1,-1
461,156,281,59,122,347,0.9071,-1,-1,-1
461,165,596,79,53,303,0.6849,-1,-1,-1
461,104,238,167,37,108,0.7723,-1,-1,-1
461,160,60,0,165,482,0.8335,-1,-1,-1
462,161,507,80,113,327,0.8528,-1,-1,-1
462,162,403,143,64,191,0.8406,-1,-1,-1
462,156,282,57,122,345,0.9080,-1,-1,-1
462,165,591,82,51,297,0.7064,-1,-1,-1
462,104,241,167,37,109,0.7785,-1,-1,-1
462,160,64,0,166,481,0.8039,-1,-1,-1
463,161,507,85,115,332,0.8560,-1,-1,-1
463,162,404,145,64,194,0.8334,-1,-1,-1
463,156,280,58,123,350,0.9050,-1,-1,-1
463,165,587,88,52,295,0.7480,-1,-1,-1
463,104,244,170,36,107,0.7454,-1,-1,-1
463,160,65,0,169,481,0.8402,-1,-1,-1
464,161,500,89,118,333,0.8706,-1,-1,-1
464,162,403,145,64,193,0.7187,-1,-1,-1
464,156,278,57,124,355,0.8937,-1,-1,-1
464,165,586,90,52,297,0.7729,-1,-1,-1
464,104,243,169,36,108,0.7549,-1,-1,-1
464,160,64,0,171,481,0.8449,-1,-1,-1
465,161,490,91,121,335,0.8682,-1,-1,-1
465,162,403,143,63,190,0.7971,-1,-1,-1
465,156,276,57,123,359,0.8879,-1,-1,-1
465,165,587,88,53,304,0.8104,-1,-1,-1
465,160,61,0,173,480,0.8168,-1,-1,-1
465,166,241,169,33,105,0.7409,-1,-1,-1
466,161,485,91,122,338,0.8531,-1,-1,-1
466,162,404,142,62,190,0.7554,-1,-1,-1
466,156,273,57,122,360,0.8878,-1,-1,-1
466,165,588,84,54,312,0.8031,-1,-1,-1
466,160,60,0,175,481,0.8118,-1,-1,-1
466,166,244,169,33,105,0.7777,-1,-1,-1
467,161,480,88,118,331,0.8989,-1,-1,-1
467,162,404,141,62,192,0.7647,-1,-1,-1
467,156,269,58,122,363,0.8780,-1,-1,-1
467,165,586,81,55,320,0.8677,-1,-1,-1
467,160,59,0,178,481,0.8208,-1,-1,-1
467,166,246,169,34,105,0.7618,-1,-1,-1
468,161,469,83,115,326,0.8729,-1,-1,-1
468,162,404,140,62,193,0.6296,-1,-1,-1
468,156,264,53,122,365,0.8716,-1,-1,-1
468,165,579,82,57,321,0.8530,-1,-1,-1
468,160,56,0,180,480,0.8835,-1,-1,-1
468,166,245,166,33,107,0.5680,-1,-1,-1
469,161,451,81,118,327,0.8566,-1,-1,-1
469,162,403,139,61,194,0.7311,-1,-1,-1
469,156,259,47,122,362,0.8735,-1,-1,-1
469,165,572,83,59,322,0.8794,-1,-1,-1
469,160,53,0,182,479,0.8794,-1,-1,-1
470,161,439,84,119,331,0.8772,-1,-1,-1
470,162,404,139,60,189,0.7219,-1,-1,-1
470,156,261,43,122,360,0.8737,-1,-1,-1
470,165,567,82,60,309,0.8397,-1,-1,-1
470,160,52,0,184,480,0.8853,-1,-1,-1
471,161,438,85,121,332,0.8641,-1,-1,-1
471,162,406,137,60,191,0.6073,-1,-1,-1
471,156,265,40,123,362,0.8791,-1,-1,-1
471,165,562,80,63,308,0.8355,-1,-1,-1
471,160,56,1,186,479,0.8950,-1,-1,-1
472,161,439,83,122,332,0.8476,-1,-1,-1
472,162,406,133,63,196,0.5525,-1,-1,-1
472,156,265,37,125,369,0.8747,-1,-1,-1
472,165,563,76,66,315,0.8474,-1,-1,-1
472,160,60,0,188,480,0.8690,-1,-1,-1
473,161,438,78,119,328,0.8651,-1,-1,-1
473,162,403,130,61,195,0.6090,-1,-1,-1
473,156,266,35,127,374,0.8698,-1,-1,-1
473,165,568,72,68,321,0.8776,-1,-1,-1
473,160,67,0,191,480,0.8437,-1,-1,-1
474,161,440,76,116,323,0.8738,-1,-1,-1
474,162,403,129,60,194,0.6626,-1,-1,-1
474,156,268,34,128,380,0.8733,-1,-1,-1
474,165,559,71,71,323,0.8730,-1,-1,-1
474,160,76,1,193,479,0.8602,-1,-1,-1
475,161,443,74,116,328,0.8453,-1,-1,-1
475,156,272,35,128,383,0.8890,-1,-1,-1
475,165,550,71,72,308,0.8987,-1,-1,-1
475,160,83,0,195,480,0.8520,-1,-1,-1
476,161,448,76,118,333,0.8382,-1,-1,-1
476,156,276,38,128,385,0.8890,-1,-1,-1
476,165,547,72,75,304,0.8840,-1,-1,-1
476,160,87,0,197,479,0.8515,-1,-1,-1
477,161,448,79,117,333,0.7646,-1,-1,-1
477,156,278,38,128,388,0.8714,-1,-1,-1
477,165,546,73,78,306,0.8537,-1,-1,-1
477,160,88,1,199,476,0.8552,-1,-1,-1
478,161,447,79,117,333,0.8133,-1,-1,-1
478,156,278,35,128,387,0.8692,-1,-1,-1
478,165,546,72,82,309,0.8347,-1,-1,-1
478,160,87,1,201,477,0.8848,-1,-1,-1
479,161,444,82,116,329,0.8232,-1,-1,-1
479,156,278,36,124,378,0.8801,-1,-1,-1
479,165,547,74,84,318,0.9062,-1,-1,-1
479,160,84,1,203,475,0.8472,-1,-1,-1
480,161,442,84,113,322,0.8543,-1,-1,-1
480,156,275,37,124,379,0.8987,-1,-1,-1
480,165,548,75,86,326,0.8579,-1,-1,-1
480,160,85,1,203,470,0.8619,-1,-1,-1
481,161,435,81,112,320,0.8969,-1,-1,-1
481,156,269,35,126,385,0.8910,-1,-1,-1
481,165,539,75,89,331,0.8376,-1,-1,-1
481,160,79,1,208,475,0.8557,-1,-1,-1
482,161,419,82,113,321,0.8498,-1,-1,-1
482,156,261,33,126,394,0.8931,-1,-1,-1
482,165,530,75,92,337,0.8586,-1,-1,-1
482,160,72,2,210,476,0.7799,-1,-1,-1
483,161,405,88,115,326,0.9003,-1,-1,-1
483,156,254,39,126,400,0.8968,-1,-1,-1
483,165,522,81,94,336,0.8649,-1,-1,-1
483,160,63,2,213,476,0.7934,-1,-1,-1
484,161,395,92,116,328,0.8686,-1,-1,-1
484,156,246,45,123,399,0.8791,-1,-1,-1
484,165,518,85,96,338,0.8336,-1,-1,-1
484,160,55,3,214,474,0.5535,-1,-1,-1
485,161,392,94,116,328,0.8647,-1,-1,-1
485,156,240,48,122,401,0.8703,-1,-1,-1
485,165,512,86,94,331,0.8620,-1,-1,-1
485,160,46,1,221,478,0.7464,-1,-1,-1
486,161,388,91,114,325,0.7919,-1,-1,-1
486,156,237,43,119,397,0.8787,-1,-1,-1
486,165,504,83,92,324,0.8594,-1,-1,-1
486,160,41,1,224,478,0.7363,-1,-1,-1
487,161,387,91,110,320,0.8563,-1,-1,-1
487,156,234,39,116,393,0.8852,-1,-1,-1
487,165,491,84,93,326,0.8323,-1,-1,-1
487,160,38,0,228,479,0.6851,-1,-1,-1
488,161,383,93,111,324,0.8294,-1,-1,-1
488,156,236,37,112,383,0.8748,-1,-1,-1
488,165,476,89,96,329,0.8605,-1,-1,-1
488,160,36,0,231,480,0.6643,-1,-1,-1
489,161,382,95,111,327,0.8383,-1,-1,-1
489,156,236,35,108,378,0.8567,-1,-1,-1
489,165,468,90,100,331,0.8671,-1,-1,-1
489,160,32,0,235,479,0.7491,-1,-1,-1
490,161,375,97,113,330,0.8078,-1,-1,-1
490,156,238,35,100,354,0.8273,-1,-1,-1
490,165,467,90,104,333,0.8593,-1,-1,-1
490,160,24,0,240,479,0.8150,-1,-1,-1
491,161,372,98,114,335,0.8282,-1,-1,-1
491,156,243,39,89,316,0.8165,-1,-1,-1
491,165,464,93,103,328,0.8804,-1,-1,-1
491,160,19,0,244,479,0.8733,-1,-1,-1
492,161,371,96,113,332,0.8485,-1,-1,-1
492,156,246,39,81,289,0.7855,-1,-1,-1
492,165,460,91,100,321,0.7838,-1,-1,-1
492,160,17,0,247,480,0.8725,-1,-1,-1
493,161,371,94,109,323,0.8674,-1,-1,-1
493,156,245,40,81,290,0.7921,-1,-1,-1
493,165,460,89,101,326,0.7842,-1,-1,-1
493,160,15,0,251,480,0.8587,-1,-1,-1
494,161,366,94,109,324,0.8429,-1,-1,-1
494,156,238,39,89,321,0.8295,-1,-1,-1
494,165,461,89,101,332,0.7923,-1,-1,-1
494,160,13,0,253,480,0.8512,-1,-1,-1
495,161,363,91,111,329,0.8855,-1,-1,-1
495,156,233,32,97,344,0.8826,-1,-1,-1
495,165,458,88,102,337,0.8170,-1,-1,-1
495,160,10,0,256,480,0.8053,-1,-1,-1
496,161,362,92,112,332,0.9018,-1,-1,-1
496,156,232,29,99,354,0.8635,-1,-1,-1
496,165,461,90,103,337,0.8379,-1,-1,-1
496,160,8,0,257,480,0.7981,-1,-1,-1
497,161,361,93,112,334,0.8720,-1,-1,-1
497,156,231,28,102,360,0.7753,-1,-1,-1
497,165,462,90,103,340,0.8686,-1,-1,-1
497,160,7,0,258,479,0.8763,-1,-1,-1
498,161,365,92,112,338,0.8753,-1,-1,-1
498,156,223,26,105,365,0.6840,-1,-1,-1
498,165,464,89,102,338,0.7940,-1,-1,-1
498,160,8,0,259,476,0.8666,-1,-1,-1
499,161,369,88,110,336,0.8711,-1,-1,-1
499,156,228,25,100,350,0.6800,-1,-1,-1
499,165,468,85,100,330,0.7876,-1,-1,-1
499,160,8,0,262,477,0.9182,-1,-1,-1
500,161,374,87,107,330,0.8530,-1,-1,-1
500,156,231,27,96,336,0.7927,-1,-1,-1
500,165,470,83,100,331,0.7846,-1,-1,-1
500,160,8,0,264,479,0.8443,-1,-1,-1
501,161,380,87,107,330,0.8326,-1,-1,-1
501,156,235,27,92,328,0.8285,-1,-1,-1
501,165,466,82,103,337,0.8020,-1,-1,-1
501,160,10,0,266,479,0.8631,-1,-1,-1
502,161,387,89,108,332,0.7923,-1,-1,-1
502,156,237,27,88,317,0.6065,-1,-1,-1
502,165,467,84,104,341,0.8230,-1,-1,-1
502,160,14,1,269,478,0.8545,-1,-1,-1
503,161,390,89,110,335,0.7698,-1,-1,-1
503,165,472,82,106,341,0.8283,-1,-1,-1
503,160,23,0,273,479,0.8128,-1,-1,-1
504,161,393,85,110,338,0.8205,-1,-1,-1
504,165,478,79,108,343,0.8914,-1,-1,-1
504,160,31,0,276,479,0.8067,-1,-1,-1
505,161,391,85,109,336,0.8044,-1,-1,-1
505,165,482,77,106,338,0.8446,-1,-1,-1
505,160,29,0,281,479,0.8282,-1,-1,-1
506,161,389,80,106,326,0.8490,-1,-1,-1
506,165,479,74,105,335,0.8042,-1,-1,-1
506,160,32,0,284,480,0.8812,-1,-1,-1
507,161,386,80,105,325,0.8633,-1,-1,-1
507,165,480,75,104,337,0.8244,-1,-1,-1
507,160,36,0,287,479,0.8743,-1,-1,-1
508,161,380,79,106,329,0.8197,-1,-1,-1
508,165,480,77,103,339,0.8146,-1,-1,-1
508,160,30,0,293,478,0.8898,-1,-1,-1
509,161,376,77,108,333,0.8233,-1,-1,-1
509,165,480,76,102,342,0.8067,-1,-1,-1
509,160,27,0,297,477,0.8589,-1,-1,-1
509,172,343,126,65,215,0.4592,-1,-1,-1
510,161,376,82,109,336,0.8253,-1,-1,-1
510,165,488,79,102,341,0.8205,-1,-1,-1
510,160,64,0,295,478,0.8799,-1,-1,-1
510,172,346,125,72,239,0.4056,-1,-1,-1
511,161,379,82,108,338,0.8552,-1,-1,-1
511,165,491,79,102,343,0.8071,-1,-1,-1
511,160,85,0,293,478,0.7804,-1,-1,-1
511,173,4,65,115,281,0.6668,-1,-1,-1
512,161,382,84,109,339,0.8476,-1,-1,-1
512,165,498,81,99,335,0.8085,-1,-1,-1
512,160,109,0,291,478,0.8902,-1,-1,-1
512,173,21,66,117,287,0.8240,-1,-1,-1
513,161,391,88,104,326,0.8708,-1,-1,-1
513,165,499,81,99,335,0.8265,-1,-1,-1
513,160,135,0,291,479,0.8989,-1,-1,-1
513,173,48,69,128,318,0.8531,-1,-1,-1
514,161,401,87,99,320,0.8657,-1,-1,-1
514,165,500,81,98,335,0.8426,-1,-1,-1
514,160,150,0,290,479,0.8644,-1,-1,-1
514,173,65,69,130,328,0.9025,-1,-1,-1
514,174,3,113,80,240,0.8521,-1,-1,-1
515,161,421,90,73,231,0.8296,-1,-1,-1
515,165,493,84,101,338,0.8801,-1,-1,-1
515,160,172,0,288,479,0.8660,-1,-1,-1
515,173,80,73,132,332,0.8941,-1,-1,-1
515,174,-2,109,84,252,0.8210,-1,-1,-1
516,165,492,88,104,341,0.8745,-1,-1,-1
516,160,201,1,287,478,0.8738,-1,-1,-1
516,173,88,77,132,333,0.8528,-1,-1,-1
516,174,-9,104,87,265,0.8173,-1,-1,-1
517,165,504,91,105,341,0.8658,-1,-1,-1
517,160,231,1,285,477,0.7876,-1,-1,-1
517,173,93,83,129,328,0.8841,-1,-1,-1
517,174,-15,98,87,269,0.8669,-1,-1,-1
518,165,512,93,106,340,0.8204,-1,-1,-1
518,160,254,0,286,478,0.8360,-1,-1,-1
518,173,98,86,127,325,0.8728,-1,-1,-1
518,174,-21,94,87,275,0.7328,-1,-1,-1
518,156,194,29,101,356,0.8686,-1,-1,-1
519,160,278,0,287,478,0.8525,-1,-1,-1
519,173,103,82,121,314,0.8491,-1,-1,-1
519,156,184,26,112,389,0.8678,-1,-1,-1
520,160,298,0,289,479,0.8802,-1,-1,-1
520,173,112,80,117,310,0.8750,-1,-1,-1
520,156,179,21,125,427,0.8804,-1,-1,-1
521,160,328,0,292,479,0.8819,-1,-1,-1
521,173,114,81,115,307,0.8395,-1,-1,-1
521,156,183,18,133,443,0.8687,-1,-1,-1
522,160,346,0,292,479,0.8697,-1,-1,-1
522,173,115,97,110,293,0.4670,-1,-1,-1
522,156,189,18,138,445,0.8509,-1,-1,-1
523,160,360,1,289,478,0.8086,-1,-1,-1
523,173,112,93,111,299,0.5318,-1,-1,-1
523,156,191,16,142,453,0.8762,-1,-1,-1
524,160,368,0,288,479,0.9014,-1,-1,-1
524,173,110,87,113,302,0.8127,-1,-1,-1
524,156,193,13,144,460,0.8698,-1,-1,-1
525,160,377,0,284,478,0.9121,-1,-1,-1
525,173,116,84,111,298,0.8201,-1,-1,-1
525,156,200,15,145,463,0.8995,-1,-1,-1
526,160,387,0,279,478,0.9284,-1,-1,-1
526,173,129,80,107,290,0.8997,-1,-1,-1
526,156,207,15,147,466,0.8991,-1,-1,-1
527,160,395,0,274,478,0.8689,-1,-1,-1
527,173,136,76,104,289,0.8710,-1,-1,-1
527,156,208,13,150,469,0.8727,-1,-1,-1
528,160,407,2,267,477,0.8713,-1,-1,-1
528,173,147,84,102,290,0.8701,-1,-1,-1
528,156,213,18,150,463,0.8607,-1,-1,-1
528,172,373,99,93,310,0.8469,-1,-1,-1
529,160,417,1,260,478,0.8895,-1,-1,-1
529,173,153,94,100,291,0.8575,-1,-1,-1
529,156,214,23,151,459,0.8912,-1,-1,-1
529,175,129,165,43,144,0.8357,-1,-1,-1
529,172,373,103,95,318,0.8518,-1,-1,-1
530,160,433,14,245,464,0.8980,-1,-1,-1
530,173,155,101,98,285,0.8746,-1,-1,-1
530,156,219,25,150,447,0.9000,-1,-1,-1
530,175,122,161,45,150,0.8095,-1,-1,-1
530,172,371,107,98,316,0.8165,-1,-1,-1
531,160,442,13,238,465,0.9047,-1,-1,-1
531,173,155,104,98,287,0.8670,-1,-1,-1
531,156,222,27,150,447,0.9050,-1,-1,-1
531,175,116,159,47,157,0.7613,-1,-1,-1
531,172,378,109,100,322,0.8247,-1,-1,-1
532,160,448,8,232,470,0.9184,-1,-1,-1
532,173,161,103,94,278,0.8344,-1,-1,-1
532,156,223,27,152,451,0.8644,-1,-1,-1
532,175,102,157,50,164,0.7983,-1,-1,-1
532,172,375,106,100,320,0.7894,-1,-1,-1
533,160,453,4,227,474,0.9099,-1,-1,-1
533,173,163,96,92,277,0.8318,-1,-1,-1
533,156,218,23,152,456,0.9073,-1,-1,-1
533,175,87,154,51,168,0.8243,-1,-1,-1
533,172,366,100,100,315,0.7627,-1,-1,-1
534,160,457,4,220,474,0.8973,-1,-1,-1
534,173,152,91,92,279,0.8504,-1,-1,-1
534,156,205,22,152,458,0.8755,-1,-1,-1
534,175,65,147,56,180,0.8117,-1,-1,-1
534,172,358,97,100,315,0.8019,-1,-1,-1
534,177,456,89,55,305,0.7687,-1,-1,-1
535,160,465,12,209,466,0.8925,-1,-1,-1
535,173,145,91,86,256,0.5619,-1,-1,-1
535,156,196,22,152,459,0.8712,-1,-1,-1
535,175,47,140,60,189,0.7593,-1,-1,-1
535,172,344,95,102,317,0.8526,-1,-1,-1
535,177,454,87,57,319,0.8585,-1,-1,-1
536,160,472,16,201,462,0.8922,-1,-1,-1
536,173,158,115,83,253,0.4798,-1,-1,-1
536,156,192,19,152,462,0.8489,-1,-1,-1
536,175,35,132,64,200,0.7503,-1,-1,-1
536,172,334,96,105,321,0.8775,-1,-1,-1
536,177,453,87,58,320,0.8548,-1,-1,-1
537,160,476,10,197,468,0.8997,-1,-1,-1
537,173,161,120,80,253,0.4172,-1,-1,-1
537,156,185,10,153,459,0.8282,-1,-1,-1
537,175,23,120,68,212,0.7698,-1,-1,-1
537,172,327,92,109,328,0.8800,-1,-1,-1
537,177,453,84,59,323,0.8575,-1,-1,-1
537,178,128,149,35,137,0.6483,-1,-1,-1
538,160,482,6,192,472,0.8839,-1,-1,-1
538,156,189,5,153,457,0.8454,-1,-1,-1
538,175,11,115,73,225,0.8079,-1,-1,-1
538,172,325,91,110,331,0.7677,-1,-1,-1
538,177,453,85,61,326,0.8455,-1,-1,-1
538,178,126,146,36,141,0.7144,-1,-1,-1
539,160,494,5,183,473,0.8881,-1,-1,-1
539,156,195,2,156,464,0.8778,-1,-1,-1
539,175,1,110,77,237,0.7949,-1,-1,-1
539,172,328,87,108,329,0.8287,-1,-1,-1
539,177,459,82,63,327,0.7746,-1,-1,-1
539,178,124,140,39,147,0.8472,-1,-1,-1
539,173,159,126,75,234,0.6522,-1,-1,-1
540,160,504,4,174,471,0.8152,-1,-1,-1
540,156,200,1,159,474,0.8835,-1,-1,-1
540,175,-5,109,80,250,0.7649,-1,-1,-1
540,172,335,86,105,325,0.8550,-1,-1,-1
540,177,465,80,67,332,0.8417,-1,-1,-1
540,178,125,139,40,150,0.8463,-1,-1,-1
540,173,164,125,75,238,0.8313,-1,-1,-1
541,156,211,1,160,477,0.8603,-1,-1,-1
541,175,-9,104,84,265,0.7918,-1,-1,-1
541,172,341,83,106,331,0.8369,-1,-1,-1
541,177,466,76,70,341,0.7975,-1,-1,-1
541,178,125,140,42,154,0.8510,-1,-1,-1
541,173,176,123,75,244,0.7415,-1,-1,-1
541,165,549,22,106,375,0.6614,-1,-1,-1
542,156,222,1,160,478,0.8599,-1,-1,-1
542,175,-16,98,85,279,0.6790,-1,-1,-1
542,172,347,82,107,341,0.7689,-1,-1,-1
542,177,466,74,75,350,0.7352,-1,-1,-1
542,178,122,139,45,158,0.8684,-1,-1,-1
542,173,189,126,72,247,0.5224,-1,-1,-1
542,165,563,33,96,383,0.6349,-1,-1,-1
543,156,233,5,159,475,0.8440,-1,-1,-1
543,175,-15,92,87,291,0.8247,-1,-1,-1
543,172,357,86,104,338,0.6886,-1,-1,-1
543,177,463,77,80,356,0.8174,-1,-1,-1
543,178,118,140,48,162,0.8829,-1,-1,-1
543,173,196,119,73,260,0.4047,-1,-1,-1
543,180,185,148,37,147,0.7253,-1,-1,-1
544,156,246,4,161,476,0.7544,-1,-1,-1
544,175,-18,84,87,303,0.7082,-1,-1,-1
544,172,377,88,88,289,0.6690,-1,-1,-1
544,177,469,77,86,363,0.8840,-1,-1,-1
544,178,114,135,51,169,0.8841,-1,-1,-1
544,173,205,128,67,249,0.5588,-1,-1,-1
544,180,189,146,38,151,0.7872,-1,-1,-1
545,156,251,2,162,478,0.8215,-1,-1,-1
545,175,-15,100,81,289,0.7795,-1,-1,-1
545,172,373,88,96,318,0.5713,-1,-1,-1
545,177,474,76,90,368,0.8500,-1,-1,-1
545,178,113,133,54,171,0.8898,-1,-1,-1
545,173,214,131,63,240,0.4669,-1,-1,-1
545,180,192,147,38,150,0.8186,-1,-1,-1
546,156,259,2,162,476,0.8847,-1,-1,-1
546,175,-16,106,79,288,0.7060,-1,-1,-1
546,172,372,84,102,340,0.6992,-1,-1,-1
546,177,482,74,92,370,0.8554,-1,-1,-1
546,178,116,131,56,174,0.8986,-1,-1,-1
546,173,229,126,60,239,0.2808,-1,-1,-1
546,180,199,146,40,155,0.8474,-1,-1,-1
547,156,264,2,164,477,0.8703,-1,-1,-1
547,172,378,80,102,343,0.6255,-1,-1,-1
547,177,493,69,93,367,0.8248,-1,-1,-1
547,178,116,125,59,180,0.8436,-1,-1,-1
547,173,246,125,58,230,0.4474,-1,-1,-1
547,180,201,140,42,161,0.8588,-1,-1,-1
548,156,267,1,166,477,0.8886,-1,-1,-1
548,172,391,77,101,350,0.6481,-1,-1,-1
548,177,510,66,97,373,0.7666,-1,-1,-1
548,178,115,121,61,186,0.8061,-1,-1,-1
548,173,258,134,53,204,0.3086,-1,-1,-1
548,180,204,138,44,167,0.7513,-1,-1,-1
549,156,269,1,168,475,0.8717,-1,-1,-1
549,172,401,77,99,349,0.4645,-1,-1,-1
549,177,517,64,100,381,0.7926,-1,-1,-1
549,178,117,118,64,192,0.8048,-1,-1,-1
549,180,202,134,47,172,0.8561,-1,-1,-1
549,181,485,122,44,243,0.5840,-1,-1,-1
550,156,273,3,169,474,0.7855,-1,-1,-1
550,172,404,68,98,361,0.4097,-1,-1,-1
550,177,528,53,104,394,0.8824,-1,-1,-1
550,178,113,108,66,200,0.7950,-1,-1,-1
550,180,202,121,49,178,0.8743,-1,-1,-1
550,181,487,114,46,248,0.7911,-1,-1,-1
551,156,272,3,170,475,0.8108,-1,-1,-1
551,172,403,63,98,367,0.6582,-1,-1,-1
551,177,534,46,106,404,0.8700,-1,-1,-1
551,178,103,101,69,208,0.8416,-1,-1,-1
551,180,200,113,52,183,0.8588,-1,-1,-1
551,181,493,109,46,248,0.8045,-1,-1,-1
552,156,274,3,169,462,0.8140,-1,-1,-1
552,172,411,63,78,293,0.4950,-1,-1,-1
552,177,538,47,106,408,0.8955,-1,-1,-1
552,178,89,100,73,216,0.8726,-1,-1,-1
552,180,194,110,56,194,0.8867,-1,-1,-1
552,181,497,112,47,248,0.8215,-1,-1,-1
553,156,272,3,176,470,0.8583,-1,-1,-1
553,172,413,62,71,264,0.6646,-1,-1,-1
553,177,539,49,107,411,0.9067,-1,-1,-1
553,178,78,99,76,224,0.8610,-1,-1,-1
553,180,185,112,59,197,0.8762,-1,-1,-1
553,181,501,113,48,253,0.7560,-1,-1,-1
554,156,260,2,178,474,0.8794,-1,-1,-1
554,172,396,83,82,308,0.5992,-1,-1,-1
554,177,544,50,104,405,0.8984,-1,-1,-1
554,178,68,96,80,232,0.8334,-1,-1,-1
554,180,180,112,62,205,0.8616,-1,-1,-1
554,181,507,117,48,248,0.8101,-1,-1,-1
555,156,262,2,179,476,0.8441,-1,-1,-1
555,172,403,100,72,270,0.6662,-1,-1,-1
555,177,550,45,101,401,0.8566,-1,-1,-1
555,178,59,90,81,242,0.8189,-1,-1,-1
555,180,175,109,67,213,0.8812,-1,-1,-1
555,181,515,114,49,248,0.8608,-1,-1,-1
556,156,260,1,181,475,0.8880,-1,-1,-1
556,172,412,111,68,259,0.7822,-1,-1,-1
556,177,553,44,99,402,0.8449,-1,-1,-1
556,178,50,89,83,249,0.8248,-1,-1,-1
556,180,170,107,70,222,0.8904,-1,-1,-1
556,181,517,115,51,249,0.8224,-1,-1,-1
557,156,262,1,182,477,0.8979,-1,-1,-1
557,172,421,119,73,275,0.8496,-1,-1,-1
557,177,552,54,97,395,0.8178,-1,-1,-1
557,178,30,89,87,259,0.8357,-1,-1,-1
557,180,162,107,73,233,0.8553,-1,-1,-1
557,181,522,124,52,253,0.7296,-1,-1,-1
558,156,262,1,182,477,0.9092,-1,-1,-1
558,172,425,118,77,286,0.8112,-1,-1,-1
558,177,549,57,93,378,0.8421,-1,-1,-1
558,178,12,84,91,268,0.8874,-1,-1,-1
558,180,156,104,76,239,0.8752,-1,-1,-1
558,181,526,127,52,247,0.7123,-1,-1,-1
559,156,270,1,182,476,0.9035,-1,-1,-1
559,172,434,105,86,312,0.8469,-1,-1,-1
559,177,553,48,91,376,0.8310,-1,-1,-1
559,178,3,79,93,274,0.9194,-1,-1,-1
559,180,153,95,79,248,0.8597,-1,-1,-1
559,181,536,122,51,240,0.7127,-1,-1,-1
560,156,272,2,182,475,0.8919,-1,-1,-1
560,172,444,95,92,331,0.8126,-1,-1,-1
560,177,557,41,91,380,0.8276,-1,-1,-1
560,178,-2,76,95,281,0.9044,-1,-1,-1
560,180,148,90,83,259,0.8648,-1,-1,-1
560,181,540,118,52,244,0.5993,-1,-1,-1
561,156,264,2,184,477,0.8906,-1,-1,-1
561,172,449,77,100,355,0.8168,-1,-1,-1
561,177,560,36,90,387,0.8411,-1,-1,-1
561,178,-9,69,95,287,0.8944,-1,-1,-1
561,180,134,77,90,280,0.8217,-1,-1,-1
561,181,541,104,55,263,0.3009,-1,-1,-1
562,156,257,4,184,473,0.8769,-1,-1,-1
562,172,455,63,106,373,0.8771,-1,-1,-1
562,177,558,33,91,396,0.8892,-1,-1,-1
562,178,-13,79,88,275,0.8238,-1,-1,-1
562,180,120,72,93,288,0.8821,-1,-1,-1
563,156,249,5,187,473,0.9100,-1,-1,-1
563,172,463,49,119,407,0.7904,-1,-1,-1
563,177,562,35,90,405,0.8352,-1,-1,-1
563,180,104,63,101,311,0.8521,-1,-1,-1
563,182,412,77,64,272,0.6808,-1,-1,-1
564,156,245,5,190,474,0.8774,-1,-1,-1
564,172,470,39,131,433,0.8079,-1,-1,-1
564,177,567,36,87,410,0.6082,-1,-1,-1
564,180,92,56,107,328,0.8451,-1,-1,-1
564,182,414,75,66,279,0.7641,-1,-1,-1
565,156,243,2,192,477,0.9067,-1,-1,-1
565,172,486,26,138,452,0.7855,-1,-1,-1
565,177,565,27,89,428,0.3496,-1,-1,-1
565,180,78,48,113,347,0.8385,-1,-1,-1
565,182,418,72,70,295,0.8308,-1,-1,-1
566,156,239,2,194,478,0.9106,-1,-1,-1
566,172,500,9,143,473,0.8600,-1,-1,-1
566,180,65,39,119,365,0.8325,-1,-1,-1
566,182,422,64,77,320,0.8596,-1,-1,-1
567,156,236,1,195,479,0.9145,-1,-1,-1
567,172,518,41,131,441,0.6974,-1,-1,-1
567,180,50,24,126,389,0.9041,-1,-1,-1
567,182,428,55,82,340,0.8671,-1,-1,-1
568,156,233,0,195,480,0.9156,-1,-1,-1
568,172,531,50,126,432,0.6587,-1,-1,-1
568,180,33,13,133,407,0.9079,-1,-1,-1
568,182,431,45,88,361,0.8612,-1,-1,-1
569,156,226,0,196,480,0.9080,-1,-1,-1
569,172,544,50,103,354,0.7967,-1,-1,-1
569,180,10,3,143,434,0.9128,-1,-1,-1
569,182,435,29,95,382,0.8619,-1,-1,-1
570,156,221,0,197,480,0.8844,-1,-1,-1
570,172,544,48,105,366,0.8252,-1,-1,-1
570,180,0,0,144,438,0.9004,-1,-1,-1
570,182,438,15,103,406,0.8739,-1,-1,-1
571,156,210,0,200,480,0.9358,-1,-1,-1
571,172,552,51,101,362,0.8909,-1,-1,-1
571,180,-10,-2,145,449,0.9193,-1,-1,-1
571,182,446,3,110,428,0.8100,-1,-1,-1
572,156,202,0,203,479,0.9503,-1,-1,-1
572,172,563,57,91,334,0.7771,-1,-1,-1
572,180,-16,-2,144,458,0.8773,-1,-1,-1
572,182,453,-1,118,447,0.8647,-1,-1,-1
573,156,198,0,207,479,0.9432,-1,-1,-1
573,180,-23,-1,143,473,0.7544,-1,-1,-1
573,182,461,-2,127,470,0.8706,-1,-1,-1
574,156,198,0,210,479,0.9530,-1,-1,-1
574,182,475,-3,134,482,0.9192,-1,-1,-1
575,156,200,0,215,479,0.9295,-1,-1,-1
575,182,482,-3,139,487,0.8943,-1,-1,-1
576,156,205,0,218,479,0.9255,-1,-1,-1
576,182,490,-3,141,486,0.7909,-1,-1,-1
577,156,213,0,220,479,0.9332,-1,-1,-1
577,182,497,-3,141,486,0.8482,-1,-1,-1
578,156,220,0,222,479,0.9358,-1,-1,-1
578,182,507,-1,140,484,0.8298,-1,-1,-1
579,156,228,0,223,479,0.9286,-1,-1,-1
580,156,235,0,224,479,0.9407,-1,-1,-1
580,182,517,50,111,376,0.8090,-1,-1,-1
581,156,251,0,224,479,0.9325,-1,-1,-1
581,185,220,152,39,131,0.7720,-1,-1,-1
581,182,511,65,100,336,0.7060,-1,-1,-1
582,156,259,0,226,480,0.9391,-1,-1,-1
582,185,218,151,40,135,0.8282,-1,-1,-1
582,182,499,71,95,324,0.8353,-1,-1,-1
582,186,565,113,70,262,0.5033,-1,-1,-1
583,156,269,0,228,480,0.9408,-1,-1,-1
583,185,214,157,42,138,0.7615,-1,-1,-1
583,182,496,80,92,321,0.7910,-1,-1,-1
583,186,559,120,71,266,0.5702,-1,-1,-1
584,156,280,0,232,480,0.9319,-1,-1,-1
584,185,211,159,44,143,0.6717,-1,-1,-1
584,182,487,84,93,326,0.4687,-1,-1,-1
584,186,558,122,69,257,0.6253,-1,-1,-1
585,156,289,0,236,479,0.8908,-1,-1,-1
585,185,208,153,45,146,0.7528,-1,-1,-1
585,182,477,104,91,306,0.3985,-1,-1,-1
585,186,545,120,68,253,0.5344,-1,-1,-1
586,156,293,0,239,479,0.9102,-1,-1,-1
586,185,203,147,50,158,0.7965,-1,-1,-1
586,182,476,134,88,278,0.5598,-1,-1,-1
586,186,537,120,68,257,0.7359,-1,-1,-1
587,156,291,0,241,479,0.9196,-1,-1,-1
587,185,194,144,51,162,0.7838,-1,-1,-1
587,182,471,166,76,232,0.3289,-1,-1,-1
587,186,521,118,71,264,0.4630,-1,-1,-1
587,188,-2,1,116,476,0.7598,-1,-1,-1
588,156,284,0,242,479,0.9303,-1,-1,-1
588,185,186,144,53,167,0.8182,-1,-1,-1
588,182,459,180,70,211,0.7175,-1,-1,-1
588,186,514,121,69,257,0.7296,-1,-1,-1
588,188,-6,1,117,478,0.5087,-1,-1,-1
589,156,263,0,243,479,0.8971,-1,-1,-1
589,185,167,145,55,172,0.8033,-1,-1,-1
589,186,491,126,69,250,0.7129,-1,-1,-1
589,188,-6,0,115,476,0.5188,-1,-1,-1
590,156,246,0,244,479,0.8959,-1,-1,-1
590,185,151,143,58,177,0.6911,-1,-1,-1
590,186,475,127,70,246,0.7499,-1,-1,-1
590,188,-9,0,113,472,0.3083,-1,-1,-1
591,156,225,0,245,479,0.8950,-1,-1,-1
591,185,132,140,60,184,0.8039,-1,-1,-1
591,186,459,123,72,245,0.7416,-1,-1,-1
591,188,-7,1,112,471,0.4044,-1,-1,-1
592,156,208,0,246,479,0.9047,-1,-1,-1
592,185,114,142,64,192,0.8265,-1,-1,-1
592,186,426,124,77,256,0.5907,-1,-1,-1
592,188,-8,1,95,403,0.7630,-1,-1,-1
593,156,194,0,247,479,0.9419,-1,-1,-1
593,185,95,134,68,205,0.8539,-1,-1,-1
593,186,396,122,79,255,0.6358,-1,-1,-1
593,188,-8,7,84,360,0.3533,-1,-1,-1
594,156,191,0,247,479,0.9281,-1,-1,-1
594,185,79,127,71,212,0.8540,-1,-1,-1
594,186,395,119,76,245,0.5266,-1,-1,-1
594,188,-10,19,76,330,0.4854,-1,-1,-1
595,156,188,0,246,479,0.9281,-1,-1,-1
595,185,59,119,76,226,0.8386,-1,-1,-1
595,186,389,123,74,243,0.5470,-1,-1,-1
595,188,-9,28,69,310,0.2855,-1,-1,-1
596,156,185,0,244,479,0.9209,-1,-1,-1
596,185,43,113,80,235,0.8399,-1,-1,-1
596,186,369,129,76,250,0.2820,-1,-1,-1
596,188,-11,43,65,302,0.6406,-1,-1,-1
596,190,181,164,34,133,0.5279,-1,-1,-1
597,156,184,0,242,479,0.9205,-1,-1,-1
597,185,28,106,84,245,0.8202,-1,-1,-1
597,186,370,129,74,246,0.5840,-1,-1,-1
597,188,-13,54,61,292,0.5420,-1,-1,-1
597,190,175,157,36,142,0.7644,-1,-1,-1
598,156,186,0,240,479,0.9231,-1,-1,-1
598,185,16,104,86,251,0.7757,-1,-1,-1
598,190,167,154,39,148,0.7391,-1,-1,-1
599,156,189,0,238,479,0.9128,-1,-1,-1
599,185,1,101,89,261,0.8007,-1,-1,-1
599,190,160,152,40,152,0.8618,-1,-1,-1
600,156,194,0,237,478,0.9312,-1,-1,-1
600,185,-9,97,89,271,0.8205,-1,-1,-1
600,190,153,152,43,158,0.8548,-1,-1,-1
601,156,194,1,238,478,0.9333,-1,-1,-1
601,185,-12,120,81,248,0.5019,-1,-1,-1
601,190,148,152,45,164,0.8132,-1,-1,-1
602,156,192,0,239,479,0.9321,-1,-1,-1
602,185,-19,125,81,259,0.4523,-1,-1,-1
602,190,145,150,47,168,0.8183,-1,-1,-1
602,193,592,119,46,237,0.7214,-1,-1,-1
603,156,191,0,239,479,0.8949,-1,-1,-1
603,190,139,150,49,174,0.8154,-1,-1,-1
603,193,589,111,49,251,0.7336,-1,-1,-1
604,156,189,0,238,479,0.8924,-1,-1,-1
604,190,136,148,52,177,0.8670,-1,-1,-1
604,193,585,105,51,256,0.5717,-1,-1,-1
604,195,192,157,53,210,0.6249,-1,-1,-1
605,156,187,0,237,479,0.9163,-1,-1,-1
605,190,133,144,55,182,0.8245,-1,-1,-1
605,193,587,97,51,263,0.5309,-1,-1,-1
605,195,193,165,51,205,0.6803,-1,-1,-1
606,156,187,0,234,479,0.9292,-1,-1,-1
606,190,131,139,57,186,0.8304,-1,-1,-1
606,193,590,95,51,259,0.4070,-1,-1,-1
606,195,194,158,54,214,0.3842,-1,-1,-1
607,156,186,0,231,479,0.9114,-1,-1,-1
607,190,124,133,60,192,0.8614,-1,-1,-1
607,195,199,176,50,196,0.5219,-1,-1,-1
608,156,186,4,228,475,0.8914,-1,-1,-1
608,190,113,131,64,200,0.8567,-1,-1,-1
608,195,196,169,53,208,0.3097,-1,-1,-1
609,156,192,1,228,478,0.8678,-1,-1,-1
609,190,106,126,70,210,0.8747,-1,-1,-1
609,195,196,154,57,223,0.5460,-1,-1,-1
610,156,203,0,227,479,0.8703,-1,-1,-1
610,190,100,123,74,218,0.8622,-1,-1,-1
610,195,197,145,59,236,0.4455,-1,-1,-1
611,156,212,0,226,479,0.8515,-1,-1,-1
611,190,95,123,76,226,0.8510,-1,-1,-1
611,195,197,149,60,235,0.5992,-1,-1,-1
612,156,223,0,224,480,0.8755,-1,-1,-1
612,190,82,117,81,236,0.8211,-1,-1,-1
612,195,197,149,60,235,0.5926,-1,-1,-1
612,200,160,168,38,121,0.7914,-1,-1,-1
613,156,230,0,223,478,0.8964,-1,-1,-1
613,190,67,109,85,244,0.8771,-1,-1,-1
613,195,193,122,66,251,0.8266,-1,-1,-1
613,200,155,163,39,124,0.7497,-1,-1,-1
613,201,1,17,73,310,0.7843,-1,-1,-1
614,156,245,0,224,479,0.9135,-1,-1,-1
614,190,52,100,91,261,0.8577,-1,-1,-1
614,195,188,109,69,260,0.8752,-1,-1,-1
614,200,144,158,41,130,0.8153,-1,-1,-1
614,201,-2,22,73,319,0.3379,-1,-1,-1
615,156,254,0,223,479,0.9072,-1,-1,-1
615,190,44,95,95,276,0.7464,-1,-1,-1
615,195,187,105,71,263,0.8750,-1,-1,-1
615,200,138,157,42,133,0.8347,-1,-1,-1
615,201,-11,18,89,388,0.6214,-1,-1,-1
616,156,268,0,222,479,0.8659,-1,-1,-1
616,190,44,88,86,253,0.6537,-1,-1,-1
616,195,187,104,73,268,0.8584,-1,-1,-1
616,200,132,152,44,139,0.7957,-1,-1,-1
616,201,-15,8,102,447,0.5170,-1,-1,-1
617,156,277,0,222,479,0.8919,-1,-1,-1
617,190,46,79,71,203,0.6860,-1,-1,-1
617,195,187,100,74,271,0.8413,-1,-1,-1
617,200,128,145,46,144,0.8244,-1,-1,-1
617,201,-12,3,106,473,0.5397,-1,-1,-1
617,202,251,104,59,203,0.6335,-1,-1,-1
618,156,280,0,222,479,0.9073,-1,-1,-1
618,190,39,62,63,177,0.2902,-1,-1,-1
618,195,182,97,75,271,0.8476,-1,-1,-1
618,200,118,139,49,150,0.8062,-1,-1,-1
618,201,-11,0,109,489,0.7409,-1,-1,-1
618,202,248,95,72,251,0.6301,-1,-1,-1
619,156,281,1,222,478,0.9088,-1,-1,-1
619,195,174,94,74,271,0.8419,-1,-1,-1
619,200,106,136,50,153,0.8522,-1,-1,-1
619,201,-8,0,109,492,0.8133,-1,-1,-1
619,202,249,92,77,267,0.8010,-1,-1,-1
619,203,238,126,35,168,0.6165,-1,-1,-1
620,156,282,0,222,479,0.8947,-1,-1,-1
620,195,168,93,73,266,0.8157,-1,-1,-1
620,200,97,134,52,157,0.8128,-1,-1,-1
620,201,-5,0,109,491,0.7682,-1,-1,-1
620,202,251,92,77,269,0.8310,-1,-1,-1
620,203,236,127,36,169,0.6580,-1,-1,-1
621,156,286,1,219,479,0.9324,-1,-1,-1
621,195,168,98,73,267,0.8371,-1,-1,-1
621,200,94,137,53,159,0.8187,-1,-1,-1
621,201,-1,2,108,490,0.7576,-1,-1,-1
621,202,253,98,77,271,0.7979,-1,-1,-1
621,203,238,133,37,172,0.7409,-1,-1,-1
622,156,292,1,217,479,0.9071,-1,-1,-1
622,195,171,106,73,267,0.8034,-1,-1,-1
622,200,94,139,54,161,0.8086,-1,-1,-1
622,201,1,1,109,488,0.8305,-1,-1,-1
622,202,257,106,77,273,0.8694,-1,-1,-1
622,203,241,142,37,173,0.7082,-1,-1,-1
623,156,296,0,214,480,0.9187,-1,-1,-1
623,195,171,113,73,268,0.8087,-1,-1,-1
623,200,93,141,50,147,0.7757,-1,-1,-1
623,201,4,12,108,476,0.7585,-1,-1,-1
623,202,257,113,75,271,0.8311,-1,-1,-1
623,203,240,147,38,175,0.6183,-1,-1,-1
624,156,297,0,211,480,0.9353,-1,-1,-1
624,195,165,118,75,269,0.8233,-1,-1,-1
624,200,88,130,51,150,0.3865,-1,-1,-1
624,201,1,4,110,483,0.8387,-1,-1,-1
624,202,257,116,74,269,0.8224,-1,-1,-1
624,203,238,138,38,184,0.3529,-1,-1,-1
625,156,298,0,209,479,0.9182,-1,-1,-1
625,195,167,117,76,271,0.8157,-1,-1,-1
625,201,6,1,111,486,0.7008,-1,-1,-1
625,202,253,115,73,262,0.8108,-1,-1,-1
626,156,303,0,208,479,0.9214,-1,-1,-1
626,195,173,114,76,269,0.8581,-1,-1,-1
626,201,5,1,112,485,0.7151,-1,-1,-1
626,202,256,112,72,258,0.8264,-1,-1,-1
627,156,312,1,207,477,0.9355,-1,-1,-1
627,195,174,107,76,263,0.8268,-1,-1,-1
627,201,0,20,107,465,0.7124,-1,-1,-1
627,202,255,107,72,258,0.8426,-1,-1,-1
628,156,324,1,210,478,0.9310,-1,-1,-1
628,195,178,101,75,262,0.8608,-1,-1,-1
628,201,11,8,113,476,0.7912,-1,-1,-1
628,202,259,103,72,259,0.8603,-1,-1,-1
629,156,340,1,213,478,0.9281,-1,-1,-1
629,195,187,105,76,261,0.8106,-1,-1,-1
629,201,17,3,119,481,0.7750,-1,-1,-1
629,202,263,108,71,261,0.8094,-1,-1,-1
630,156,359,0,219,479,0.9202,-1,-1,-1
630,195,195,110,77,262,0.8051,-1,-1,-1
630,201,23,1,124,481,0.7911,-1,-1,-1
630,202,274,111,72,261,0.7763,-1,-1,-1
630,204,164,133,46,183,0.6778,-1,-1,-1
631,156,374,0,223,479,0.9305,-1,-1,-1
631,195,207,113,76,261,0.8620,-1,-1,-1
631,201,29,1,131,482,0.8989,-1,-1,-1
631,202,284,113,71,255,0.8610,-1,-1,-1
631,204,167,129,49,193,0.7396,-1,-1,-1
632,156,382,0,227,480,0.9353,-1,-1,-1
632,195,215,116,76,262,0.8406,-1,-1,-1
632,201,37,7,135,475,0.8705,-1,-1,-1
632,202,292,114,69,248,0.8441,-1,-1,-1
632,204,169,127,57,225,0.5486,-1,-1,-1
633,156,395,0,229,480,0.9164,-1,-1,-1
633,195,222,115,74,258,0.8418,-1,-1,-1
633,201,43,15,137,467,0.8505,-1,-1,-1
633,202,297,114,69,249,0.8485,-1,-1,-1
633,204,170,127,62,246,0.4068,-1,-1,-1
634,156,405,0,230,480,0.9367,-1,-1,-1
634,195,231,113,72,255,0.8062,-1,-1,-1
634,201,51,5,143,476,0.8648,-1,-1,-1
634,202,305,112,70,250,0.7430,-1,-1,-1
634,204,173,125,57,223,0.3057,-1,-1,-1
634,205,-2,71,57,302,0.7581,-1,-1,-1
635,156,414,0,229,479,0.9362,-1,-1,-1
635,195,238,114,70,250,0.7873,-1,-1,-1
635,201,56,2,150,479,0.8798,-1,-1,-1
635,202,314,114,69,251,0.8233,-1,-1,-1
636,156,417,0,229,479,0.9363,-1,-1,-1
636,195,241,116,67,243,0.7685,-1,-1,-1
636,201,59,0,155,481,0.8555,-1,-1,-1
636,202,316,115,69,247,0.8278,-1,-1,-1
636,206,291,137,38,168,0.5511,-1,-1,-1
637,156,420,0,227,478,0.9509,-1,-1,-1
637,195,242,118,66,242,0.8238,-1,-1,-1
637,201,66,1,158,480,0.8382,-1,-1,-1
637,202,317,115,68,242,0.7795,-1,-1,-1
637,206,291,138,37,165,0.3736,-1,-1,-1
638,156,419,0,227,478,0.9439,-1,-1,-1
638,195,245,117,63,231,0.8484,-1,-1,-1
638,201,72,1,160,479,0.8112,-1,-1,-1
638,202,316,113,68,237,0.7879,-1,-1,-1
639,156,411,0,228,478,0.9238,-1,-1,-1
639,195,246,115,63,232,0.8469,-1,-1,-1
639,201,74,2,162,479,0.8406,-1,-1,-1
639,202,314,112,68,237,0.7771,-1,-1,-1
640,156,409,0,229,478,0.9313,-1,-1,-1
640,195,244,113,64,236,0.8165,-1,-1,-1
640,201,65,3,166,478,0.7253,-1,-1,-1
640,202,308,112,69,238,0.7373,-1,-1,-1
641,156,413,0,229,478,0.9484,-1,-1,-1
641,195,239,115,64,237,0.7699,-1,-1,-1
641,201,55,2,170,477,0.8707,-1,-1,-1
641,202,301,115,69,237,0.7969,-1,-1,-1
642,156,411,0,229,478,0.9405,-1,-1,-1
642,195,237,119,63,236,0.7928,-1,-1,-1
642,201,53,1,174,478,0.8138,-1,-1,-1
642,202,298,118,68,236,0.8195,-1,-1,-1
642,205,21,50,55,270,0.5724,-1,-1,-1
643,156,408,0,229,478,0.9298,-1,-1,-1
643,195,234,121,63,237,0.7503,-1,-1,-1
643,201,41,1,179,479,0.8643,-1,-1,-1
643,202,296,119,68,234,0.8264,-1,-1,-1
643,205,6,33,72,357,0.7322,-1,-1,-1
644,156,405,0,230,479,0.9233,-1,-1,-1
644,195,229,124,63,238,0.8202,-1,-1,-1
644,201,38,4,181,475,0.8951,-1,-1,-1
644,202,295,121,67,230,0.8340,-1,-1,-1
644,209,271,149,37,155,0.6060,-1,-1,-1
644,200,-12,35,76,250,0.7867,-1,-1,-1
645,156,401,0,233,479,0.9260,-1,-1,-1
645,195,224,124,61,232,0.8169,-1,-1,-1
645,201,42,3,181,476,0.8690,-1,-1,-1
645,202,290,121,67,230,0.8322,-1,-1,-1
645,209,266,148,38,158,0.5701,-1,-1,-1
646,156,399,0,234,479,0.9332,-1,-1,-1
646,195,221,125,55,209,0.7429,-1,-1,-1
646,201,49,1,180,478,0.8904,-1,-1,-1
646,202,283,121,67,231,0.7670,-1,-1,-1
646,209,259,146,36,154,0.6156,-1,-1,-1
647,156,396,0,236,479,0.9239,-1,-1,-1
647,195,219,126,52,195,0.7852,-1,-1,-1
647,201,54,0,177,478,0.8853,-1,-1,-1
647,202,280,124,67,232,0.7298,-1,-1,-1
647,209,253,148,37,157,0.6857,-1,-1,-1
648,156,396,0,237,480,0.9313,-1,-1,-1
648,195,218,128,49,188,0.7786,-1,-1,-1
648,201,56,0,174,478,0.8986,-1,-1,-1
648,202,277,127,65,224,0.7276,-1,-1,-1
648,209,251,148,37,158,0.5157,-1,-1,-1
649,156,395,0,239,479,0.9329,-1,-1,-1
649,195,216,135,52,198,0.8424,-1,-1,-1
649,201,56,2,172,477,0.8659,-1,-1,-1
649,202,276,130,64,227,0.7380,-1,-1,-1
649,209,251,152,37,153,0.5263,-1,-1,-1
650,156,395,0,239,479,0.9390,-1,-1,-1
650,195,214,135,54,208,0.7982,-1,-1,-1
650,201,53,3,171,477,0.8354,-1,-1,-1
650,202,273,130,63,225,0.6957,-1,-1,-1
651,156,394,0,241,479,0.9421,-1,-1,-1
651,195,208,130,56,213,0.7867,-1,-1,-1
651,201,43,1,171,479,0.8547,-1,-1,-1
651,202,268,125,62,220,0.8579,-1,-1,-1
652,156,395,0,241,479,0.9386,-1,-1,-1
652,195,205,129,57,219,0.7930,-1,-1,-1
652,201,41,1,171,478,0.8683,-1,-1,-1
652,202,264,125,63,222,0.8475,-1,-1,-1
653,156,395,0,242,480,0.9467,-1,-1,-1
653,195,204,136,57,217,0.7925,-1,-1,-1
653,201,42,5,169,474,0.8744,-1,-1,-1
653,202,262,131,64,224,0.8239,-1,-1,-1
654,156,394,0,242,479,0.9336,-1,-1,-1
654,195,203,135,56,218,0.7555,-1,-1,-1
654,201,38,2,171,477,0.8965,-1,-1,-1
654,202,262,131,64,222,0.8299,-1,-1,-1
655,156,391,0,243,479,0.9296,-1,-1,-1
655,195,203,135,56,218,0.7609,-1,-1,-1
655,201,33,1,174,478,0.8883,-1,-1,-1
655,202,262,131,66,225,0.8489,-1,-1,-1
656,156,389,0,244,479,0.9253,-1,-1,-1
656,195,203,136,56,216,0.7844,-1,-1,-1
656,201,28,1,177,477,0.9196,-1,-1,-1
656,202,264,130,65,222,0.8268,-1,-1,-1
657,156,382,0,246,479,0.9319,-1,-1,-1
657,195,209,130,53,210,0.7610,-1,-1,-1
657,201,28,4,179,474,0.8976,-1,-1,-1
657,202,270,124,64,217,0.8118,-1,-1,-1
658,156,386,0,245,479,0.9291,-1,-1,-1
658,195,215,127,52,209,0.7922,-1,-1,-1
658,201,34,7,179,472,0.8952,-1,-1,-1
658,202,272,120,64,216,0.7696,-1,-1,-1
659,156,381,0,246,479,0.9257,-1,-1,-1
659,195,221,127,50,201,0.7643,-1,-1,-1
659,201,49,9,176,469,0.8928,-1,-1,-1
659,202,278,118,65,218,0.8594,-1,-1,-1
660,156,380,0,247,479,0.9390,-1,-1,-1
660,195,219,133,49,190,0.6263,-1,-1,-1
660,201,58,8,175,471,0.8714,-1,-1,-1
660,202,277,124,65,216,0.8297,-1,-1,-1
661,156,383,0,246,479,0.9349,-1,-1,-1
661,195,218,136,49,191,0.6206,-1,-1,-1
661,201,67,5,172,474,0.8730,-1,-1,-1
661,202,277,128,64,213,0.7902,-1,-1,-1
662,156,387,0,247,480,0.9325,-1,-1,-1
662,195,214,138,55,214,0.5373,-1,-1,-1
662,201,71,3,170,477,0.8831,-1,-1,-1
662,202,275,131,65,212,0.8378,-1,-1,-1
662,205,38,130,50,211,0.7608,-1,-1,-1
663,156,391,0,246,479,0.9177,-1,-1,-1
663,195,215,139,55,214,0.4674,-1,-1,-1
663,201,74,4,167,476,0.8549,-1,-1,-1
663,202,276,132,63,206,0.8442,-1,-1,-1
663,205,42,130,54,213,0.8676,-1,-1,-1
664,156,392,0,246,479,0.9350,-1,-1,-1
664,195,223,137,46,176,0.6285,-1,-1,-1
664,201,77,7,162,473,0.8521,-1,-1,-1
664,202,276,132,63,204,0.8406,-1,-1,-1
664,205,37,128,58,217,0.8854,-1,-1,-1
665,156,396,0,246,479,0.9406,-1,-1,-1
665,195,228,134,44,164,0.7925,-1,-1,-1
665,201,83,12,159,467,0.8694,-1,-1,-1
665,202,278,129,65,206,0.8403,-1,-1,-1
665,205,21,118,65,228,0.8768,-1,-1,-1
666,156,402,0,244,479,0.9446,-1,-1,-1
666,195,231,133,43,158,0.7907,-1,-1,-1
666,201,85,13,157,466,0.8677,-1,-1,-1
666,202,279,127,64,206,0.8522,-1,-1,-1
666,205,13,109,69,237,0.8903,-1,-1,-1
666,212,79,151,38,185,0.5055,-1,-1,-1
667,156,407,0,241,479,0.9265,-1,-1,-1
667,195,233,135,44,157,0.6896,-1,-1,-1
667,201,89,11,155,469,0.8457,-1,-1,-1
667,202,280,127,65,207,0.8762,-1,-1,-1
667,205,5,101,73,246,0.8845,-1,-1,-1
667,212,82,161,36,177,0.5418,-1,-1,-1
668,156,420,0,237,478,0.9348,-1,-1,-1
668,195,236,137,44,161,0.7597,-1,-1,-1
668,201,96,12,152,467,0.8530,-1,-1,-1
668,202,283,130,65,205,0.8835,-1,-1,-1
668,205,0,95,76,258,0.8933,-1,-1,-1
668,212,71,111,48,239,0.7499,-1,-1,-1
669,156,429,0,232,478,0.9389,-1,-1,-1
669,195,236,132,46,165,0.7516,-1,-1,-1
669,201,96,7,150,457,0.8451,-1,-1,-1
669,202,287,127,63,201,0.8402,-1,-1,-1
669,205,-4,90,75,264,0.8832,-1,-1,-1
669,212,64,90,55,267,0.8404,-1,-1,-1
669,213,409,102,67,265,0.8448,-1,-1,-1
670,156,438,1,226,477,0.9203,-1,-1,-1
670,195,236,130,52,181,0.7619,-1,-1,-1
670,201,96,6,152,460,0.8089,-1,-1,-1
670,202,290,125,63,199,0.8577,-1,-1,-1
670,205,-9,86,75,271,0.8471,-1,-1,-1
670,212,60,79,60,289,0.7359,-1,-1,-1
670,213,411,102,68,270,0.8574,-1,-1,-1
671,156,445,1,220,477,0.9197,-1,-1,-1
671,195,239,134,52,187,0.6803,-1,-1,-1
671,201,98,14,153,460,0.7432,-1,-1,-1
671,202,291,129,64,200,0.8550,-1,-1,-1
671,205,-11,107,68,260,0.7570,-1,-1,-1
671,212,49,76,65,309,0.8032,-1,-1,-1
671,213,410,109,69,271,0.8209,-1,-1,-1
672,156,448,0,215,478,0.9273,-1,-1,-1
672,195,242,145,52,188,0.6212,-1,-1,-1
672,201,92,30,151,446,0.8760,-1,-1,-1
672,202,292,138,64,199,0.8433,-1,-1,-1
672,212,38,75,71,330,0.8832,-1,-1,-1
672,213,407,122,71,275,0.8729,-1,-1,-1
673,156,445,0,212,478,0.9112,-1,-1,-1
673,195,248,142,51,187,0.7657,-1,-1,-1
673,201,94,32,152,445,0.8996,-1,-1,-1
673,202,295,135,63,198,0.8187,-1,-1,-1
673,212,24,60,78,349,0.8834,-1,-1,-1
673,213,407,116,72,277,0.8358,-1,-1,-1
674,156,448,1,209,478,0.9096,-1,-1,-1
674,195,248,138,50,184,0.8209,-1,-1,-1
674,201,90,26,156,452,0.8480,-1,-1,-1
674,202,293,131,62,196,0.8331,-1,-1,-1
674,212,15,42,84,369,0.8854,-1,-1,-1
674,213,405,108,73,272,0.8359,-1,-1,-1
675,156,457,0,204,479,0.9326,-1,-1,-1
675,195,243,138,50,185,0.8211,-1,-1,-1
675,201,91,24,154,453,0.8483,-1,-1,-1
675,202,289,134,60,190,0.8568,-1,-1,-1
675,212,3,29,89,391,0.8847,-1,-1,-1
675,213,400,108,72,269,0.8240,-1,-1,-1
676,156,451,0,202,479,0.8791,-1,-1,-1
676,195,240,140,50,187,0.8157,-1,-1,-1
676,201,94,23,152,449,0.8442,-1,-1,-1
676,202,284,137,59,190,0.8283,-1,-1,-1
676,212,-8,20,91,410,0.7823,-1,-1,-1
676,213,394,112,72,268,0.8247,-1,-1,-1
677,156,454,1,199,478,0.9052,-1,-1,-1
677,195,240,141,50,186,0.8322,-1,-1,-1
677,201,94,21,151,447,0.8361,-1,-1,-1
677,202,283,138,60,190,0.8426,-1,-1,-1
677,212,-13,20,90,417,0.6238,-1,-1,-1
677,213,393,115,74,271,0.7406,-1,-1,-1
678,156,456,1,196,478,0.9136,-1,-1,-1
678,195,238,140,50,187,0.7825,-1,-1,-1
678,201,93,17,153,454,0.8015,-1,-1,-1
678,202,281,136,60,192,0.8621,-1,-1,-1
678,213,391,114,76,273,0.7960,-1,-1,-1
679,156,457,0,194,479,0.9134,-1,-1,-1
679,195,236,147,50,190,0.7010,-1,-1,-1
679,201,95,24,151,451,0.7829,-1,-1,-1
679,202,281,139,59,191,0.8337,-1,-1,-1
679,213,387,115,79,278,0.7903,-1,-1,-1
680,156,458,0,192,479,0.9333,-1,-1,-1
680,195,234,149,51,192,0.7326,-1,-1,-1
680,201,97,32,148,444,0.8403,-1,-1,-1
680,202,280,143,60,192,0.8537,-1,-1,-1
680,213,388,118,80,279,0.7729,-1,-1,-1
681,156,459,0,190,479,0.9437,-1,-1,-1
681,195,231,149,50,186,0.7033,-1,-1,-1
681,201,97,37,145,441,0.8655,-1,-1,-1
681,202,278,143,59,190,0.8223,-1,-1,-1
681,213,381,116,82,284,0.8143,-1,-1,-1
681,215,62,137,58,195,0.7393,-1,-1,-1
682,156,462,0,188,479,0.9355,-1,-1,-1
682,195,230,148,49,184,0.7522,-1,-1,-1
682,201,96,35,146,444,0.8671,-1,-1,-1
682,202,276,141,58,189,0.8225,-1,-1,-1
682,213,374,114,81,279,0.7893,-1,-1,-1
682,215,54,129,61,208,0.8364,-1,-1,-1
683,156,467,0,185,479,0.9271,-1,-1,-1
683,195,230,147,48,183,0.7450,-1,-1,-1
683,201,95,34,144,446,0.8799,-1,-1,-1
683,202,273,141,58,188,0.8068,-1,-1,-1
683,213,367,112,82,278,0.7812,-1,-1,-1
683,215,44,126,66,223,0.8042,-1,-1,-1
684,156,473,0,181,478,0.8985,-1,-1,-1
684,195,226,144,48,185,0.6599,-1,-1,-1
684,201,94,28,142,438,0.8575,-1,-1,-1
684,202,273,139,57,188,0.8026,-1,-1,-1
684,213,363,109,83,281,0.8005,-1,-1,-1
684,215,37,116,70,238,0.7953,-1,-1,-1
685,156,478,0,177,477,0.8943,-1,-1,-1
685,195,218,145,52,191,0.6344,-1,-1,-1
685,201,90,24,143,441,0.8166,-1,-1,-1
685,202,272,138,58,189,0.7872,-1,-1,-1
685,213,362,108,85,284,0.7966,-1,-1,-1
685,215,27,107,72,243,0.6052,-1,-1,-1
686,156,483,0,174,478,0.8920,-1,-1,-1
686,195,219,145,52,189,0.5473,-1,-1,-1
686,201,83,23,146,448,0.8379,-1,-1,-1
686,202,270,136,58,189,0.7832,-1,-1,-1
686,213,357,109,87,286,0.7905,-1,-1,-1
686,215,16,95,77,260,0.7722,-1,-1,-1
687,156,484,0,171,478,0.8935,-1,-1,-1
687,201,82,27,147,447,0.8271,-1,-1,-1
687,202,270,134,58,189,0.8067,-1,-1,-1
687,213,360,108,89,288,0.8371,-1,-1,-1
687,215,5,84,83,277,0.8615,-1,-1,-1
688,156,483,1,168,477,0.9024,-1,-1,-1
688,201,77,29,148,448,0.8619,-1,-1,-1
688,202,267,131,57,187,0.8274,-1,-1,-1
688,213,360,104,90,289,0.8387,-1,-1,-1
688,215,-3,72,86,293,0.7914,-1,-1,-1
688,195,222,140,48,179,0.5668,-1,-1,-1
689,156,477,0,168,478,0.9097,-1,-1,-1
689,201,81,30,148,449,0.8513,-1,-1,-1
689,202,265,132,56,185,0.8645,-1,-1,-1
689,213,361,104,89,284,0.8487,-1,-1,-1
689,215,-8,67,85,291,0.7220,-1,-1,-1
689,216,306,153,39,136,0.7013,-1,-1,-1
689,195,222,140,47,180,0.7061,-1,-1,-1
690,156,465,1,170,478,0.8916,-1,-1,-1
690,201,82,30,148,449,0.8590,-1,-1,-1
690,202,263,132,57,187,0.8116,-1,-1,-1
690,213,358,103,89,280,0.8183,-1,-1,-1
690,215,-13,67,87,307,0.6884,-1,-1,-1
690,216,309,152,41,139,0.7409,-1,-1,-1
690,195,221,139,47,181,0.7194,-1,-1,-1
691,156,461,1,172,478,0.8592,-1,-1,-1
691,201,91,27,146,447,0.8590,-1,-1,-1
691,202,261,136,58,187,0.7852,-1,-1,-1
691,213,354,102,90,282,0.7933,-1,-1,-1
691,215,-8,78,67,235,0.6882,-1,-1,-1
691,216,311,153,41,141,0.8034,-1,-1,-1
691,195,224,141,40,154,0.4467,-1,-1,-1
692,156,475,1,169,478,0.8453,-1,-1,-1
692,201,100,28,142,440,0.8654,-1,-1,-1
692,202,260,139,57,186,0.8246,-1,-1,-1
692,213,352,102,91,286,0.7845,-1,-1,-1
692,215,-8,85,57,209,0.4017,-1,-1,-1
692,216,312,151,43,144,0.7752,-1,-1,-1
692,195,226,145,36,140,0.4893,-1,-1,-1
692,217,53,132,57,183,0.8103,-1,-1,-1
693,156,484,0,167,480,0.8685,-1,-1,-1
693,201,104,22,141,445,0.8413,-1,-1,-1
693,202,261,135,57,186,0.8676,-1,-1,-1
693,213,356,101,93,288,0.7725,-1,-1,-1
693,216,316,145,44,149,0.5014,-1,-1,-1
693,195,230,142,32,123,0.4582,-1,-1,-1
693,217,46,129,59,189,0.7854,-1,-1,-1
694,156,458,0,171,480,0.7313,-1,-1,-1
694,201,108,19,142,452,0.8035,-1,-1,-1
694,202,262,129,57,185,0.8675,-1,-1,-1
694,213,352,98,95,290,0.7119,-1,-1,-1
694,216,323,138,37,123,0.4261,-1,-1,-1
694,217,32,124,63,198,0.8239,-1,-1,-1
695,156,449,0,175,480,0.9181,-1,-1,-1
695,201,113,21,142,455,0.8705,-1,-1,-1
695,202,263,127,56,181,0.8533,-1,-1,-1
695,213,349,95,96,291,0.7481,-1,-1,-1
695,216,326,134,34,108,0.3491,-1,-1,-1
695,217,19,119,67,210,0.8809,-1,-1,-1
695,218,96,141,37,149,0.7436,-1,-1,-1
696,156,464,0,173,479,0.8988,-1,-1,-1
696,201,118,30,140,448,0.8770,-1,-1,-1
696,202,264,130,57,181,0.8194,-1,-1,-1
696,213,344,97,95,289,0.8553,-1,-1,-1
696,217,10,115,71,222,0.8307,-1,-1,-1
696,218,95,143,38,152,0.7681,-1,-1,-1
697,156,467,0,173,479,0.9285,-1,-1,-1
697,201,123,36,139,443,0.8809,-1,-1,-1
697,202,267,132,56,180,0.8389,-1,-1,-1
697,213,343,96,92,285,0.8548,-1,-1,-1
697,217,6,114,73,228,0.8278,-1,-1,-1
697,218,93,143,40,158,0.8115,-1,-1,-1
698,156,466,0,172,479,0.9015,-1,-1,-1
698,201,131,31,136,440,0.8723,-1,-1,-1
698,202,266,132,57,180,0.8444,-1,-1,-1
698,213,337,93,93,285,0.8585,-1,-1,-1
698,217,0,107,76,238,0.8443,-1,-1,-1
698,218,87,139,41,163,0.7066,-1,-1,-1
699,156,463,0,174,478,0.9245,-1,-1,-1
699,201,139,32,132,426,0.8502,-1,-1,-1
699,202,266,138,57,179,0.8380,-1,-1,-1
699,213,331,96,94,286,0.7901,-1,-1,-1
699,217,-3,106,78,245,0.7697,-1,-1,-1
699,218,83,141,41,162,0.5593,-1,-1,-1
699,219,104,169,52,181,0.7530,-1,-1,-1
700,156,462,0,174,478,0.9374,-1,-1,-1
700,201,141,41,130,416,0.8528,-1,-1,-1
700,202,270,144,54,174,0.7787,-1,-1,-1
700,213,330,104,95,289,0.8035,-1,-1,-1
700,217,-12,106,79,261,0.5491,-1,-1,-1
700,219,93,160,59,206,0.5435,-1,-1,-1
701,156,461,0,175,478,0.9320,-1,-1,-1
701,201,137,37,134,421,0.8573,-1,-1,-1
701,202,270,140,50,159,0.5941,-1,-1,-1
701,213,325,102,95,291,0.8345,-1,-1,-1
701,217,-12,123,71,236,0.5787,-1,-1,-1
701,219,78,158,61,213,0.7380,-1,-1,-1
701,220,28,152,48,153,0.7091,-1,-1,-1
702,156,458,0,176,478,0.9438,-1,-1,-1
702,201,132,39,140,428,0.8158,-1,-1,-1
702,202,268,138,48,155,0.6227,-1,-1,-1
702,213,321,101,97,292,0.8100,-1,-1,-1
702,219,64,156,64,224,0.7851,-1,-1,-1
702,220,17,147,50,158,0.7770,-1,-1,-1
702,221,109,126,59,214,0.5008,-1,-1,-1
703,156,453,0,178,478,0.9384,-1,-1,-1
703,201,129,45,143,430,0.8366,-1,-1,-1
703,202,268,139,46,146,0.5184,-1,-1,-1
703,213,316,101,96,293,0.8171,-1,-1,-1
703,219,51,155,68,237,0.8335,-1,-1,-1
703,220,9,147,50,157,0.7269,-1,-1,-1
703,221,107,123,60,220,0.5449,-1,-1,-1
704,156,452,0,179,478,0.9118,-1,-1,-1
704,201,127,50,143,426,0.8605,-1,-1,-1
704,202,265,142,47,147,0.6010,-1,-1,-1
704,213,313,101,93,288,0.8247,-1,-1,-1
704,219,34,154,73,252,0.7688,-1,-1,-1
704,220,1,148,53,166,0.7421,-1,-1,-1
704,221,98,121,62,228,0.6954,-1,-1,-1
705,156,445,0,182,478,0.9400,-1,-1,-1
705,201,128,48,142,427,0.8938,-1,-1,-1
705,202,260,142,51,163,0.5610,-1,-1,-1
705,213,309,98,92,283,0.8362,-1,-1,-1
705,219,14,149,79,272,0.8474,-1,-1,-1
705,221,86,115,65,237,0.7755,-1,-1,-1
705,223,381,107,66,228,0.6175,-1,-1,-1
706,156,437,0,186,478,0.9457,-1,-1,-1
706,201,132,43,142,427,0.8569,-1,-1,-1
706,202,260,141,42,134,0.5257,-1,-1,-1
706,213,301,96,92,284,0.8621,-1,-1,-1
706,219,0,142,83,289,0.8704,-1,-1,-1
706,221,70,108,68,248,0.8415,-1,-1,-1
706,223,375,102,67,232,0.5860,-1,-1,-1
707,156,425,0,191,478,0.9222,-1,-1,-1
707,201,134,41,137,415,0.8597,-1,-1,-1
707,202,258,142,38,119,0.6028,-1,-1,-1
707,213,296,96,93,288,0.9130,-1,-1,-1
707,219,-11,138,85,302,0.8860,-1,-1,-1
707,221,53,102,73,264,0.8135,-1,-1,-1
707,223,368,100,70,243,0.5506,-1,-1,-1
708,156,404,1,201,478,0.9257,-1,-1,-1
708,201,132,36,136,414,0.8429,-1,-1,-1
708,202,255,141,37,114,0.5552,-1,-1,-1
708,213,287,97,93,291,0.8359,-1,-1,-1
708,219,-18,130,87,315,0.7247,-1,-1,-1
708,221,40,98,76,269,0.8230,-1,-1,-1
709,156,394,0,207,479,0.9255,-1,-1,-1
709,201,127,34,137,419,0.8455,-1,-1,-1
709,202,251,139,40,119,0.6251,-1,-1,-1
709,213,280,97,95,297,0.8047,-1,-1,-1
709,221,16,90,85,295,0.7565,-1,-1,-1
710,156,370,0,214,479,0.8990,-1,-1,-1
710,201,125,34,137,427,0.8286,-1,-1,-1
710,202,249,138,40,118,0.6175,-1,-1,-1
710,213,277,96,95,298,0.7649,-1,-1,-1
710,221,0,79,100,352,0.8757,-1,-1,-1
711,156,347,0,221,479,0.8956,-1,-1,-1
711,201,119,34,139,434,0.8142,-1,-1,-1
711,202,246,138,40,118,0.6488,-1,-1,-1
711,213,273,90,96,303,0.6174,-1,-1,-1
711,221,-7,62,100,355,0.8366,-1,-1,-1
712,156,332,0,228,480,0.9226,-1,-1,-1
712,201,117,37,139,436,0.8570,-1,-1,-1
712,202,244,140,39,113,0.6509,-1,-1,-1
712,213,270,95,92,291,0.7672,-1,-1,-1
712,221,-17,46,102,369,0.8002,-1,-1,-1
712,218,36,131,52,200,0.5772,-1,-1,-1
713,156,341,0,231,480,0.9363,-1,-1,-1
713,201,116,35,138,435,0.8865,-1,-1,-1
713,202,243,140,38,109,0.6663,-1,-1,-1
713,213,266,90,93,291,0.8087,-1,-1,-1
713,221,-25,34,106,402,0.7220,-1,-1,-1
713,218,30,109,57,221,0.5784,-1,-1,-1
714,156,352,0,237,480,0.9325,-1,-1,-1
714,201,114,34,136,426,0.8806,-1,-1,-1
714,202,245,141,36,104,0.6868,-1,-1,-1
714,213,267,87,95,296,0.8365,-1,-1,-1
714,221,-13,62,82,312,0.6811,-1,-1,-1
714,218,29,97,61,234,0.7084,-1,-1,-1
715,156,356,0,244,480,0.9386,-1,-1,-1
715,201,114,32,133,408,0.9101,-1,-1,-1
715,202,248,138,36,103,0.6012,-1,-1,-1
715,213,269,97,94,289,0.7998,-1,-1,-1
715,221,-6,75,71,272,0.7184,-1,-1,-1
715,218,31,88,63,238,0.7851,-1,-1,-1
716,156,359,0,249,480,0.9165,-1,-1,-1
716,201,112,32,135,408,0.9006,-1,-1,-1
716,202,253,140,35,100,0.6282,-1,-1,-1
716,213,271,92,97,299,0.8620,-1,-1,-1
716,221,-9,41,78,301,0.5305,-1,-1,-1
716,218,30,84,67,247,0.8388,-1,-1,-1
717,156,363,0,253,480,0.9157,-1,-1,-1
717,201,111,35,138,409,0.8816,-1,-1,-1
717,202,258,142,35,100,0.6260,-1,-1,-1
717,213,276,92,98,304,0.8706,-1,-1,-1
717,218,22,79,73,262,0.8998,-1,-1,-1
718,156,371,0,255,479,0.9420,-1,-1,-1
718,201,111,44,142,411,0.8658,-1,-1,-1
718,202,263,146,37,104,0.7172,-1,-1,-1
718,213,282,93,99,305,0.8562,-1,-1,-1
718,218,13,77,81,281,0.8557,-1,-1,-1
719,156,378,0,255,479,0.9364,-1,-1,-1
719,201,112,51,144,409,0.8720,-1,-1,-1
719,202,268,148,39,108,0.6528,-1,-1,-1
719,213,289,95,97,303,0.8608,-1,-1,-1
719,218,10,75,87,293,0.8986,-1,-1,-1
720,156,382,0,256,479,0.9433,-1,-1,-1
720,201,110,52,146,410,0.8916,-1,-1,-1
720,202,273,149,39,113,0.6200,-1,-1,-1
720,213,297,96,95,296,0.8828,-1,-1,-1
720,218,7,72,94,309,0.8947,-1,-1,-1
721,156,385,0,255,479,0.9347,-1,-1,-1
721,201,112,51,141,396,0.8843,-1,-1,-1
721,202,280,148,37,107,0.6593,-1,-1,-1
721,213,299,94,96,297,0.8400,-1,-1,-1
721,218,2,60,102,333,0.9069,-1,-1,-1
722,156,389,0,254,479,0.9395,-1,-1,-1
722,201,118,50,137,385,0.9067,-1,-1,-1
722,202,285,148,36,102,0.6077,-1,-1,-1
722,213,304,94,97,302,0.8522,-1,-1,-1
722,218,0,52,106,347,0.9164,-1,-1,-1
723,156,392,0,252,479,0.9458,-1,-1,-1
723,201,127,51,136,385,0.8748,-1,-1,-1
723,202,291,151,35,101,0.6062,-1,-1,-1
723,213,306,98,99,304,0.8047,-1,-1,-1
723,218,-2,43,110,364,0.8984,-1,-1,-1
723,226,252,156,44,154,0.6505,-1,-1,-1
724,156,390,0,252,479,0.9383,-1,-1,-1
724,201,135,53,134,387,0.8710,-1,-1,-1
724,202,295,153,35,101,0.5664,-1,-1,-1
724,213,310,100,99,306,0.8319,-1,-1,-1
724,218,-3,37,112,374,0.9218,-1,-1,-1
724,226,255,159,43,152,0.7204,-1,-1,-1
725,156,392,0,251,479,0.9410,-1,-1,-1
725,201,140,55,133,391,0.8565,-1,-1,-1
725,202,299,152,34,100,0.4836,-1,-1,-1
725,213,313,99,99,306,0.7884,-1,-1,-1
725,218,-8,25,115,390,0.9003,-1,-1,-1
725,226,259,158,43,151,0.7586,-1,-1,-1
725,227,93,188,22,69,0.5988,-1,-1,-1
726,156,399,0,249,478,0.9502,-1,-1,-1
726,201,145,60,131,393,0.8705,-1,-1,-1
726,202,303,152,34,98,0.4316,-1,-1,-1
726,213,316,98,98,305,0.8377,-1,-1,-1
726,218,-14,9,119,414,0.9093,-1,-1,-1
726,226,263,157,43,152,0.7902,-1,-1,-1
726,227,93,189,22,69,0.6581,-1,-1,-1
727,156,398,0,248,478,0.9417,-1,-1,-1
727,201,149,62,128,391,0.8625,-1,-1,-1
727,202,304,151,34,97,0.3941,-1,-1,-1
727,213,317,94,96,303,0.8548,-1,-1,-1
727,218,-18,1,118,428,0.8673,-1,-1,-1
727,226,265,154,43,151,0.8403,-1,-1,-1
727,227,93,187,22,70,0.6589,-1,-1,-1
728,156,394,0,248,479,0.9320,-1,-1,-1
728,201,150,61,126,390,0.8564,-1,-1,-1
728,202,306,148,32,95,0.4037,-1,-1,-1
728,213,318,92,94,296,0.7872,-1,-1,-1
728,218,-24,-1,114,435,0.8182,-1,-1,-1
728,226,265,152,43,153,0.8336,-1,-1,-1
728,227,90,186,22,71,0.6884,-1,-1,-1
729,156,389,0,249,479,0.9276,-1,-1,-1
729,201,152,59,122,380,0.8815,-1,-1,-1
729,202,305,148,30,88,0.5367,-1,-1,-1
729,213,313,90,96,299,0.8649,-1,-1,-1
729,226,265,152,43,153,0.8200,-1,-1,-1
729,227,86,185,23,71,0.6273,-1,-1,-1
730,156,384,0,250,479,0.9138,-1,-1,-1
730,201,155,62,117,368,0.8804,-1,-1,-1
730,202,306,153,28,84,0.4833,-1,-1,-1
730,213,313,94,96,303,0.7996,-1,-1,-1
730,226,266,158,42,149,0.7689,-1,-1,-1
730,227,84,188,24,74,0.7038,-1,-1,-1
730,230,118,197,19,51,0.4971,-1,-1,-1
731,156,380,0,252,479,0.9332,-1,-1,-1
731,201,156,66,116,369,0.8815,-1,-1,-1
731,202,308,159,29,83,0.3746,-1,-1,-1
731,213,313,96,97,310,0.7919,-1,-1,-1
731,226,266,163,42,147,0.6967,-1,-1,-1
731,227,83,191,24,76,0.7408,-1,-1,-1
731,230,120,203,18,49,0.5081,-1,-1,-1
732,156,379,0,253,479,0.9370,-1,-1,-1
732,201,154,73,117,369,0.8596,-1,-1,-1
732,202,310,162,29,83,0.3728,-1,-1,-1
732,213,314,103,98,311,0.7989,-1,-1,-1
732,226,266,165,43,153,0.6766,-1,-1,-1
732,227,78,193,26,78,0.6856,-1,-1,-1
732,230,119,205,19,50,0.4681,-1,-1,-1
733,156,381,0,254,479,0.9414,-1,-1,-1
733,201,149,81,119,375,0.8672,-1,-1,-1
733,202,310,164,30,86,0.4454,-1,-1,-1
733,213,314,108,97,309,0.7998,-1,-1,-1
733,226,266,166,42,147,0.7035,-1,-1,-1
733,227,70,194,27,80,0.6840,-1,-1,-1
734,156,385,0,254,480,0.9375,-1,-1,-1
734,201,144,89,119,374,0.8859,-1,-1,-1
734,202,313,166,30,86,0.4218,-1,-1,-1
734,213,314,112,97,306,0.8401,-1,-1,-1
734,226,267,169,39,139,0.7685,-1,-1,-1
734,227,66,197,27,81,0.7813,-1,-1,-1
735,156,389,0,253,480,0.9227,-1,-1,-1
735,201,139,86,119,373,0.8455,-1,-1,-1
735,213,316,109,94,299,0.7988,-1,-1,-1
735,226,266,167,40,140,0.7828,-1,-1,-1
735,227,61,196,28,82,0.6965,-1,-1,-1
736,156,392,0,252,479,0.9177,-1,-1,-1
736,201,139,82,118,364,0.6151,-1,-1,-1
736,213,316,104,94,298,0.7849,-1,-1,-1
736,226,265,166,40,140,0.7159,-1,-1,-1
736,227,56,194,28,81,0.7288,-1,-1,-1
737,156,394,0,250,479,0.9280,-1,-1,-1
737,201,144,78,115,351,0.8366,-1,-1,-1
737,213,314,104,94,299,0.8600,-1,-1,-1
737,226,263,166,41,141,0.7487,-1,-1,-1
737,227,49,190,30,84,0.7067,-1,-1,-1
737,232,113,135,50,187,0.7964,-1,-1,-1
738,156,394,0,250,479,0.9249,-1,-1,-1
738,201,143,76,113,349,0.7978,-1,-1,-1
738,213,312,106,93,300,0.8432,-1,-1,-1
738,226,261,165,42,143,0.7801,-1,-1,-1
738,227,43,186,31,87,0.7729,-1,-1,-1
738,232,108,134,51,191,0.8082,-1,-1,-1
739,156,395,1,248,478,0.9321,-1,-1,-1
739,201,139,78,113,350,0.8076,-1,-1,-1
739,213,308,109,95,301,0.8092,-1,-1,-1
739,226,259,164,42,143,0.7945,-1,-1,-1
739,227,38,185,31,88,0.7720,-1,-1,-1
739,232,100,132,53,198,0.8240,-1,-1,-1
740,156,395,0,247,479,0.9378,-1,-1,-1
740,201,139,82,113,355,0.8323,-1,-1,-1
740,213,308,111,94,301,0.7859,-1,-1,-1
740,226,260,163,43,144,0.8156,-1,-1,-1
740,227,33,183,32,90,0.7810,-1,-1,-1
740,232,89,129,58,211,0.8152,-1,-1,-1
741,156,392,0,248,479,0.9265,-1,-1,-1
741,201,140,84,111,356,0.8421,-1,-1,-1
741,213,308,108,94,302,0.7918,-1,-1,-1
741,226,260,161,44,144,0.7701,-1,-1,-1
741,227,28,180,32,92,0.6872,-1,-1,-1
741,232,84,123,60,218,0.8460,-1,-1,-1
741,234,1,195,15,81,0.5570,-1,-1,-1
742,156,391,0,248,479,0.9305,-1,-1,-1
742,201,140,87,110,351,0.8784,-1,-1,-1
742,213,306,104,93,297,0.7687,-1,-1,-1
742,226,261,161,44,143,0.7832,-1,-1,-1
742,227,22,179,33,93,0.7324,-1,-1,-1
742,232,77,117,64,227,0.8308,-1,-1,-1
742,234,1,184,14,77,0.6015,-1,-1,-1
743,156,395,0,247,479,0.9312,-1,-1,-1
743,201,138,86,109,349,0.8650,-1,-1,-1
743,213,304,103,91,289,0.7948,-1,-1,-1
743,226,263,161,44,143,0.8095,-1,-1,-1
743,227,15,176,34,95,0.7118,-1,-1,-1
743,232,67,108,68,236,0.8897,-1,-1,-1
743,234,1,178,13,76,0.6418,-1,-1,-1
744,156,390,0,246,479,0.8982,-1,-1,-1
744,201,138,84,106,335,0.8302,-1,-1,-1
744,213,302,102,92,293,0.7613,-1,-1,-1
744,226,263,161,44,142,0.7070,-1,-1,-1
744,227,11,174,34,94,0.5558,-1,-1,-1
744,232,54,99,73,250,0.8616,-1,-1,-1
745,156,390,0,245,479,0.9050,-1,-1,-1
745,201,146,81,102,325,0.8707,-1,-1,-1
745,213,305,100,93,297,0.7610,-1,-1,-1
745,226,264,160,44,140,0.7049,-1,-1,-1
745,227,5,171,34,96,0.4549,-1,-1,-1
745,232,37,93,79,263,0.8822,-1,-1,-1
745,236,124,129,45,178,0.7006,-1,-1,-1
746,156,390,0,245,479,0.9160,-1,-1,-1
746,201,154,83,101,324,0.8572,-1,-1,-1
746,213,307,105,94,299,0.8204,-1,-1,-1
746,226,269,160,44,137,0.3826,-1,-1,-1
746,232,20,90,87,283,0.8893,-1,-1,-1
746,236,121,129,47,186,0.7631,-1,-1,-1
746,237,247,152,29,128,0.5636,-1,-1,-1
747,156,390,0,246,479,0.9111,-1,-1,-1
747,201,159,84,101,325,0.8666,-1,-1,-1
747,213,309,106,95,300,0.7958,-1,-1,-1
747,226,273,159,44,137,0.3784,-1,-1,-1
747,232,9,84,93,299,0.8854,-1,-1,-1
747,236,120,127,48,192,0.8073,-1,-1,-1
747,237,250,153,27,114,0.3811,-1,-1,-1
748,156,390,0,246,479,0.9306,-1,-1,-1
748,201,162,87,103,331,0.8590,-1,-1,-1
748,213,310,107,95,301,0.8535,-1,-1,-1
748,226,278,160,44,138,0.6006,-1,-1,-1
748,232,-1,77,96,314,0.8914,-1,-1,-1
748,236,118,124,51,199,0.7971,-1,-1,-1
748,237,253,152,26,111,0.4567,-1,-1,-1
749,156,392,0,246,478,0.9353,-1,-1,-1
749,201,165,93,104,332,0.8823,-1,-1,-1
749,213,315,107,96,300,0.7913,-1,-1,-1
749,226,280,164,45,138,0.5674,-1,-1,-1
749,232,-9,66,100,331,0.8984,-1,-1,-1
749,236,114,122,54,208,0.8558,-1,-1,-1
749,237,256,154,27,116,0.4045,-1,-1,-1
750,156,396,0,245,478,0.9375,-1,-1,-1
750,201,170,94,103,329,0.8651,-1,-1,-1
750,213,321,106,93,292,0.8585,-1,-1,-1
750,226,284,164,46,140,0.7490,-1,-1,-1
750,232,-16,51,106,359,0.8625,-1,-1,-1
750,236,112,116,56,214,0.8570,-1,-1,-1
750,237,261,152,29,121,0.5688,-1,-1,-1
751,156,403,0,243,478,0.9403,-1,-1,-1
751,201,176,91,101,324,0.8265,-1,-1,-1
751,213,326,102,93,290,0.8224,-1,-1,-1
751,226,289,161,45,137,0.6553,-1,-1,-1
751,232,-18,36,106,369,0.8529,-1,-1,-1
751,236,113,108,59,220,0.8624,-1,-1,-1
751,237,266,149,33,133,0.7422,-1,-1,-1
752,156,407,0,241,478,0.9024,-1,-1,-1
752,201,184,87,97,312,0.8975,-1,-1,-1
752,213,331,100,94,295,0.8057,-1,-1,-1
752,226,298,161,42,122,0.5694,-1,-1,-1
752,232,-20,19,109,386,0.5948,-1,-1,-1
752,236,108,101,63,231,0.8925,-1,-1,-1
752,237,272,149,34,135,0.7513,-1,-1,-1
753,156,406,0,240,479,0.9060,-1,-1,-1
753,201,188,84,98,309,0.8997,-1,-1,-1
753,213,336,102,95,295,0.8458,-1,-1,-1
753,226,305,159,41,119,0.4646,-1,-1,-1
753,232,-14,49,96,352,0.4954,-1,-1,-1
753,236,103,95,69,244,0.8894,-1,-1,-1
753,237,277,150,34,134,0.8080,-1,-1,-1
754,156,406,0,239,479,0.9021,-1,-1,-1
754,201,193,83,99,312,0.8868,-1,-1,-1
754,213,341,103,95,300,0.8425,-1,-1,-1
754,226,316,160,39,109,0.4790,-1,-1,-1
754,236,94,90,75,259,0.8857,-1,-1,-1
754,237,283,149,34,135,0.6856,-1,-1,-1
755,156,413,1,236,478,0.9148,-1,-1,-1
755,201,198,84,98,314,0.8831,-1,-1,-1
755,213,344,101,96,302,0.8513,-1,-1,-1
755,226,326,161,34,99,0.5570,-1,-1,-1
755,236,86,85,80,271,0.8782,-1,-1,-1
755,237,288,148,35,136,0.6440,-1,-1,-1
755,238,33,166,38,88,0.6782,-1,-1,-1
756,156,430,1,230,478,0.9013,-1,-1,-1
756,201,204,88,99,316,0.8483,-1,-1,-1
756,213,347,98,97,305,0.8212,-1,-1,-1
756,226,330,161,35,101,0.3697,-1,-1,-1
756,236,78,79,88,291,0.8667,-1,-1,-1
756,237,294,150,34,129,0.7867,-1,-1,-1
756,238,38,168,38,89,0.4920,-1,-1,-1
756,240,-2,156,33,122,0.6971,-1,-1,-1
757,156,445,1,223,478,0.9042,-1,-1,-1
757,201,210,90,97,315,0.8384,-1,-1,-1
757,213,352,96,95,299,0.8344,-1,-1,-1
757,226,337,159,32,90,0.2650,-1,-1,-1
757,236,67,69,95,309,0.8854,-1,-1,-1
757,237,297,149,34,126,0.7531,-1,-1,-1
757,240,-4,153,32,122,0.6628,-1,-1,-1
758,156,449,1,218,478,0.8360,-1,-1,-1
758,201,213,88,97,315,0.8614,-1,-1,-1
758,213,352,94,95,297,0.8475,-1,-1,-1
758,226,341,158,29,83,0.2512,-1,-1,-1
758,236,55,55,102,328,0.8883,-1,-1,-1
758,240,-5,153,27,106,0.6121,-1,-1,-1
759,156,452,1,212,478,0.6868,-1,-1,-1
759,201,211,87,96,305,0.8661,-1,-1,-1
759,213,352,94,96,299,0.8491,-1,-1,-1
759,236,37,42,110,347,0.8923,-1,-1,-1
760,156,466,2,204,476,0.8341,-1,-1,-1
760,201,208,83,95,298,0.8933,-1,-1,-1
760,213,349,93,98,302,0.8387,-1,-1,-1
760,236,18,29,117,366,0.9295,-1,-1,-1
761,156,473,1,198,478,0.9162,-1,-1,-1
761,201,202,81,99,297,0.8788,-1,-1,-1
761,213,350,94,100,306,0.8361,-1,-1,-1
761,236,1,12,124,388,0.9182,-1,-1,-1
761,243,128,179,28,69,0.6824,-1,-1,-1
761,237,310,156,32,118,0.5596,-1,-1,-1
762,156,472,1,193,477,0.9079,-1,-1,-1
762,201,198,79,103,301,0.8954,-1,-1,-1
762,213,354,95,99,306,0.8535,-1,-1,-1
762,236,-9,2,125,401,0.8993,-1,-1,-1
762,243,128,175,28,70,0.5849,-1,-1,-1
762,244,176,155,43,122,0.6937,-1,-1,-1
762,237,309,151,33,121,0.5899,-1,-1,-1
763,156,463,0,192,478,0.9292,-1,-1,-1
763,201,196,76,107,305,0.8788,-1,-1,-1
763,213,353,88,100,306,0.8718,-1,-1,-1
763,236,-16,8,119,396,0.8871,-1,-1,-1
763,243,123,166,29,73,0.6893,-1,-1,-1
763,244,167,146,43,124,0.7365,-1,-1,-1
763,237,310,146,29,109,0.3629,-1,-1,-1
763,246,81,160,39,86,0.8172,-1,-1,-1
763,238,50,150,40,96,0.5722,-1,-1,-1
764,156,458,0,190,477,0.7272,-1,-1,-1
764,201,204,79,109,308,0.8940,-1,-1,-1
764,213,355,88,98,303,0.8896,-1,-1,-1
764,236,-26,17,114,396,0.5308,-1,-1,-1
764,243,121,166,29,74,0.6627,-1,-1,-1
764,244,160,147,43,125,0.8270,-1,-1,-1
764,237,311,141,33,123,0.5956,-1,-1,-1
764,246,82,160,41,89,0.7847,-1,-1,-1
764,238,54,153,41,96,0.6947,-1,-1,-1
765,156,457,0,188,476,0.8516,-1,-1,-1
765,201,211,84,108,306,0.8812,-1,-1,-1
765,213,359,90,96,298,0.8845,-1,-1,-1
765,243,121,170,29,74,0.5731,-1,-1,-1
765,244,151,152,44,125,0.8832,-1,-1,-1
765,237,311,143,34,122,0.6488,-1,-1,-1
765,246,88,166,40,87,0.6022,-1,-1,-1
765,238,58,157,41,97,0.7568,-1,-1,-1
765,247,198,155,32,116,0.5982,-1,-1,-1
766,156,458,0,187,478,0.8024,-1,-1,-1
766,201,217,85,107,304,0.8865,-1,-1,-1
766,213,361,90,97,296,0.8616,-1,-1,-1
766,243,119,171,30,77,0.5918,-1,-1,-1
766,244,144,156,44,125,0.8857,-1,-1,-1
766,237,312,146,34,122,0.6467,-1,-1,-1
766,246,90,168,40,88,0.6845,-1,-1,-1
766,238,59,160,42,98,0.7877,-1,-1,-1
766,247,197,156,33,118,0.8035,-1,-1,-1
767,156,456,0,187,479,0.8648,-1,-1,-1
767,201,222,80,103,298,0.8907,-1,-1,-1
767,213,360,90,98,299,0.8765,-1,-1,-1
767,244,134,154,46,127,0.9100,-1,-1,-1
767,246,85,165,41,91,0.5162,-1,-1,-1
767,238,55,159,42,99,0.7549,-1,-1,-1
767,247,193,152,35,124,0.8482,-1,-1,-1
768,156,456,0,187,479,0.8366,-1,-1,-1
768,201,222,79,101,295,0.8795,-1,-1,-1
768,213,356,93,101,302,0.8340,-1,-1,-1
768,244,125,155,47,129,0.8505,-1,-1,-1
768,246,84,165,40,91,0.5760,-1,-1,-1
768,238,52,159,42,101,0.7873,-1,-1,-1
768,247,189,153,36,128,0.8604,-1,-1,-1
769,156,458,0,186,479,0.8703,-1,-1,-1
769,201,222,81,101,296,0.8580,-1,-1,-1
769,213,351,96,102,305,0.8223,-1,-1,-1
769,244,116,156,47,128,0.8142,-1,-1,-1
769,246,81,165,41,93,0.5452,-1,-1,-1
769,238,51,160,41,101,0.7738,-1,-1,-1
769,247,186,154,38,131,0.8658,-1,-1,-1
770,156,465,1,183,477,0.8578,-1,-1,-1
770,201,223,82,100,297,0.8741,-1,-1,-1
770,213,352,95,101,305,0.8190,-1,-1,-1
770,244,110,153,48,130,0.7314,-1,-1,-1
770,246,79,165,40,93,0.4623,-1,-1,-1
770,238,50,157,42,104,0.7124,-1,-1,-1
770,247,184,153,39,133,0.8565,-1,-1,-1
771,156,478,0,178,477,0.8855,-1,-1,-1
771,201,222,85,99,300,0.8784,-1,-1,-1
771,213,346,94,100,305,0.7967,-1,-1,-1
771,244,97,153,48,132,0.6567,-1,-1,-1
771,238,49,157,42,106,0.6823,-1,-1,-1
771,247,175,150,40,138,0.8608,-1,-1,-1
772,156,479,3,173,470,0.7756,-1,-1,-1
772,201,219,88,98,298,0.8748,-1,-1,-1
772,213,339,91,100,301,0.8284,-1,-1,-1
772,244,86,150,48,135,0.7622,-1,-1,-1
772,238,46,155,41,105,0.7152,-1,-1,-1
772,247,170,146,42,142,0.8607,-1,-1,-1
773,156,482,8,170,468,0.8441,-1,-1,-1
773,201,216,87,98,297,0.8544,-1,-1,-1
773,213,333,87,99,297,0.8072,-1,-1,-1
773,244,74,150,48,134,0.7952,-1,-1,-1
773,238,44,154,41,102,0.6905,-1,-1,-1
773,247,161,141,44,147,0.8416,-1,-1,-1
774,156,483,7,168,469,0.7727,-1,-1,-1
774,201,217,87,97,291,0.8736,-1,-1,-1
774,213,333,85,99,298,0.8428,-1,-1,-1
774,244,66,150,48,135,0.6969,-1,-1,-1
774,238,44,152,40,100,0.5991,-1,-1,-1
774,247,156,137,47,154,0.8519,-1,-1,-1
775,156,461,10,159,452,0.6522,-1,-1,-1
775,201,218,85,94,282,0.8763,-1,-1,-1
775,213,332,86,100,300,0.8493,-1,-1,-1
775,244,61,151,48,135,0.6056,-1,-1,-1
775,238,42,152,40,99,0.4484,-1,-1,-1
775,247,152,136,49,160,0.8726,-1,-1,-1
776,156,480,4,162,469,0.7641,-1,-1,-1
776,201,217,87,94,280,0.8745,-1,-1,-1
776,213,332,91,100,302,0.8741,-1,-1,-1
776,244,48,152,49,135,0.6505,-1,-1,-1
776,247,147,138,50,163,0.8244,-1,-1,-1
776,246,86,168,40,95,0.7757,-1,-1,-1
777,156,484,1,162,476,0.7890,-1,-1,-1
777,201,215,89,95,280,0.8780,-1,-1,-1
777,213,332,93,99,303,0.8487,-1,-1,-1
777,244,42,151,50,138,0.7616,-1,-1,-1
777,247,142,138,52,167,0.7885,-1,-1,-1
777,248,421,24,167,393,0.7594,-1,-1,-1
777,246,88,173,38,90,0.6846,-1,-1,-1
778,156,494,3,158,475,0.7270,-1,-1,-1
778,201,214,94,97,280,0.8707,-1,-1,-1
778,213,334,94,99,303,0.8138,-1,-1,-1
778,244,32,151,51,140,0.8303,-1,-1,-1
778,247,137,135,55,174,0.8330,-1,-1,-1
778,248,401,25,177,418,0.8231,-1,-1,-1
778,246,90,167,41,99,0.7297,-1,-1,-1
779,156,497,2,156,476,0.8266,-1,-1,-1
779,201,221,102,98,278,0.7653,-1,-1,-1
779,213,346,95,87,266,0.5105,-1,-1,-1
779,244,26,155,51,140,0.8393,-1,-1,-1
779,247,135,134,57,180,0.8228,-1,-1,-1
779,248,391,25,187,443,0.8164,-1,-1,-1
779,246,96,168,40,100,0.7759,-1,-1,-1
780,156,492,4,154,474,0.8754,-1,-1,-1
780,201,227,105,98,275,0.8062,-1,-1,-1
780,213,347,95,92,280,0.4929,-1,-1,-1
780,244,21,158,52,139,0.8153,-1,-1,-1
780,247,133,130,59,186,0.8504,-1,-1,-1
780,248,389,21,189,452,0.7773,-1,-1,-1
780,246,101,168,40,102,0.7351,-1,-1,-1
780,249,72,159,29,112,0.6193,-1,-1,-1
780,250,210,129,51,192,0.5633,-1,-1,-1
781,156,479,1,158,477,0.8519,-1,-1,-1
781,201,234,103,95,271,0.8359,-1,-1,-1
781,213,342,92,106,334,0.5516,-1,-1,-1
781,244,18,157,53,139,0.8141,-1,-1,-1
781,247,128,126,63,194,0.8362,-1,-1,-1
781,248,373,17,188,459,0.6726,-1,-1,-1
781,246,104,173,37,97,0.5429,-1,-1,-1
781,249,75,156,30,117,0.7225,-1,-1,-1
781,250,208,130,52,199,0.6926,-1,-1,-1
782,156,469,1,161,477,0.8621,-1,-1,-1
782,201,240,104,92,264,0.8421,-1,-1,-1
782,213,344,122,99,316,0.3284,-1,-1,-1
782,244,14,154,54,142,0.7901,-1,-1,-1
782,247,122,125,66,201,0.8751,-1,-1,-1
782,248,348,23,186,456,0.5579,-1,-1,-1
782,249,79,157,31,117,0.7683,-1,-1,-1
782,250,206,124,54,206,0.7437,-1,-1,-1
783,156,466,0,163,479,0.7541,-1,-1,-1
783,201,246,103,89,257,0.8342,-1,-1,-1
783,213,335,84,107,351,0.3067,-1,-1,-1
783,244,9,153,54,144,0.7433,-1,-1,-1
783,247,116,124,70,209,0.8809,-1,-1,-1
783,248,353,26,184,456,0.5313,-1,-1,-1
783,249,81,161,31,114,0.7552,-1,-1,-1
783,250,203,124,55,210,0.8211,-1,-1,-1
784,156,467,0,161,467,0.7717,-1,-1,-1
784,201,251,107,88,255,0.8490,-1,-1,-1
784,244,3,154,55,146,0.7471,-1,-1,-1
784,247,110,124,73,217,0.8484,-1,-1,-1
784,248,345,31,181,452,0.8664,-1,-1,-1
784,249,79,161,32,117,0.5973,-1,-1,-1
784,250,200,121,57,218,0.8376,-1,-1,-1
785,156,471,0,160,461,0.6666,-1,-1,-1
785,201,251,109,86,255,0.8143,-1,-1,-1
785,244,-4,156,53,146,0.7741,-1,-1,-1
785,247,97,117,78,230,0.8321,-1,-1,-1
785,248,335,34,177,449,0.8438,-1,-1,-1
785,250,191,116,61,230,0.8732,-1,-1,-1
786,156,475,0,160,457,0.7324,-1,-1,-1
786,201,249,114,85,253,0.8229,-1,-1,-1
786,244,-12,156,51,146,0.6808,-1,-1,-1
786,247,81,111,82,239,0.8240,-1,-1,-1
786,248,335,34,169,434,0.8395,-1,-1,-1
786,250,177,113,66,241,0.8687,-1,-1,-1
786,252,17,170,30,100,0.6009,-1,-1,-1
787,156,479,0,160,461,0.8449,-1,-1,-1
787,201,247,117,85,253,0.8468,-1,-1,-1
787,247,66,107,86,246,0.8628,-1,-1,-1
787,248,336,34,167,428,0.7575,-1,-1,-1
787,250,166,112,70,249,0.9016,-1,-1,-1
787,252,12,167,31,107,0.4976,-1,-1,-1
788,156,482,0,161,467,0.7969,-1,-1,-1
788,201,249,118,82,250,0.8456,-1,-1,-1
788,247,49,101,93,261,0.8789,-1,-1,-1
788,248,335,35,168,429,0.8724,-1,-1,-1
788,250,152,107,76,270,0.8816,-1,-1,-1
788,252,4,176,30,101,0.5212,-1,-1,-1
789,156,486,1,161,471,0.8036,-1,-1,-1
789,201,248,118,80,243,0.8550,-1,-1,-1
789,247,30,97,100,275,0.8914,-1,-1,-1
789,248,328,38,171,434,0.8571,-1,-1,-1
789,250,135,100,83,287,0.8494,-1,-1,-1
789,252,-4,170,30,108,0.4638,-1,-1,-1
790,156,487,0,156,462,0.7620,-1,-1,-1
790,201,244,120,78,238,0.8631,-1,-1,-1
790,247,13,96,107,294,0.8418,-1,-1,-1
790,248,318,44,172,433,0.8158,-1,-1,-1
790,250,121,95,87,301,0.8800,-1,-1,-1
790,253,440,34,99,432,0.7697,-1,-1,-1
791,156,485,1,159,471,0.8283,-1,-1,-1
791,201,239,122,77,233,0.8436,-1,-1,-1
791,247,-1,91,113,317,0.8587,-1,-1,-1
791,248,319,50,172,429,0.7778,-1,-1,-1
791,250,107,88,90,315,0.8704,-1,-1,-1
791,253,436,38,100,434,0.7793,-1,-1,-1
792,156,485,2,159,474,0.8300,-1,-1,-1
792,201,235,128,79,237,0.6523,-1,-1,-1
792,247,-14,83,116,336,0.8638,-1,-1,-1
792,248,317,59,170,419,0.7594,-1,-1,-1
792,250,87,81,97,334,0.8869,-1,-1,-1
792,253,434,46,99,427,0.7593,-1,-1,-1
792,256,197,194,27,87,0.6866,-1,-1,-1
793,156,492,3,156,475,0.8674,-1,-1,-1
793,201,225,129,79,231,0.7446,-1,-1,-1
793,247,-23,69,118,354,0.8618,-1,-1,-1
793,248,310,59,168,407,0.7759,-1,-1,-1
793,250,49,68,110,368,0.8803,-1,-1,-1
793,253,431,45,96,415,0.8066,-1,-1,-1
793,256,189,192,28,88,0.6096,-1,-1,-1
794,156,500,3,153,476,0.8847,-1,-1,-1
794,201,219,126,79,228,0.7968,-1,-1,-1
794,247,-27,74,110,346,0.7540,-1,-1,-1
794,248,290,52,161,393,0.8447,-1,-1,-1
794,250,23,54,121,393,0.8981,-1,-1,-1
794,253,429,32,97,409,0.8642,-1,-1,-1
794,256,184,182,29,90,0.6397,-1,-1,-1
795,156,506,1,150,477,0.8300,-1,-1,-1
795,201,220,125,77,224,0.8143,-1,-1,-1
795,248,277,47,160,399,0.8350,-1,-1,-1
795,250,1,39,130,427,0.8913,-1,-1,-1
795,253,424,32,97,403,0.8558,-1,-1,-1
795,256,179,179,30,95,0.7811,-1,-1,-1
795,246,126,172,36,99,0.7469,-1,-1,-1
796,156,514,0,145,478,0.8116,-1,-1,-1
796,201,219,128,77,221,0.8742,-1,-1,-1
796,248,294,60,162,393,0.8408,-1,-1,-1
796,250,-11,25,132,444,0.8700,-1,-1,-1
796,253,422,37,98,403,0.8769,-1,-1,-1
796,256,177,181,31,96,0.7792,-1,-1,-1
796,246,124,176,37,99,0.7318,-1,-1,-1
797,156,520,1,140,476,0.8676,-1,-1,-1
797,201,219,123,76,223,0.8440,-1,-1,-1
797,248,296,62,166,396,0.7667,-1,-1,-1
797,250,-9,7,103,348,0.6519,-1,-1,-1
797,253,418,34,101,408,0.7966,-1,-1,-1
797,256,169,180,31,97,0.6599,-1,-1,-1
797,246,118,173,38,100,0.7562,-1,-1,-1
798,156,513,0,139,476,0.8948,-1,-1,-1
798,201,221,123,76,223,0.8365,-1,-1,-1
798,248,294,65,171,399,0.8356,-1,-1,-1
798,250,-17,1,92,322,0.5542,-1,-1,-1
798,253,416,33,104,416,0.7984,-1,-1,-1
798,256,167,180,32,98,0.6844,-1,-1,-1
798,246,114,173,40,101,0.7371,-1,-1,-1
798,258,72,161,29,120,0.7529,-1,-1,-1
799,156,497,1,141,475,0.8846,-1,-1,-1
799,201,222,122,74,224,0.8189,-1,-1,-1
799,248,289,63,176,407,0.8230,-1,-1,-1
799,253,416,33,98,389,0.8554,-1,-1,-1
799,256,165,178,34,102,0.7070,-1,-1,-1
799,246,110,170,42,105,0.6946,-1,-1,-1
799,258,71,159,30,124,0.8115,-1,-1,-1
799,238,25,150,54,139,0.6702,-1,-1,-1
800,156,482,0,143,469,0.8551,-1,-1,-1
800,201,221,123,72,223,0.8067,-1,-1,-1
800,248,290,59,166,375,0.8080,-1,-1,-1
800,253,411,31,100,389,0.7130,-1,-1,-1
800,256,161,175,34,103,0.7433,-1,-1,-1
800,246,103,166,43,107,0.6348,-1,-1,-1
800,258,65,157,30,125,0.8086,-1,-1,-1
800,259,206,184,28,78,0.5748,-1,-1,-1
801,156,472,0,148,468,0.7464,-1,-1,-1
801,201,221,126,71,222,0.7899,-1,-1,-1
801,248,286,58,170,375,0.8152,-1,-1,-1
801,253,410,33,104,401,0.7182,-1,-1,-1
801,256,159,176,35,104,0.6957,-1,-1,-1
801,246,94,165,42,111,0.7052,-1,-1,-1
801,258,60,158,31,127,0.8097,-1,-1,-1
801,259,203,184,30,82,0.6178,-1,-1,-1
801,238,20,147,43,114,0.5888,-1,-1,-1
802,156,471,0,151,469,0.7389,-1,-1,-1
802,201,223,130,68,218,0.7693,-1,-1,-1
802,248,287,60,172,373,0.7611,-1,-1,-1
802,253,410,32,106,402,0.7262,-1,-1,-1
802,256,158,176,37,107,0.7644,-1,-1,-1
802,246,85,165,43,114,0.7111,-1,-1,-1
802,258,58,158,32,129,0.7959,-1,-1,-1
802,259,201,187,30,82,0.7470,-1,-1,-1
802,238,17,149,41,113,0.6473,-1,-1,-1
803,156,470,0,154,469,0.6954,-1,-1,-1
803,201,226,132,63,203,0.7771,-1,-1,-1
803,248,288,61,178,378,0.7725,-1,-1,-1
803,253,409,33,107,402,0.7272,-1,-1,-1
803,256,157,177,38,109,0.7711,-1,-1,-1
803,246,82,165,42,115,0.6351,-1,-1,-1
803,258,58,159,33,130,0.8095,-1,-1,-1
803,259,201,189,29,83,0.8145,-1,-1,-1
803,238,15,148,44,129,0.5826,-1,-1,-1
804,156,475,0,157,475,0.8081,-1,-1,-1
804,201,232,133,60,195,0.8219,-1,-1,-1
804,248,291,63,184,387,0.8358,-1,-1,-1
804,253,415,34,111,410,0.7197,-1,-1,-1
804,256,158,179,38,111,0.7604,-1,-1,-1
804,246,81,165,42,117,0.5659,-1,-1,-1
804,258,61,160,33,131,0.7240,-1,-1,-1
804,259,203,190,30,84,0.6950,-1,-1,-1
804,238,17,148,45,133,0.5661,-1,-1,-1
805,156,484,0,155,474,0.6473,-1,-1,-1
805,201,235,129,63,202,0.8538,-1,-1,-1
805,248,297,62,189,393,0.8646,-1,-1,-1
805,253,418,32,114,419,0.8381,-1,-1,-1
805,256,159,178,39,112,0.7219,-1,-1,-1
805,246,72,160,45,126,0.6813,-1,-1,-1
805,259,206,187,31,86,0.7352,-1,-1,-1
805,238,22,144,48,147,0.6467,-1,-1,-1
806,156,511,0,122,366,0.6361,-1,-1,-1
806,201,242,129,64,206,0.8460,-1,-1,-1
806,248,304,60,194,398,0.8442,-1,-1,-1
806,253,428,35,115,425,0.8499,-1,-1,-1
806,256,165,177,41,114,0.7080,-1,-1,-1
806,246,72,158,47,131,0.8228,-1,-1,-1
806,259,210,185,32,89,0.7569,-1,-1,-1
806,238,26,143,50,151,0.7511,-1,-1,-1
807,156,538,22,95,282,0.7387,-1,-1,-1
807,201,248,131,65,202,0.8391,-1,-1,-1
807,248,313,59,200,406,0.8452,-1,-1,-1
807,253,439,37,118,428,0.7936,-1,-1,-1
807,256,169,175,42,117,0.8065,-1,-1,-1
807,246,73,157,48,133,0.8361,-1,-1,-1
807,259,213,184,33,91,0.7440,-1,-1,-1
807,238,30,142,50,153,0.6482,-1,-1,-1
808,156,562,66,74,219,0.7464,-1,-1,-1
808,201,255,132,63,195,0.8436,-1,-1,-1
808,248,324,54,202,405,0.8732,-1,-1,-1
808,253,451,34,120,431,0.8285,-1,-1,-1
808,256,174,172,43,119,0.8047,-1,-1,-1
808,246,76,155,48,133,0.7992,-1,-1,-1
808,259,218,183,32,91,0.7828,-1,-1,-1
808,238,35,140,51,155,0.6965,-1,-1,-1
809,201,265,135,67,201,0.8445,-1,-1,-1
809,248,340,51,200,396,0.8370,-1,-1,-1
809,253,470,32,120,425,0.8136,-1,-1,-1
809,256,182,171,45,123,0.8274,-1,-1,-1
809,246,82,157,48,132,0.7770,-1,-1,-1
809,259,227,184,32,93,0.8097,-1,-1,-1
809,258,56,143,37,146,0.7421,-1,-1,-1
810,201,274,137,69,207,0.8739,-1,-1,-1
810,248,350,49,204,397,0.8441,-1,-1,-1
810,253,485,31,122,419,0.8251,-1,-1,-1
810,256,189,172,46,126,0.8465,-1,-1,-1
810,246,89,156,48,137,0.6283,-1,-1,-1
810,259,234,185,33,94,0.7821,-1,-1,-1
810,258,61,144,38,150,0.6535,-1,-1,-1
811,201,282,134,70,212,0.8336,-1,-1,-1
811,248,352,44,206,405,0.8304,-1,-1,-1
811,253,495,25,124,424,0.8771,-1,-1,-1
811,256,191,171,47,129,0.8267,-1,-1,-1
811,246,93,154,48,139,0.6041,-1,-1,-1
811,259,239,183,33,95,0.7821,-1,-1,-1
811,258,65,143,39,151,0.6648,-1,-1,-1
811,260,267,193,21,82,0.7046,-1,-1,-1
812,201,290,132,69,210,0.8636,-1,-1,-1
812,248,365,41,215,419,0.7628,-1,-1,-1
812,253,502,25,128,433,0.8425,-1,-1,-1
812,256,192,170,50,133,0.8242,-1,-1,-1
812,246,97,154,47,141,0.6912,-1,-1,-1
812,259,241,182,34,97,0.7506,-1,-1,-1
812,258,66,142,40,154,0.6740,-1,-1,-1
812,260,269,191,23,86,0.5825,-1,-1,-1
813,201,294,132,69,211,0.8472,-1,-1,-1
813,248,360,41,217,431,0.7838,-1,-1,-1
813,253,508,28,130,438,0.8717,-1,-1,-1
813,256,191,168,52,138,0.8603,-1,-1,-1
813,246,97,153,48,145,0.6776,-1,-1,-1
813,259,242,181,35,100,0.7456,-1,-1,-1
813,258,64,143,41,156,0.6671,-1,-1,-1
813,260,269,192,23,88,0.6180,-1,-1,-1
814,201,298,131,69,210,0.8436,-1,-1,-1
814,248,365,36,220,442,0.8026,-1,-1,-1
814,253,511,28,131,444,0.8851,-1,-1,-1
814,256,189,164,54,142,0.8561,-1,-1,-1
814,246,98,151,48,146,0.7338,-1,-1,-1
814,259,241,179,36,103,0.7932,-1,-1,-1
814,258,59,139,44,162,0.7129,-1,-1,-1
814,260,270,192,23,88,0.6801,-1,-1,-1
815,201,303,133,68,211,0.8129,-1,-1,-1
815,248,375,31,221,447,0.8230,-1,-1,-1
815,253,515,29,130,442,0.8461,-1,-1,-1
815,256,187,163,55,145,0.7961,-1,-1,-1
815,246,98,150,48,148,0.7188,-1,-1,-1
815,259,240,179,37,104,0.7971,-1,-1,-1
815,258,57,140,45,162,0.6636,-1,-1,-1
815,260,271,191,24,92,0.7426,-1,-1,-1
816,201,307,134,67,211,0.8040,-1,-1,-1
816,248,375,21,224,458,0.8153,-1,-1,-1
816,253,518,27,128,436,0.8773,-1,-1,-1
816,256,181,160,57,149,0.7723,-1,-1,-1
816,246,97,148,48,150,0.7792,-1,-1,-1
816,259,238,176,38,108,0.8367,-1,-1,-1
816,258,59,137,47,165,0.5533,-1,-1,-1
816,260,271,192,24,90,0.6762,-1,-1,-1
817,201,310,135,66,210,0.8043,-1,-1,-1
817,248,371,16,216,451,0.8134,-1,-1,-1
817,253,521,23,125,433,0.8628,-1,-1,-1
817,256,177,158,59,153,0.7880,-1,-1,-1
817,246,95,146,48,151,0.7867,-1,-1,-1
817,259,236,173,38,110,0.7381,-1,-1,-1
817,258,59,135,47,167,0.3888,-1,-1,-1
817,260,268,189,25,93,0.7501,-1,-1,-1
817,238,27,134,51,166,0.5708,-1,-1,-1
818,201,315,133,66,211,0.8738,-1,-1,-1
818,248,373,9,215,455,0.8362,-1,-1,-1
818,253,524,15,125,437,0.8814,-1,-1,-1
818,256,174,156,62,160,0.7892,-1,-1,-1
818,246,93,146,47,151,0.8054,-1,-1,-1
818,259,232,169,40,114,0.8082,-1,-1,-1
818,258,58,132,48,172,0.3901,-1,-1,-1
818,260,266,186,27,97,0.7464,-1,-1,-1
818,238,17,135,52,167,0.6333,-1,-1,-1
819,201,318,131,64,204,0.8505,-1,-1,-1
819,248,380,4,212,462,0.8576,-1,-1,-1
819,253,527,8,126,448,0.8566,-1,-1,-1
819,256,170,156,64,165,0.7450,-1,-1,-1
819,246,90,142,48,157,0.7870,-1,-1,-1
819,259,229,167,41,118,0.8019,-1,-1,-1
819,258,53,132,49,174,0.4537,-1,-1,-1
819,260,265,184,27,101,0.7521,-1,-1,-1
819,238,6,135,54,170,0.7762,-1,-1,-1
819,261,289,179,31,91,0.6630,-1,-1,-1
820,201,317,131,64,205,0.8414,-1,-1,-1
820,248,384,6,210,468,0.8306,-1,-1,-1
820,253,531,9,125,458,0.8880,-1,-1,-1
820,256,159,155,67,172,0.7634,-1,-1,-1
820,246,84,143,48,160,0.7905,-1,-1,-1
820,259,223,168,42,123,0.8078,-1,-1,-1
820,258,47,132,45,158,0.4960,-1,-1,-1
820,260,261,186,28,103,0.7504,-1,-1,-1
820,238,0,140,52,169,0.7996,-1,-1,-1
820,261,285,183,30,90,0.7311,-1,-1,-1
821,201,313,129,65,207,0.8411,-1,-1,-1
821,248,392,4,207,470,0.8322,-1,-1,-1
821,253,536,6,123,467,0.8583,-1,-1,-1
821,256,149,149,70,180,0.7322,-1,-1,-1
821,246,77,141,48,163,0.8247,-1,-1,-1
821,259,216,166,43,126,0.8201,-1,-1,-1
821,258,37,131,49,173,0.6355,-1,-1,-1
821,260,256,187,29,104,0.7635,-1,-1,-1
821,238,-5,136,51,173,0.7877,-1,-1,-1
821,261,278,179,32,94,0.7160,-1,-1,-1
822,201,313,130,67,206,0.8486,-1,-1,-1
822,248,395,1,202,471,0.8615,-1,-1,-1
822,253,544,9,117,460,0.8289,-1,-1,-1
822,256,140,145,73,186,0.7620,-1,-1,-1
822,246,68,138,49,166,0.7951,-1,-1,-1
822,259,209,166,44,128,0.7977,-1,-1,-1
822,258,27,127,52,182,0.5458,-1,-1,-1
822,260,250,184,30,109,0.7464,-1,-1,-1
822,261,272,178,33,95,0.6993,-1,-1,-1
823,201,314,135,69,206,0.8587,-1,-1,-1
823,248,405,3,197,470,0.8841,-1,-1,-1
823,253,550,9,113,465,0.8245,-1,-1,-1
823,256,132,144,75,192,0.8070,-1,-1,-1
823,246,63,140,49,169,0.8342,-1,-1,-1
823,259,205,166,46,133,0.8526,-1,-1,-1
823,258,23,127,44,153,0.5247,-1,-1,-1
823,260,248,185,31,113,0.7748,-1,-1,-1
823,261,270,179,33,96,0.6585,-1,-1,-1
824,201,313,137,70,206,0.8622,-1,-1,-1
824,248,417,1,196,477,0.8616,-1,-1,-1
824,253,553,2,107,453,0.8065,-1,-1,-1
824,256,122,139,79,202,0.8654,-1,-1,-1
824,246,56,137,51,173,0.8307,-1,-1,-1
824,259,199,163,47,138,0.7855,-1,-1,-1
824,258,14,124,44,150,0.6047,-1,-1,-1
824,260,244,182,32,117,0.7979,-1,-1,-1
824,261,266,176,34,100,0.7198,-1,-1,-1
824,262,368,115,101,253,0.7461,-1,-1,-1
825,201,313,137,70,206,0.8225,-1,-1,-1
825,248,437,0,196,479,0.8769,-1,-1,-1
825,253,559,4,103,459,0.4760,-1,-1,-1
825,256,107,136,85,213,0.8730,-1,-1,-1
825,246,50,136,51,175,0.8247,-1,-1,-1
825,259,191,159,50,145,0.8294,-1,-1,-1
825,258,6,120,42,137,0.4526,-1,-1,-1
825,260,240,181,33,120,0.8400,-1,-1,-1
825,261,261,174,36,104,0.6838,-1,-1,-1
825,262,376,113,91,226,0.5829,-1,-1,-1
826,201,313,132,70,207,0.8401,-1,-1,-1
826,248,450,0,195,480,0.9038,-1,-1,-1
826,256,95,131,91,223,0.8673,-1,-1,-1
826,246,44,133,51,177,0.8315,-1,-1,-1
826,259,183,154,51,148,0.8540,-1,-1,-1
826,258,-3,115,54,184,0.4803,-1,-1,-1
826,260,235,177,35,124,0.8101,-1,-1,-1
826,261,259,171,35,104,0.7161,-1,-1,-1
826,262,372,107,102,255,0.7770,-1,-1,-1
827,201,312,131,69,205,0.8116,-1,-1,-1
827,248,459,0,192,478,0.9237,-1,-1,-1
827,256,76,127,96,236,0.8558,-1,-1,-1
827,246,32,131,52,181,0.7975,-1,-1,-1
827,259,169,154,54,154,0.8886,-1,-1,-1
827,258,-3,112,43,152,0.5738,-1,-1,-1
827,260,225,178,37,130,0.8400,-1,-1,-1
827,261,251,173,36,107,0.6706,-1,-1,-1
827,262,370,109,106,265,0.8015,-1,-1,-1
827,263,290,173,25,98,0.6176,-1,-1,-1
828,201,312,132,68,204,0.8598,-1,-1,-1
828,248,468,0,188,479,0.9072,-1,-1,-1
828,256,64,121,101,247,0.8327,-1,-1,-1
828,246,27,129,54,183,0.8352,-1,-1,-1
828,259,160,153,56,159,0.8423,-1,-1,-1
828,258,-1,108,40,139,0.3330,-1,-1,-1
828,260,219,178,39,133,0.7982,-1,-1,-1
828,261,247,173,36,109,0.6559,-1,-1,-1
828,262,371,111,108,271,0.7954,-1,-1,-1
828,263,288,173,26,101,0.7305,-1,-1,-1
829,201,313,131,69,205,0.8474,-1,-1,-1
829,248,480,0,183,479,0.8883,-1,-1,-1
829,256,53,111,106,262,0.8275,-1,-1,-1
829,246,20,126,55,187,0.8009,-1,-1,-1
829,259,153,150,59,166,0.8115,-1,-1,-1
829,258,-5,108,43,152,0.2768,-1,-1,-1
829,260,215,176,39,137,0.8082,-1,-1,-1
829,261,243,170,38,114,0.7426,-1,-1,-1
829,262,373,113,109,276,0.7723,-1,-1,-1
829,263,290,171,27,102,0.8135,-1,-1,-1
830,201,317,136,68,204,0.8447,-1,-1,-1
830,248,492,0,177,480,0.8576,-1,-1,-1
830,256,37,109,111,274,0.8154,-1,-1,-1
830,246,15,129,54,189,0.4720,-1,-1,-1
830,259,148,149,61,173,0.8388,-1,-1,-1
830,260,210,175,42,144,0.7962,-1,-1,-1
830,261,244,173,38,115,0.6913,-1,-1,-1
830,262,376,117,110,277,0.8106,-1,-1,-1
830,263,293,173,27,104,0.7877,-1,-1,-1
831,201,317,138,68,205,0.8445,-1,-1,-1
831,248,501,0,170,480,0.8908,-1,-1,-1
831,256,21,105,116,287,0.7959,-1,-1,-1
831,246,6,141,51,181,0.4798,-1,-1,-1
831,259,142,146,63,179,0.8471,-1,-1,-1
831,260,206,172,44,151,0.7868,-1,-1,-1
831,261,241,171,39,119,0.7367,-1,-1,-1
831,262,373,116,110,279,0.7285,-1,-1,-1
831,263,292,173,27,103,0.8260,-1,-1,-1
832,201,314,136,67,205,0.8360,-1,-1,-1
832,248,513,0,162,479,0.8685,-1,-1,-1
832,256,0,92,124,315,0.7771,-1,-1,-1
832,259,127,136,66,190,0.8849,-1,-1,-1
832,260,194,165,47,161,0.8480,-1,-1,-1
832,261,234,166,40,123,0.8103,-1,-1,-1
832,262,369,111,108,275,0.8079,-1,-1,-1
832,263,286,168,28,105,0.7885,-1,-1,-1
833,201,312,134,67,206,0.8243,-1,-1,-1
833,248,523,1,154,477,0.8387,-1,-1,-1
833,256,-12,82,125,325,0.7958,-1,-1,-1
833,259,115,131,70,200,0.8697,-1,-1,-1
833,260,184,162,49,166,0.8405,-1,-1,-1
833,261,227,163,42,127,0.8151,-1,-1,-1
833,262,367,108,105,272,0.8234,-1,-1,-1
833,263,280,167,29,105,0.8015,-1,-1,-1
834,201,312,130,66,204,0.8260,-1,-1,-1
834,248,550,10,117,379,0.7535,-1,-1,-1
834,256,-18,77,121,325,0.8064,-1,-1,-1
834,259,104,127,73,208,0.8419,-1,-1,-1
834,260,176,159,52,176,0.8437,-1,-1,-1
834,261,223,160,44,132,0.8164,-1,-1,-1
834,262,367,104,105,274,0.8519,-1,-1,-1
834,263,276,167,30,104,0.8105,-1,-1,-1
835,201,313,127,66,201,0.8373,-1,-1,-1
835,256,-22,95,111,308,0.5309,-1,-1,-1
835,259,92,123,78,224,0.8434,-1,-1,-1
835,260,168,157,55,184,0.8575,-1,-1,-1
835,261,220,158,46,135,0.8000,-1,-1,-1
835,262,366,103,105,275,0.8457,-1,-1,-1
835,263,276,166,31,104,0.7770,-1,-1,-1
836,201,317,126,65,197,0.7925,-1,-1,-1
836,259,82,115,84,239,0.8165,-1,-1,-1
836,260,162,152,59,194,0.8675,-1,-1,-1
836,261,220,155,47,140,0.7880,-1,-1,-1
836,262,369,103,104,278,0.8698,-1,-1,-1
836,263,276,165,31,103,0.8032,-1,-1,-1
836,246,-5,110,58,213,0.7689,-1,-1,-1
837,201,326,127,64,191,0.8398,-1,-1,-1
837,259,74,110,89,253,0.8289,-1,-1,-1
837,260,159,147,61,203,0.8557,-1,-1,-1
837,261,221,152,50,146,0.8378,-1,-1,-1
837,262,374,107,106,280,0.8246,-1,-1,-1
837,263,277,166,32,104,0.8104,-1,-1,-1
837,246,-9,108,56,219,0.7801,-1,-1,-1