1,0,582,446,90,263,0.8544,-1,-1,-1
1,1,1335,414,164,366,0.8333,-1,-1,-1
1,2,1444,436,154,334,0.7813,-1,-1,-1
1,3,455,438,96,283,0.6459,-1,-1,-1
1,4,731,456,32,110,0.4805,-1,-1,-1
2,0,582,445,90,262,0.8427,-1,-1,-1
2,1,1341,415,164,367,0.8030,-1,-1,-1
2,2,1451,441,153,330,0.6750,-1,-1,-1
2,3,455,437,97,285,0.7206,-1,-1,-1
2,4,732,457,32,110,0.5120,-1,-1,-1
3,0,583,445,90,263,0.8317,-1,-1,-1
3,1,1346,417,167,372,0.8328,-1,-1,-1
3,2,1458,441,152,330,0.6310,-1,-1,-1
3,3,457,437,97,286,0.6874,-1,-1,-1
3,4,732,456,32,109,0.4946,-1,-1,-1
4,0,582,443,92,266,0.8261,-1,-1,-1
4,1,1351,418,170,379,0.8316,-1,-1,-1
4,2,1465,429,156,341,0.6962,-1,-1,-1
4,3,455,437,99,286,0.6825,-1,-1,-1
4,4,732,456,32,109,0.4573,-1,-1,-1
5,0,583,444,91,265,0.8332,-1,-1,-1
5,1,1354,418,171,383,0.8508,-1,-1,-1
5,2,1468,426,156,347,0.7693,-1,-1,-1
5,3,454,438,99,283,0.7109,-1,-1,-1
5,4,732,456,32,109,0.4614,-1,-1,-1
6,0,583,444,91,265,0.8427,-1,-1,-1
6,1,1358,418,171,383,0.8754,-1,-1,-1
6,2,1472,424,155,349,0.7398,-1,-1,-1
6,3,453,438,100,284,0.7260,-1,-1,-1
6,4,732,456,32,110,0.4825,-1,-1,-1
7,0,583,444,91,265,0.8469,-1,-1,-1
7,1,1364,416,171,385,0.8693,-1,-1,-1
7,2,1477,430,150,343,0.7470,-1,-1,-1
7,3,452,440,101,283,0.7584,-1,-1,-1
7,4,733,459,31,106,0.5297,-1,-1,-1
8,0,584,445,91,264,0.8504,-1,-1,-1
8,1,1375,414,170,389,0.8553,-1,-1,-1
8,2,1482,429,146,345,0.7685,-1,-1,-1
8,3,453,439,103,284,0.7721,-1,-1,-1
8,4,733,459,31,106,0.5096,-1,-1,-1
8,5,1255,429,36,118,0.4609,-1,-1,-1
9,0,583,445,91,265,0.8536,-1,-1,-1
9,1,1383,411,170,395,0.7893,-1,-1,-1
9,2,1481,427,145,347,0.7481,-1,-1,-1
9,3,454,438,104,285,0.7981,-1,-1,-1
9,4,733,458,32,109,0.5127,-1,-1,-1
9,5,1255,428,36,120,0.4496,-1,-1,-1
10,0,583,445,91,264,0.8704,-1,-1,-1
10,1,1393,408,166,394,0.7763,-1,-1,-1
10,2,1493,422,144,353,0.7782,-1,-1,-1
10,3,454,439,106,283,0.8076,-1,-1,-1
10,4,733,459,32,109,0.5319,-1,-1,-1
10,5,1255,429,36,118,0.4715,-1,-1,-1
11,0,583,445,91,264,0.8698,-1,-1,-1
11,1,1405,413,160,388,0.7567,-1,-1,-1
11,2,1504,419,140,355,0.7908,-1,-1,-1
11,3,454,439,107,284,0.7942,-1,-1,-1
11,4,733,459,32,110,0.5172,-1,-1,-1
11,5,1255,428,37,119,0.4926,-1,-1,-1
12,0,584,445,91,263,0.8654,-1,-1,-1
12,1,1418,412,158,389,0.6865,-1,-1,-1
12,2,1514,423,136,352,0.7831,-1,-1,-1
12,3,451,440,109,283,0.8040,-1,-1,-1
12,4,733,459,33,111,0.5407,-1,-1,-1
12,5,1255,424,38,123,0.5396,-1,-1,-1
13,0,584,445,91,263,0.8656,-1,-1,-1
13,1,1432,412,153,386,0.6308,-1,-1,-1
13,2,1519,424,137,357,0.7779,-1,-1,-1
13,3,450,438,111,286,0.8292,-1,-1,-1
13,4,733,460,33,111,0.5058,-1,-1,-1
13,5,1255,423,38,124,0.5009,-1,-1,-1
14,0,584,445,91,263,0.8611,-1,-1,-1
14,1,1437,409,151,390,0.6304,-1,-1,-1
14,2,1525,422,142,366,0.6989,-1,-1,-1
14,3,449,438,113,288,0.8136,-1,-1,-1
14,4,732,462,34,111,0.5113,-1,-1,-1
14,5,1255,423,38,124,0.5340,-1,-1,-1
15,0,584,445,90,263,0.8581,-1,-1,-1
15,1,1441,415,147,386,0.5857,-1,-1,-1
15,2,1543,423,147,371,0.7515,-1,-1,-1
15,3,450,439,115,288,0.7887,-1,-1,-1
15,4,732,460,34,112,0.4961,-1,-1,-1
15,5,1255,423,38,124,0.5118,-1,-1,-1
16,0,584,444,91,265,0.8517,-1,-1,-1
16,1,1441,425,141,377,0.4634,-1,-1,-1
16,2,1561,422,151,374,0.7800,-1,-1,-1
16,3,450,440,115,288,0.7555,-1,-1,-1
16,4,732,462,33,110,0.4318,-1,-1,-1
16,5,1255,423,38,124,0.5136,-1,-1,-1
17,0,584,445,92,265,0.8516,-1,-1,-1
17,1,1466,415,152,392,0.6933,-1,-1,-1
17,2,1579,426,151,369,0.7973,-1,-1,-1
17,3,451,441,116,288,0.7521,-1,-1,-1
17,4,730,458,35,116,0.4741,-1,-1,-1
17,5,1254,427,37,118,0.4570,-1,-1,-1
18,0,584,445,92,265,0.8454,-1,-1,-1
18,1,1479,417,159,394,0.7915,-1,-1,-1
18,2,1589,427,152,372,0.8325,-1,-1,-1
18,3,452,443,115,287,0.7348,-1,-1,-1
18,4,729,456,36,117,0.4857,-1,-1,-1
18,5,1254,430,36,115,0.5180,-1,-1,-1
19,0,585,443,93,268,0.8462,-1,-1,-1
19,1,1487,411,168,401,0.8120,-1,-1,-1
19,2,1596,462,144,342,0.6529,-1,-1,-1
19,3,452,444,115,286,0.7369,-1,-1,-1
19,4,726,456,37,118,0.3804,-1,-1,-1
19,5,1254,432,35,113,0.5229,-1,-1,-1
20,0,587,442,94,269,0.8611,-1,-1,-1
20,1,1491,409,174,401,0.7766,-1,-1,-1
20,2,1603,451,149,351,0.7411,-1,-1,-1
20,3,456,445,115,285,0.7573,-1,-1,-1
20,4,725,455,37,118,0.3935,-1,-1,-1
20,5,1253,433,36,111,0.4686,-1,-1,-1
21,0,588,441,95,270,0.8578,-1,-1,-1
21,1,1492,408,184,408,0.8387,-1,-1,-1
21,2,1609,445,151,357,0.7079,-1,-1,-1
21,3,458,447,114,283,0.7403,-1,-1,-1
21,4,727,455,37,118,0.3163,-1,-1,-1
21,5,1253,433,35,112,0.5069,-1,-1,-1
22,0,589,441,96,271,0.8432,-1,-1,-1
22,1,1491,407,191,410,0.8347,-1,-1,-1
22,2,1619,435,153,366,0.6925,-1,-1,-1
22,3,460,444,115,285,0.7557,-1,-1,-1
22,5,1252,432,36,113,0.5717,-1,-1,-1
23,0,587,441,97,272,0.8216,-1,-1,-1
23,1,1481,407,189,404,0.7452,-1,-1,-1
23,2,1628,426,157,380,0.7143,-1,-1,-1
23,3,465,442,115,287,0.7657,-1,-1,-1
23,5,1251,434,36,111,0.5812,-1,-1,-1
24,0,587,441,96,273,0.8221,-1,-1,-1
24,1,1489,408,192,403,0.7408,-1,-1,-1
24,2,1637,422,156,382,0.6982,-1,-1,-1
24,3,466,441,116,290,0.7854,-1,-1,-1
24,5,1251,434,36,111,0.5545,-1,-1,-1
25,0,587,442,97,272,0.8081,-1,-1,-1
25,1,1496,407,195,405,0.7026,-1,-1,-1
25,2,1645,419,156,383,0.8002,-1,-1,-1
25,3,466,441,116,291,0.7939,-1,-1,-1
25,5,1251,438,35,107,0.5420,-1,-1,-1
26,0,588,441,98,272,0.7975,-1,-1,-1
26,1,1510,405,202,410,0.7666,-1,-1,-1
26,2,1651,413,153,386,0.7162,-1,-1,-1
26,3,468,442,116,289,0.7917,-1,-1,-1
26,5,1251,440,34,104,0.5133,-1,-1,-1
27,0,590,441,98,272,0.8039,-1,-1,-1
27,1,1517,403,205,416,0.8112,-1,-1,-1
27,2,1657,410,150,386,0.7006,-1,-1,-1
27,3,467,441,117,292,0.7562,-1,-1,-1
27,5,1251,441,34,103,0.4854,-1,-1,-1
28,0,590,442,98,272,0.8006,-1,-1,-1
28,1,1522,401,206,424,0.7508,-1,-1,-1
28,2,1663,411,148,387,0.6918,-1,-1,-1
28,3,468,442,116,292,0.7683,-1,-1,-1
28,5,1251,441,34,103,0.4935,-1,-1,-1
29,0,591,443,98,271,0.7610,-1,-1,-1
29,1,1534,401,201,422,0.8008,-1,-1,-1
29,2,1675,418,148,383,0.7207,-1,-1,-1
29,3,470,441,116,291,0.7123,-1,-1,-1
29,5,1250,441,35,104,0.4831,-1,-1,-1
30,0,592,443,99,271,0.7791,-1,-1,-1
30,1,1550,394,200,431,0.7864,-1,-1,-1
30,2,1690,425,153,381,0.6327,-1,-1,-1
30,3,473,440,116,292,0.7171,-1,-1,-1
30,5,1250,440,36,105,0.5181,-1,-1,-1
30,10,1427,429,57,129,0.6634,-1,-1,-1
31,0,595,444,97,269,0.7501,-1,-1,-1
31,1,1570,395,197,432,0.7148,-1,-1,-1
31,2,1699,417,164,394,0.7342,-1,-1,-1
31,3,476,439,115,293,0.7232,-1,-1,-1
31,5,1251,440,35,105,0.5495,-1,-1,-1
31,10,1432,428,58,131,0.5961,-1,-1,-1
32,0,597,444,98,270,0.7619,-1,-1,-1
32,1,1585,393,198,442,0.8246,-1,-1,-1
32,2,1719,414,168,398,0.7627,-1,-1,-1
32,3,478,441,115,298,0.7358,-1,-1,-1
32,5,1251,440,35,105,0.5182,-1,-1,-1
32,10,1438,430,56,128,0.5637,-1,-1,-1
33,0,599,444,98,270,0.7582,-1,-1,-1
33,1,1597,390,200,454,0.8481,-1,-1,-1
33,2,1738,417,169,399,0.5668,-1,-1,-1
33,3,479,442,115,299,0.7193,-1,-1,-1
33,5,1251,440,36,106,0.5590,-1,-1,-1
33,10,1442,431,55,127,0.5752,-1,-1,-1
34,0,602,444,97,271,0.7217,-1,-1,-1
34,1,1608,389,198,452,0.8144,-1,-1,-1
34,2,1745,420,171,400,0.3295,-1,-1,-1
34,3,478,440,114,303,0.7392,-1,-1,-1
34,5,1251,439,36,107,0.6109,-1,-1,-1
34,10,1446,431,54,127,0.6099,-1,-1,-1
35,0,603,443,96,271,0.7399,-1,-1,-1
35,1,1620,392,198,450,0.8363,-1,-1,-1
35,2,1756,434,166,389,0.4890,-1,-1,-1
35,3,472,439,116,306,0.7351,-1,-1,-1
35,5,1251,437,37,109,0.6114,-1,-1,-1
35,10,1450,432,53,125,0.5372,-1,-1,-1
36,0,604,444,95,270,0.7410,-1,-1,-1
36,1,1636,396,204,458,0.8415,-1,-1,-1
36,2,1762,417,170,406,0.6168,-1,-1,-1
36,3,469,440,117,307,0.7172,-1,-1,-1
36,5,1251,435,38,111,0.5982,-1,-1,-1
36,10,1453,432,51,125,0.6159,-1,-1,-1
37,0,605,443,95,270,0.7485,-1,-1,-1
37,1,1649,398,210,461,0.8478,-1,-1,-1
37,2,1772,416,167,409,0.6275,-1,-1,-1
37,3,479,442,113,300,0.6866,-1,-1,-1
37,5,1251,433,39,113,0.5871,-1,-1,-1
37,10,1456,431,51,125,0.6633,-1,-1,-1
38,0,607,444,93,269,0.7707,-1,-1,-1
38,1,1659,399,220,469,0.8682,-1,-1,-1
38,3,466,442,116,302,0.6759,-1,-1,-1
38,5,1252,433,38,113,0.5308,-1,-1,-1
38,10,1458,431,51,125,0.6647,-1,-1,-1
39,0,609,445,92,268,0.7650,-1,-1,-1
39,1,1661,401,226,470,0.8847,-1,-1,-1
39,3,462,442,118,302,0.6675,-1,-1,-1
39,5,1252,430,40,117,0.5020,-1,-1,-1
39,10,1459,430,51,126,0.6200,-1,-1,-1
39,2,1787,410,163,415,0.4908,-1,-1,-1
40,0,611,445,92,269,0.7455,-1,-1,-1
40,1,1659,402,232,472,0.8848,-1,-1,-1
40,3,470,445,117,302,0.6428,-1,-1,-1
40,5,1252,426,41,122,0.4839,-1,-1,-1
40,10,1461,429,50,126,0.6565,-1,-1,-1
40,2,1797,414,153,407,0.6186,-1,-1,-1
41,0,612,444,92,270,0.8040,-1,-1,-1
41,1,1659,402,237,475,0.8895,-1,-1,-1
41,3,472,446,117,303,0.6605,-1,-1,-1
41,5,1252,425,42,123,0.5673,-1,-1,-1
41,10,1462,430,50,125,0.6433,-1,-1,-1
41,2,1802,404,151,422,0.6783,-1,-1,-1
42,0,613,444,92,269,0.8202,-1,-1,-1
42,1,1660,400,242,478,0.8916,-1,-1,-1
42,3,473,446,118,306,0.6868,-1,-1,-1
42,5,1253,425,41,123,0.5576,-1,-1,-1
42,10,1464,429,50,127,0.5954,-1,-1,-1
42,2,1810,401,145,424,0.7201,-1,-1,-1
43,0,615,443,91,270,0.8319,-1,-1,-1
43,1,1661,395,247,484,0.8662,-1,-1,-1
43,3,468,444,121,312,0.7570,-1,-1,-1
43,5,1254,423,41,125,0.6043,-1,-1,-1
43,10,1467,431,49,125,0.6214,-1,-1,-1
43,2,1817,394,139,428,0.6577,-1,-1,-1
44,0,616,443,91,270,0.8373,-1,-1,-1
44,1,1664,392,245,484,0.8531,-1,-1,-1
44,3,468,442,122,316,0.8099,-1,-1,-1
44,5,1254,424,41,124,0.5946,-1,-1,-1
44,10,1470,430,49,126,0.6336,-1,-1,-1
44,2,1828,401,128,420,0.5264,-1,-1,-1
45,0,617,442,92,270,0.8353,-1,-1,-1
45,1,1675,390,243,486,0.8519,-1,-1,-1
45,3,467,441,123,318,0.8261,-1,-1,-1
45,5,1255,423,41,125,0.5804,-1,-1,-1
45,10,1476,431,47,125,0.6140,-1,-1,-1
46,0,618,442,92,270,0.8249,-1,-1,-1
46,1,1688,390,237,484,0.8488,-1,-1,-1
46,3,464,440,125,320,0.8508,-1,-1,-1
46,5,1256,421,42,127,0.5670,-1,-1,-1
46,10,1480,429,47,126,0.6571,-1,-1,-1
47,0,619,443,92,269,0.8241,-1,-1,-1
47,1,1720,385,231,490,0.7165,-1,-1,-1
47,3,463,439,126,322,0.8506,-1,-1,-1
47,5,1256,421,42,127,0.5751,-1,-1,-1
47,10,1483,427,47,128,0.5905,-1,-1,-1
48,0,620,443,93,269,0.8281,-1,-1,-1
48,1,1740,386,219,484,0.7482,-1,-1,-1
48,3,462,439,127,321,0.8458,-1,-1,-1
48,5,1256,422,42,126,0.5961,-1,-1,-1
49,0,621,442,93,270,0.8257,-1,-1,-1
49,1,1751,382,211,483,0.8160,-1,-1,-1
49,3,461,439,127,321,0.8438,-1,-1,-1
49,5,1257,424,41,125,0.6344,-1,-1,-1
50,0,621,442,94,270,0.8333,-1,-1,-1
50,1,1763,382,202,486,0.8275,-1,-1,-1
50,3,461,439,127,320,0.8532,-1,-1,-1
50,5,1257,425,40,124,0.5748,-1,-1,-1
51,0,622,441,94,271,0.8274,-1,-1,-1
51,1,1772,383,194,489,0.8133,-1,-1,-1
51,3,461,438,127,321,0.8503,-1,-1,-1
51,5,1257,426,40,123,0.6092,-1,-1,-1
51,12,582,445,55,144,0.5311,-1,-1,-1
52,0,622,441,95,272,0.8077,-1,-1,-1
52,1,1783,382,183,484,0.8099,-1,-1,-1
52,3,463,438,127,321,0.8308,-1,-1,-1
52,5,1257,425,40,124,0.5893,-1,-1,-1
52,12,584,445,56,145,0.5123,-1,-1,-1
53,0,622,442,95,271,0.8009,-1,-1,-1
53,1,1789,387,173,480,0.7801,-1,-1,-1
53,3,465,437,126,323,0.8254,-1,-1,-1
53,5,1257,426,40,123,0.6124,-1,-1,-1
53,12,585,445,55,144,0.5340,-1,-1,-1
54,0,623,442,95,272,0.8174,-1,-1,-1
54,1,1791,387,167,483,0.7656,-1,-1,-1
54,3,465,437,127,323,0.8182,-1,-1,-1
54,5,1258,428,40,121,0.5803,-1,-1,-1
54,12,584,444,55,146,0.5475,-1,-1,-1
55,0,623,441,95,273,0.8123,-1,-1,-1
55,1,1796,411,155,466,0.7435,-1,-1,-1
55,3,466,436,126,323,0.8250,-1,-1,-1
55,5,1258,429,39,120,0.5944,-1,-1,-1
55,12,583,444,55,146,0.5823,-1,-1,-1
56,0,623,440,96,275,0.8196,-1,-1,-1
56,1,1800,426,146,451,0.6815,-1,-1,-1
56,3,467,437,124,322,0.8174,-1,-1,-1
56,5,1258,430,40,119,0.5496,-1,-1,-1
56,12,582,444,55,145,0.5545,-1,-1,-1
56,13,698,454,69,210,0.5578,-1,-1,-1
57,0,623,440,97,277,0.8141,-1,-1,-1
57,1,1806,452,135,429,0.5132,-1,-1,-1
57,3,469,438,123,322,0.8065,-1,-1,-1
57,5,1259,431,39,118,0.6195,-1,-1,-1
57,12,580,442,56,147,0.5525,-1,-1,-1
57,13,696,452,71,214,0.5704,-1,-1,-1
58,0,624,441,96,278,0.8183,-1,-1,-1
58,1,1810,470,128,415,0.5551,-1,-1,-1
58,3,470,440,122,320,0.7956,-1,-1,-1
58,5,1260,434,38,115,0.6288,-1,-1,-1
58,12,580,442,56,147,0.5351,-1,-1,-1
58,13,698,451,71,216,0.4718,-1,-1,-1
58,10,1533,445,37,105,0.5063,-1,-1,-1
59,0,623,440,97,280,0.8325,-1,-1,-1
59,3,473,440,121,321,0.7986,-1,-1,-1
59,5,1260,435,39,113,0.6213,-1,-1,-1
59,12,580,442,55,146,0.5262,-1,-1,-1
59,13,699,452,71,216,0.5135,-1,-1,-1
59,10,1536,445,36,106,0.4235,-1,-1,-1
60,0,622,440,98,284,0.8112,-1,-1,-1
60,3,476,441,122,320,0.8133,-1,-1,-1
60,5,1261,434,39,114,0.6250,-1,-1,-1
60,12,579,441,56,147,0.4429,-1,-1,-1
60,13,699,449,72,220,0.5141,-1,-1,-1
60,10,1537,441,37,110,0.3535,-1,-1,-1
61,0,621,441,99,286,0.8172,-1,-1,-1
61,3,481,441,122,320,0.8014,-1,-1,-1
61,5,1260,435,39,113,0.6146,-1,-1,-1
61,12,577,443,56,145,0.3936,-1,-1,-1
61,13,699,449,73,221,0.5000,-1,-1,-1
61,10,1536,439,37,112,0.3222,-1,-1,-1
62,0,621,442,98,285,0.8139,-1,-1,-1
62,3,487,441,124,321,0.8428,-1,-1,-1
62,5,1259,430,41,118,0.6086,-1,-1,-1
62,12,580,444,55,143,0.3119,-1,-1,-1
62,13,699,449,72,223,0.5616,-1,-1,-1
63,0,620,443,98,285,0.8308,-1,-1,-1
63,3,493,444,124,318,0.7709,-1,-1,-1
63,5,1259,426,42,122,0.5840,-1,-1,-1
63,12,579,444,54,143,0.3515,-1,-1,-1
63,13,698,450,72,222,0.5949,-1,-1,-1
64,0,619,444,98,284,0.8449,-1,-1,-1
64,3,499,444,125,318,0.7318,-1,-1,-1
64,5,1258,424,43,124,0.6038,-1,-1,-1
64,13,698,451,72,222,0.5805,-1,-1,-1
65,0,618,445,98,284,0.8358,-1,-1,-1
65,3,503,445,124,318,0.8126,-1,-1,-1
65,5,1258,422,43,126,0.6393,-1,-1,-1
65,13,698,453,70,221,0.5881,-1,-1,-1
66,0,617,445,98,285,0.8365,-1,-1,-1
66,3,504,446,124,317,0.8114,-1,-1,-1
66,5,1258,420,44,127,0.6481,-1,-1,-1
66,13,698,454,70,218,0.5576,-1,-1,-1
67,0,617,446,98,286,0.8381,-1,-1,-1
67,3,506,446,126,319,0.7452,-1,-1,-1
67,5,1258,422,43,125,0.6172,-1,-1,-1
67,13,699,455,69,216,0.6139,-1,-1,-1
68,0,615,445,98,287,0.8348,-1,-1,-1
68,3,506,448,127,318,0.7911,-1,-1,-1
68,5,1259,425,42,122,0.5608,-1,-1,-1
68,13,700,457,69,214,0.6653,-1,-1,-1
69,0,614,445,98,287,0.8383,-1,-1,-1
69,3,502,444,130,324,0.8089,-1,-1,-1
69,5,1260,428,41,119,0.5487,-1,-1,-1
69,13,700,458,69,214,0.6605,-1,-1,-1
70,0,613,446,99,285,0.8393,-1,-1,-1
70,3,502,443,131,323,0.8083,-1,-1,-1
70,5,1260,430,40,117,0.5748,-1,-1,-1
70,13,701,460,68,212,0.6094,-1,-1,-1
71,0,613,445,98,286,0.8415,-1,-1,-1
71,3,504,444,132,322,0.8051,-1,-1,-1
71,5,1260,431,40,116,0.5947,-1,-1,-1
71,13,701,456,71,221,0.5542,-1,-1,-1
72,0,612,444,99,286,0.8294,-1,-1,-1
72,3,506,444,131,323,0.7676,-1,-1,-1
72,5,1259,430,41,117,0.5586,-1,-1,-1
72,13,701,453,73,228,0.5930,-1,-1,-1
73,0,612,444,100,289,0.8121,-1,-1,-1
73,3,508,443,132,323,0.8034,-1,-1,-1
73,5,1259,429,41,118,0.5779,-1,-1,-1
73,13,702,452,73,228,0.5913,-1,-1,-1
74,0,613,445,100,289,0.8052,-1,-1,-1
74,3,511,445,132,323,0.7471,-1,-1,-1
74,5,1259,425,42,122,0.5954,-1,-1,-1
74,13,702,450,75,230,0.5755,-1,-1,-1
74,14,1075,449,56,145,0.4851,-1,-1,-1
75,0,614,443,99,288,0.7739,-1,-1,-1
75,3,512,444,131,323,0.7501,-1,-1,-1
75,5,1258,423,43,125,0.6180,-1,-1,-1
75,13,702,450,74,229,0.5723,-1,-1,-1
75,14,1074,451,55,143,0.4962,-1,-1,-1
76,0,616,443,98,287,0.7878,-1,-1,-1
76,3,515,446,129,321,0.7272,-1,-1,-1
76,5,1259,423,42,125,0.6336,-1,-1,-1
76,13,702,452,74,226,0.6168,-1,-1,-1
76,14,1073,452,55,142,0.4877,-1,-1,-1
77,0,617,442,97,288,0.7912,-1,-1,-1
77,3,517,445,129,322,0.6949,-1,-1,-1
77,5,1259,423,42,125,0.6347,-1,-1,-1
77,13,704,451,74,227,0.5933,-1,-1,-1
77,14,1072,453,55,141,0.4741,-1,-1,-1
78,0,619,441,96,290,0.7581,-1,-1,-1
78,3,520,444,127,323,0.6564,-1,-1,-1
78,5,1260,428,41,119,0.6129,-1,-1,-1
78,13,708,449,75,228,0.5559,-1,-1,-1
78,14,1071,452,56,143,0.4827,-1,-1,-1
79,0,621,441,96,292,0.7373,-1,-1,-1
79,3,525,441,127,327,0.6419,-1,-1,-1
79,5,1260,432,40,115,0.5856,-1,-1,-1
79,13,712,448,78,229,0.6275,-1,-1,-1
79,14,1072,452,57,143,0.4784,-1,-1,-1
80,0,623,440,94,290,0.7439,-1,-1,-1
80,3,528,440,127,333,0.6188,-1,-1,-1
80,5,1260,430,41,117,0.6122,-1,-1,-1
80,13,715,450,79,228,0.7111,-1,-1,-1
80,14,1070,450,57,145,0.4604,-1,-1,-1
80,15,506,446,90,298,0.5283,-1,-1,-1
81,0,625,441,93,288,0.7221,-1,-1,-1
81,3,531,440,127,336,0.6398,-1,-1,-1
81,5,1260,429,42,118,0.6101,-1,-1,-1
81,13,716,448,82,230,0.7269,-1,-1,-1
81,14,1068,447,60,148,0.4778,-1,-1,-1
81,15,511,446,92,303,0.4542,-1,-1,-1
82,0,626,441,92,288,0.6708,-1,-1,-1
82,3,530,438,127,340,0.6743,-1,-1,-1
82,5,1260,430,41,117,0.5854,-1,-1,-1
82,13,717,449,85,229,0.6480,-1,-1,-1
82,14,1071,447,59,148,0.4642,-1,-1,-1
83,0,629,441,91,289,0.7161,-1,-1,-1
83,3,541,437,125,342,0.6110,-1,-1,-1
83,5,1260,429,42,118,0.6222,-1,-1,-1
83,13,719,454,84,224,0.7172,-1,-1,-1
83,14,1073,445,60,150,0.4590,-1,-1,-1
84,0,634,444,89,287,0.7286,-1,-1,-1
84,3,547,438,121,341,0.6126,-1,-1,-1
84,5,1260,430,42,117,0.5877,-1,-1,-1
84,13,720,458,85,220,0.7175,-1,-1,-1
84,14,1075,446,60,148,0.4755,-1,-1,-1
85,0,637,445,88,287,0.6703,-1,-1,-1
85,3,543,438,121,343,0.6080,-1,-1,-1
85,5,1261,428,42,119,0.5484,-1,-1,-1
85,13,722,458,86,221,0.7043,-1,-1,-1
85,14,1076,449,59,146,0.4233,-1,-1,-1
86,0,638,445,88,287,0.6461,-1,-1,-1
86,3,537,440,121,338,0.6467,-1,-1,-1
86,5,1261,427,42,120,0.5479,-1,-1,-1
86,13,723,458,87,221,0.7538,-1,-1,-1
86,14,1079,450,58,145,0.4186,-1,-1,-1
87,0,637,444,88,287,0.6252,-1,-1,-1
87,3,534,441,122,336,0.6590,-1,-1,-1
87,5,1261,426,43,121,0.5342,-1,-1,-1
87,13,725,458,88,221,0.7576,-1,-1,-1
87,14,1080,452,56,143,0.3425,-1,-1,-1
88,0,638,445,88,287,0.6626,-1,-1,-1
88,3,545,442,120,338,0.4718,-1,-1,-1
88,5,1261,423,43,123,0.5420,-1,-1,-1
88,13,727,454,90,225,0.7823,-1,-1,-1
88,14,1080,453,55,141,0.3912,-1,-1,-1
88,15,518,444,93,307,0.5231,-1,-1,-1
89,0,640,444,89,290,0.7018,-1,-1,-1
89,3,555,444,116,338,0.4732,-1,-1,-1
89,5,1261,423,43,124,0.5302,-1,-1,-1
89,13,727,452,92,226,0.7864,-1,-1,-1
89,14,1079,455,55,140,0.4037,-1,-1,-1
89,15,517,444,91,302,0.5879,-1,-1,-1
90,0,642,445,90,290,0.7324,-1,-1,-1
90,3,558,447,113,336,0.4631,-1,-1,-1
90,5,1261,426,42,120,0.5425,-1,-1,-1
90,13,728,453,92,225,0.7228,-1,-1,-1
90,14,1079,455,55,140,0.4377,-1,-1,-1
90,15,518,443,90,302,0.6290,-1,-1,-1
91,0,644,445,91,293,0.7436,-1,-1,-1
91,3,553,447,112,337,0.3830,-1,-1,-1
91,5,1260,428,42,119,0.4461,-1,-1,-1
91,13,729,453,93,226,0.6905,-1,-1,-1
91,14,1078,458,54,136,0.4688,-1,-1,-1
91,15,519,442,91,301,0.6527,-1,-1,-1
92,0,643,441,93,298,0.7518,-1,-1,-1
92,3,544,442,116,340,0.4617,-1,-1,-1
92,5,1259,428,42,119,0.5198,-1,-1,-1
92,13,731,452,94,228,0.7060,-1,-1,-1
92,14,1076,458,55,135,0.4478,-1,-1,-1
92,15,519,440,91,303,0.6210,-1,-1,-1
93,0,643,440,94,301,0.7359,-1,-1,-1
93,3,542,443,118,346,0.4206,-1,-1,-1
93,5,1259,428,42,120,0.5195,-1,-1,-1
93,13,733,452,94,229,0.7279,-1,-1,-1
93,14,1075,458,56,136,0.4806,-1,-1,-1
93,15,520,440,90,303,0.6446,-1,-1,-1
94,0,642,439,96,303,0.7798,-1,-1,-1
94,3,538,441,120,346,0.5710,-1,-1,-1
94,5,1259,429,42,119,0.5693,-1,-1,-1
94,13,736,452,94,228,0.7233,-1,-1,-1
94,14,1075,456,56,138,0.4586,-1,-1,-1
94,15,520,440,90,304,0.6237,-1,-1,-1
95,0,643,437,97,306,0.7779,-1,-1,-1
95,3,538,440,122,347,0.5028,-1,-1,-1
95,5,1259,426,43,123,0.5748,-1,-1,-1
95,13,739,453,94,227,0.7338,-1,-1,-1
95,14,1075,457,56,136,0.3811,-1,-1,-1
95,15,520,440,90,304,0.6564,-1,-1,-1
96,0,642,437,98,306,0.7876,-1,-1,-1
96,3,535,440,125,349,0.6159,-1,-1,-1
96,5,1259,423,44,126,0.5653,-1,-1,-1
96,13,741,453,93,228,0.7420,-1,-1,-1
96,14,1075,457,55,136,0.3805,-1,-1,-1
96,15,521,439,89,305,0.6022,-1,-1,-1
97,0,642,436,98,308,0.7648,-1,-1,-1
97,3,544,437,124,351,0.6215,-1,-1,-1
97,5,1258,422,45,127,0.5603,-1,-1,-1
97,13,742,453,93,229,0.7551,-1,-1,-1
97,14,1074,457,57,136,0.3402,-1,-1,-1
97,15,521,439,89,305,0.5734,-1,-1,-1
98,0,643,435,98,309,0.7526,-1,-1,-1
98,3,543,436,125,354,0.6792,-1,-1,-1
98,5,1257,423,45,126,0.5994,-1,-1,-1
98,13,744,451,95,234,0.7605,-1,-1,-1
98,14,1075,457,56,135,0.3609,-1,-1,-1
98,15,519,439,89,306,0.5022,-1,-1,-1
99,0,645,439,98,305,0.7657,-1,-1,-1
99,3,553,436,122,356,0.6359,-1,-1,-1
99,5,1257,430,42,119,0.5543,-1,-1,-1
99,13,748,451,94,235,0.7551,-1,-1,-1
99,14,1076,452,57,140,0.3450,-1,-1,-1
99,15,519,439,89,306,0.5814,-1,-1,-1
100,0,646,439,99,305,0.7425,-1,-1,-1
100,3,550,437,122,359,0.6426,-1,-1,-1
100,5,1257,428,43,121,0.5185,-1,-1,-1
100,13,749,451,95,237,0.7291,-1,-1,-1
100,14,1078,450,57,141,0.4021,-1,-1,-1
100,15,519,440,90,304,0.3775,-1,-1,-1
101,0,649,439,99,304,0.7855,-1,-1,-1
101,3,553,437,121,360,0.6417,-1,-1,-1
101,5,1257,429,42,120,0.4629,-1,-1,-1
101,13,751,454,94,236,0.6315,-1,-1,-1
101,14,1076,449,58,143,0.3583,-1,-1,-1
101,15,517,440,90,307,0.5628,-1,-1,-1
102,0,652,440,100,302,0.7908,-1,-1,-1
102,3,558,437,119,361,0.7120,-1,-1,-1
102,5,1257,433,40,116,0.4209,-1,-1,-1
102,13,752,454,94,237,0.6726,-1,-1,-1
102,14,1075,446,58,146,0.4183,-1,-1,-1
102,15,512,439,92,308,0.5982,-1,-1,-1
103,0,655,440,101,302,0.8250,-1,-1,-1
103,3,558,438,117,360,0.7291,-1,-1,-1
103,5,1256,437,39,112,0.3975,-1,-1,-1
103,13,754,456,92,235,0.7253,-1,-1,-1
103,14,1074,444,59,148,0.4027,-1,-1,-1
103,15,510,438,94,309,0.4947,-1,-1,-1
104,0,655,440,102,302,0.7565,-1,-1,-1
104,3,558,438,117,359,0.6894,-1,-1,-1
104,5,1256,440,37,109,0.4022,-1,-1,-1
104,13,754,456,93,236,0.7146,-1,-1,-1
104,14,1081,443,55,138,0.4182,-1,-1,-1
104,15,510,437,95,310,0.5610,-1,-1,-1
105,0,657,441,102,301,0.8277,-1,-1,-1
105,3,553,436,118,360,0.7067,-1,-1,-1
105,5,1255,439,36,109,0.3671,-1,-1,-1
105,13,755,458,92,236,0.7670,-1,-1,-1
105,14,1076,443,57,145,0.4159,-1,-1,-1
105,15,510,438,95,309,0.4869,-1,-1,-1
106,0,659,442,102,301,0.8466,-1,-1,-1
106,3,554,436,118,357,0.6948,-1,-1,-1
106,5,1254,437,37,112,0.4063,-1,-1,-1
106,13,756,459,92,237,0.7642,-1,-1,-1
106,14,1075,445,57,146,0.4080,-1,-1,-1
106,15,511,438,95,309,0.4864,-1,-1,-1
107,0,662,443,102,301,0.8690,-1,-1,-1
107,3,550,437,119,356,0.7094,-1,-1,-1
107,5,1254,437,36,111,0.4558,-1,-1,-1
107,13,756,457,94,241,0.7951,-1,-1,-1
107,14,1074,444,58,147,0.4338,-1,-1,-1
107,15,513,439,94,308,0.4464,-1,-1,-1
108,0,663,443,102,302,0.8777,-1,-1,-1
108,3,544,437,124,363,0.7039,-1,-1,-1
108,5,1253,439,35,110,0.5213,-1,-1,-1
108,13,756,451,95,247,0.7777,-1,-1,-1
108,14,1073,446,58,147,0.4887,-1,-1,-1
108,15,518,439,93,308,0.3814,-1,-1,-1
109,0,663,444,103,302,0.8712,-1,-1,-1
109,3,547,440,125,363,0.7050,-1,-1,-1
109,5,1252,440,35,109,0.5370,-1,-1,-1
109,13,757,450,95,248,0.7692,-1,-1,-1
109,14,1073,444,58,150,0.4904,-1,-1,-1
109,15,519,440,91,307,0.4079,-1,-1,-1
110,0,663,443,103,306,0.8848,-1,-1,-1
110,3,554,440,125,365,0.7187,-1,-1,-1
110,5,1252,442,33,105,0.5164,-1,-1,-1
110,13,757,450,95,249,0.7869,-1,-1,-1
110,14,1072,443,59,151,0.4651,-1,-1,-1
110,15,518,441,91,306,0.3307,-1,-1,-1
111,0,663,444,104,306,0.8899,-1,-1,-1
111,3,561,440,125,366,0.7211,-1,-1,-1
111,5,1251,442,33,105,0.5488,-1,-1,-1
111,13,758,450,95,249,0.7726,-1,-1,-1
111,14,1074,445,58,149,0.4279,-1,-1,-1
111,15,515,440,93,308,0.3830,-1,-1,-1
112,0,664,443,104,310,0.8914,-1,-1,-1
112,3,563,440,124,367,0.7240,-1,-1,-1
112,5,1247,444,34,104,0.6275,-1,-1,-1
112,13,758,448,95,251,0.7428,-1,-1,-1
112,14,1074,446,58,147,0.4655,-1,-1,-1
112,15,513,440,93,307,0.3695,-1,-1,-1
113,0,665,443,104,312,0.8807,-1,-1,-1
113,3,558,439,126,369,0.7341,-1,-1,-1
113,5,1245,445,34,103,0.6863,-1,-1,-1
113,13,759,447,94,251,0.7217,-1,-1,-1
113,14,1075,444,58,149,0.4870,-1,-1,-1
114,0,666,442,104,313,0.8718,-1,-1,-1
114,3,553,439,128,369,0.7561,-1,-1,-1
114,5,1244,444,35,104,0.6623,-1,-1,-1
114,13,761,449,91,248,0.6397,-1,-1,-1
114,14,1076,444,57,147,0.4604,-1,-1,-1
115,0,668,442,103,313,0.8567,-1,-1,-1
115,3,561,440,127,369,0.7612,-1,-1,-1
115,5,1243,444,35,102,0.6496,-1,-1,-1
115,13,763,449,91,248,0.7097,-1,-1,-1
115,14,1076,444,58,147,0.4404,-1,-1,-1
116,0,669,442,103,313,0.8500,-1,-1,-1
116,3,558,439,127,371,0.7220,-1,-1,-1
116,5,1242,444,35,100,0.6317,-1,-1,-1
116,13,764,449,92,250,0.7475,-1,-1,-1
116,14,1076,444,57,147,0.4487,-1,-1,-1
117,0,670,442,103,315,0.8703,-1,-1,-1
117,3,554,438,129,374,0.7063,-1,-1,-1
117,5,1242,443,35,101,0.6488,-1,-1,-1
117,13,766,450,90,247,0.7761,-1,-1,-1
117,14,1078,444,57,147,0.4448,-1,-1,-1
118,0,670,442,102,317,0.8682,-1,-1,-1
118,3,551,440,132,378,0.7083,-1,-1,-1
118,5,1241,443,35,100,0.6543,-1,-1,-1
118,13,767,451,90,246,0.7969,-1,-1,-1
118,14,1079,443,57,147,0.4873,-1,-1,-1
119,0,670,443,103,319,0.8722,-1,-1,-1
119,3,544,439,136,383,0.7404,-1,-1,-1
119,5,1240,444,35,98,0.6231,-1,-1,-1
119,13,768,450,90,248,0.7968,-1,-1,-1
119,14,1078,445,57,146,0.4897,-1,-1,-1
120,0,671,443,103,320,0.8697,-1,-1,-1
120,3,546,442,137,382,0.7567,-1,-1,-1
120,5,1239,445,35,97,0.6161,-1,-1,-1
120,13,769,450,93,251,0.7579,-1,-1,-1
120,14,1077,448,56,143,0.4105,-1,-1,-1
121,0,673,443,103,321,0.8688,-1,-1,-1
121,3,552,443,138,385,0.7725,-1,-1,-1
121,5,1239,447,34,95,0.5397,-1,-1,-1
121,13,772,452,93,250,0.7376,-1,-1,-1
121,14,1078,455,54,136,0.4263,-1,-1,-1
122,0,674,442,104,322,0.8462,-1,-1,-1
122,3,549,443,140,387,0.7832,-1,-1,-1
122,5,1239,451,33,93,0.4227,-1,-1,-1
122,13,776,451,94,252,0.7112,-1,-1,-1
122,14,1080,462,51,129,0.3817,-1,-1,-1
123,0,676,442,103,321,0.8366,-1,-1,-1
123,3,550,444,141,388,0.7957,-1,-1,-1
123,5,1239,454,33,91,0.3867,-1,-1,-1
123,13,778,453,96,251,0.7323,-1,-1,-1
123,14,1080,465,50,126,0.3091,-1,-1,-1
124,0,677,439,105,325,0.8277,-1,-1,-1
124,3,552,445,142,390,0.7808,-1,-1,-1
124,5,1236,455,34,91,0.5249,-1,-1,-1
124,13,780,456,96,248,0.7615,-1,-1,-1
124,14,1080,465,51,126,0.3384,-1,-1,-1
125,0,679,437,104,328,0.8295,-1,-1,-1
125,3,552,445,143,390,0.7900,-1,-1,-1
125,5,1234,456,34,92,0.5393,-1,-1,-1
125,13,784,458,96,247,0.7756,-1,-1,-1
125,14,1079,466,51,126,0.4028,-1,-1,-1
126,0,680,438,103,323,0.8172,-1,-1,-1
126,3,554,445,145,390,0.7178,-1,-1,-1
126,5,1230,454,36,97,0.5088,-1,-1,-1
126,13,785,457,97,248,0.7549,-1,-1,-1
126,14,1079,466,51,126,0.3794,-1,-1,-1
127,0,681,437,103,326,0.8086,-1,-1,-1
127,3,553,444,148,391,0.7330,-1,-1,-1
127,5,1227,454,38,100,0.5399,-1,-1,-1
127,13,784,456,98,250,0.7819,-1,-1,-1
127,14,1079,465,53,127,0.4985,-1,-1,-1
128,0,682,436,103,329,0.8307,-1,-1,-1
128,3,553,442,150,393,0.7452,-1,-1,-1
128,5,1226,458,37,98,0.5604,-1,-1,-1
128,13,786,455,98,251,0.7909,-1,-1,-1
128,14,1079,464,54,129,0.5499,-1,-1,-1
129,0,683,435,103,330,0.8374,-1,-1,-1
129,3,563,439,150,396,0.7489,-1,-1,-1
129,5,1224,462,37,94,0.5706,-1,-1,-1
129,13,787,457,98,249,0.7930,-1,-1,-1
129,14,1079,463,54,130,0.5497,-1,-1,-1
130,0,683,435,103,329,0.8409,-1,-1,-1
130,3,559,439,152,396,0.7557,-1,-1,-1
130,5,1223,461,37,95,0.6051,-1,-1,-1
130,13,789,458,97,248,0.8118,-1,-1,-1
130,14,1079,463,54,130,0.5568,-1,-1,-1
131,0,684,433,102,330,0.8488,-1,-1,-1
131,3,559,438,154,397,0.7653,-1,-1,-1
131,5,1223,462,37,94,0.5814,-1,-1,-1
131,13,793,459,97,247,0.8241,-1,-1,-1
131,14,1079,463,55,130,0.3739,-1,-1,-1
132,0,685,432,101,331,0.8504,-1,-1,-1
132,3,561,437,154,398,0.7521,-1,-1,-1
132,13,794,457,99,249,0.7642,-1,-1,-1
133,0,686,432,100,330,0.8279,-1,-1,-1
133,3,569,436,153,399,0.7614,-1,-1,-1
133,13,796,455,99,251,0.7318,-1,-1,-1
133,5,1221,460,39,95,0.4873,-1,-1,-1
134,0,689,432,100,331,0.8242,-1,-1,-1
134,3,571,435,153,402,0.7850,-1,-1,-1
134,13,796,456,99,250,0.6866,-1,-1,-1
134,5,1221,459,39,96,0.4997,-1,-1,-1
135,0,691,432,99,330,0.8340,-1,-1,-1
135,3,570,435,154,406,0.7482,-1,-1,-1
135,13,797,455,100,251,0.6415,-1,-1,-1
135,5,1219,456,40,98,0.4225,-1,-1,-1
136,0,692,432,99,329,0.8373,-1,-1,-1
136,3,570,435,155,410,0.7579,-1,-1,-1
136,13,796,450,101,258,0.7057,-1,-1,-1
136,5,1216,452,42,102,0.4478,-1,-1,-1
137,0,693,431,100,329,0.8544,-1,-1,-1
137,3,569,434,156,419,0.7390,-1,-1,-1
137,13,797,452,101,257,0.7100,-1,-1,-1
137,5,1215,449,41,104,0.3524,-1,-1,-1
138,0,695,432,100,328,0.8519,-1,-1,-1
138,3,565,434,159,427,0.7659,-1,-1,-1
138,13,799,452,101,259,0.7294,-1,-1,-1
138,5,1214,448,41,106,0.3734,-1,-1,-1
139,0,697,431,101,328,0.8432,-1,-1,-1
139,3,563,434,160,431,0.7945,-1,-1,-1
139,13,803,452,99,258,0.7775,-1,-1,-1
139,5,1212,445,43,109,0.5784,-1,-1,-1
140,0,699,432,102,328,0.8607,-1,-1,-1
140,3,558,433,161,434,0.7962,-1,-1,-1
140,13,805,453,98,257,0.7202,-1,-1,-1
140,5,1212,446,42,108,0.4680,-1,-1,-1
141,0,700,431,104,331,0.8724,-1,-1,-1
141,3,554,433,162,435,0.7776,-1,-1,-1
141,13,808,452,98,262,0.7637,-1,-1,-1
141,5,1210,443,43,112,0.5785,-1,-1,-1
142,0,702,431,105,333,0.8775,-1,-1,-1
142,3,556,434,162,432,0.7698,-1,-1,-1
142,13,809,449,100,271,0.7355,-1,-1,-1
142,5,1209,442,42,112,0.3644,-1,-1,-1
143,0,703,432,107,332,0.8740,-1,-1,-1
143,3,558,434,162,435,0.7668,-1,-1,-1
143,13,810,444,101,278,0.7098,-1,-1,-1
143,5,1207,446,42,108,0.4653,-1,-1,-1
144,0,704,432,111,334,0.8714,-1,-1,-1
144,3,560,435,161,435,0.7485,-1,-1,-1
144,13,813,445,100,278,0.4464,-1,-1,-1
144,5,1203,442,43,112,0.5594,-1,-1,-1
145,0,705,431,114,336,0.8851,-1,-1,-1
145,3,559,434,162,440,0.7819,-1,-1,-1
145,13,816,446,96,273,0.6831,-1,-1,-1
145,5,1202,440,43,113,0.5296,-1,-1,-1
146,0,706,431,117,337,0.8759,-1,-1,-1
146,3,559,434,162,442,0.7690,-1,-1,-1
146,13,818,448,94,271,0.6335,-1,-1,-1
146,5,1201,437,43,115,0.5550,-1,-1,-1
147,0,709,434,120,337,0.8617,-1,-1,-1
147,3,557,434,163,448,0.7638,-1,-1,-1
147,13,821,452,92,268,0.7421,-1,-1,-1
147,5,1200,436,42,115,0.5820,-1,-1,-1
148,0,712,436,120,336,0.8695,-1,-1,-1
148,3,556,434,164,453,0.7902,-1,-1,-1
148,13,823,455,90,266,0.7179,-1,-1,-1
148,5,1199,438,42,113,0.6151,-1,-1,-1
148,16,890,440,70,241,0.5354,-1,-1,-1
149,0,713,436,122,338,0.8608,-1,-1,-1
149,3,554,433,164,455,0.7787,-1,-1,-1
149,13,825,455,90,268,0.7570,-1,-1,-1
149,5,1198,437,41,113,0.5736,-1,-1,-1
149,16,894,441,70,239,0.5813,-1,-1,-1
150,0,714,434,123,341,0.8619,-1,-1,-1
150,3,553,433,164,456,0.7835,-1,-1,-1
150,13,828,457,89,267,0.7022,-1,-1,-1
150,5,1197,437,42,113,0.5647,-1,-1,-1
150,16,892,441,72,244,0.6218,-1,-1,-1
151,0,715,434,123,341,0.8500,-1,-1,-1
151,3,551,432,164,457,0.7686,-1,-1,-1
151,13,829,456,90,268,0.7201,-1,-1,-1
151,5,1197,437,41,112,0.5420,-1,-1,-1
151,16,894,439,73,247,0.6891,-1,-1,-1
152,0,714,434,123,341,0.8495,-1,-1,-1
152,3,551,429,165,460,0.7515,-1,-1,-1
152,13,830,452,92,276,0.7078,-1,-1,-1
152,5,1196,438,41,111,0.5714,-1,-1,-1
152,16,895,439,73,247,0.5449,-1,-1,-1
152,14,1074,457,57,139,0.4654,-1,-1,-1
153,0,715,433,124,342,0.8469,-1,-1,-1
153,3,547,427,166,461,0.7471,-1,-1,-1
153,13,831,450,93,279,0.7319,-1,-1,-1
153,5,1194,439,41,110,0.4698,-1,-1,-1
153,16,897,439,72,242,0.5070,-1,-1,-1
153,14,1074,456,56,140,0.4260,-1,-1,-1
154,0,717,432,123,342,0.8542,-1,-1,-1
154,3,543,426,167,462,0.7734,-1,-1,-1
154,13,832,450,93,279,0.7083,-1,-1,-1
154,5,1194,441,40,109,0.4657,-1,-1,-1
154,16,898,438,73,244,0.6462,-1,-1,-1
154,14,1075,460,54,136,0.3927,-1,-1,-1
155,0,719,433,123,341,0.8568,-1,-1,-1
155,3,538,426,168,462,0.8050,-1,-1,-1
155,13,833,450,92,279,0.6929,-1,-1,-1
155,5,1193,441,41,109,0.4635,-1,-1,-1
155,16,900,437,73,246,0.5734,-1,-1,-1
155,14,1074,459,53,137,0.3866,-1,-1,-1
156,0,720,433,123,340,0.8395,-1,-1,-1
156,3,535,426,168,463,0.8235,-1,-1,-1
156,13,835,451,92,279,0.7193,-1,-1,-1
156,5,1193,443,40,107,0.5171,-1,-1,-1
156,16,900,437,74,247,0.6059,-1,-1,-1
156,14,1074,459,53,137,0.3604,-1,-1,-1
157,0,722,434,122,340,0.8500,-1,-1,-1
157,3,533,426,169,464,0.7947,-1,-1,-1
157,13,835,451,92,280,0.7343,-1,-1,-1
157,5,1192,446,40,104,0.3974,-1,-1,-1
157,16,901,436,75,251,0.5299,-1,-1,-1
157,14,1073,460,53,135,0.3670,-1,-1,-1
158,0,725,433,123,341,0.8524,-1,-1,-1
158,3,532,426,168,463,0.7916,-1,-1,-1
158,13,838,451,92,281,0.7502,-1,-1,-1
158,5,1191,447,39,102,0.3773,-1,-1,-1
158,16,905,437,74,246,0.3504,-1,-1,-1
158,14,1075,461,52,134,0.4135,-1,-1,-1
159,0,730,432,123,342,0.8495,-1,-1,-1
159,3,531,425,168,463,0.7978,-1,-1,-1
159,13,838,449,92,282,0.7389,-1,-1,-1
159,16,909,437,75,249,0.5919,-1,-1,-1
159,14,1075,462,52,134,0.3630,-1,-1,-1
160,0,733,431,123,343,0.8554,-1,-1,-1
160,3,530,425,168,461,0.8010,-1,-1,-1
160,13,841,449,92,281,0.7755,-1,-1,-1
160,16,913,437,76,250,0.4890,-1,-1,-1
160,14,1074,461,53,135,0.3543,-1,-1,-1
160,17,668,440,81,334,0.5294,-1,-1,-1
161,0,735,431,123,344,0.8504,-1,-1,-1
161,3,530,425,168,461,0.8125,-1,-1,-1
161,13,843,448,92,284,0.7885,-1,-1,-1
161,16,916,438,76,250,0.4880,-1,-1,-1
161,14,1074,461,53,135,0.3678,-1,-1,-1
161,17,667,441,83,338,0.5227,-1,-1,-1
162,0,737,433,122,344,0.8240,-1,-1,-1
162,3,529,425,169,461,0.8177,-1,-1,-1
162,13,847,447,92,285,0.8186,-1,-1,-1
162,16,918,440,77,252,0.4447,-1,-1,-1
162,14,1073,460,53,136,0.3280,-1,-1,-1
162,17,665,441,86,351,0.5893,-1,-1,-1
163,0,740,432,123,347,0.8388,-1,-1,-1
163,3,530,425,172,465,0.8037,-1,-1,-1
163,13,851,449,91,281,0.7596,-1,-1,-1
163,16,921,443,78,253,0.5120,-1,-1,-1
163,14,1071,456,55,140,0.3931,-1,-1,-1
163,17,663,440,88,361,0.4679,-1,-1,-1
164,0,743,433,123,348,0.8687,-1,-1,-1
164,3,531,426,174,469,0.8239,-1,-1,-1
164,13,853,452,91,281,0.7082,-1,-1,-1
164,16,924,442,79,256,0.6322,-1,-1,-1
164,14,1072,455,55,141,0.4033,-1,-1,-1
164,17,669,444,86,356,0.3972,-1,-1,-1
165,0,745,433,123,349,0.8801,-1,-1,-1
165,3,531,426,177,473,0.8271,-1,-1,-1
165,13,856,452,92,283,0.7373,-1,-1,-1
165,16,926,442,79,256,0.5783,-1,-1,-1
165,14,1072,454,55,142,0.4119,-1,-1,-1
165,17,670,444,87,358,0.5455,-1,-1,-1
166,0,747,434,123,350,0.8727,-1,-1,-1
166,3,532,426,179,477,0.8326,-1,-1,-1
166,13,863,452,94,282,0.7722,-1,-1,-1
166,16,930,440,78,253,0.6711,-1,-1,-1
166,14,1073,450,56,145,0.4236,-1,-1,-1
166,17,674,444,85,350,0.5782,-1,-1,-1
167,0,749,435,122,352,0.8601,-1,-1,-1
167,3,533,427,180,475,0.8212,-1,-1,-1
167,13,868,450,97,285,0.7991,-1,-1,-1
167,16,932,438,78,257,0.7143,-1,-1,-1
167,14,1073,449,56,146,0.3974,-1,-1,-1
167,17,675,444,86,354,0.5131,-1,-1,-1
168,0,750,434,123,355,0.8724,-1,-1,-1
168,3,537,427,180,472,0.8001,-1,-1,-1
168,13,872,448,100,289,0.8154,-1,-1,-1
168,16,933,438,79,258,0.7041,-1,-1,-1
168,14,1072,448,57,147,0.3973,-1,-1,-1
168,17,675,443,87,356,0.5472,-1,-1,-1
169,0,752,434,123,357,0.8621,-1,-1,-1
169,3,541,425,183,472,0.7697,-1,-1,-1
169,13,872,446,104,293,0.8396,-1,-1,-1
169,16,936,438,77,254,0.7093,-1,-1,-1
169,14,1072,446,58,149,0.3761,-1,-1,-1
169,17,674,441,89,363,0.6142,-1,-1,-1
169,19,1146,446,40,99,0.4665,-1,-1,-1
170,0,754,434,123,358,0.8499,-1,-1,-1
170,3,550,427,187,470,0.8125,-1,-1,-1
170,13,874,444,106,296,0.8550,-1,-1,-1
170,16,940,438,75,250,0.7005,-1,-1,-1
170,14,1073,446,57,149,0.3596,-1,-1,-1
170,17,673,440,90,366,0.4608,-1,-1,-1
170,19,1147,446,40,99,0.4736,-1,-1,-1
171,0,755,435,121,355,0.8531,-1,-1,-1
171,3,557,429,190,467,0.8107,-1,-1,-1
171,13,876,442,109,299,0.8689,-1,-1,-1
171,16,945,437,75,250,0.6634,-1,-1,-1
171,14,1073,447,57,148,0.3524,-1,-1,-1
171,17,675,441,89,363,0.3629,-1,-1,-1
171,19,1148,447,40,97,0.4850,-1,-1,-1
172,0,758,435,120,350,0.8254,-1,-1,-1
172,3,557,430,193,468,0.8124,-1,-1,-1
172,13,877,442,111,301,0.8821,-1,-1,-1
172,16,949,437,77,252,0.7155,-1,-1,-1
172,14,1076,448,56,145,0.3781,-1,-1,-1
172,19,1148,448,39,96,0.5084,-1,-1,-1
173,0,759,435,120,350,0.8307,-1,-1,-1
173,3,558,430,196,470,0.8480,-1,-1,-1
173,13,877,444,111,299,0.8675,-1,-1,-1
173,16,949,436,79,257,0.6902,-1,-1,-1
173,14,1076,450,55,145,0.3896,-1,-1,-1
173,19,1147,449,39,96,0.4141,-1,-1,-1
174,0,761,436,121,352,0.8604,-1,-1,-1
174,3,559,430,200,475,0.8523,-1,-1,-1
174,13,878,444,112,298,0.8729,-1,-1,-1
174,16,953,435,79,259,0.6536,-1,-1,-1
174,14,1078,450,54,144,0.4002,-1,-1,-1
174,19,1147,452,38,93,0.3691,-1,-1,-1
175,0,764,437,122,356,0.8850,-1,-1,-1
175,3,561,430,202,476,0.8296,-1,-1,-1
175,13,879,441,113,300,0.8753,-1,-1,-1
175,16,957,436,78,257,0.6384,-1,-1,-1
175,14,1076,452,54,144,0.3718,-1,-1,-1
175,19,1155,453,39,93,0.4669,-1,-1,-1
176,0,766,438,122,357,0.8865,-1,-1,-1
176,3,563,429,205,482,0.8369,-1,-1,-1
176,13,879,439,114,303,0.8598,-1,-1,-1
176,16,960,435,78,259,0.5648,-1,-1,-1
176,14,1077,452,54,142,0.3963,-1,-1,-1
176,19,1160,458,38,89,0.5428,-1,-1,-1
177,0,769,440,121,356,0.8837,-1,-1,-1
177,3,565,430,206,484,0.8230,-1,-1,-1
177,13,879,439,115,303,0.8555,-1,-1,-1
177,16,962,436,81,265,0.5718,-1,-1,-1
177,14,1076,454,53,142,0.3249,-1,-1,-1
177,19,1160,456,40,91,0.5670,-1,-1,-1
178,0,772,440,120,357,0.8713,-1,-1,-1
178,3,568,429,207,487,0.8336,-1,-1,-1
178,13,882,440,114,302,0.8330,-1,-1,-1
178,16,969,435,82,265,0.5929,-1,-1,-1
178,14,1075,454,53,142,0.3320,-1,-1,-1
178,19,1159,457,39,90,0.5702,-1,-1,-1
179,0,774,439,120,357,0.8650,-1,-1,-1
179,3,571,425,208,491,0.8471,-1,-1,-1
179,13,885,441,113,301,0.8427,-1,-1,-1
179,16,975,435,84,265,0.6129,-1,-1,-1
179,19,1158,457,40,90,0.5732,-1,-1,-1
180,0,776,439,119,357,0.8803,-1,-1,-1
180,3,575,424,207,491,0.8520,-1,-1,-1
180,13,890,447,110,294,0.8355,-1,-1,-1
180,16,978,435,85,266,0.6536,-1,-1,-1
180,19,1157,459,39,88,0.5760,-1,-1,-1
181,0,777,438,119,358,0.8734,-1,-1,-1
181,3,578,423,206,492,0.8664,-1,-1,-1
181,13,897,451,107,290,0.8361,-1,-1,-1
181,16,980,432,87,269,0.6707,-1,-1,-1
181,19,1155,455,41,92,0.5533,-1,-1,-1
182,0,779,438,119,360,0.8700,-1,-1,-1
182,3,581,424,205,492,0.8667,-1,-1,-1
182,13,902,448,107,294,0.8458,-1,-1,-1
182,16,979,434,87,267,0.6469,-1,-1,-1
182,19,1155,455,41,92,0.5447,-1,-1,-1
183,0,781,437,121,363,0.8711,-1,-1,-1
183,3,583,425,203,491,0.8664,-1,-1,-1
183,13,907,445,106,296,0.8365,-1,-1,-1
183,16,978,434,85,260,0.5792,-1,-1,-1
183,19,1154,455,41,93,0.4619,-1,-1,-1
184,0,782,435,122,366,0.8601,-1,-1,-1
184,3,586,427,201,489,0.8625,-1,-1,-1
184,13,911,443,105,298,0.8393,-1,-1,-1
184,16,981,427,85,261,0.6095,-1,-1,-1
184,19,1154,456,40,92,0.6519,-1,-1,-1
185,0,784,435,122,366,0.8514,-1,-1,-1
185,3,589,425,201,492,0.8643,-1,-1,-1
185,13,913,444,105,301,0.8348,-1,-1,-1
185,16,983,424,86,268,0.5961,-1,-1,-1
185,19,1153,456,40,91,0.4826,-1,-1,-1
186,0,784,436,123,365,0.8428,-1,-1,-1
186,3,594,424,200,493,0.8934,-1,-1,-1
186,13,916,445,105,304,0.8117,-1,-1,-1
186,16,990,430,84,262,0.6023,-1,-1,-1
186,19,1154,458,39,89,0.5659,-1,-1,-1
186,20,569,442,60,168,0.5932,-1,-1,-1
187,0,786,435,122,367,0.8323,-1,-1,-1
187,3,597,422,200,498,0.8916,-1,-1,-1
187,13,921,446,103,304,0.7552,-1,-1,-1
187,16,995,436,83,256,0.6399,-1,-1,-1
187,19,1154,459,39,87,0.5680,-1,-1,-1
187,20,569,440,61,171,0.6085,-1,-1,-1
188,0,789,434,123,367,0.8541,-1,-1,-1
188,3,599,420,200,503,0.8923,-1,-1,-1
188,13,925,444,104,308,0.8083,-1,-1,-1
188,16,999,438,82,254,0.6141,-1,-1,-1
188,19,1155,455,40,92,0.5172,-1,-1,-1
188,20,568,439,62,176,0.6082,-1,-1,-1
189,0,790,433,123,370,0.8254,-1,-1,-1
189,3,601,420,202,511,0.8816,-1,-1,-1
189,13,933,441,105,310,0.8553,-1,-1,-1
189,16,1003,437,80,249,0.6026,-1,-1,-1
189,19,1155,452,42,95,0.5115,-1,-1,-1
189,20,568,442,62,175,0.6030,-1,-1,-1
190,0,793,433,122,371,0.8340,-1,-1,-1
190,3,602,420,204,517,0.8565,-1,-1,-1
190,13,939,441,105,310,0.8119,-1,-1,-1
190,16,1006,438,80,253,0.6103,-1,-1,-1
190,19,1155,452,43,95,0.4392,-1,-1,-1
190,20,569,445,60,169,0.5795,-1,-1,-1
191,0,796,432,122,372,0.8400,-1,-1,-1
191,3,606,421,204,523,0.8539,-1,-1,-1
191,13,944,440,106,312,0.8428,-1,-1,-1
191,16,1007,435,82,259,0.6068,-1,-1,-1
191,19,1155,452,43,95,0.4055,-1,-1,-1
191,20,568,449,59,166,0.5795,-1,-1,-1
192,0,798,432,122,373,0.8452,-1,-1,-1
192,3,609,420,205,532,0.8403,-1,-1,-1
192,13,946,442,106,311,0.8281,-1,-1,-1
192,16,1008,434,84,266,0.6287,-1,-1,-1
192,19,1153,450,45,97,0.4313,-1,-1,-1
192,20,568,450,58,165,0.5951,-1,-1,-1
193,0,800,432,120,372,0.8551,-1,-1,-1
193,3,615,420,203,536,0.8123,-1,-1,-1
193,13,949,442,107,312,0.8535,-1,-1,-1
193,16,1018,438,85,267,0.6033,-1,-1,-1
193,19,1152,449,46,99,0.3672,-1,-1,-1
193,20,568,450,59,164,0.6389,-1,-1,-1
194,0,802,433,121,372,0.8603,-1,-1,-1
194,3,618,421,202,539,0.8024,-1,-1,-1
194,13,950,442,109,313,0.8283,-1,-1,-1
194,16,1023,439,87,269,0.6209,-1,-1,-1
194,19,1147,446,46,102,0.3588,-1,-1,-1
194,20,569,450,59,164,0.6753,-1,-1,-1
195,0,806,432,121,372,0.8784,-1,-1,-1
195,3,625,420,196,534,0.8032,-1,-1,-1
195,13,951,444,109,313,0.8239,-1,-1,-1
195,16,1026,442,88,272,0.7096,-1,-1,-1
195,19,1143,444,47,104,0.4686,-1,-1,-1
195,20,569,448,60,166,0.7026,-1,-1,-1
196,0,812,431,122,374,0.8690,-1,-1,-1
196,3,631,420,194,534,0.8004,-1,-1,-1
196,13,951,443,111,316,0.8307,-1,-1,-1
196,16,1025,438,89,274,0.6910,-1,-1,-1
196,19,1142,442,47,107,0.4529,-1,-1,-1
196,20,570,448,60,167,0.6900,-1,-1,-1
197,0,818,434,124,371,0.8738,-1,-1,-1
197,3,635,421,194,543,0.7957,-1,-1,-1
197,13,951,440,112,320,0.8844,-1,-1,-1
197,16,1028,435,90,277,0.6001,-1,-1,-1
197,19,1142,444,47,105,0.4122,-1,-1,-1
197,20,569,449,60,166,0.7167,-1,-1,-1
198,0,821,434,128,374,0.8598,-1,-1,-1
198,3,639,423,190,537,0.8135,-1,-1,-1
198,13,955,444,111,316,0.8558,-1,-1,-1
198,16,1034,437,90,275,0.6809,-1,-1,-1
198,19,1142,446,44,102,0.3679,-1,-1,-1
198,20,570,449,61,167,0.6946,-1,-1,-1
199,0,826,434,132,376,0.8542,-1,-1,-1
199,3,642,424,187,537,0.8122,-1,-1,-1
199,13,960,443,109,316,0.8544,-1,-1,-1
199,16,1039,438,90,273,0.7344,-1,-1,-1
199,19,1141,445,45,103,0.3312,-1,-1,-1
199,20,571,449,61,168,0.6927,-1,-1,-1
200,0,829,435,136,378,0.8491,-1,-1,-1
200,3,642,423,188,538,0.8432,-1,-1,-1
200,13,965,444,109,316,0.8057,-1,-1,-1
200,16,1044,439,91,273,0.6895,-1,-1,-1
200,20,572,450,61,167,0.6822,-1,-1,-1
201,0,830,434,139,379,0.8673,-1,-1,-1
201,3,645,424,188,539,0.7899,-1,-1,-1
201,13,969,444,108,315,0.8094,-1,-1,-1
201,16,1048,436,92,276,0.7229,-1,-1,-1
201,20,573,451,61,166,0.7313,-1,-1,-1
202,0,832,435,141,379,0.8976,-1,-1,-1
202,3,650,423,188,546,0.7803,-1,-1,-1
202,13,974,444,107,316,0.8393,-1,-1,-1
202,16,1050,434,93,281,0.7476,-1,-1,-1
202,20,575,451,62,166,0.7279,-1,-1,-1
203,0,833,436,142,379,0.8906,-1,-1,-1
203,3,653,424,189,552,0.7652,-1,-1,-1
203,13,980,444,105,315,0.8347,-1,-1,-1
203,16,1053,434,94,284,0.7366,-1,-1,-1
203,20,576,453,62,165,0.7151,-1,-1,-1
204,0,834,435,143,380,0.8972,-1,-1,-1
204,3,652,423,192,562,0.8043,-1,-1,-1
204,13,986,444,104,315,0.8013,-1,-1,-1
204,16,1056,435,94,286,0.7074,-1,-1,-1
204,20,576,451,63,167,0.7440,-1,-1,-1
205,0,835,435,144,380,0.8867,-1,-1,-1
205,3,654,423,193,569,0.7980,-1,-1,-1
205,13,990,443,104,316,0.7479,-1,-1,-1
205,16,1059,436,93,286,0.7126,-1,-1,-1
205,20,576,450,64,168,0.7209,-1,-1,-1
206,0,835,433,145,383,0.8863,-1,-1,-1
206,3,656,420,194,574,0.7973,-1,-1,-1
206,13,996,445,103,317,0.7724,-1,-1,-1
206,16,1061,436,93,286,0.7454,-1,-1,-1
206,20,577,450,64,168,0.6955,-1,-1,-1
207,0,835,435,145,381,0.8996,-1,-1,-1
207,3,658,416,194,579,0.7899,-1,-1,-1
207,13,1004,444,104,318,0.7949,-1,-1,-1
207,16,1065,437,91,285,0.7020,-1,-1,-1
207,20,578,449,64,169,0.7267,-1,-1,-1
208,0,837,435,145,381,0.8870,-1,-1,-1
208,3,662,417,192,579,0.7860,-1,-1,-1
208,13,1013,442,107,321,0.7433,-1,-1,-1
208,16,1068,434,92,294,0.6886,-1,-1,-1
208,20,579,446,65,172,0.6935,-1,-1,-1
209,0,838,435,146,382,0.8843,-1,-1,-1
209,3,664,412,192,584,0.8008,-1,-1,-1
209,13,1022,441,110,323,0.7561,-1,-1,-1
209,16,1073,433,93,301,0.6036,-1,-1,-1
209,20,582,448,64,171,0.7052,-1,-1,-1
210,0,841,434,145,383,0.8686,-1,-1,-1
210,3,667,409,191,587,0.8103,-1,-1,-1
210,13,1030,442,113,322,0.8163,-1,-1,-1
210,16,1081,433,86,280,0.5245,-1,-1,-1
210,20,584,448,65,170,0.6688,-1,-1,-1
210,21,1186,438,46,117,0.5460,-1,-1,-1
211,0,846,432,146,384,0.8649,-1,-1,-1
211,3,670,409,190,587,0.8148,-1,-1,-1
211,13,1036,444,117,320,0.8450,-1,-1,-1
211,16,1087,433,82,269,0.3588,-1,-1,-1
211,20,586,446,66,172,0.6747,-1,-1,-1
211,21,1188,439,45,113,0.5191,-1,-1,-1
212,0,853,431,146,383,0.8660,-1,-1,-1
212,3,675,409,187,586,0.8189,-1,-1,-1
212,13,1038,445,122,320,0.8382,-1,-1,-1
212,16,1096,435,79,256,0.5078,-1,-1,-1
212,20,588,447,66,172,0.6868,-1,-1,-1
212,21,1189,442,44,109,0.5627,-1,-1,-1
213,0,858,431,146,383,0.8732,-1,-1,-1
213,3,681,410,186,585,0.8321,-1,-1,-1
213,13,1038,444,126,322,0.8750,-1,-1,-1
213,16,1099,435,82,264,0.3605,-1,-1,-1
213,20,589,448,65,171,0.7121,-1,-1,-1
213,21,1190,441,43,109,0.4964,-1,-1,-1
214,0,865,430,144,385,0.8794,-1,-1,-1
214,3,685,410,184,584,0.8571,-1,-1,-1
214,13,1036,445,130,324,0.8624,-1,-1,-1
214,16,1102,438,85,275,0.3331,-1,-1,-1
214,20,589,447,66,173,0.7232,-1,-1,-1
214,21,1192,440,43,108,0.5056,-1,-1,-1
215,0,868,430,145,391,0.8382,-1,-1,-1
215,3,690,411,183,582,0.8411,-1,-1,-1
215,13,1033,442,135,329,0.8536,-1,-1,-1
215,16,1109,436,87,284,0.5375,-1,-1,-1
215,20,590,446,67,174,0.6686,-1,-1,-1
215,21,1194,436,44,112,0.4043,-1,-1,-1
215,22,510,447,40,113,0.4853,-1,-1,-1
216,0,873,429,143,392,0.8378,-1,-1,-1
216,3,690,410,184,583,0.8189,-1,-1,-1
216,13,1033,443,137,328,0.8715,-1,-1,-1
216,16,1113,433,89,298,0.4293,-1,-1,-1
216,20,593,448,66,173,0.6250,-1,-1,-1
216,21,1196,435,45,116,0.4816,-1,-1,-1
216,22,511,446,40,114,0.4779,-1,-1,-1
217,0,875,426,143,397,0.8543,-1,-1,-1
217,3,696,409,184,583,0.8087,-1,-1,-1
217,13,1035,444,139,328,0.8649,-1,-1,-1
217,20,594,451,66,171,0.6304,-1,-1,-1
217,21,1197,435,46,118,0.4518,-1,-1,-1
217,22,511,445,40,115,0.4680,-1,-1,-1
218,0,877,426,142,400,0.8539,-1,-1,-1
218,3,700,407,187,585,0.8324,-1,-1,-1
218,13,1039,445,140,326,0.8713,-1,-1,-1
218,20,595,450,65,171,0.5720,-1,-1,-1
218,21,1201,440,43,113,0.4478,-1,-1,-1
218,22,510,445,40,115,0.4850,-1,-1,-1
219,0,881,426,142,403,0.8526,-1,-1,-1
219,3,702,407,186,584,0.8089,-1,-1,-1
219,13,1041,444,142,327,0.8201,-1,-1,-1
219,20,595,451,65,172,0.5814,-1,-1,-1
219,21,1201,439,44,115,0.4975,-1,-1,-1
219,22,509,445,40,114,0.5422,-1,-1,-1
220,0,883,427,142,406,0.8506,-1,-1,-1
220,3,710,407,187,584,0.7855,-1,-1,-1
220,13,1046,442,143,328,0.7815,-1,-1,-1
220,20,595,453,65,171,0.5749,-1,-1,-1
220,22,510,445,40,115,0.5450,-1,-1,-1
221,0,886,428,142,408,0.8478,-1,-1,-1
221,3,719,406,188,582,0.7808,-1,-1,-1
221,13,1050,438,144,333,0.8033,-1,-1,-1
221,20,598,454,62,168,0.6297,-1,-1,-1
221,22,510,445,40,115,0.4954,-1,-1,-1
222,0,890,429,139,405,0.8577,-1,-1,-1
222,3,725,405,191,583,0.7907,-1,-1,-1
222,13,1056,435,144,337,0.7885,-1,-1,-1
222,20,602,460,60,161,0.6839,-1,-1,-1
222,22,510,445,40,116,0.5094,-1,-1,-1
223,0,893,431,138,404,0.8645,-1,-1,-1
223,3,735,404,197,586,0.8211,-1,-1,-1
223,13,1066,435,142,339,0.7675,-1,-1,-1
223,20,602,458,61,165,0.6548,-1,-1,-1
223,22,510,445,40,116,0.5285,-1,-1,-1
224,0,895,432,137,405,0.8618,-1,-1,-1
224,3,745,405,203,587,0.8595,-1,-1,-1
224,13,1077,436,138,338,0.8005,-1,-1,-1
224,20,603,460,60,163,0.6782,-1,-1,-1
224,22,510,444,40,117,0.5390,-1,-1,-1
225,0,896,431,137,409,0.8476,-1,-1,-1
225,3,756,406,209,588,0.8611,-1,-1,-1
225,13,1083,436,134,339,0.7966,-1,-1,-1
225,20,603,462,59,162,0.6442,-1,-1,-1
225,22,510,444,40,116,0.5016,-1,-1,-1
225,16,1165,436,84,295,0.5018,-1,-1,-1
226,0,899,430,137,412,0.8378,-1,-1,-1
226,3,763,408,215,586,0.8746,-1,-1,-1
226,13,1089,437,131,338,0.7970,-1,-1,-1
226,20,605,459,61,168,0.7061,-1,-1,-1
226,22,510,444,40,117,0.4785,-1,-1,-1
226,16,1170,435,82,296,0.6170,-1,-1,-1
227,0,901,429,136,414,0.8263,-1,-1,-1
227,3,768,411,221,582,0.8665,-1,-1,-1
227,13,1097,439,128,337,0.7808,-1,-1,-1
227,20,605,456,62,171,0.7266,-1,-1,-1
227,22,511,444,40,117,0.4921,-1,-1,-1
227,16,1174,428,84,308,0.6663,-1,-1,-1
228,0,902,428,137,415,0.8151,-1,-1,-1
228,3,769,415,228,579,0.8569,-1,-1,-1
228,13,1102,441,126,341,0.7798,-1,-1,-1
228,20,606,455,62,172,0.7215,-1,-1,-1
228,22,511,445,39,116,0.5199,-1,-1,-1
228,16,1180,431,82,304,0.6239,-1,-1,-1
229,0,904,427,136,416,0.8140,-1,-1,-1
229,3,773,417,233,578,0.8488,-1,-1,-1
229,13,1107,443,125,342,0.7468,-1,-1,-1
229,20,607,456,62,175,0.7150,-1,-1,-1
229,22,511,446,39,115,0.4947,-1,-1,-1
229,16,1185,426,82,310,0.4993,-1,-1,-1
230,0,904,427,136,415,0.8176,-1,-1,-1
230,3,777,416,238,579,0.8219,-1,-1,-1
230,13,1113,443,124,346,0.7243,-1,-1,-1
230,20,608,454,63,178,0.6915,-1,-1,-1
230,22,511,446,39,115,0.4926,-1,-1,-1
230,16,1197,421,67,241,0.5086,-1,-1,-1
231,0,907,426,135,416,0.8151,-1,-1,-1
231,3,782,414,242,582,0.7928,-1,-1,-1
231,13,1123,437,127,355,0.7694,-1,-1,-1
231,20,609,453,63,180,0.7025,-1,-1,-1
231,22,511,446,39,115,0.5067,-1,-1,-1
231,16,1207,425,57,197,0.4128,-1,-1,-1
232,0,910,425,134,416,0.8108,-1,-1,-1
232,3,789,414,244,583,0.8000,-1,-1,-1
232,13,1129,436,128,356,0.7366,-1,-1,-1
232,20,609,451,64,182,0.7287,-1,-1,-1
232,22,511,446,39,114,0.5181,-1,-1,-1
233,0,915,425,135,416,0.7708,-1,-1,-1
233,3,791,415,246,583,0.8134,-1,-1,-1
233,13,1134,435,130,360,0.7970,-1,-1,-1
233,20,611,451,64,181,0.6982,-1,-1,-1
233,22,511,446,39,115,0.5401,-1,-1,-1
234,0,920,425,134,416,0.8044,-1,-1,-1
234,3,793,415,247,585,0.8132,-1,-1,-1
234,13,1136,431,132,367,0.7982,-1,-1,-1
234,20,613,451,63,179,0.6993,-1,-1,-1
234,22,510,445,40,116,0.5350,-1,-1,-1
235,0,924,425,133,416,0.8210,-1,-1,-1
235,3,796,425,244,574,0.7861,-1,-1,-1
235,13,1139,436,132,364,0.8150,-1,-1,-1
235,20,615,451,63,178,0.6955,-1,-1,-1
235,22,510,444,40,117,0.5417,-1,-1,-1
235,23,751,435,128,432,0.5750,-1,-1,-1
236,0,927,424,133,417,0.8295,-1,-1,-1
236,3,797,424,245,575,0.8111,-1,-1,-1
236,13,1140,440,133,360,0.8281,-1,-1,-1
236,20,618,452,62,176,0.6519,-1,-1,-1
236,22,509,443,40,118,0.4973,-1,-1,-1
236,23,756,436,128,431,0.4295,-1,-1,-1
237,0,930,424,133,418,0.7464,-1,-1,-1
237,3,795,417,245,579,0.8209,-1,-1,-1
237,13,1142,442,133,357,0.8226,-1,-1,-1
237,20,620,453,62,176,0.6133,-1,-1,-1
237,22,509,443,39,118,0.4868,-1,-1,-1
237,23,753,437,128,430,0.5985,-1,-1,-1
238,0,935,423,132,416,0.5772,-1,-1,-1
238,3,798,419,245,579,0.7812,-1,-1,-1
238,13,1144,443,133,356,0.8293,-1,-1,-1
238,20,622,453,62,178,0.6734,-1,-1,-1
238,22,509,443,39,118,0.4872,-1,-1,-1
238,23,767,439,128,428,0.3020,-1,-1,-1
239,3,802,414,245,583,0.8185,-1,-1,-1
239,13,1148,443,132,357,0.8286,-1,-1,-1
239,20,625,455,62,178,0.6546,-1,-1,-1
239,22,509,443,39,118,0.4989,-1,-1,-1
240,3,804,412,245,587,0.8100,-1,-1,-1
240,13,1151,439,134,363,0.7518,-1,-1,-1
240,20,625,455,62,178,0.6513,-1,-1,-1
240,22,509,443,39,118,0.4885,-1,-1,-1
240,0,947,422,129,417,0.5103,-1,-1,-1
240,23,759,438,127,428,0.6442,-1,-1,-1
241,3,810,420,241,580,0.8300,-1,-1,-1
241,13,1162,439,130,361,0.7637,-1,-1,-1
241,20,626,456,62,178,0.6556,-1,-1,-1
241,22,509,443,39,119,0.5188,-1,-1,-1
241,0,946,423,129,417,0.6075,-1,-1,-1
241,23,757,438,127,428,0.6735,-1,-1,-1
242,3,817,421,238,580,0.8253,-1,-1,-1
242,13,1171,438,130,364,0.7162,-1,-1,-1
242,20,628,456,61,177,0.6338,-1,-1,-1
242,22,509,443,39,119,0.5243,-1,-1,-1
242,0,951,425,127,415,0.6326,-1,-1,-1
242,23,761,439,126,430,0.7383,-1,-1,-1
243,3,821,411,239,593,0.7805,-1,-1,-1
243,13,1179,434,130,368,0.7584,-1,-1,-1
243,20,631,460,62,173,0.6341,-1,-1,-1
243,22,509,443,39,119,0.5195,-1,-1,-1
243,0,952,412,130,429,0.4083,-1,-1,-1
243,23,761,439,127,430,0.7495,-1,-1,-1
244,3,828,398,242,609,0.7942,-1,-1,-1
244,13,1187,432,129,370,0.7949,-1,-1,-1
244,20,633,459,62,174,0.6164,-1,-1,-1
244,22,509,443,38,118,0.5158,-1,-1,-1
244,0,959,406,129,436,0.4038,-1,-1,-1
244,23,763,437,128,432,0.8047,-1,-1,-1
245,3,838,395,242,619,0.7640,-1,-1,-1
245,13,1193,433,127,370,0.8207,-1,-1,-1
245,20,632,458,64,176,0.6413,-1,-1,-1
245,22,509,443,38,118,0.4991,-1,-1,-1
245,0,965,411,125,433,0.3567,-1,-1,-1
245,23,768,437,129,431,0.8106,-1,-1,-1
246,3,847,394,244,631,0.8290,-1,-1,-1
246,13,1198,435,124,369,0.8217,-1,-1,-1
246,20,632,458,65,176,0.6232,-1,-1,-1
246,22,508,443,39,118,0.4718,-1,-1,-1
246,23,771,437,129,432,0.8095,-1,-1,-1
247,3,858,395,243,639,0.8158,-1,-1,-1
247,13,1206,434,125,370,0.7977,-1,-1,-1
247,20,632,458,65,176,0.6084,-1,-1,-1
247,22,507,443,39,118,0.5583,-1,-1,-1
247,23,777,436,131,437,0.8258,-1,-1,-1
248,3,868,403,240,638,0.7528,-1,-1,-1
248,13,1217,433,126,371,0.7859,-1,-1,-1
248,20,631,457,67,178,0.6372,-1,-1,-1
248,22,506,443,40,118,0.5653,-1,-1,-1
248,23,780,437,133,437,0.8264,-1,-1,-1
249,3,880,405,238,637,0.7624,-1,-1,-1
249,13,1227,432,130,373,0.8278,-1,-1,-1
249,20,633,454,69,180,0.6900,-1,-1,-1
249,22,506,442,40,119,0.5041,-1,-1,-1
249,23,781,435,134,440,0.7942,-1,-1,-1
250,3,889,411,236,633,0.8209,-1,-1,-1
250,13,1237,430,135,376,0.8423,-1,-1,-1
250,20,640,453,68,181,0.7082,-1,-1,-1
250,22,507,442,41,119,0.5393,-1,-1,-1
250,23,784,435,136,443,0.8114,-1,-1,-1
251,3,896,409,235,637,0.8279,-1,-1,-1
251,13,1243,430,141,376,0.8622,-1,-1,-1
251,20,645,454,68,179,0.7070,-1,-1,-1
251,22,508,442,40,119,0.5419,-1,-1,-1
251,23,787,435,136,445,0.8099,-1,-1,-1
252,3,901,407,234,639,0.8524,-1,-1,-1
252,13,1246,428,148,381,0.8772,-1,-1,-1
252,20,649,454,69,180,0.7465,-1,-1,-1
252,22,508,444,40,117,0.5215,-1,-1,-1
252,23,791,434,136,447,0.8134,-1,-1,-1
253,3,906,406,230,639,0.8597,-1,-1,-1
253,13,1248,428,154,383,0.8991,-1,-1,-1
253,20,651,453,68,181,0.7076,-1,-1,-1
253,22,508,444,40,117,0.4931,-1,-1,-1
253,23,794,433,136,448,0.7960,-1,-1,-1
253,24,1845,481,77,296,0.5921,-1,-1,-1
254,3,909,407,226,637,0.8633,-1,-1,-1
254,13,1244,426,159,387,0.8839,-1,-1,-1
254,20,652,454,68,179,0.7441,-1,-1,-1
254,22,509,444,40,117,0.4799,-1,-1,-1
254,23,798,432,136,448,0.7382,-1,-1,-1
254,24,1834,417,94,360,0.5797,-1,-1,-1
255,3,911,410,222,634,0.8601,-1,-1,-1
255,13,1241,425,164,389,0.8815,-1,-1,-1
255,20,653,453,68,180,0.7265,-1,-1,-1
255,22,509,444,41,118,0.4958,-1,-1,-1
255,23,803,430,135,450,0.7755,-1,-1,-1
255,24,1817,387,101,390,0.7847,-1,-1,-1
256,3,916,412,219,631,0.8475,-1,-1,-1
256,13,1243,427,167,388,0.8740,-1,-1,-1
256,20,655,453,68,180,0.7349,-1,-1,-1
256,22,509,444,41,118,0.5153,-1,-1,-1
256,23,808,431,134,452,0.8141,-1,-1,-1
256,24,1809,381,104,395,0.8263,-1,-1,-1
257,3,918,409,218,636,0.8116,-1,-1,-1
257,13,1244,426,171,390,0.8847,-1,-1,-1
257,20,658,454,68,180,0.7591,-1,-1,-1
257,22,510,444,40,118,0.4856,-1,-1,-1
257,23,810,433,136,461,0.7895,-1,-1,-1
257,24,1809,381,105,399,0.7368,-1,-1,-1
258,3,919,406,216,639,0.8260,-1,-1,-1
258,13,1249,426,172,390,0.8783,-1,-1,-1
258,20,659,451,70,185,0.7492,-1,-1,-1
258,22,510,444,40,117,0.4695,-1,-1,-1
258,23,812,432,137,470,0.7700,-1,-1,-1
258,24,1804,381,107,400,0.8288,-1,-1,-1
259,3,920,400,214,645,0.8276,-1,-1,-1
259,13,1255,428,171,388,0.8879,-1,-1,-1
259,20,661,449,71,188,0.7178,-1,-1,-1
259,22,510,443,40,118,0.5041,-1,-1,-1
259,23,813,433,136,469,0.7814,-1,-1,-1
259,24,1798,386,106,391,0.7850,-1,-1,-1
260,3,922,400,210,645,0.8397,-1,-1,-1
260,13,1261,427,172,388,0.8486,-1,-1,-1
260,20,662,450,71,187,0.7229,-1,-1,-1
260,22,509,444,39,117,0.5034,-1,-1,-1
260,23,814,435,137,477,0.7900,-1,-1,-1
260,24,1783,388,110,388,0.8036,-1,-1,-1
261,3,924,402,207,643,0.8568,-1,-1,-1
261,13,1270,425,171,388,0.7939,-1,-1,-1
261,20,663,452,70,184,0.7103,-1,-1,-1
261,22,508,445,40,116,0.4446,-1,-1,-1
261,23,815,435,137,482,0.7856,-1,-1,-1
261,24,1765,387,117,391,0.8398,-1,-1,-1
262,3,926,402,203,643,0.8457,-1,-1,-1
262,13,1288,426,167,389,0.8097,-1,-1,-1
262,20,664,452,70,184,0.7256,-1,-1,-1
262,22,507,445,41,116,0.4937,-1,-1,-1
262,23,817,435,138,485,0.8024,-1,-1,-1
262,24,1745,402,121,372,0.8420,-1,-1,-1
263,3,928,402,200,644,0.8662,-1,-1,-1
263,13,1300,425,164,392,0.8184,-1,-1,-1
263,20,665,454,70,181,0.6921,-1,-1,-1
263,22,506,445,41,116,0.5314,-1,-1,-1
263,23,818,435,137,487,0.8049,-1,-1,-1
263,24,1731,407,129,364,0.8985,-1,-1,-1
264,3,931,405,196,641,0.8661,-1,-1,-1
264,13,1311,422,162,397,0.8149,-1,-1,-1
264,20,666,454,70,181,0.7239,-1,-1,-1
264,22,507,445,42,116,0.4969,-1,-1,-1
264,23,819,434,137,488,0.7826,-1,-1,-1
264,24,1722,411,137,360,0.9110,-1,-1,-1
265,3,933,402,194,643,0.8447,-1,-1,-1
265,13,1320,420,160,402,0.8370,-1,-1,-1
265,20,668,452,70,183,0.7533,-1,-1,-1
265,22,507,445,42,117,0.4964,-1,-1,-1
265,23,819,434,136,488,0.7898,-1,-1,-1
265,24,1711,416,146,357,0.8922,-1,-1,-1
266,3,935,402,192,644,0.8643,-1,-1,-1
266,13,1329,418,159,410,0.8163,-1,-1,-1
266,20,669,450,71,186,0.7206,-1,-1,-1
266,22,508,444,42,118,0.4944,-1,-1,-1
266,23,820,434,135,488,0.7951,-1,-1,-1
266,24,1699,416,153,356,0.8865,-1,-1,-1
267,3,937,403,189,643,0.8606,-1,-1,-1
267,13,1336,417,158,417,0.7929,-1,-1,-1
267,20,670,449,71,186,0.7269,-1,-1,-1
267,22,508,444,42,118,0.4897,-1,-1,-1
267,23,820,434,135,488,0.8003,-1,-1,-1
267,24,1687,412,158,352,0.8715,-1,-1,-1
267,25,1116,437,45,112,0.5039,-1,-1,-1
268,3,939,405,187,641,0.8592,-1,-1,-1
268,13,1347,422,154,413,0.8243,-1,-1,-1
268,20,671,449,71,186,0.7039,-1,-1,-1
268,22,507,444,43,118,0.4752,-1,-1,-1
268,23,820,432,135,489,0.7890,-1,-1,-1
268,24,1673,411,160,349,0.8305,-1,-1,-1
268,25,1118,440,44,110,0.4710,-1,-1,-1
269,3,941,407,184,639,0.8507,-1,-1,-1
269,13,1358,425,155,411,0.8200,-1,-1,-1
269,20,671,450,71,184,0.6497,-1,-1,-1
269,22,507,444,43,118,0.4800,-1,-1,-1
269,23,817,431,137,491,0.7772,-1,-1,-1
269,24,1662,413,158,342,0.8366,-1,-1,-1
269,25,1118,441,45,109,0.3552,-1,-1,-1
270,3,943,411,181,635,0.8458,-1,-1,-1
270,13,1368,424,158,414,0.8449,-1,-1,-1
270,20,674,452,71,184,0.6149,-1,-1,-1
270,22,507,444,43,118,0.4747,-1,-1,-1
270,23,818,429,137,492,0.7626,-1,-1,-1
270,24,1649,415,155,337,0.7854,-1,-1,-1
270,25,1119,440,43,107,0.3145,-1,-1,-1
271,3,945,410,179,636,0.8163,-1,-1,-1
271,13,1375,432,160,408,0.8695,-1,-1,-1
271,20,678,453,70,185,0.5725,-1,-1,-1
271,22,509,445,42,116,0.4393,-1,-1,-1
271,23,817,428,137,492,0.7730,-1,-1,-1
271,24,1636,409,153,343,0.7782,-1,-1,-1
272,3,948,407,180,641,0.8293,-1,-1,-1
272,13,1377,428,166,414,0.8635,-1,-1,-1
272,20,681,452,71,189,0.5322,-1,-1,-1
272,22,509,445,42,115,0.4964,-1,-1,-1
272,23,817,427,137,493,0.7770,-1,-1,-1
272,24,1623,408,148,343,0.7252,-1,-1,-1
273,3,950,407,178,642,0.8015,-1,-1,-1
273,13,1377,430,170,415,0.8910,-1,-1,-1
273,20,683,451,71,189,0.5323,-1,-1,-1
273,22,509,445,42,115,0.4601,-1,-1,-1
273,23,818,426,136,494,0.7754,-1,-1,-1
273,24,1615,412,142,339,0.6925,-1,-1,-1
274,3,955,406,175,642,0.6984,-1,-1,-1
274,13,1378,431,175,419,0.8653,-1,-1,-1
274,20,690,451,71,185,0.5782,-1,-1,-1
274,22,509,445,42,115,0.4738,-1,-1,-1
274,23,820,426,136,493,0.7754,-1,-1,-1
274,24,1602,414,137,335,0.7722,-1,-1,-1
275,3,958,406,175,642,0.7722,-1,-1,-1
275,13,1381,430,178,422,0.8613,-1,-1,-1
275,20,694,450,73,188,0.6323,-1,-1,-1
275,22,509,445,42,115,0.4991,-1,-1,-1
275,23,819,426,136,494,0.7802,-1,-1,-1
275,24,1589,420,133,329,0.7791,-1,-1,-1
276,3,961,403,173,645,0.8066,-1,-1,-1
276,13,1385,431,181,422,0.8437,-1,-1,-1
276,20,699,450,72,189,0.5912,-1,-1,-1
276,22,509,446,42,114,0.4701,-1,-1,-1
276,23,817,424,137,496,0.7844,-1,-1,-1
276,24,1571,416,136,332,0.8482,-1,-1,-1
277,3,964,401,172,647,0.8269,-1,-1,-1
277,13,1391,427,183,426,0.7892,-1,-1,-1
277,20,701,451,74,191,0.5832,-1,-1,-1
277,22,509,446,42,115,0.5052,-1,-1,-1
277,23,819,423,137,497,0.7703,-1,-1,-1
277,24,1561,416,139,332,0.8520,-1,-1,-1
278,3,965,402,171,647,0.8244,-1,-1,-1
278,13,1402,423,186,429,0.7621,-1,-1,-1
278,20,705,451,74,192,0.6541,-1,-1,-1
278,22,508,446,42,114,0.4852,-1,-1,-1
278,23,823,420,138,499,0.7639,-1,-1,-1
278,24,1554,418,141,329,0.8404,-1,-1,-1
279,3,969,404,169,645,0.8286,-1,-1,-1
279,13,1406,420,187,433,0.7702,-1,-1,-1
279,20,709,451,74,191,0.6464,-1,-1,-1
279,22,507,446,43,114,0.5108,-1,-1,-1
279,23,817,420,139,493,0.7579,-1,-1,-1
279,24,1550,420,143,325,0.8537,-1,-1,-1
280,3,974,407,166,642,0.8204,-1,-1,-1
280,13,1421,419,182,433,0.7693,-1,-1,-1
280,20,712,451,74,190,0.6055,-1,-1,-1
280,22,507,445,43,116,0.5106,-1,-1,-1
280,23,819,420,141,496,0.7635,-1,-1,-1
280,24,1553,420,143,325,0.7744,-1,-1,-1
281,3,975,408,164,642,0.8318,-1,-1,-1
281,13,1431,421,175,430,0.7628,-1,-1,-1
281,20,714,452,73,189,0.5705,-1,-1,-1
281,22,507,446,43,114,0.4544,-1,-1,-1
281,23,817,419,143,494,0.7616,-1,-1,-1
281,24,1549,416,143,326,0.7354,-1,-1,-1
282,3,977,407,164,643,0.8183,-1,-1,-1
282,13,1435,419,173,435,0.7394,-1,-1,-1
282,20,716,454,74,188,0.5311,-1,-1,-1
282,22,507,446,42,115,0.4118,-1,-1,-1
282,23,825,421,146,496,0.7162,-1,-1,-1
282,24,1542,416,142,327,0.7097,-1,-1,-1
283,3,980,406,163,644,0.7962,-1,-1,-1
283,13,1451,420,169,432,0.7879,-1,-1,-1
283,20,720,455,74,187,0.5523,-1,-1,-1
283,22,507,447,42,114,0.3661,-1,-1,-1
283,23,834,422,149,497,0.7072,-1,-1,-1
284,3,982,403,162,644,0.8082,-1,-1,-1
284,13,1466,419,167,433,0.7794,-1,-1,-1
284,20,723,454,75,189,0.5497,-1,-1,-1
284,22,507,446,42,115,0.3859,-1,-1,-1
284,23,838,422,151,497,0.7873,-1,-1,-1
285,3,985,403,160,643,0.7952,-1,-1,-1
285,13,1479,425,163,425,0.7972,-1,-1,-1
285,20,722,453,77,192,0.6517,-1,-1,-1
285,22,506,446,42,116,0.4591,-1,-1,-1
285,23,840,423,154,496,0.7895,-1,-1,-1
285,27,1346,445,35,100,0.5833,-1,-1,-1
286,3,990,402,159,644,0.7914,-1,-1,-1
286,13,1492,430,161,422,0.8528,-1,-1,-1
286,20,721,451,78,197,0.7101,-1,-1,-1
286,22,505,446,43,116,0.4676,-1,-1,-1
286,23,843,423,156,496,0.8064,-1,-1,-1
286,27,1349,444,36,101,0.5183,-1,-1,-1
287,3,995,402,157,643,0.7715,-1,-1,-1
287,13,1504,435,163,419,0.8826,-1,-1,-1
287,20,721,451,79,199,0.7062,-1,-1,-1
287,22,505,446,43,117,0.5340,-1,-1,-1
287,23,842,424,160,495,0.8461,-1,-1,-1
287,27,1349,442,37,105,0.5069,-1,-1,-1
288,3,998,401,156,644,0.7419,-1,-1,-1
288,13,1517,437,168,420,0.8568,-1,-1,-1
288,20,722,450,80,201,0.6632,-1,-1,-1
288,22,504,446,43,117,0.5200,-1,-1,-1
288,23,842,425,162,494,0.8599,-1,-1,-1
288,27,1351,440,38,107,0.3064,-1,-1,-1
289,3,1000,402,155,642,0.7202,-1,-1,-1
289,13,1525,433,176,426,0.8466,-1,-1,-1
289,20,725,449,80,202,0.6430,-1,-1,-1
289,22,504,446,44,117,0.4832,-1,-1,-1
289,23,844,426,164,493,0.8512,-1,-1,-1
290,3,1002,402,154,642,0.7651,-1,-1,-1
290,13,1528,428,185,434,0.8796,-1,-1,-1
290,20,729,449,79,201,0.6264,-1,-1,-1
290,22,505,447,43,115,0.3819,-1,-1,-1
290,23,846,427,165,492,0.8686,-1,-1,-1
290,24,1439,411,132,303,0.4903,-1,-1,-1
291,3,1004,401,154,643,0.7641,-1,-1,-1
291,13,1531,429,192,437,0.8921,-1,-1,-1
291,20,734,449,78,200,0.6518,-1,-1,-1
291,23,846,428,166,491,0.8698,-1,-1,-1
291,24,1425,412,135,304,0.4311,-1,-1,-1
292,3,1006,402,153,641,0.7647,-1,-1,-1
292,13,1529,431,197,436,0.9114,-1,-1,-1
292,20,740,450,77,198,0.7203,-1,-1,-1
292,23,846,429,167,490,0.8620,-1,-1,-1
292,24,1410,418,131,291,0.3964,-1,-1,-1
293,3,1008,403,152,638,0.7542,-1,-1,-1
293,13,1531,431,204,439,0.8851,-1,-1,-1
293,20,742,450,75,197,0.7278,-1,-1,-1
293,23,847,428,168,491,0.8444,-1,-1,-1
293,24,1406,426,129,282,0.5021,-1,-1,-1
294,3,1006,403,151,638,0.7353,-1,-1,-1
294,13,1529,432,211,442,0.8777,-1,-1,-1
294,20,744,450,74,196,0.7237,-1,-1,-1
294,23,849,426,169,494,0.8286,-1,-1,-1
294,24,1404,429,130,279,0.6914,-1,-1,-1
295,3,1008,402,151,638,0.7182,-1,-1,-1
295,13,1526,431,218,445,0.8234,-1,-1,-1
295,20,747,451,73,195,0.6376,-1,-1,-1
295,23,850,423,170,497,0.8207,-1,-1,-1
295,24,1402,432,132,275,0.7775,-1,-1,-1
296,3,1008,402,150,637,0.7323,-1,-1,-1
296,13,1529,429,220,446,0.8005,-1,-1,-1
296,20,750,451,73,197,0.6627,-1,-1,-1
296,23,852,422,171,499,0.8175,-1,-1,-1
296,24,1402,430,134,276,0.7982,-1,-1,-1
297,3,1006,407,150,633,0.7549,-1,-1,-1
297,13,1537,426,222,449,0.8012,-1,-1,-1
297,20,753,449,74,201,0.6521,-1,-1,-1
297,23,853,421,171,500,0.8074,-1,-1,-1
297,24,1398,428,136,278,0.7969,-1,-1,-1
298,3,1006,410,150,627,0.7338,-1,-1,-1
298,13,1547,424,223,450,0.7543,-1,-1,-1
298,20,754,448,72,201,0.6779,-1,-1,-1
298,23,856,420,171,502,0.7623,-1,-1,-1
298,24,1394,429,133,277,0.8208,-1,-1,-1
299,3,1007,406,152,630,0.7400,-1,-1,-1
299,13,1557,421,224,455,0.7993,-1,-1,-1
299,20,759,450,72,199,0.7065,-1,-1,-1
299,23,859,420,171,504,0.7619,-1,-1,-1
299,24,1390,442,125,264,0.7933,-1,-1,-1
300,3,1009,404,152,630,0.7282,-1,-1,-1
300,13,1567,419,220,456,0.8154,-1,-1,-1
300,20,763,451,72,197,0.7183,-1,-1,-1
300,23,863,419,170,507,0.7617,-1,-1,-1
300,24,1378,433,126,273,0.8177,-1,-1,-1
301,3,1011,405,152,626,0.7591,-1,-1,-1
301,13,1583,414,219,464,0.8118,-1,-1,-1
301,20,768,451,71,197,0.6808,-1,-1,-1
301,23,860,419,171,516,0.7672,-1,-1,-1
301,24,1367,433,122,272,0.7992,-1,-1,-1
302,3,1013,406,153,622,0.7701,-1,-1,-1
302,13,1600,413,213,464,0.8252,-1,-1,-1
302,20,770,449,73,202,0.6800,-1,-1,-1
302,23,859,419,172,525,0.7600,-1,-1,-1
302,24,1354,429,119,276,0.8058,-1,-1,-1
302,31,13,666,86,194,0.6479,-1,-1,-1
302,32,1164,441,52,110,0.5012,-1,-1,-1
303,3,1015,405,155,620,0.7939,-1,-1,-1
303,13,1617,412,212,475,0.8156,-1,-1,-1
303,20,771,447,75,206,0.6519,-1,-1,-1
303,23,858,418,171,530,0.7720,-1,-1,-1
303,24,1343,422,119,283,0.8365,-1,-1,-1
303,31,10,649,95,213,0.7041,-1,-1,-1
303,32,1165,438,53,113,0.3925,-1,-1,-1
304,3,1018,404,157,620,0.7934,-1,-1,-1
304,13,1628,409,210,488,0.8197,-1,-1,-1
304,20,773,448,76,208,0.6579,-1,-1,-1
304,23,864,419,169,529,0.7534,-1,-1,-1
304,24,1333,421,118,283,0.8036,-1,-1,-1
304,31,0,600,117,262,0.6881,-1,-1,-1
304,32,1171,435,54,116,0.3047,-1,-1,-1
305,3,1022,404,160,618,0.8104,-1,-1,-1
305,13,1639,410,208,495,0.8058,-1,-1,-1
305,20,775,448,76,207,0.6918,-1,-1,-1
305,23,863,419,167,529,0.7695,-1,-1,-1
305,24,1328,419,117,284,0.8245,-1,-1,-1
305,31,0,599,118,262,0.5575,-1,-1,-1
305,32,1176,436,53,115,0.4308,-1,-1,-1
306,3,1029,405,163,615,0.8077,-1,-1,-1
306,13,1652,410,208,502,0.8411,-1,-1,-1
306,20,776,448,77,208,0.6718,-1,-1,-1
306,23,867,421,164,527,0.7745,-1,-1,-1
306,24,1322,421,116,282,0.8691,-1,-1,-1
306,31,-25,472,170,387,0.6294,-1,-1,-1
306,32,1179,437,52,115,0.4898,-1,-1,-1
306,33,1617,404,95,251,0.5593,-1,-1,-1
307,3,1033,405,167,614,0.8238,-1,-1,-1
307,13,1671,415,207,501,0.7993,-1,-1,-1
307,20,779,449,76,207,0.6526,-1,-1,-1
307,23,865,421,164,526,0.8013,-1,-1,-1
307,24,1317,427,115,274,0.8549,-1,-1,-1
307,31,-33,425,187,435,0.7116,-1,-1,-1
307,32,1180,436,52,115,0.5072,-1,-1,-1
307,33,1624,405,95,251,0.3354,-1,-1,-1
308,3,1040,404,171,615,0.8467,-1,-1,-1
308,13,1686,419,208,495,0.8417,-1,-1,-1
308,20,780,449,76,208,0.6545,-1,-1,-1
308,23,865,421,162,526,0.8024,-1,-1,-1
308,24,1312,429,116,272,0.8680,-1,-1,-1
308,31,-39,389,197,472,0.7786,-1,-1,-1
308,32,1182,436,51,114,0.5000,-1,-1,-1
309,3,1044,403,175,615,0.8605,-1,-1,-1
309,13,1691,420,213,500,0.8407,-1,-1,-1
309,20,785,450,75,207,0.7046,-1,-1,-1
309,23,865,422,162,525,0.8156,-1,-1,-1
309,24,1305,433,116,267,0.8533,-1,-1,-1
309,31,-40,375,199,488,0.8232,-1,-1,-1
309,32,1184,436,51,115,0.5358,-1,-1,-1
309,22,500,447,43,114,0.4511,-1,-1,-1
310,3,1046,403,179,613,0.8606,-1,-1,-1
310,13,1691,422,216,502,0.8660,-1,-1,-1
310,20,790,447,76,210,0.7284,-1,-1,-1
310,23,866,422,160,525,0.7925,-1,-1,-1
310,24,1298,431,119,269,0.8400,-1,-1,-1
310,31,-38,372,194,490,0.8154,-1,-1,-1
310,32,1185,437,50,115,0.5602,-1,-1,-1
310,22,497,447,44,115,0.4062,-1,-1,-1
311,3,1046,404,182,611,0.8567,-1,-1,-1
311,13,1690,424,221,506,0.8946,-1,-1,-1
311,20,794,446,76,211,0.7245,-1,-1,-1
311,23,867,420,161,530,0.7870,-1,-1,-1
311,24,1297,431,118,266,0.8419,-1,-1,-1
311,31,-34,374,188,486,0.8218,-1,-1,-1
311,32,1186,437,50,114,0.6226,-1,-1,-1
311,22,496,447,45,114,0.4288,-1,-1,-1
311,33,1616,413,142,379,0.5373,-1,-1,-1
312,3,1045,404,184,611,0.8621,-1,-1,-1
312,13,1689,424,224,510,0.9024,-1,-1,-1
312,20,795,447,75,209,0.6995,-1,-1,-1
312,23,866,419,160,529,0.8017,-1,-1,-1
312,24,1290,432,115,262,0.8028,-1,-1,-1
312,31,-30,374,184,488,0.8175,-1,-1,-1
312,32,1187,436,49,116,0.6309,-1,-1,-1
312,22,496,448,44,113,0.4212,-1,-1,-1
312,33,1634,411,145,392,0.4837,-1,-1,-1
313,3,1045,404,187,611,0.8728,-1,-1,-1
313,13,1688,425,228,515,0.8287,-1,-1,-1
313,20,798,445,76,211,0.6927,-1,-1,-1
313,23,866,417,161,534,0.7834,-1,-1,-1
313,24,1275,434,113,258,0.7693,-1,-1,-1
313,31,-21,375,180,486,0.8469,-1,-1,-1
313,32,1187,435,49,117,0.5944,-1,-1,-1
313,22,495,449,44,112,0.4245,-1,-1,-1
313,33,1642,411,148,402,0.5190,-1,-1,-1
314,3,1043,402,191,613,0.8709,-1,-1,-1
314,13,1694,424,230,520,0.8302,-1,-1,-1
314,20,800,447,75,209,0.7229,-1,-1,-1
314,23,867,415,161,537,0.8141,-1,-1,-1
314,24,1264,427,114,262,0.7891,-1,-1,-1
314,31,-6,379,177,480,0.8240,-1,-1,-1
314,32,1188,434,50,120,0.6486,-1,-1,-1
314,22,495,449,44,112,0.4112,-1,-1,-1
314,33,1639,411,150,403,0.4774,-1,-1,-1
315,3,1045,401,193,614,0.8808,-1,-1,-1
315,13,1724,421,223,524,0.6842,-1,-1,-1
315,20,804,445,76,211,0.7207,-1,-1,-1
315,23,867,415,162,537,0.8204,-1,-1,-1
315,24,1258,428,109,259,0.7744,-1,-1,-1
315,31,13,382,177,474,0.8576,-1,-1,-1
315,32,1189,435,49,118,0.6471,-1,-1,-1
315,22,495,447,45,114,0.4794,-1,-1,-1
316,3,1047,400,194,615,0.8876,-1,-1,-1
316,13,1743,419,216,528,0.7331,-1,-1,-1
316,20,808,447,75,210,0.7233,-1,-1,-1
316,23,867,415,162,537,0.8257,-1,-1,-1
316,24,1253,429,107,261,0.8140,-1,-1,-1
316,31,30,386,179,468,0.8733,-1,-1,-1
316,32,1192,435,48,119,0.6199,-1,-1,-1
316,22,495,447,44,114,0.4969,-1,-1,-1
317,3,1049,401,195,614,0.8825,-1,-1,-1
317,13,1745,416,207,520,0.7001,-1,-1,-1
317,20,808,446,75,213,0.7116,-1,-1,-1
317,23,869,415,162,538,0.8384,-1,-1,-1
317,24,1249,423,106,266,0.7612,-1,-1,-1
317,31,45,389,184,466,0.8688,-1,-1,-1
317,32,1194,436,48,117,0.5020,-1,-1,-1
317,22,495,447,44,114,0.4865,-1,-1,-1
317,33,1666,408,158,418,0.5288,-1,-1,-1
318,3,1051,401,194,614,0.8888,-1,-1,-1
318,13,1741,417,205,524,0.7399,-1,-1,-1
318,20,808,446,75,214,0.6907,-1,-1,-1
318,23,871,415,162,538,0.8414,-1,-1,-1
318,24,1245,428,102,261,0.7248,-1,-1,-1
318,31,54,392,192,463,0.9007,-1,-1,-1
318,32,1196,436,47,115,0.4436,-1,-1,-1
318,22,494,448,43,113,0.5477,-1,-1,-1
318,33,1687,405,157,422,0.5240,-1,-1,-1
319,3,1051,403,195,612,0.8883,-1,-1,-1
319,13,1766,415,193,518,0.7624,-1,-1,-1
319,20,811,447,75,212,0.6697,-1,-1,-1
319,23,871,416,162,537,0.8036,-1,-1,-1
319,24,1240,420,103,267,0.7347,-1,-1,-1
319,31,59,391,201,465,0.9001,-1,-1,-1
319,32,1199,438,45,113,0.4806,-1,-1,-1
319,22,493,448,44,113,0.5443,-1,-1,-1
319,33,1701,402,158,431,0.6237,-1,-1,-1
320,3,1050,404,195,612,0.8848,-1,-1,-1
320,13,1777,413,185,523,0.6877,-1,-1,-1
320,20,813,448,74,211,0.6390,-1,-1,-1
320,23,873,416,161,536,0.8044,-1,-1,-1
320,24,1234,428,101,258,0.8220,-1,-1,-1
320,31,62,394,207,463,0.9040,-1,-1,-1
320,32,1202,441,44,111,0.4748,-1,-1,-1
320,22,492,446,45,115,0.5837,-1,-1,-1
320,33,1709,401,156,433,0.5426,-1,-1,-1
320,37,1435,433,41,114,0.4777,-1,-1,-1
321,3,1050,403,196,614,0.8832,-1,-1,-1
321,13,1791,411,177,529,0.7448,-1,-1,-1
321,20,817,448,73,211,0.6261,-1,-1,-1
321,23,875,418,159,532,0.7668,-1,-1,-1
321,24,1232,430,101,255,0.7964,-1,-1,-1
321,31,63,397,214,458,0.9046,-1,-1,-1
321,32,1206,443,43,109,0.4062,-1,-1,-1
321,22,492,446,44,115,0.5798,-1,-1,-1
321,33,1729,400,133,367,0.4463,-1,-1,-1
321,37,1438,435,40,112,0.5982,-1,-1,-1
322,3,1050,402,196,615,0.8826,-1,-1,-1
322,13,1804,414,164,522,0.5799,-1,-1,-1
322,20,819,449,72,210,0.5966,-1,-1,-1
322,23,875,420,159,529,0.7624,-1,-1,-1
322,24,1232,432,100,250,0.8038,-1,-1,-1
322,31,64,399,220,452,0.9104,-1,-1,-1
322,32,1208,444,41,105,0.3313,-1,-1,-1
322,22,491,447,44,114,0.5837,-1,-1,-1
322,33,1725,399,160,447,0.4178,-1,-1,-1
322,37,1439,435,40,112,0.5972,-1,-1,-1
323,3,1051,402,196,616,0.8897,-1,-1,-1
323,20,822,446,73,213,0.5647,-1,-1,-1
323,23,874,419,159,531,0.7944,-1,-1,-1
323,24,1231,436,99,245,0.7909,-1,-1,-1
323,31,64,402,225,445,0.8948,-1,-1,-1
323,22,490,447,45,113,0.5287,-1,-1,-1
323,33,1732,397,161,454,0.5291,-1,-1,-1
323,37,1441,437,39,108,0.5536,-1,-1,-1
324,3,1052,401,196,617,0.8808,-1,-1,-1
324,20,825,447,73,211,0.4882,-1,-1,-1
324,23,876,420,158,527,0.8104,-1,-1,-1
324,24,1227,437,99,246,0.7476,-1,-1,-1
324,31,64,403,229,441,0.8944,-1,-1,-1
324,22,490,448,44,111,0.4551,-1,-1,-1
324,33,1744,397,159,455,0.6432,-1,-1,-1
324,37,1445,438,39,108,0.5484,-1,-1,-1
325,3,1053,400,196,618,0.8756,-1,-1,-1
325,20,826,443,75,218,0.4251,-1,-1,-1
325,23,876,421,158,525,0.8062,-1,-1,-1
325,24,1221,441,100,243,0.6706,-1,-1,-1
325,31,67,403,233,440,0.8797,-1,-1,-1
325,22,491,448,43,110,0.4211,-1,-1,-1
325,33,1755,396,158,453,0.6620,-1,-1,-1
325,37,1449,438,40,108,0.5928,-1,-1,-1
326,3,1054,400,195,618,0.8697,-1,-1,-1
326,20,829,442,76,219,0.3749,-1,-1,-1
326,23,880,421,158,527,0.8004,-1,-1,-1
326,24,1214,451,96,231,0.6174,-1,-1,-1
326,31,74,402,234,435,0.8843,-1,-1,-1
326,22,490,448,43,110,0.3722,-1,-1,-1
326,33,1754,395,174,505,0.7359,-1,-1,-1
326,37,1452,439,40,107,0.6219,-1,-1,-1
327,3,1055,399,195,619,0.8697,-1,-1,-1
327,23,882,419,158,533,0.8120,-1,-1,-1
327,31,84,400,233,433,0.8916,-1,-1,-1
327,22,490,449,43,109,0.4293,-1,-1,-1
327,33,1754,393,181,532,0.7983,-1,-1,-1
327,37,1453,439,41,107,0.6078,-1,-1,-1
328,3,1056,399,194,619,0.8619,-1,-1,-1
328,23,884,420,157,530,0.8136,-1,-1,-1
328,31,97,398,231,430,0.8724,-1,-1,-1
328,22,490,449,41,106,0.3777,-1,-1,-1
328,33,1759,390,173,516,0.8209,-1,-1,-1
328,37,1454,439,41,107,0.6430,-1,-1,-1
329,3,1057,399,193,619,0.8560,-1,-1,-1
329,23,884,419,158,533,0.8162,-1,-1,-1
329,31,110,398,226,428,0.8461,-1,-1,-1
329,22,490,450,40,101,0.3976,-1,-1,-1
329,33,1758,392,175,525,0.7854,-1,-1,-1
329,37,1457,441,41,105,0.5634,-1,-1,-1
330,3,1057,398,193,620,0.8558,-1,-1,-1
330,23,883,420,157,530,0.8263,-1,-1,-1
330,31,126,401,218,422,0.7952,-1,-1,-1
330,22,490,449,39,100,0.4027,-1,-1,-1
330,33,1764,394,163,490,0.7971,-1,-1,-1
330,37,1459,437,42,108,0.4533,-1,-1,-1
331,3,1058,399,192,619,0.8563,-1,-1,-1
331,23,882,417,159,533,0.8329,-1,-1,-1
331,31,142,400,211,421,0.7605,-1,-1,-1
331,22,491,450,36,91,0.3869,-1,-1,-1
331,33,1769,396,155,467,0.8371,-1,-1,-1
331,37,1462,436,41,109,0.6081,-1,-1,-1
332,3,1058,401,192,617,0.8459,-1,-1,-1
332,23,880,417,159,532,0.8410,-1,-1,-1
332,31,164,398,204,422,0.7852,-1,-1,-1
332,22,492,451,35,87,0.3665,-1,-1,-1
332,33,1770,394,153,462,0.7778,-1,-1,-1
332,37,1465,436,42,109,0.6459,-1,-1,-1
333,3,1059,401,192,617,0.8322,-1,-1,-1
333,23,878,419,160,530,0.8244,-1,-1,-1
333,31,183,398,198,422,0.7547,-1,-1,-1
333,22,492,452,37,93,0.3538,-1,-1,-1
333,33,1771,395,151,454,0.7748,-1,-1,-1
333,37,1469,437,41,108,0.5496,-1,-1,-1
333,40,-15,518,135,270,0.6699,-1,-1,-1
334,3,1060,402,192,616,0.8358,-1,-1,-1
334,23,876,420,160,526,0.8209,-1,-1,-1
334,31,201,417,185,404,0.6742,-1,-1,-1
334,22,492,453,38,97,0.3698,-1,-1,-1
334,33,1773,394,150,453,0.7395,-1,-1,-1
334,37,1471,434,43,113,0.4958,-1,-1,-1
334,40,-17,476,156,312,0.7962,-1,-1,-1
335,3,1060,402,192,616,0.8429,-1,-1,-1
335,23,880,419,160,528,0.8266,-1,-1,-1
335,31,211,407,188,415,0.7256,-1,-1,-1
335,22,491,452,39,102,0.3751,-1,-1,-1
335,33,1780,426,142,426,0.6982,-1,-1,-1
335,37,1473,434,43,113,0.5211,-1,-1,-1
335,40,-15,451,168,336,0.7452,-1,-1,-1
336,3,1060,402,191,616,0.8549,-1,-1,-1
336,23,879,421,161,524,0.8497,-1,-1,-1
336,31,225,408,185,413,0.7875,-1,-1,-1
336,22,490,450,40,106,0.4247,-1,-1,-1
336,33,1787,445,136,410,0.6890,-1,-1,-1
336,37,1474,433,43,112,0.5618,-1,-1,-1
336,40,-13,442,171,345,0.8265,-1,-1,-1
337,3,1060,403,192,615,0.8504,-1,-1,-1
337,23,879,421,162,522,0.8452,-1,-1,-1
337,31,235,399,187,422,0.8020,-1,-1,-1
337,22,490,449,38,102,0.3440,-1,-1,-1
337,33,1795,449,133,407,0.6597,-1,-1,-1
337,37,1476,432,43,114,0.5620,-1,-1,-1
337,40,-11,441,171,345,0.8588,-1,-1,-1
338,3,1060,403,191,615,0.8404,-1,-1,-1
338,23,881,421,163,526,0.8331,-1,-1,-1
338,31,239,398,187,425,0.7722,-1,-1,-1
338,22,489,448,39,104,0.3023,-1,-1,-1
338,33,1807,458,125,395,0.4426,-1,-1,-1
338,37,1478,433,43,113,0.5839,-1,-1,-1
338,40,-9,439,169,345,0.8448,-1,-1,-1
339,3,1060,403,191,614,0.8398,-1,-1,-1
339,23,880,422,162,522,0.8356,-1,-1,-1
339,31,251,409,185,414,0.7896,-1,-1,-1
339,37,1480,436,43,109,0.4811,-1,-1,-1
339,40,-7,439,168,344,0.8669,-1,-1,-1
340,3,1061,403,192,614,0.8320,-1,-1,-1
340,23,881,421,164,527,0.8266,-1,-1,-1
340,31,254,403,189,420,0.8313,-1,-1,-1
340,37,1483,436,42,109,0.3870,-1,-1,-1
340,40,-7,437,167,346,0.8689,-1,-1,-1
341,3,1064,402,191,613,0.8454,-1,-1,-1
341,23,882,420,163,529,0.8192,-1,-1,-1
341,31,254,404,191,419,0.8004,-1,-1,-1
341,40,-6,438,167,346,0.8367,-1,-1,-1
342,3,1065,399,193,617,0.8476,-1,-1,-1
342,23,884,421,163,524,0.8355,-1,-1,-1
342,31,258,425,184,397,0.8246,-1,-1,-1
342,40,-4,442,164,342,0.7829,-1,-1,-1
343,3,1066,398,194,616,0.8524,-1,-1,-1
343,23,888,421,162,522,0.8356,-1,-1,-1
343,31,260,426,186,395,0.8562,-1,-1,-1
343,40,-5,440,164,346,0.8136,-1,-1,-1
344,3,1067,397,194,619,0.8511,-1,-1,-1
344,23,889,422,161,520,0.8316,-1,-1,-1
344,31,263,431,186,389,0.8851,-1,-1,-1
344,40,-5,438,164,348,0.7923,-1,-1,-1
345,3,1068,397,195,620,0.8470,-1,-1,-1
345,23,890,421,162,524,0.8209,-1,-1,-1
345,31,263,424,191,395,0.8698,-1,-1,-1
345,40,0,434,164,352,0.8163,-1,-1,-1
346,3,1070,396,195,621,0.8478,-1,-1,-1
346,23,892,420,162,526,0.8188,-1,-1,-1
346,31,266,419,193,398,0.8384,-1,-1,-1
346,40,14,434,161,350,0.8013,-1,-1,-1
347,3,1071,397,194,619,0.8471,-1,-1,-1
347,23,892,419,163,528,0.8243,-1,-1,-1
347,31,270,415,194,402,0.8425,-1,-1,-1
347,40,33,437,155,345,0.8215,-1,-1,-1
348,3,1071,397,194,620,0.8485,-1,-1,-1
348,23,894,419,161,528,0.8305,-1,-1,-1
348,31,282,415,190,397,0.8535,-1,-1,-1
348,40,46,437,153,345,0.7914,-1,-1,-1
349,3,1071,397,195,621,0.8571,-1,-1,-1
349,23,895,419,161,528,0.8475,-1,-1,-1
349,31,293,418,182,387,0.8309,-1,-1,-1
349,40,55,438,150,344,0.7735,-1,-1,-1
350,3,1071,401,193,612,0.8596,-1,-1,-1
350,23,898,418,160,529,0.8485,-1,-1,-1
350,31,299,405,183,398,0.8201,-1,-1,-1
350,40,67,437,150,344,0.8657,-1,-1,-1
351,3,1071,400,195,616,0.8552,-1,-1,-1
351,23,899,418,160,529,0.8539,-1,-1,-1
351,31,313,400,177,400,0.8451,-1,-1,-1
351,40,83,437,151,345,0.8758,-1,-1,-1
352,3,1071,399,197,618,0.8409,-1,-1,-1
352,23,900,419,160,528,0.8492,-1,-1,-1
352,31,326,398,171,400,0.7465,-1,-1,-1
352,40,92,439,154,344,0.9008,-1,-1,-1
352,42,2,509,54,344,0.6956,-1,-1,-1
353,3,1071,397,197,620,0.8349,-1,-1,-1
353,23,900,419,160,527,0.8495,-1,-1,-1
353,31,331,399,166,395,0.6209,-1,-1,-1
353,40,103,450,155,333,0.8450,-1,-1,-1
353,42,7,503,56,350,0.7700,-1,-1,-1
354,3,1070,397,198,620,0.8258,-1,-1,-1
354,23,901,419,160,527,0.8437,-1,-1,-1
354,31,350,399,161,398,0.7614,-1,-1,-1
354,40,107,447,161,337,0.9076,-1,-1,-1
354,42,9,476,60,378,0.7781,-1,-1,-1
355,3,1070,397,198,620,0.8134,-1,-1,-1
355,23,901,419,158,526,0.8366,-1,-1,-1
355,31,363,399,158,398,0.8073,-1,-1,-1
355,40,106,444,166,337,0.9083,-1,-1,-1
355,42,18,455,65,398,0.7763,-1,-1,-1
356,3,1071,397,199,620,0.8032,-1,-1,-1
356,23,901,420,157,524,0.8243,-1,-1,-1
356,31,372,399,156,397,0.7534,-1,-1,-1
356,40,112,440,168,335,0.8669,-1,-1,-1
356,42,32,445,70,407,0.7916,-1,-1,-1
357,3,1073,398,200,620,0.8379,-1,-1,-1
357,23,900,420,156,522,0.8197,-1,-1,-1
357,31,388,397,154,398,0.7180,-1,-1,-1
357,40,120,438,166,329,0.8567,-1,-1,-1
357,42,48,440,77,410,0.8770,-1,-1,-1
358,3,1073,398,201,620,0.8322,-1,-1,-1
358,23,903,419,154,519,0.7838,-1,-1,-1
358,31,396,400,155,394,0.7578,-1,-1,-1
358,40,126,438,166,327,0.8122,-1,-1,-1
358,42,57,439,84,411,0.8835,-1,-1,-1
359,3,1073,398,201,620,0.8278,-1,-1,-1
359,23,906,420,153,517,0.7789,-1,-1,-1
359,31,409,403,156,391,0.6479,-1,-1,-1
359,40,136,455,159,311,0.7220,-1,-1,-1
359,42,60,441,92,410,0.8791,-1,-1,-1
359,44,1047,434,71,211,0.4942,-1,-1,-1
360,3,1073,398,202,619,0.8020,-1,-1,-1
360,23,907,420,154,518,0.7680,-1,-1,-1
360,31,412,405,158,390,0.7513,-1,-1,-1
360,40,144,446,161,319,0.6551,-1,-1,-1
360,42,60,443,100,408,0.8967,-1,-1,-1
360,44,1039,427,73,218,0.4502,-1,-1,-1
361,3,1074,397,203,621,0.8072,-1,-1,-1
361,23,910,419,154,519,0.7903,-1,-1,-1
361,31,415,406,161,390,0.8132,-1,-1,-1
361,40,155,439,159,324,0.6909,-1,-1,-1
361,42,59,444,109,407,0.9155,-1,-1,-1
362,3,1073,397,203,621,0.8141,-1,-1,-1
362,23,913,420,154,519,0.8027,-1,-1,-1
362,31,415,408,165,389,0.7608,-1,-1,-1
362,40,161,438,156,325,0.6830,-1,-1,-1
362,42,57,445,118,406,0.8901,-1,-1,-1
363,3,1072,397,203,621,0.8285,-1,-1,-1
363,23,917,421,154,517,0.8059,-1,-1,-1
363,31,412,407,169,388,0.7615,-1,-1,-1
363,40,163,433,155,330,0.7658,-1,-1,-1
363,42,53,447,126,404,0.8979,-1,-1,-1
364,3,1072,397,203,621,0.8298,-1,-1,-1
364,23,921,421,154,516,0.8256,-1,-1,-1
364,31,410,408,170,387,0.8311,-1,-1,-1
364,40,173,437,148,327,0.7490,-1,-1,-1
364,42,50,446,134,402,0.8853,-1,-1,-1
365,3,1072,398,203,620,0.8334,-1,-1,-1
365,23,926,422,153,514,0.8205,-1,-1,-1
365,31,410,407,174,389,0.8513,-1,-1,-1
365,40,183,436,144,328,0.7780,-1,-1,-1
365,42,46,446,143,402,0.8878,-1,-1,-1
366,3,1073,398,204,620,0.8293,-1,-1,-1
366,23,927,423,153,513,0.8072,-1,-1,-1
366,31,413,410,174,383,0.8644,-1,-1,-1
366,40,190,435,140,329,0.8241,-1,-1,-1
366,42,45,446,148,397,0.8731,-1,-1,-1
367,3,1074,398,204,620,0.8359,-1,-1,-1
367,23,927,419,153,512,0.8290,-1,-1,-1
367,31,414,410,175,380,0.8690,-1,-1,-1
367,40,203,434,136,326,0.7106,-1,-1,-1
367,42,51,445,151,392,0.8643,-1,-1,-1
368,3,1073,398,205,620,0.8053,-1,-1,-1
368,23,928,420,153,514,0.8122,-1,-1,-1
368,31,415,409,177,380,0.8753,-1,-1,-1
368,40,217,436,134,323,0.7071,-1,-1,-1
368,42,64,442,151,389,0.8620,-1,-1,-1
369,3,1073,398,205,619,0.8138,-1,-1,-1
369,23,929,418,153,513,0.8325,-1,-1,-1
369,31,416,406,179,383,0.8723,-1,-1,-1
369,40,230,436,134,324,0.7792,-1,-1,-1
369,42,80,439,150,384,0.7968,-1,-1,-1
370,3,1073,398,206,619,0.7993,-1,-1,-1
370,23,930,419,154,515,0.7697,-1,-1,-1
370,31,419,407,180,384,0.8723,-1,-1,-1
370,40,243,437,135,323,0.8462,-1,-1,-1
370,42,101,438,146,381,0.7679,-1,-1,-1
371,3,1073,398,206,618,0.8027,-1,-1,-1
371,23,933,419,154,517,0.8085,-1,-1,-1
371,31,426,406,177,382,0.8924,-1,-1,-1
371,40,253,438,138,324,0.8474,-1,-1,-1
371,42,118,439,143,377,0.7773,-1,-1,-1
372,3,1074,398,207,617,0.7954,-1,-1,-1
372,23,934,415,154,517,0.8095,-1,-1,-1
372,31,434,405,173,375,0.8876,-1,-1,-1
372,40,254,439,140,322,0.8177,-1,-1,-1
372,42,129,440,142,379,0.8210,-1,-1,-1
373,3,1076,398,208,617,0.8162,-1,-1,-1
373,23,936,414,154,518,0.8408,-1,-1,-1
373,31,446,403,170,373,0.8316,-1,-1,-1
373,40,263,441,139,313,0.8301,-1,-1,-1
373,42,145,441,141,378,0.8238,-1,-1,-1
373,45,0,496,44,309,0.5784,-1,-1,-1
374,3,1077,399,209,615,0.7933,-1,-1,-1
374,23,939,412,154,520,0.8307,-1,-1,-1
374,31,458,401,167,372,0.8165,-1,-1,-1
374,40,274,450,134,298,0.7325,-1,-1,-1
374,42,161,441,141,376,0.8198,-1,-1,-1
374,45,2,484,46,320,0.7556,-1,-1,-1
375,3,1078,400,210,616,0.7834,-1,-1,-1
375,23,940,411,154,521,0.8164,-1,-1,-1
375,31,470,403,163,367,0.7742,-1,-1,-1
375,40,282,456,131,290,0.7840,-1,-1,-1
375,42,171,442,144,375,0.8556,-1,-1,-1
375,45,4,469,49,341,0.7544,-1,-1,-1
376,3,1076,399,210,616,0.7914,-1,-1,-1
376,23,942,411,153,519,0.7967,-1,-1,-1
376,31,479,404,159,362,0.7747,-1,-1,-1
376,40,285,454,133,292,0.7904,-1,-1,-1
376,42,179,443,148,374,0.8604,-1,-1,-1
376,45,9,462,51,350,0.7922,-1,-1,-1
377,3,1077,399,211,617,0.7922,-1,-1,-1
377,23,943,415,152,518,0.7848,-1,-1,-1
377,31,482,401,159,365,0.8074,-1,-1,-1
377,40,291,461,129,286,0.7630,-1,-1,-1
377,42,182,446,153,373,0.8573,-1,-1,-1
377,45,19,437,56,372,0.7760,-1,-1,-1
378,3,1079,400,212,616,0.7883,-1,-1,-1
378,23,947,417,151,516,0.7839,-1,-1,-1
378,31,491,400,159,368,0.7940,-1,-1,-1
378,40,294,455,131,292,0.7178,-1,-1,-1
378,42,182,447,158,371,0.8743,-1,-1,-1
378,45,32,428,62,381,0.8292,-1,-1,-1
379,3,1080,399,213,617,0.7908,-1,-1,-1
379,23,948,417,151,518,0.8150,-1,-1,-1
379,31,498,402,158,366,0.7566,-1,-1,-1
379,40,296,442,135,306,0.7637,-1,-1,-1
379,42,184,449,161,368,0.8461,-1,-1,-1
379,45,36,425,67,382,0.8363,-1,-1,-1
380,3,1080,398,215,618,0.7851,-1,-1,-1
380,23,949,416,152,520,0.7904,-1,-1,-1
380,31,508,404,156,365,0.7534,-1,-1,-1
380,40,301,446,130,303,0.6300,-1,-1,-1
380,42,185,447,166,368,0.8439,-1,-1,-1
380,45,38,427,72,379,0.8360,-1,-1,-1
381,3,1079,397,216,619,0.7872,-1,-1,-1
381,23,952,416,152,521,0.7711,-1,-1,-1
381,31,514,404,154,364,0.7726,-1,-1,-1
381,40,311,445,127,302,0.7255,-1,-1,-1
381,42,183,443,171,367,0.8436,-1,-1,-1
381,45,43,438,77,369,0.8228,-1,-1,-1
382,3,1080,398,217,618,0.7973,-1,-1,-1
382,23,953,413,153,521,0.7750,-1,-1,-1
382,31,522,404,152,363,0.7732,-1,-1,-1
382,40,321,442,123,304,0.7534,-1,-1,-1
382,42,189,444,174,366,0.8203,-1,-1,-1
382,45,44,439,83,368,0.8396,-1,-1,-1
383,3,1080,398,218,618,0.8086,-1,-1,-1
383,23,953,411,154,522,0.7845,-1,-1,-1
383,31,530,404,151,363,0.8239,-1,-1,-1
383,40,330,438,122,307,0.6994,-1,-1,-1
383,42,196,445,174,363,0.8753,-1,-1,-1
383,45,46,437,91,370,0.8831,-1,-1,-1
384,3,1081,398,219,619,0.8139,-1,-1,-1
384,23,955,415,154,520,0.7867,-1,-1,-1
384,31,532,405,151,363,0.8435,-1,-1,-1
384,40,341,438,120,306,0.7636,-1,-1,-1
384,42,202,444,173,362,0.8643,-1,-1,-1
384,45,48,436,100,369,0.8767,-1,-1,-1
385,3,1081,399,220,615,0.8167,-1,-1,-1
385,23,956,412,154,522,0.7806,-1,-1,-1
385,31,536,408,151,361,0.8584,-1,-1,-1
385,40,349,432,121,313,0.7875,-1,-1,-1
385,42,209,441,172,362,0.8254,-1,-1,-1
385,45,50,437,108,367,0.8919,-1,-1,-1
386,3,1074,398,222,618,0.8341,-1,-1,-1
386,23,960,415,155,522,0.7631,-1,-1,-1
386,31,541,409,151,360,0.8573,-1,-1,-1
386,40,361,436,120,309,0.8095,-1,-1,-1
386,42,219,439,169,362,0.8169,-1,-1,-1
386,45,47,437,116,368,0.8969,-1,-1,-1
387,3,1073,399,223,617,0.8337,-1,-1,-1
387,23,964,417,154,520,0.7650,-1,-1,-1
387,31,543,411,150,358,0.8624,-1,-1,-1
387,40,371,437,122,308,0.8116,-1,-1,-1
387,42,234,438,163,360,0.7828,-1,-1,-1
387,45,45,436,124,368,0.8985,-1,-1,-1
388,3,1074,398,225,618,0.8401,-1,-1,-1
388,23,962,418,155,518,0.7882,-1,-1,-1
388,31,545,409,149,356,0.8681,-1,-1,-1
388,40,380,437,125,308,0.8295,-1,-1,-1
388,42,246,437,158,361,0.7685,-1,-1,-1
388,45,44,436,131,368,0.8914,-1,-1,-1
389,3,1072,398,228,618,0.8072,-1,-1,-1
389,23,963,419,153,518,0.7703,-1,-1,-1
389,31,548,409,147,351,0.8442,-1,-1,-1
389,40,385,437,129,308,0.8689,-1,-1,-1
389,42,260,436,153,362,0.7713,-1,-1,-1
389,45,47,431,136,371,0.8686,-1,-1,-1
390,3,1068,398,230,618,0.8270,-1,-1,-1
390,23,962,419,153,518,0.7721,-1,-1,-1
390,31,552,409,145,348,0.8373,-1,-1,-1
390,40,392,439,131,304,0.8793,-1,-1,-1
390,42,269,438,148,361,0.7644,-1,-1,-1
390,45,53,431,138,369,0.8564,-1,-1,-1
391,3,1064,397,231,619,0.8389,-1,-1,-1
391,23,958,419,151,518,0.7517,-1,-1,-1
391,31,555,406,145,352,0.8469,-1,-1,-1
391,40,397,440,132,298,0.8241,-1,-1,-1
391,42,279,439,142,358,0.7091,-1,-1,-1
391,45,59,428,142,371,0.7976,-1,-1,-1
392,3,1063,398,231,618,0.8279,-1,-1,-1
392,23,958,420,151,517,0.7368,-1,-1,-1
392,31,559,403,145,354,0.8359,-1,-1,-1
392,40,399,439,133,297,0.7800,-1,-1,-1
392,42,288,437,140,361,0.7174,-1,-1,-1
392,45,63,429,143,367,0.8229,-1,-1,-1
393,3,1061,398,232,618,0.8365,-1,-1,-1
393,23,959,421,149,516,0.7315,-1,-1,-1
393,31,567,403,140,350,0.8156,-1,-1,-1
393,40,407,441,132,293,0.7774,-1,-1,-1
393,42,304,439,139,358,0.7360,-1,-1,-1
393,45,68,434,143,361,0.7320,-1,-1,-1
394,3,1062,397,233,619,0.8379,-1,-1,-1
394,23,964,420,149,518,0.7094,-1,-1,-1
394,31,572,404,137,346,0.8025,-1,-1,-1
394,40,415,445,131,291,0.7865,-1,-1,-1
394,42,317,440,141,357,0.8178,-1,-1,-1
394,45,75,432,145,363,0.7230,-1,-1,-1
394,48,924,439,58,170,0.7023,-1,-1,-1
394,49,730,472,46,134,0.5090,-1,-1,-1
395,3,1062,397,234,619,0.8319,-1,-1,-1
395,23,967,421,148,517,0.7620,-1,-1,-1
395,31,576,406,134,342,0.7928,-1,-1,-1
395,40,421,444,130,291,0.7736,-1,-1,-1
395,42,322,442,142,356,0.8194,-1,-1,-1
395,45,84,431,147,366,0.7965,-1,-1,-1
395,48,920,441,56,165,0.7262,-1,-1,-1
395,49,729,470,47,138,0.5105,-1,-1,-1
396,3,1063,398,234,618,0.8512,-1,-1,-1
396,23,969,421,147,518,0.7628,-1,-1,-1
396,31,581,403,132,341,0.7696,-1,-1,-1
396,40,427,447,127,286,0.7710,-1,-1,-1
396,42,325,442,145,356,0.8410,-1,-1,-1
396,45,109,432,146,364,0.7030,-1,-1,-1
396,48,917,440,58,174,0.7441,-1,-1,-1
396,49,728,468,48,142,0.4661,-1,-1,-1
397,3,1064,398,235,618,0.8534,-1,-1,-1
397,23,970,420,145,518,0.7692,-1,-1,-1
397,31,586,412,129,334,0.7455,-1,-1,-1
397,40,436,456,120,276,0.7313,-1,-1,-1
397,42,328,441,148,356,0.8684,-1,-1,-1
397,45,120,434,145,362,0.7095,-1,-1,-1
397,48,916,441,55,165,0.6866,-1,-1,-1
397,49,726,466,49,145,0.4372,-1,-1,-1
398,3,1066,399,235,619,0.8573,-1,-1,-1
398,23,970,420,144,517,0.7647,-1,-1,-1
398,31,595,430,122,318,0.7615,-1,-1,-1
398,40,442,459,116,272,0.7222,-1,-1,-1
398,42,329,440,151,356,0.8604,-1,-1,-1
398,45,121,435,146,362,0.8120,-1,-1,-1
398,48,913,441,54,161,0.5903,-1,-1,-1
398,49,723,463,50,148,0.4608,-1,-1,-1
399,3,1066,400,235,618,0.8513,-1,-1,-1
399,23,970,420,142,517,0.7707,-1,-1,-1
399,31,604,437,121,309,0.7743,-1,-1,-1
399,40,445,455,115,275,0.7599,-1,-1,-1
399,42,330,440,153,355,0.8432,-1,-1,-1
399,45,130,435,149,362,0.8481,-1,-1,-1
399,48,912,441,53,160,0.5619,-1,-1,-1
399,49,722,461,51,148,0.3752,-1,-1,-1
400,3,1067,401,234,617,0.8517,-1,-1,-1
400,23,971,420,141,517,0.7454,-1,-1,-1
400,31,607,415,129,329,0.7800,-1,-1,-1
400,40,448,444,117,284,0.8175,-1,-1,-1
400,42,329,437,155,357,0.8717,-1,-1,-1
400,45,137,435,151,362,0.8526,-1,-1,-1
400,48,910,441,53,160,0.6109,-1,-1,-1
400,49,720,459,51,149,0.3601,-1,-1,-1
401,3,1068,399,235,620,0.8427,-1,-1,-1
401,23,971,420,140,517,0.7443,-1,-1,-1
401,31,613,408,133,336,0.7886,-1,-1,-1
401,40,455,444,114,285,0.7368,-1,-1,-1
401,42,330,438,156,352,0.8156,-1,-1,-1
401,45,146,436,154,361,0.8848,-1,-1,-1
401,48,908,441,53,160,0.6575,-1,-1,-1
401,49,718,458,51,150,0.3687,-1,-1,-1
402,3,1069,399,234,622,0.8362,-1,-1,-1
402,23,971,418,139,519,0.7587,-1,-1,-1
402,31,620,405,136,338,0.8003,-1,-1,-1
402,40,461,443,114,287,0.7152,-1,-1,-1
402,42,337,443,153,347,0.7712,-1,-1,-1
402,45,150,437,156,359,0.8756,-1,-1,-1
402,48,905,441,55,166,0.5315,-1,-1,-1
402,49,716,457,52,152,0.4325,-1,-1,-1
403,3,1071,399,234,622,0.8259,-1,-1,-1
403,23,973,417,137,520,0.7394,-1,-1,-1
403,31,625,401,139,343,0.8579,-1,-1,-1
403,40,472,440,114,288,0.6365,-1,-1,-1
403,42,345,444,149,340,0.7896,-1,-1,-1
403,45,160,438,159,356,0.8916,-1,-1,-1
403,48,902,443,57,170,0.5642,-1,-1,-1
403,49,715,457,53,154,0.4828,-1,-1,-1
404,3,1073,399,233,623,0.8421,-1,-1,-1
404,23,971,417,137,519,0.7783,-1,-1,-1
404,31,629,401,142,344,0.8622,-1,-1,-1
404,40,483,440,116,289,0.6675,-1,-1,-1
404,42,353,443,146,337,0.7762,-1,-1,-1
404,45,164,439,162,353,0.8709,-1,-1,-1
404,48,900,444,58,171,0.4051,-1,-1,-1
404,49,713,457,53,153,0.4401,-1,-1,-1
405,3,1072,399,231,623,0.8463,-1,-1,-1
405,23,967,416,137,520,0.7693,-1,-1,-1
405,31,633,401,144,344,0.8413,-1,-1,-1
405,40,494,441,117,289,0.7402,-1,-1,-1
405,42,364,440,142,336,0.7876,-1,-1,-1
405,45,166,438,163,351,0.8746,-1,-1,-1
405,49,713,458,52,152,0.4697,-1,-1,-1
406,3,1071,397,230,625,0.8287,-1,-1,-1
406,23,967,416,136,520,0.7395,-1,-1,-1
406,31,639,404,145,341,0.8460,-1,-1,-1
406,40,502,445,115,283,0.8251,-1,-1,-1
406,42,377,439,137,333,0.8016,-1,-1,-1
406,45,171,437,165,352,0.8524,-1,-1,-1
406,49,714,456,52,155,0.3326,-1,-1,-1
407,3,1067,396,228,626,0.8276,-1,-1,-1
407,23,962,415,137,523,0.7509,-1,-1,-1
407,31,643,407,144,339,0.8499,-1,-1,-1
407,40,506,439,120,289,0.8525,-1,-1,-1
407,42,387,437,133,332,0.7660,-1,-1,-1
407,45,179,436,165,353,0.8478,-1,-1,-1
408,3,1064,396,227,626,0.8093,-1,-1,-1
408,23,964,414,137,524,0.7521,-1,-1,-1
408,31,647,411,144,336,0.8682,-1,-1,-1
408,40,506,440,122,289,0.8203,-1,-1,-1
408,42,397,440,129,329,0.7505,-1,-1,-1
408,45,186,435,162,346,0.7846,-1,-1,-1
408,48,885,449,56,161,0.4873,-1,-1,-1
409,3,1061,396,225,626,0.7940,-1,-1,-1
409,23,966,414,137,523,0.7080,-1,-1,-1
409,31,649,411,145,336,0.8758,-1,-1,-1
409,40,510,442,124,285,0.7759,-1,-1,-1
409,42,405,441,125,327,0.7330,-1,-1,-1
409,45,196,435,154,333,0.7522,-1,-1,-1
409,48,881,444,57,166,0.6373,-1,-1,-1
410,3,1058,396,223,626,0.8270,-1,-1,-1
410,23,964,416,136,520,0.7162,-1,-1,-1
410,31,649,407,147,339,0.8832,-1,-1,-1
410,40,515,438,125,286,0.8215,-1,-1,-1
410,42,418,440,125,327,0.7662,-1,-1,-1
410,45,203,433,152,333,0.7496,-1,-1,-1
410,48,879,443,57,166,0.5158,-1,-1,-1
411,3,1054,396,220,627,0.8315,-1,-1,-1
411,23,963,417,136,518,0.7193,-1,-1,-1
411,31,650,408,147,337,0.8759,-1,-1,-1
411,40,519,436,125,288,0.8121,-1,-1,-1
411,42,430,439,126,328,0.7886,-1,-1,-1
411,45,215,432,150,336,0.7503,-1,-1,-1
411,48,877,443,57,165,0.5220,-1,-1,-1
412,3,1054,397,217,626,0.8283,-1,-1,-1
412,23,961,413,137,521,0.6525,-1,-1,-1
412,31,648,406,149,339,0.8791,-1,-1,-1
412,40,525,436,123,284,0.7590,-1,-1,-1
412,42,438,440,127,327,0.8103,-1,-1,-1
412,45,230,432,145,329,0.7135,-1,-1,-1
412,48,874,442,57,165,0.5420,-1,-1,-1
413,3,1052,397,215,627,0.8393,-1,-1,-1
413,23,963,415,137,520,0.6938,-1,-1,-1
413,31,649,404,149,339,0.8784,-1,-1,-1
413,40,531,433,121,283,0.7048,-1,-1,-1
413,42,442,436,131,331,0.8138,-1,-1,-1
413,45,236,434,145,332,0.7399,-1,-1,-1
413,48,873,441,56,166,0.3516,-1,-1,-1
414,3,1051,397,212,628,0.8421,-1,-1,-1
414,23,961,416,137,520,0.7504,-1,-1,-1
414,31,653,405,148,336,0.8372,-1,-1,-1
414,40,536,434,121,284,0.7426,-1,-1,-1
414,42,445,434,133,332,0.8264,-1,-1,-1
414,45,242,434,145,334,0.8058,-1,-1,-1
414,48,871,439,56,168,0.6335,-1,-1,-1
415,3,1051,399,209,626,0.8231,-1,-1,-1
415,23,961,416,137,521,0.7463,-1,-1,-1
415,31,655,403,149,338,0.8385,-1,-1,-1
415,40,546,434,116,281,0.6633,-1,-1,-1
415,42,446,431,138,335,0.8316,-1,-1,-1
415,45,264,436,142,331,0.7393,-1,-1,-1
415,48,869,439,56,168,0.6195,-1,-1,-1
416,3,1051,399,206,625,0.8064,-1,-1,-1
416,23,960,414,137,523,0.7803,-1,-1,-1
416,31,660,403,146,335,0.8430,-1,-1,-1
416,40,556,433,113,281,0.7541,-1,-1,-1
416,42,448,437,137,329,0.8145,-1,-1,-1
416,45,275,438,138,324,0.7767,-1,-1,-1
416,48,870,441,55,165,0.4607,-1,-1,-1
417,3,1050,401,204,624,0.8075,-1,-1,-1
417,23,960,411,136,522,0.7617,-1,-1,-1
417,31,669,404,142,329,0.8496,-1,-1,-1
417,40,560,435,111,280,0.7165,-1,-1,-1
417,42,447,435,140,332,0.7983,-1,-1,-1
417,45,289,439,135,320,0.7866,-1,-1,-1
417,48,868,441,55,165,0.4915,-1,-1,-1
418,3,1049,402,203,623,0.7928,-1,-1,-1
418,23,960,414,135,521,0.7730,-1,-1,-1
418,31,674,403,140,328,0.8457,-1,-1,-1
418,40,571,431,112,285,0.7817,-1,-1,-1
418,42,449,439,139,326,0.8130,-1,-1,-1
418,45,297,440,137,319,0.8238,-1,-1,-1
419,3,1049,407,199,617,0.8087,-1,-1,-1
419,23,961,413,134,519,0.8276,-1,-1,-1
419,31,681,403,137,327,0.8396,-1,-1,-1
419,40,578,433,110,284,0.7227,-1,-1,-1
419,42,451,440,139,323,0.8410,-1,-1,-1
419,45,302,442,139,321,0.8254,-1,-1,-1
420,3,1049,410,197,614,0.8093,-1,-1,-1
420,23,961,415,133,518,0.8033,-1,-1,-1
420,31,685,400,137,329,0.8509,-1,-1,-1
420,40,585,435,108,282,0.7854,-1,-1,-1
420,42,454,440,139,321,0.8433,-1,-1,-1
420,45,304,444,140,319,0.8741,-1,-1,-1
421,3,1049,410,196,614,0.7863,-1,-1,-1
421,23,961,416,132,517,0.8101,-1,-1,-1
421,31,689,402,134,325,0.7951,-1,-1,-1
421,40,591,436,108,281,0.8030,-1,-1,-1
421,42,453,439,139,322,0.8096,-1,-1,-1
421,45,309,441,144,320,0.8187,-1,-1,-1
422,3,1049,410,196,615,0.7987,-1,-1,-1
422,23,961,417,132,517,0.7982,-1,-1,-1
422,31,694,405,131,322,0.7706,-1,-1,-1
422,40,598,437,109,279,0.7741,-1,-1,-1
422,42,458,437,140,325,0.8304,-1,-1,-1
422,45,312,438,150,325,0.8462,-1,-1,-1
422,48,855,444,53,160,0.4565,-1,-1,-1
423,3,1051,406,197,617,0.7861,-1,-1,-1
423,23,961,419,131,517,0.7713,-1,-1,-1
423,31,700,407,130,323,0.8087,-1,-1,-1
423,40,610,439,109,275,0.7902,-1,-1,-1
423,42,468,436,136,324,0.7911,-1,-1,-1
423,45,313,440,153,324,0.8706,-1,-1,-1
423,48,853,443,53,160,0.5968,-1,-1,-1
424,3,1053,404,198,620,0.7382,-1,-1,-1
424,23,962,425,129,510,0.7273,-1,-1,-1
424,31,705,409,128,321,0.7668,-1,-1,-1
424,40,619,442,111,272,0.7000,-1,-1,-1
424,42,478,436,133,321,0.7256,-1,-1,-1
424,45,315,438,156,328,0.8738,-1,-1,-1
424,48,850,442,53,160,0.6567,-1,-1,-1
425,3,1046,402,197,624,0.7509,-1,-1,-1
425,23,963,427,128,508,0.7209,-1,-1,-1
425,31,708,404,129,324,0.7585,-1,-1,-1
425,40,622,446,111,267,0.7151,-1,-1,-1
425,42,490,437,128,319,0.6683,-1,-1,-1
425,45,319,437,156,326,0.8400,-1,-1,-1
425,48,846,442,53,159,0.5686,-1,-1,-1
426,3,1043,401,196,625,0.7816,-1,-1,-1
426,23,968,453,121,478,0.6473,-1,-1,-1
426,31,710,402,129,326,0.7515,-1,-1,-1
426,40,622,446,114,270,0.7688,-1,-1,-1
426,42,507,439,125,316,0.6722,-1,-1,-1
426,45,325,439,154,324,0.7949,-1,-1,-1
426,48,844,442,52,159,0.6484,-1,-1,-1
427,3,1043,401,194,624,0.7529,-1,-1,-1
427,23,966,434,126,499,0.7818,-1,-1,-1
427,31,713,403,127,324,0.7740,-1,-1,-1
427,40,621,447,115,269,0.7598,-1,-1,-1
427,42,513,436,122,319,0.7327,-1,-1,-1
427,45,333,438,151,318,0.7945,-1,-1,-1
427,48,843,440,53,162,0.6562,-1,-1,-1
428,3,1044,400,194,625,0.7419,-1,-1,-1
428,23,966,426,128,506,0.7843,-1,-1,-1
428,31,718,404,125,324,0.8052,-1,-1,-1
428,40,615,445,118,271,0.7416,-1,-1,-1
428,42,519,437,118,320,0.7635,-1,-1,-1
428,45,343,440,146,311,0.7978,-1,-1,-1
428,48,841,441,51,157,0.5210,-1,-1,-1
429,3,1046,399,192,627,0.7275,-1,-1,-1
429,23,966,423,129,511,0.7139,-1,-1,-1
429,31,723,406,124,323,0.7944,-1,-1,-1
429,40,619,441,117,272,0.7880,-1,-1,-1
429,42,526,440,115,315,0.7773,-1,-1,-1
429,45,355,442,141,308,0.7572,-1,-1,-1
429,51,1650,329,255,667,0.6140,-1,-1,-1
430,3,1048,399,191,627,0.7146,-1,-1,-1
430,23,968,422,128,512,0.7033,-1,-1,-1
430,31,728,407,124,322,0.7663,-1,-1,-1
430,40,629,439,115,270,0.7150,-1,-1,-1
430,42,535,441,115,312,0.7727,-1,-1,-1
430,45,365,444,137,305,0.7258,-1,-1,-1
430,51,1625,331,263,683,0.6612,-1,-1,-1
431,3,1054,406,188,618,0.7094,-1,-1,-1
431,23,970,420,129,513,0.6644,-1,-1,-1
431,31,730,409,124,319,0.7636,-1,-1,-1
431,40,633,438,115,271,0.6716,-1,-1,-1
431,42,543,438,116,314,0.7933,-1,-1,-1
431,45,373,442,132,304,0.6387,-1,-1,-1
431,51,1598,313,269,692,0.7669,-1,-1,-1
432,3,1054,407,189,625,0.7290,-1,-1,-1
432,23,975,417,128,512,0.6136,-1,-1,-1
432,31,732,409,123,317,0.7474,-1,-1,-1
432,40,639,446,107,261,0.6235,-1,-1,-1
432,42,549,437,119,316,0.7933,-1,-1,-1
432,45,378,440,130,306,0.5214,-1,-1,-1
432,51,1568,303,283,712,0.8376,-1,-1,-1
432,48,833,435,51,158,0.6434,-1,-1,-1
433,3,1058,404,186,621,0.7576,-1,-1,-1
433,23,980,413,128,513,0.5502,-1,-1,-1
433,31,734,411,121,314,0.7207,-1,-1,-1
433,40,646,450,103,253,0.5648,-1,-1,-1
433,42,555,439,120,315,0.8023,-1,-1,-1
433,45,387,441,126,301,0.7034,-1,-1,-1
433,51,1539,299,295,721,0.8384,-1,-1,-1
433,52,1182,410,143,387,0.5843,-1,-1,-1
433,48,831,434,51,159,0.5148,-1,-1,-1
434,3,1069,399,168,561,0.5581,-1,-1,-1
434,23,986,413,128,512,0.5447,-1,-1,-1
434,31,737,413,121,312,0.7457,-1,-1,-1
434,40,653,449,102,255,0.4256,-1,-1,-1
434,42,557,439,122,315,0.8414,-1,-1,-1
434,45,393,441,125,303,0.7348,-1,-1,-1
434,51,1500,296,304,719,0.8265,-1,-1,-1
434,52,1194,411,123,333,0.5995,-1,-1,-1
434,48,829,433,51,161,0.3090,-1,-1,-1
435,3,1091,398,140,452,0.7297,-1,-1,-1
435,23,990,412,126,502,0.6066,-1,-1,-1
435,31,738,412,119,312,0.7268,-1,-1,-1
435,42,558,439,124,314,0.8544,-1,-1,-1
435,45,398,443,126,303,0.7444,-1,-1,-1
435,51,1446,299,312,715,0.6750,-1,-1,-1
435,52,1198,411,120,321,0.5993,-1,-1,-1
435,53,1273,422,100,307,0.5899,-1,-1,-1
436,3,1101,396,139,436,0.8180,-1,-1,-1
436,23,1002,412,111,425,0.4090,-1,-1,-1
436,31,740,409,119,313,0.7120,-1,-1,-1
436,42,560,439,126,314,0.8741,-1,-1,-1
436,45,406,445,125,302,0.7656,-1,-1,-1
436,51,1381,304,320,712,0.8086,-1,-1,-1
436,52,1193,411,137,370,0.7614,-1,-1,-1
436,53,1275,420,102,313,0.3669,-1,-1,-1
437,3,1101,395,142,439,0.8292,-1,-1,-1
437,23,1005,418,111,409,0.4469,-1,-1,-1
437,31,745,407,117,314,0.5679,-1,-1,-1
437,42,560,440,127,313,0.8738,-1,-1,-1
437,45,413,446,124,300,0.7740,-1,-1,-1
437,51,1300,313,330,710,0.8480,-1,-1,-1
437,52,1206,410,120,323,0.5246,-1,-1,-1
438,3,1102,393,146,449,0.8095,-1,-1,-1
438,23,1009,419,114,414,0.7338,-1,-1,-1
438,31,747,406,117,314,0.6024,-1,-1,-1
438,42,560,441,128,311,0.8495,-1,-1,-1
438,45,418,445,124,302,0.7986,-1,-1,-1
438,51,1241,321,335,705,0.8171,-1,-1,-1
438,40,686,436,109,279,0.4977,-1,-1,-1
439,3,1111,412,135,406,0.7361,-1,-1,-1
439,23,1013,421,118,423,0.6534,-1,-1,-1
439,31,756,406,113,312,0.5924,-1,-1,-1
439,42,559,440,130,311,0.8504,-1,-1,-1
439,45,425,438,125,305,0.7096,-1,-1,-1
439,51,1192,336,334,692,0.8761,-1,-1,-1
439,40,699,437,107,276,0.5630,-1,-1,-1
440,3,1111,446,108,322,0.3848,-1,-1,-1
440,23,1014,423,124,434,0.6254,-1,-1,-1
440,31,759,405,112,312,0.6384,-1,-1,-1
440,42,559,437,132,313,0.8223,-1,-1,-1
440,45,429,434,127,309,0.7264,-1,-1,-1
440,51,1139,349,334,677,0.7665,-1,-1,-1
440,40,704,437,105,275,0.4731,-1,-1,-1
441,31,762,408,109,306,0.7116,-1,-1,-1
441,42,562,437,132,311,0.8224,-1,-1,-1
441,45,435,432,126,310,0.7048,-1,-1,-1
441,51,1070,360,333,665,0.8093,-1,-1,-1
441,40,709,444,101,266,0.5603,-1,-1,-1
441,53,1325,425,109,328,0.7472,-1,-1,-1
442,31,766,411,106,302,0.6096,-1,-1,-1
442,42,565,435,132,312,0.8085,-1,-1,-1
442,45,439,432,124,311,0.6778,-1,-1,-1
442,51,1014,367,329,653,0.7962,-1,-1,-1
442,40,709,443,99,266,0.4802,-1,-1,-1
442,53,1328,430,112,327,0.7702,-1,-1,-1
443,31,773,417,99,286,0.5579,-1,-1,-1
443,42,570,436,131,310,0.8183,-1,-1,-1
443,45,445,433,122,308,0.7285,-1,-1,-1
443,51,966,368,330,650,0.8708,-1,-1,-1
443,40,722,433,108,279,0.4292,-1,-1,-1
443,53,1329,430,116,329,0.7176,-1,-1,-1
443,52,1221,435,139,377,0.7084,-1,-1,-1
444,31,772,417,100,289,0.4977,-1,-1,-1
444,42,577,438,129,306,0.8053,-1,-1,-1
444,45,457,434,121,305,0.7283,-1,-1,-1
444,51,920,364,328,648,0.7677,-1,-1,-1
444,40,727,435,112,277,0.5654,-1,-1,-1
444,53,1329,430,121,335,0.7311,-1,-1,-1
444,52,1229,433,130,357,0.4034,-1,-1,-1
445,31,776,416,100,293,0.4946,-1,-1,-1
445,42,583,438,126,304,0.7658,-1,-1,-1
445,45,463,434,118,298,0.7137,-1,-1,-1
445,51,878,357,331,653,0.8305,-1,-1,-1
445,40,719,439,108,271,0.3179,-1,-1,-1
445,53,1331,429,124,337,0.7117,-1,-1,-1
445,52,1178,411,169,461,0.5799,-1,-1,-1
446,31,775,421,99,288,0.3630,-1,-1,-1
446,42,593,439,122,302,0.6654,-1,-1,-1
446,45,467,435,115,292,0.7316,-1,-1,-1
446,51,841,348,329,648,0.8293,-1,-1,-1
446,40,715,442,106,267,0.3722,-1,-1,-1
446,53,1336,428,124,336,0.7197,-1,-1,-1
446,52,1140,410,213,585,0.7674,-1,-1,-1
447,31,781,419,96,283,0.3207,-1,-1,-1
447,42,604,436,122,307,0.6854,-1,-1,-1
447,45,470,437,115,289,0.7378,-1,-1,-1
447,51,804,340,328,646,0.8162,-1,-1,-1
447,40,718,435,108,273,0.5485,-1,-1,-1
447,53,1338,427,124,336,0.7359,-1,-1,-1
447,52,1129,409,230,640,0.7731,-1,-1,-1
447,23,1054,418,140,508,0.4660,-1,-1,-1
448,31,784,438,83,247,0.3712,-1,-1,-1
448,42,613,434,120,311,0.7172,-1,-1,-1
448,45,475,436,113,287,0.7388,-1,-1,-1
448,51,770,336,327,643,0.8186,-1,-1,-1
448,40,733,439,106,262,0.3157,-1,-1,-1
448,53,1341,424,124,340,0.8002,-1,-1,-1
448,52,1128,408,237,666,0.7564,-1,-1,-1
448,23,1052,418,142,517,0.5525,-1,-1,-1
449,42,619,433,117,312,0.7424,-1,-1,-1
449,45,479,433,113,289,0.7552,-1,-1,-1
449,51,735,334,326,640,0.8171,-1,-1,-1
449,53,1344,424,125,339,0.8206,-1,-1,-1
449,52,1126,408,236,672,0.7191,-1,-1,-1
449,23,1047,421,144,524,0.7110,-1,-1,-1
450,42,625,434,111,304,0.7402,-1,-1,-1
450,45,484,432,114,291,0.7564,-1,-1,-1
450,51,698,337,332,649,0.8096,-1,-1,-1
450,53,1349,423,126,339,0.7898,-1,-1,-1
450,52,1132,400,237,679,0.8373,-1,-1,-1
450,23,1046,422,147,528,0.7749,-1,-1,-1
451,42,631,436,106,296,0.6323,-1,-1,-1
451,45,493,433,115,291,0.7464,-1,-1,-1
451,51,669,341,329,640,0.8297,-1,-1,-1
451,53,1351,418,128,346,0.8011,-1,-1,-1
451,52,1140,398,239,678,0.8651,-1,-1,-1
451,23,1047,423,149,527,0.7741,-1,-1,-1
452,45,496,434,116,290,0.7293,-1,-1,-1
452,51,635,351,327,632,0.7983,-1,-1,-1
452,53,1357,416,130,351,0.8289,-1,-1,-1
452,52,1149,397,245,682,0.7372,-1,-1,-1
452,23,1048,422,151,532,0.7973,-1,-1,-1
453,45,501,438,114,285,0.6932,-1,-1,-1
453,51,600,360,330,632,0.7306,-1,-1,-1
453,53,1364,415,128,350,0.8590,-1,-1,-1
453,52,1160,400,250,680,0.7359,-1,-1,-1
453,23,1049,419,153,532,0.7983,-1,-1,-1
454,45,504,442,112,278,0.6762,-1,-1,-1
454,51,565,369,330,624,0.6142,-1,-1,-1
454,53,1368,417,128,349,0.8509,-1,-1,-1
454,52,1168,404,254,675,0.8246,-1,-1,-1
454,23,1050,416,155,535,0.8237,-1,-1,-1
454,31,809,427,90,272,0.5319,-1,-1,-1
455,45,508,451,104,262,0.5808,-1,-1,-1
455,51,523,382,329,615,0.8086,-1,-1,-1
455,53,1373,420,128,348,0.8613,-1,-1,-1
455,52,1173,403,260,676,0.7809,-1,-1,-1
455,23,1056,416,156,538,0.8589,-1,-1,-1
455,31,812,419,92,285,0.5989,-1,-1,-1
456,51,487,390,332,613,0.7655,-1,-1,-1
456,53,1378,421,129,351,0.8434,-1,-1,-1
456,52,1175,404,265,675,0.8270,-1,-1,-1
456,23,1060,415,158,540,0.8552,-1,-1,-1
456,31,810,411,96,297,0.6094,-1,-1,-1
457,51,437,393,349,638,0.8481,-1,-1,-1
457,53,1383,421,131,355,0.8392,-1,-1,-1
457,52,1170,404,269,674,0.8369,-1,-1,-1
457,23,1064,416,159,541,0.8306,-1,-1,-1
457,31,814,409,95,300,0.6712,-1,-1,-1
458,51,395,393,352,640,0.7455,-1,-1,-1
458,53,1388,421,133,359,0.8210,-1,-1,-1
458,52,1171,403,273,674,0.8284,-1,-1,-1
458,23,1072,422,157,532,0.7485,-1,-1,-1
458,31,816,410,94,298,0.6366,-1,-1,-1
458,42,677,445,102,291,0.5852,-1,-1,-1
459,51,355,390,365,659,0.8501,-1,-1,-1
459,53,1397,421,137,366,0.8217,-1,-1,-1
459,52,1172,399,279,678,0.8885,-1,-1,-1
459,23,1079,422,158,535,0.7773,-1,-1,-1
459,31,820,412,91,295,0.6678,-1,-1,-1
459,42,673,443,105,292,0.6853,-1,-1,-1
460,51,326,385,367,656,0.7819,-1,-1,-1
460,53,1406,422,140,368,0.8966,-1,-1,-1
460,52,1172,405,280,670,0.7376,-1,-1,-1
460,23,1087,421,158,539,0.8075,-1,-1,-1
460,31,820,412,92,293,0.6882,-1,-1,-1
460,42,672,437,106,295,0.7767,-1,-1,-1
461,51,280,377,377,678,0.6839,-1,-1,-1
461,53,1411,424,143,369,0.8997,-1,-1,-1
461,52,1172,401,285,675,0.7690,-1,-1,-1
461,23,1095,421,159,543,0.8017,-1,-1,-1
461,31,818,410,95,294,0.7583,-1,-1,-1
461,42,668,437,109,296,0.7858,-1,-1,-1
461,55,1230,411,178,454,0.4866,-1,-1,-1
462,51,254,370,385,693,0.7665,-1,-1,-1
462,53,1415,427,146,371,0.8839,-1,-1,-1
462,52,1173,401,287,674,0.8372,-1,-1,-1
462,23,1105,418,158,549,0.7862,-1,-1,-1
462,31,816,411,96,293,0.7837,-1,-1,-1
462,42,671,437,110,296,0.8172,-1,-1,-1
462,55,1241,405,180,458,0.4277,-1,-1,-1
462,45,560,437,101,262,0.4948,-1,-1,-1
463,51,221,365,380,687,0.5013,-1,-1,-1
463,53,1419,427,149,372,0.8677,-1,-1,-1
463,52,1175,400,289,674,0.8643,-1,-1,-1
463,23,1110,413,158,553,0.7716,-1,-1,-1
463,31,815,410,98,294,0.7668,-1,-1,-1
463,42,678,437,110,295,0.7996,-1,-1,-1
463,45,561,433,102,268,0.6889,-1,-1,-1
464,51,195,362,392,703,0.8373,-1,-1,-1
464,53,1422,425,151,375,0.8783,-1,-1,-1
464,52,1179,398,290,677,0.8396,-1,-1,-1
464,23,1110,419,158,553,0.7632,-1,-1,-1
464,31,818,411,99,293,0.7684,-1,-1,-1
464,42,682,436,110,295,0.7485,-1,-1,-1
464,45,563,434,102,270,0.7015,-1,-1,-1
465,51,167,361,396,706,0.8259,-1,-1,-1
465,53,1425,424,152,375,0.8643,-1,-1,-1
465,52,1184,397,290,679,0.8200,-1,-1,-1
465,23,1115,422,158,556,0.7973,-1,-1,-1
465,31,824,413,97,292,0.7963,-1,-1,-1
465,42,693,437,108,294,0.6934,-1,-1,-1
465,45,562,432,105,274,0.7819,-1,-1,-1
466,51,132,365,400,705,0.7960,-1,-1,-1
466,53,1430,419,153,383,0.8300,-1,-1,-1
466,52,1191,398,286,676,0.8047,-1,-1,-1
466,23,1115,424,158,558,0.7938,-1,-1,-1
466,31,825,411,97,294,0.8072,-1,-1,-1
466,42,703,435,109,297,0.7044,-1,-1,-1
466,45,566,433,104,272,0.7221,-1,-1,-1
467,51,117,370,398,700,0.7571,-1,-1,-1
467,53,1438,416,152,387,0.8141,-1,-1,-1
467,52,1202,397,282,670,0.7065,-1,-1,-1
467,23,1118,424,158,558,0.7938,-1,-1,-1
467,31,825,409,98,296,0.7935,-1,-1,-1
467,42,704,434,109,299,0.7131,-1,-1,-1
467,45,569,434,103,272,0.6069,-1,-1,-1
467,55,1292,398,178,453,0.7096,-1,-1,-1
468,51,98,375,397,696,0.7796,-1,-1,-1
468,53,1448,414,150,388,0.7911,-1,-1,-1
468,52,1220,395,279,672,0.7898,-1,-1,-1
468,23,1119,422,160,566,0.8225,-1,-1,-1
468,31,826,408,97,297,0.8032,-1,-1,-1
468,42,704,433,110,301,0.7516,-1,-1,-1
468,45,572,432,103,274,0.7303,-1,-1,-1
469,51,68,383,396,688,0.7898,-1,-1,-1
469,53,1456,413,148,389,0.7687,-1,-1,-1
469,52,1236,395,277,676,0.8251,-1,-1,-1
469,23,1121,421,162,572,0.8345,-1,-1,-1
469,31,828,408,97,297,0.8078,-1,-1,-1
469,42,714,435,108,297,0.7519,-1,-1,-1
469,45,575,429,102,275,0.7896,-1,-1,-1
470,51,43,386,395,683,0.8017,-1,-1,-1
470,53,1467,412,145,390,0.7956,-1,-1,-1
470,52,1252,399,271,673,0.7815,-1,-1,-1
470,23,1126,419,163,579,0.8273,-1,-1,-1
470,31,830,409,95,296,0.8096,-1,-1,-1
470,42,725,436,106,294,0.7504,-1,-1,-1
470,45,577,428,101,274,0.7639,-1,-1,-1
471,51,21,394,392,674,0.8714,-1,-1,-1
471,53,1477,412,142,390,0.8328,-1,-1,-1
471,52,1271,399,266,671,0.6941,-1,-1,-1
471,23,1130,419,164,580,0.8726,-1,-1,-1
471,31,833,410,95,295,0.7822,-1,-1,-1
471,42,735,437,106,293,0.7388,-1,-1,-1
471,45,577,430,102,276,0.7474,-1,-1,-1
472,51,1,400,390,669,0.8886,-1,-1,-1
472,53,1484,411,141,390,0.8292,-1,-1,-1
472,52,1271,400,264,672,0.6750,-1,-1,-1
472,23,1132,418,164,582,0.8127,-1,-1,-1
472,31,835,414,94,292,0.7605,-1,-1,-1
472,42,740,436,107,295,0.7712,-1,-1,-1
472,45,582,434,100,270,0.7608,-1,-1,-1
473,51,-13,401,387,667,0.8509,-1,-1,-1
473,53,1491,410,138,389,0.7925,-1,-1,-1
473,52,1286,402,260,671,0.7216,-1,-1,-1
473,23,1137,414,166,591,0.8153,-1,-1,-1
473,31,838,415,94,292,0.7520,-1,-1,-1
473,42,739,435,109,297,0.7643,-1,-1,-1
473,45,587,432,100,272,0.7826,-1,-1,-1
474,51,-25,401,384,669,0.8139,-1,-1,-1
474,53,1497,410,138,390,0.8158,-1,-1,-1
474,52,1299,401,257,672,0.7753,-1,-1,-1
474,23,1143,412,166,593,0.8333,-1,-1,-1
474,31,835,414,93,292,0.7152,-1,-1,-1
474,42,742,435,109,295,0.7804,-1,-1,-1
474,45,591,436,99,267,0.7719,-1,-1,-1
475,51,-32,398,380,673,0.8208,-1,-1,-1
475,53,1503,411,138,390,0.7503,-1,-1,-1
475,52,1307,398,255,674,0.7847,-1,-1,-1
475,23,1149,413,166,592,0.8419,-1,-1,-1
475,31,835,415,91,290,0.6617,-1,-1,-1
475,42,744,436,108,294,0.7964,-1,-1,-1
475,45,594,439,98,265,0.7709,-1,-1,-1
476,51,-39,395,376,677,0.8549,-1,-1,-1
476,53,1515,411,141,394,0.8488,-1,-1,-1
476,52,1316,395,253,679,0.8153,-1,-1,-1
476,23,1153,413,165,588,0.8541,-1,-1,-1
476,31,836,413,91,289,0.6157,-1,-1,-1
476,42,745,437,109,294,0.7729,-1,-1,-1
476,45,598,440,98,263,0.8157,-1,-1,-1
477,51,-45,390,370,681,0.8220,-1,-1,-1
477,53,1528,410,145,398,0.8722,-1,-1,-1
477,52,1315,394,250,678,0.7902,-1,-1,-1
477,23,1156,414,166,590,0.8241,-1,-1,-1
477,31,836,417,90,287,0.5824,-1,-1,-1
477,42,747,433,111,298,0.7745,-1,-1,-1
477,45,602,440,99,262,0.8137,-1,-1,-1
478,51,-53,388,360,682,0.5911,-1,-1,-1
478,53,1540,411,151,402,0.8581,-1,-1,-1
478,52,1317,392,247,680,0.8010,-1,-1,-1
478,23,1158,416,167,589,0.8085,-1,-1,-1
478,31,837,415,90,290,0.5998,-1,-1,-1
478,42,748,431,112,302,0.7792,-1,-1,-1
478,45,605,442,98,256,0.7507,-1,-1,-1
479,51,-55,386,350,684,0.8555,-1,-1,-1
479,53,1549,411,157,403,0.8535,-1,-1,-1
479,52,1323,391,245,680,0.8167,-1,-1,-1
479,23,1162,414,167,587,0.8257,-1,-1,-1
479,31,840,419,86,281,0.6305,-1,-1,-1
479,42,752,433,111,299,0.7639,-1,-1,-1
479,45,608,442,96,254,0.7153,-1,-1,-1
480,51,-58,391,336,680,0.8260,-1,-1,-1
480,53,1556,413,162,406,0.8728,-1,-1,-1
480,52,1333,392,246,682,0.8444,-1,-1,-1
480,23,1167,416,167,590,0.8130,-1,-1,-1
480,31,840,422,85,276,0.6141,-1,-1,-1
480,42,756,435,109,293,0.7451,-1,-1,-1
480,45,611,441,95,246,0.7045,-1,-1,-1
481,51,-57,403,320,667,0.8399,-1,-1,-1
481,53,1560,419,166,406,0.8591,-1,-1,-1
481,52,1345,390,246,684,0.8767,-1,-1,-1
481,23,1172,416,167,591,0.8165,-1,-1,-1
481,31,839,413,87,288,0.6681,-1,-1,-1
481,42,763,434,106,291,0.7850,-1,-1,-1
481,45,617,437,97,250,0.7047,-1,-1,-1
481,59,901,431,104,251,0.6570,-1,-1,-1
482,51,-55,432,295,638,0.5679,-1,-1,-1
482,53,1564,421,170,406,0.8389,-1,-1,-1
482,52,1354,390,248,683,0.8883,-1,-1,-1
482,23,1175,416,168,591,0.8142,-1,-1,-1
482,31,841,416,85,284,0.6362,-1,-1,-1
482,42,768,434,105,290,0.7584,-1,-1,-1
482,45,622,434,100,262,0.7379,-1,-1,-1
482,59,905,443,99,240,0.6516,-1,-1,-1
483,51,-49,470,268,599,0.5128,-1,-1,-1
483,53,1566,421,173,408,0.8301,-1,-1,-1
483,52,1363,391,248,681,0.8907,-1,-1,-1
483,23,1181,416,165,584,0.8180,-1,-1,-1
483,31,845,423,82,279,0.5643,-1,-1,-1
483,42,779,434,103,290,0.6892,-1,-1,-1
483,45,625,434,101,262,0.7484,-1,-1,-1
483,59,908,450,95,232,0.6564,-1,-1,-1
484,51,-42,527,236,543,0.4288,-1,-1,-1
484,53,1572,421,176,412,0.8218,-1,-1,-1
484,52,1370,393,249,676,0.8967,-1,-1,-1
484,23,1186,416,165,584,0.8572,-1,-1,-1
484,31,849,427,80,275,0.5271,-1,-1,-1
484,42,786,436,100,289,0.6507,-1,-1,-1
484,45,630,432,103,264,0.7856,-1,-1,-1
484,59,912,463,91,218,0.6231,-1,-1,-1
485,51,-39,560,213,510,0.7421,-1,-1,-1
485,53,1577,419,178,417,0.8159,-1,-1,-1
485,52,1373,391,251,677,0.8873,-1,-1,-1
485,23,1192,417,163,581,0.8463,-1,-1,-1
485,31,855,426,76,268,0.4523,-1,-1,-1
485,42,793,436,98,287,0.6970,-1,-1,-1
485,45,633,432,106,266,0.7514,-1,-1,-1
485,59,912,463,90,219,0.6622,-1,-1,-1
486,51,-29,583,171,424,0.5804,-1,-1,-1
486,53,1582,419,179,420,0.8264,-1,-1,-1
486,52,1374,393,254,677,0.8637,-1,-1,-1
486,23,1197,417,162,579,0.8379,-1,-1,-1
486,31,859,427,71,252,0.3458,-1,-1,-1
486,42,800,436,98,287,0.7068,-1,-1,-1
486,45,637,432,107,265,0.7896,-1,-1,-1
486,59,907,452,96,230,0.6806,-1,-1,-1
487,51,-39,531,172,445,0.5299,-1,-1,-1
487,53,1587,418,177,421,0.7602,-1,-1,-1
487,52,1374,395,258,677,0.8591,-1,-1,-1
487,23,1206,418,165,585,0.7862,-1,-1,-1
487,42,804,435,98,288,0.6267,-1,-1,-1
487,45,639,432,108,264,0.7656,-1,-1,-1
487,59,906,445,99,237,0.6517,-1,-1,-1
487,61,1351,413,98,529,0.5286,-1,-1,-1
488,53,1589,414,177,426,0.7747,-1,-1,-1
488,52,1377,398,260,675,0.8322,-1,-1,-1
488,23,1211,417,168,588,0.7943,-1,-1,-1
488,42,811,436,101,290,0.7644,-1,-1,-1
488,45,641,431,108,262,0.7531,-1,-1,-1
488,59,910,443,99,238,0.5731,-1,-1,-1
488,61,1352,410,100,539,0.4662,-1,-1,-1
489,53,1595,411,176,428,0.7497,-1,-1,-1
489,52,1381,396,264,677,0.7458,-1,-1,-1
489,23,1213,416,170,590,0.7946,-1,-1,-1
489,42,814,437,106,289,0.8036,-1,-1,-1
489,45,642,433,109,262,0.7687,-1,-1,-1
489,59,916,449,96,234,0.5848,-1,-1,-1
489,61,1358,410,97,524,0.5288,-1,-1,-1
490,53,1597,409,174,434,0.7611,-1,-1,-1
490,52,1410,400,264,673,0.7177,-1,-1,-1
490,23,1213,416,171,591,0.7823,-1,-1,-1
490,42,818,440,106,286,0.6922,-1,-1,-1
490,45,645,434,110,263,0.7841,-1,-1,-1
490,59,920,441,97,241,0.6363,-1,-1,-1
490,61,1358,412,99,528,0.4583,-1,-1,-1
491,53,1604,407,170,434,0.7331,-1,-1,-1
491,52,1423,397,262,675,0.6437,-1,-1,-1
491,23,1215,416,172,591,0.8084,-1,-1,-1
491,42,819,429,113,297,0.7251,-1,-1,-1
491,45,649,435,112,263,0.7900,-1,-1,-1
491,59,927,437,97,244,0.5792,-1,-1,-1
491,61,1368,410,95,506,0.4959,-1,-1,-1
492,53,1610,407,167,436,0.7267,-1,-1,-1
492,52,1403,392,262,681,0.5449,-1,-1,-1
492,23,1215,415,175,591,0.8126,-1,-1,-1
492,42,820,433,114,291,0.7156,-1,-1,-1
492,45,652,434,112,265,0.7636,-1,-1,-1
492,59,937,435,96,246,0.6510,-1,-1,-1
492,61,1376,408,97,509,0.5449,-1,-1,-1
493,53,1621,407,164,434,0.7060,-1,-1,-1
493,52,1391,389,259,681,0.5704,-1,-1,-1
493,23,1216,417,176,590,0.8274,-1,-1,-1
493,42,822,439,115,284,0.6223,-1,-1,-1
493,45,654,437,112,262,0.7857,-1,-1,-1
493,59,943,438,93,242,0.5919,-1,-1,-1
493,61,1381,408,100,518,0.5456,-1,-1,-1
494,53,1626,407,156,419,0.7231,-1,-1,-1
494,52,1381,384,260,685,0.6602,-1,-1,-1
494,23,1219,419,179,587,0.8076,-1,-1,-1
494,42,822,445,115,278,0.7041,-1,-1,-1
494,45,656,440,110,258,0.7657,-1,-1,-1
494,59,951,440,92,239,0.6211,-1,-1,-1
494,61,1385,408,104,536,0.4478,-1,-1,-1
495,53,1636,406,148,397,0.7572,-1,-1,-1
495,52,1382,381,262,688,0.5776,-1,-1,-1
495,23,1222,420,181,586,0.8386,-1,-1,-1
495,42,825,448,115,275,0.6651,-1,-1,-1
495,45,657,437,112,263,0.8223,-1,-1,-1
495,59,957,441,91,238,0.4934,-1,-1,-1
495,61,1387,410,109,553,0.4388,-1,-1,-1
496,53,1647,408,147,385,0.7697,-1,-1,-1
496,52,1402,380,264,683,0.5552,-1,-1,-1
496,23,1223,420,184,588,0.8631,-1,-1,-1
496,42,827,446,118,278,0.7092,-1,-1,-1
496,45,659,436,112,265,0.7979,-1,-1,-1
496,59,962,439,94,242,0.7133,-1,-1,-1
496,61,1398,410,103,511,0.5927,-1,-1,-1
497,53,1642,409,165,440,0.7857,-1,-1,-1
497,52,1408,379,268,685,0.6761,-1,-1,-1
497,23,1226,420,187,589,0.8827,-1,-1,-1
497,42,830,446,119,281,0.7495,-1,-1,-1
497,45,661,434,113,268,0.7974,-1,-1,-1
497,59,967,441,95,241,0.6885,-1,-1,-1
497,61,1406,412,102,490,0.7858,-1,-1,-1
498,53,1648,407,174,464,0.7352,-1,-1,-1
498,52,1420,378,269,685,0.5589,-1,-1,-1
498,23,1228,418,192,593,0.8775,-1,-1,-1
498,42,838,449,115,277,0.6872,-1,-1,-1
498,45,665,431,112,271,0.7777,-1,-1,-1
498,59,972,444,96,237,0.7474,-1,-1,-1
498,61,1411,410,104,494,0.7630,-1,-1,-1
499,53,1665,411,178,467,0.8165,-1,-1,-1
499,52,1428,376,272,689,0.7167,-1,-1,-1
499,23,1232,417,195,595,0.8562,-1,-1,-1
499,42,845,450,112,274,0.6716,-1,-1,-1
499,45,669,431,110,271,0.7797,-1,-1,-1
499,59,975,445,98,236,0.7510,-1,-1,-1
499,61,1414,407,109,499,0.7470,-1,-1,-1
499,63,243,480,104,225,0.6475,-1,-1,-1
500,53,1675,415,182,468,0.7732,-1,-1,-1
500,52,1439,374,273,694,0.6603,-1,-1,-1
500,23,1238,418,197,594,0.8352,-1,-1,-1
500,42,849,441,113,283,0.6830,-1,-1,-1
500,45,672,429,109,273,0.7856,-1,-1,-1
500,59,976,442,101,239,0.7420,-1,-1,-1
500,61,1414,410,117,528,0.7738,-1,-1,-1
500,63,239,482,104,225,0.5183,-1,-1,-1
501,53,1690,414,188,471,0.7965,-1,-1,-1
501,52,1452,373,269,697,0.6190,-1,-1,-1
501,23,1246,418,197,595,0.8315,-1,-1,-1
501,42,853,435,115,291,0.7196,-1,-1,-1
501,45,677,430,106,271,0.7573,-1,-1,-1
501,59,979,457,97,224,0.7994,-1,-1,-1
501,61,1411,415,123,542,0.7705,-1,-1,-1
501,63,227,482,102,221,0.4979,-1,-1,-1
502,53,1697,414,194,479,0.8372,-1,-1,-1
502,52,1466,373,265,698,0.6256,-1,-1,-1
502,23,1255,417,197,597,0.8257,-1,-1,-1
502,42,856,431,115,295,0.7198,-1,-1,-1
502,45,677,431,104,270,0.7694,-1,-1,-1
502,59,980,460,97,222,0.7760,-1,-1,-1
502,61,1408,417,129,552,0.6949,-1,-1,-1
502,63,217,482,101,218,0.4597,-1,-1,-1
503,53,1700,415,200,484,0.8326,-1,-1,-1
503,52,1482,380,258,690,0.7113,-1,-1,-1
503,23,1263,417,197,603,0.7875,-1,-1,-1
503,42,863,435,114,291,0.6369,-1,-1,-1
503,45,680,431,103,271,0.7773,-1,-1,-1
503,59,981,453,100,230,0.7349,-1,-1,-1
503,61,1408,411,135,561,0.5988,-1,-1,-1
503,63,205,483,104,225,0.3747,-1,-1,-1
504,53,1708,411,205,495,0.8240,-1,-1,-1
504,52,1495,380,255,690,0.7287,-1,-1,-1
504,23,1273,414,195,609,0.7596,-1,-1,-1
504,42,867,424,117,300,0.5335,-1,-1,-1
504,45,682,431,102,271,0.7798,-1,-1,-1
504,59,986,455,100,229,0.6846,-1,-1,-1
504,61,1414,411,137,556,0.6033,-1,-1,-1
504,63,191,481,106,229,0.7420,-1,-1,-1
505,53,1714,406,207,502,0.8416,-1,-1,-1
505,52,1505,377,254,694,0.7691,-1,-1,-1
505,23,1285,413,194,614,0.7530,-1,-1,-1
505,42,885,439,112,286,0.5208,-1,-1,-1
505,45,687,433,100,267,0.7816,-1,-1,-1
505,59,992,456,98,227,0.6663,-1,-1,-1
505,61,1424,419,136,549,0.6448,-1,-1,-1
505,63,181,481,109,234,0.6879,-1,-1,-1
506,53,1718,400,209,510,0.8065,-1,-1,-1
506,52,1508,378,250,695,0.8197,-1,-1,-1
506,23,1293,411,195,627,0.7857,-1,-1,-1
506,42,898,441,111,282,0.6660,-1,-1,-1
506,45,692,433,100,268,0.7761,-1,-1,-1
506,59,999,453,98,229,0.6121,-1,-1,-1
506,61,1433,419,134,546,0.6310,-1,-1,-1
506,63,169,481,110,237,0.7253,-1,-1,-1
507,53,1724,401,206,508,0.7897,-1,-1,-1
507,52,1513,376,247,697,0.8283,-1,-1,-1
507,23,1300,411,194,636,0.7936,-1,-1,-1
507,42,905,445,111,277,0.7515,-1,-1,-1
507,45,699,432,101,269,0.7735,-1,-1,-1
507,59,1006,455,94,227,0.5940,-1,-1,-1
507,61,1441,421,134,548,0.5836,-1,-1,-1
507,63,157,482,110,233,0.6584,-1,-1,-1
507,31,865,418,76,287,0.5707,-1,-1,-1
508,53,1728,396,206,514,0.8307,-1,-1,-1
508,52,1520,374,244,696,0.8015,-1,-1,-1
508,23,1311,411,194,639,0.8503,-1,-1,-1
508,42,913,447,112,274,0.7586,-1,-1,-1
508,45,708,431,101,268,0.7543,-1,-1,-1
508,59,1012,452,93,229,0.5047,-1,-1,-1
508,61,1450,415,131,543,0.6759,-1,-1,-1
508,63,142,480,112,237,0.7656,-1,-1,-1
508,31,867,417,74,285,0.7212,-1,-1,-1
509,53,1736,396,202,514,0.7949,-1,-1,-1
509,52,1520,373,241,697,0.7818,-1,-1,-1
509,23,1320,406,199,651,0.8370,-1,-1,-1
509,42,916,447,114,274,0.7464,-1,-1,-1
509,45,715,431,101,267,0.7641,-1,-1,-1
509,59,1022,457,89,223,0.5337,-1,-1,-1
509,61,1456,414,130,543,0.7383,-1,-1,-1
509,63,128,477,116,244,0.7621,-1,-1,-1
509,31,869,422,71,278,0.6236,-1,-1,-1
510,53,1747,396,193,503,0.7939,-1,-1,-1
510,52,1526,373,238,696,0.7320,-1,-1,-1
510,23,1330,404,203,657,0.8536,-1,-1,-1
510,42,913,445,117,278,0.7422,-1,-1,-1
510,45,721,434,102,264,0.7929,-1,-1,-1
510,59,1028,468,82,208,0.5228,-1,-1,-1
510,61,1462,416,129,539,0.7773,-1,-1,-1
510,63,117,478,118,246,0.6722,-1,-1,-1
510,31,871,416,71,282,0.7354,-1,-1,-1
511,53,1758,392,185,493,0.8109,-1,-1,-1
511,52,1541,372,238,696,0.7115,-1,-1,-1
511,23,1338,413,204,647,0.8507,-1,-1,-1
511,42,915,444,121,279,0.7275,-1,-1,-1
511,45,724,441,101,257,0.7794,-1,-1,-1
511,59,1032,459,84,217,0.5473,-1,-1,-1
511,61,1468,417,127,533,0.7414,-1,-1,-1
511,63,108,478,117,244,0.5769,-1,-1,-1
511,31,873,417,70,280,0.5750,-1,-1,-1
512,53,1764,389,180,492,0.8316,-1,-1,-1
512,52,1544,374,236,692,0.6178,-1,-1,-1
512,23,1339,417,207,644,0.8689,-1,-1,-1
512,42,915,443,125,282,0.7395,-1,-1,-1
512,45,725,446,100,252,0.7682,-1,-1,-1
512,59,1037,451,88,226,0.6719,-1,-1,-1
512,61,1473,416,126,532,0.6253,-1,-1,-1
512,63,87,482,116,240,0.6693,-1,-1,-1
512,31,873,415,71,283,0.6210,-1,-1,-1
513,53,1775,388,172,489,0.7900,-1,-1,-1
513,52,1540,375,234,690,0.5821,-1,-1,-1
513,23,1339,415,212,647,0.8739,-1,-1,-1
513,42,913,440,130,286,0.7553,-1,-1,-1
513,45,728,443,103,255,0.8006,-1,-1,-1
513,59,1042,445,91,232,0.6884,-1,-1,-1
513,61,1478,417,125,534,0.6332,-1,-1,-1
513,63,73,479,121,248,0.6936,-1,-1,-1
513,31,876,414,72,284,0.6792,-1,-1,-1
514,53,1782,388,168,494,0.7735,-1,-1,-1
514,52,1546,374,232,692,0.5559,-1,-1,-1
514,23,1338,416,215,646,0.8776,-1,-1,-1
514,42,914,445,131,281,0.7855,-1,-1,-1
514,45,730,440,104,256,0.8105,-1,-1,-1
514,59,1043,450,90,228,0.7305,-1,-1,-1
514,61,1482,421,124,529,0.6114,-1,-1,-1
514,63,58,477,124,252,0.6444,-1,-1,-1
514,31,876,417,72,280,0.5600,-1,-1,-1
515,53,1789,388,164,504,0.7919,-1,-1,-1
515,52,1572,377,236,693,0.5890,-1,-1,-1
515,23,1339,416,218,647,0.8811,-1,-1,-1
515,42,915,442,134,284,0.7753,-1,-1,-1
515,45,731,441,104,254,0.7937,-1,-1,-1
515,59,1047,454,91,224,0.7116,-1,-1,-1
515,61,1487,427,123,527,0.6466,-1,-1,-1
515,63,44,476,128,254,0.6364,-1,-1,-1
515,31,880,420,72,276,0.6256,-1,-1,-1
515,64,691,451,36,123,0.5682,-1,-1,-1
516,53,1796,387,156,501,0.7643,-1,-1,-1
516,52,1586,378,240,694,0.7083,-1,-1,-1
516,23,1338,418,220,644,0.8905,-1,-1,-1
516,42,917,442,134,282,0.7917,-1,-1,-1
516,45,732,438,105,256,0.8035,-1,-1,-1
516,59,1048,452,93,227,0.6197,-1,-1,-1
516,61,1496,427,123,527,0.6996,-1,-1,-1
516,63,29,474,130,255,0.6874,-1,-1,-1
516,31,880,417,74,281,0.6693,-1,-1,-1
516,64,689,450,37,123,0.5703,-1,-1,-1
517,53,1804,386,148,497,0.7510,-1,-1,-1
517,52,1576,376,240,697,0.6890,-1,-1,-1
517,23,1339,419,222,643,0.8664,-1,-1,-1
517,42,918,439,136,283,0.7840,-1,-1,-1
517,45,736,441,104,251,0.7668,-1,-1,-1
517,59,1047,451,95,228,0.7372,-1,-1,-1
517,61,1505,426,118,500,0.5855,-1,-1,-1
517,63,14,475,135,262,0.6846,-1,-1,-1
517,31,882,413,78,289,0.6985,-1,-1,-1
517,64,689,449,37,124,0.5905,-1,-1,-1
518,53,1809,388,142,496,0.7182,-1,-1,-1
518,52,1581,375,241,698,0.6330,-1,-1,-1
518,23,1340,420,225,642,0.8205,-1,-1,-1
518,42,919,441,136,282,0.7771,-1,-1,-1
518,45,740,436,104,254,0.7700,-1,-1,-1
518,59,1047,450,97,229,0.7485,-1,-1,-1
518,61,1509,424,123,513,0.4730,-1,-1,-1
518,63,6,480,136,262,0.6553,-1,-1,-1
518,31,882,411,80,291,0.6829,-1,-1,-1
518,64,687,451,37,124,0.6162,-1,-1,-1
519,53,1817,392,135,495,0.6272,-1,-1,-1
519,52,1579,375,241,699,0.6500,-1,-1,-1
519,23,1342,417,227,644,0.7729,-1,-1,-1
519,42,924,441,135,283,0.6967,-1,-1,-1
519,45,743,433,104,257,0.7740,-1,-1,-1
519,59,1049,445,99,235,0.7258,-1,-1,-1
519,61,1517,421,124,517,0.3434,-1,-1,-1
519,63,2,489,134,253,0.6044,-1,-1,-1
519,31,880,410,82,295,0.6717,-1,-1,-1
519,64,683,450,38,123,0.6831,-1,-1,-1
520,52,1581,384,238,689,0.6232,-1,-1,-1
520,23,1344,412,231,649,0.7945,-1,-1,-1
520,42,930,444,133,279,0.7198,-1,-1,-1
520,45,745,433,103,256,0.7585,-1,-1,-1
520,59,1050,446,100,234,0.7515,-1,-1,-1
520,61,1524,421,125,520,0.4442,-1,-1,-1
520,63,-3,482,134,256,0.6538,-1,-1,-1
520,31,881,407,82,293,0.6449,-1,-1,-1
520,64,682,449,38,125,0.6187,-1,-1,-1
521,52,1583,384,238,689,0.6015,-1,-1,-1
521,23,1347,409,233,650,0.7779,-1,-1,-1
521,42,938,444,133,279,0.7192,-1,-1,-1
521,45,747,432,101,257,0.7671,-1,-1,-1
521,59,1050,448,100,232,0.7046,-1,-1,-1
521,61,1528,416,130,539,0.4940,-1,-1,-1
521,63,-11,485,133,258,0.6041,-1,-1,-1
521,31,880,406,83,294,0.6832,-1,-1,-1
521,64,681,451,38,122,0.5735,-1,-1,-1
522,52,1591,381,241,691,0.6478,-1,-1,-1
522,23,1350,409,233,647,0.7389,-1,-1,-1
522,42,946,442,132,280,0.6832,-1,-1,-1
522,45,750,433,99,252,0.7863,-1,-1,-1
522,59,1051,444,103,236,0.6100,-1,-1,-1
522,61,1534,414,131,541,0.5518,-1,-1,-1
522,63,-22,481,136,273,0.6010,-1,-1,-1
522,31,880,405,84,296,0.6710,-1,-1,-1
522,64,679,452,38,122,0.5890,-1,-1,-1
523,52,1614,377,250,694,0.6929,-1,-1,-1
523,23,1355,408,233,650,0.7344,-1,-1,-1
523,42,946,439,132,284,0.6896,-1,-1,-1
523,45,754,434,98,252,0.7691,-1,-1,-1
523,59,1053,445,102,234,0.6783,-1,-1,-1
523,61,1542,414,134,545,0.6684,-1,-1,-1
523,63,-23,493,122,255,0.5895,-1,-1,-1
523,31,884,406,84,296,0.6931,-1,-1,-1
523,64,678,453,39,121,0.5678,-1,-1,-1
523,67,718,452,31,90,0.5441,-1,-1,-1
524,52,1621,372,260,699,0.7775,-1,-1,-1
524,23,1364,408,232,650,0.7292,-1,-1,-1
524,42,957,437,129,285,0.7068,-1,-1,-1
524,45,758,433,98,254,0.7514,-1,-1,-1
524,59,1056,446,101,232,0.6358,-1,-1,-1
524,61,1545,412,141,559,0.5764,-1,-1,-1
524,31,889,407,83,296,0.7186,-1,-1,-1
524,64,677,454,39,120,0.4954,-1,-1,-1
524,67,718,451,31,90,0.5399,-1,-1,-1
525,52,1622,365,268,705,0.8769,-1,-1,-1
525,23,1378,407,231,654,0.7675,-1,-1,-1
525,42,962,438,127,284,0.6651,-1,-1,-1
525,45,762,433,99,256,0.7476,-1,-1,-1
525,59,1058,451,99,228,0.6819,-1,-1,-1
525,61,1549,413,144,566,0.6663,-1,-1,-1
525,31,897,410,82,295,0.7173,-1,-1,-1
525,64,676,454,39,119,0.5012,-1,-1,-1
525,67,717,451,31,89,0.5834,-1,-1,-1
526,52,1620,355,277,714,0.8537,-1,-1,-1
526,23,1390,407,229,656,0.7478,-1,-1,-1
526,42,970,439,124,284,0.7096,-1,-1,-1
526,45,766,435,98,252,0.7491,-1,-1,-1
526,59,1061,453,98,226,0.6564,-1,-1,-1
526,61,1552,413,148,570,0.6906,-1,-1,-1
526,31,901,411,81,295,0.7441,-1,-1,-1
526,64,675,453,40,120,0.5669,-1,-1,-1
526,67,716,451,32,90,0.6264,-1,-1,-1
527,52,1618,351,282,717,0.8129,-1,-1,-1
527,23,1404,407,225,658,0.7268,-1,-1,-1
527,42,978,438,121,286,0.7586,-1,-1,-1
527,45,773,437,98,251,0.7682,-1,-1,-1
527,59,1064,454,97,224,0.6668,-1,-1,-1
527,61,1561,411,151,581,0.6143,-1,-1,-1
527,31,901,412,81,292,0.7304,-1,-1,-1
527,64,674,454,40,119,0.6316,-1,-1,-1
527,67,716,451,32,90,0.6352,-1,-1,-1
528,52,1620,371,280,697,0.8224,-1,-1,-1
528,23,1417,407,220,659,0.7062,-1,-1,-1
528,42,983,440,118,285,0.7143,-1,-1,-1
528,45,780,436,97,250,0.7404,-1,-1,-1
528,59,1068,449,96,228,0.6639,-1,-1,-1
528,61,1573,410,155,589,0.7018,-1,-1,-1
528,31,902,412,82,292,0.7378,-1,-1,-1
528,64,674,453,41,119,0.6299,-1,-1,-1
528,67,716,451,32,89,0.6006,-1,-1,-1
529,52,1670,378,244,608,0.6360,-1,-1,-1
529,23,1427,407,215,658,0.7996,-1,-1,-1
529,42,988,439,114,284,0.6896,-1,-1,-1
529,45,784,435,99,250,0.7506,-1,-1,-1
529,59,1073,445,96,231,0.6347,-1,-1,-1
529,61,1581,411,157,592,0.7890,-1,-1,-1
529,31,908,412,81,293,0.7719,-1,-1,-1
529,64,674,455,41,117,0.5706,-1,-1,-1
529,67,717,450,32,91,0.5614,-1,-1,-1
529,70,573,453,32,81,0.4651,-1,-1,-1
530,52,1637,365,274,676,0.7123,-1,-1,-1
530,23,1435,407,212,658,0.8221,-1,-1,-1
530,42,990,439,111,282,0.6856,-1,-1,-1
530,45,790,436,100,249,0.8126,-1,-1,-1
530,59,1076,445,93,230,0.6431,-1,-1,-1
530,61,1587,412,158,593,0.7800,-1,-1,-1
530,31,912,410,81,296,0.7465,-1,-1,-1
530,64,670,455,41,116,0.5670,-1,-1,-1
530,67,718,450,33,93,0.4899,-1,-1,-1
530,70,573,452,32,81,0.4256,-1,-1,-1
531,52,1632,363,282,693,0.7056,-1,-1,-1
531,23,1441,408,208,656,0.8143,-1,-1,-1
531,42,998,444,109,277,0.7426,-1,-1,-1
531,45,793,437,101,248,0.8399,-1,-1,-1
531,59,1079,447,90,228,0.6457,-1,-1,-1
531,61,1594,412,160,597,0.7319,-1,-1,-1
531,31,915,407,81,300,0.7814,-1,-1,-1
531,64,667,456,41,114,0.6503,-1,-1,-1
531,67,717,450,33,94,0.4219,-1,-1,-1
531,70,573,452,32,82,0.4562,-1,-1,-1
532,52,1637,365,284,700,0.8405,-1,-1,-1
532,23,1449,409,207,657,0.7849,-1,-1,-1
532,42,1004,443,110,280,0.6938,-1,-1,-1
532,45,797,438,102,247,0.8034,-1,-1,-1
532,59,1083,450,86,225,0.6539,-1,-1,-1
532,61,1599,412,164,602,0.7045,-1,-1,-1
532,31,919,406,79,300,0.8037,-1,-1,-1
532,64,664,453,42,117,0.7040,-1,-1,-1
532,67,716,451,32,93,0.4540,-1,-1,-1
532,70,573,451,32,83,0.3945,-1,-1,-1
533,52,1645,366,283,702,0.8268,-1,-1,-1
533,23,1454,410,207,658,0.8094,-1,-1,-1
533,42,1008,448,110,276,0.6997,-1,-1,-1
533,45,799,440,102,245,0.8278,-1,-1,-1
533,59,1088,455,83,222,0.6296,-1,-1,-1
533,61,1604,407,171,625,0.6426,-1,-1,-1
533,31,921,406,80,301,0.7647,-1,-1,-1
533,64,662,453,42,117,0.7285,-1,-1,-1
533,67,714,451,33,93,0.4937,-1,-1,-1
533,70,573,451,33,84,0.4142,-1,-1,-1
534,52,1659,367,279,704,0.7576,-1,-1,-1
534,23,1459,411,207,656,0.8199,-1,-1,-1
534,42,1013,449,111,276,0.7306,-1,-1,-1
534,45,803,442,102,243,0.8177,-1,-1,-1
534,59,1090,453,83,224,0.6266,-1,-1,-1
534,61,1609,409,173,631,0.5331,-1,-1,-1
534,31,923,407,80,300,0.7148,-1,-1,-1
534,64,660,452,42,119,0.7345,-1,-1,-1
534,67,714,453,32,91,0.5249,-1,-1,-1
534,70,576,451,33,85,0.3471,-1,-1,-1
535,52,1678,370,272,705,0.7592,-1,-1,-1
535,23,1462,413,208,653,0.8411,-1,-1,-1
535,42,1016,447,114,278,0.7606,-1,-1,-1
535,45,803,441,104,244,0.8077,-1,-1,-1
535,59,1092,449,84,229,0.6383,-1,-1,-1
535,61,1614,411,174,632,0.6688,-1,-1,-1
535,31,926,422,78,286,0.7103,-1,-1,-1
535,64,658,451,43,119,0.7077,-1,-1,-1
535,67,712,453,32,91,0.5504,-1,-1,-1
535,70,578,452,33,85,0.4135,-1,-1,-1
536,52,1695,374,262,701,0.8436,-1,-1,-1
536,23,1464,414,208,652,0.8080,-1,-1,-1
536,42,1017,447,116,277,0.7832,-1,-1,-1
536,45,806,439,106,248,0.8241,-1,-1,-1
536,59,1098,446,84,233,0.6250,-1,-1,-1
536,61,1618,412,175,634,0.5261,-1,-1,-1
536,31,928,431,79,277,0.6812,-1,-1,-1
536,64,657,451,42,118,0.6380,-1,-1,-1
536,67,713,453,32,90,0.5394,-1,-1,-1
536,70,579,454,32,83,0.4068,-1,-1,-1
537,52,1710,373,252,700,0.8170,-1,-1,-1
537,23,1465,414,209,651,0.7715,-1,-1,-1
537,42,1017,446,118,279,0.7737,-1,-1,-1
537,45,808,438,107,249,0.8197,-1,-1,-1
537,59,1100,445,83,234,0.5486,-1,-1,-1
537,61,1622,412,171,619,0.5793,-1,-1,-1
537,31,928,419,83,289,0.7115,-1,-1,-1
537,64,658,453,42,116,0.6032,-1,-1,-1
537,67,713,452,33,92,0.5895,-1,-1,-1
537,70,578,458,31,78,0.4176,-1,-1,-1
538,52,1721,363,246,709,0.8266,-1,-1,-1
538,23,1466,414,211,650,0.7760,-1,-1,-1
538,42,1017,443,121,282,0.8167,-1,-1,-1
538,45,809,436,108,250,0.8249,-1,-1,-1
538,59,1100,442,82,236,0.4863,-1,-1,-1
538,61,1626,412,175,629,0.6715,-1,-1,-1
538,31,927,412,88,296,0.7502,-1,-1,-1
538,64,657,453,41,115,0.6332,-1,-1,-1
538,67,714,451,32,92,0.5800,-1,-1,-1
538,70,577,458,31,77,0.4374,-1,-1,-1
539,52,1732,366,235,707,0.8211,-1,-1,-1
539,23,1469,411,213,654,0.7506,-1,-1,-1
539,42,1016,442,123,282,0.8216,-1,-1,-1
539,45,811,435,108,250,0.7954,-1,-1,-1
539,59,1102,441,81,236,0.5520,-1,-1,-1
539,61,1626,411,178,632,0.6781,-1,-1,-1
539,31,928,410,90,299,0.7474,-1,-1,-1
539,64,656,453,41,116,0.6632,-1,-1,-1
539,67,712,451,34,92,0.6099,-1,-1,-1
539,70,577,457,31,78,0.4514,-1,-1,-1
540,52,1741,371,224,702,0.8240,-1,-1,-1
540,23,1472,411,216,655,0.7602,-1,-1,-1
540,42,1019,439,123,285,0.7299,-1,-1,-1
540,45,813,434,109,251,0.7395,-1,-1,-1
540,59,1104,437,80,241,0.5172,-1,-1,-1
540,61,1631,408,179,631,0.5838,-1,-1,-1
540,31,928,408,92,300,0.7882,-1,-1,-1
540,64,655,454,41,114,0.6787,-1,-1,-1
540,67,710,450,35,95,0.6257,-1,-1,-1
540,70,577,455,31,80,0.4719,-1,-1,-1
540,73,542,457,31,78,0.5040,-1,-1,-1
541,52,1750,381,212,692,0.8249,-1,-1,-1
541,23,1473,412,217,656,0.7753,-1,-1,-1
541,42,1022,438,123,285,0.6464,-1,-1,-1
541,45,815,434,109,250,0.7325,-1,-1,-1
541,59,1106,440,78,239,0.5020,-1,-1,-1
541,61,1638,406,179,627,0.7865,-1,-1,-1
541,31,929,408,94,298,0.8257,-1,-1,-1
541,64,655,456,40,113,0.6365,-1,-1,-1
541,67,709,449,36,97,0.6357,-1,-1,-1
541,70,575,454,33,82,0.4895,-1,-1,-1
541,73,542,456,30,80,0.5137,-1,-1,-1
542,52,1759,389,202,684,0.8081,-1,-1,-1
542,23,1475,412,217,656,0.7423,-1,-1,-1
542,42,1027,438,125,285,0.5680,-1,-1,-1
542,45,819,431,109,253,0.7140,-1,-1,-1
542,59,1109,447,74,232,0.4825,-1,-1,-1
542,61,1641,404,181,628,0.6794,-1,-1,-1
542,31,931,415,94,292,0.8051,-1,-1,-1
542,64,655,457,40,112,0.6334,-1,-1,-1
542,67,708,449,36,97,0.6153,-1,-1,-1
542,70,575,453,34,83,0.5607,-1,-1,-1
542,73,541,455,31,81,0.5891,-1,-1,-1
543,52,1768,393,192,680,0.7945,-1,-1,-1
543,23,1484,410,218,654,0.6978,-1,-1,-1
543,42,1034,435,125,288,0.5699,-1,-1,-1
543,45,823,432,109,252,0.7095,-1,-1,-1
543,59,1112,445,73,233,0.3792,-1,-1,-1
543,61,1639,402,184,632,0.6450,-1,-1,-1
543,31,931,422,93,283,0.7886,-1,-1,-1
543,64,654,456,41,114,0.6437,-1,-1,-1
543,67,707,449,37,97,0.6249,-1,-1,-1
543,70,575,452,34,84,0.5324,-1,-1,-1
543,73,542,456,30,80,0.5412,-1,-1,-1
544,52,1775,398,183,676,0.7331,-1,-1,-1
544,23,1500,409,219,656,0.7137,-1,-1,-1
544,42,1040,435,123,287,0.6170,-1,-1,-1
544,45,828,432,108,252,0.6767,-1,-1,-1
544,59,1116,444,72,233,0.4264,-1,-1,-1
544,61,1649,404,183,629,0.5755,-1,-1,-1
544,31,936,428,93,275,0.7146,-1,-1,-1
544,64,653,455,42,115,0.6385,-1,-1,-1
544,67,708,450,36,96,0.6147,-1,-1,-1
544,70,576,453,34,84,0.4749,-1,-1,-1
544,73,542,457,30,79,0.4673,-1,-1,-1
545,52,1785,435,167,639,0.6766,-1,-1,-1
545,23,1515,409,217,655,0.6734,-1,-1,-1
545,42,1051,440,117,281,0.5051,-1,-1,-1
545,45,838,436,103,246,0.6789,-1,-1,-1
545,61,1659,406,185,632,0.5159,-1,-1,-1
545,31,939,431,95,272,0.7082,-1,-1,-1
545,64,654,453,42,115,0.6219,-1,-1,-1
545,67,709,450,36,95,0.6579,-1,-1,-1
545,70,576,450,35,87,0.4806,-1,-1,-1
545,73,542,454,31,82,0.4851,-1,-1,-1
546,52,1792,447,158,627,0.6741,-1,-1,-1
546,23,1525,408,214,655,0.6700,-1,-1,-1
546,42,1064,439,116,279,0.4935,-1,-1,-1
546,45,845,434,101,247,0.7422,-1,-1,-1
546,61,1663,407,186,636,0.5048,-1,-1,-1
546,31,940,415,102,289,0.7734,-1,-1,-1
546,64,653,451,43,117,0.6562,-1,-1,-1
546,67,710,451,36,94,0.6472,-1,-1,-1
546,70,576,447,36,89,0.5264,-1,-1,-1
546,73,542,451,32,85,0.4895,-1,-1,-1
547,52,1798,466,148,609,0.6765,-1,-1,-1
547,23,1531,407,211,654,0.6874,-1,-1,-1
547,42,1069,440,113,278,0.4952,-1,-1,-1
547,45,852,435,98,244,0.7031,-1,-1,-1
547,61,1671,406,187,636,0.5121,-1,-1,-1
547,31,943,408,105,294,0.7735,-1,-1,-1
547,64,654,452,41,115,0.6785,-1,-1,-1
547,67,711,451,36,94,0.6296,-1,-1,-1
547,70,576,448,36,88,0.5132,-1,-1,-1
547,73,543,450,32,86,0.4576,-1,-1,-1
548,52,1802,435,149,638,0.5359,-1,-1,-1
548,23,1537,404,210,658,0.7553,-1,-1,-1
548,42,1070,441,110,278,0.4294,-1,-1,-1
548,45,860,443,91,233,0.6513,-1,-1,-1
548,61,1677,412,184,625,0.5782,-1,-1,-1
548,31,944,409,106,293,0.7253,-1,-1,-1
548,64,652,452,41,114,0.7310,-1,-1,-1
548,67,712,452,35,93,0.6310,-1,-1,-1
548,70,577,449,35,86,0.4873,-1,-1,-1
548,73,543,449,32,87,0.4742,-1,-1,-1
549,52,1806,413,147,661,0.4729,-1,-1,-1
549,23,1570,402,217,655,0.6158,-1,-1,-1
549,42,1070,442,108,277,0.4049,-1,-1,-1
549,45,866,438,93,242,0.6960,-1,-1,-1
549,31,947,406,107,296,0.6778,-1,-1,-1
549,64,651,452,41,113,0.7496,-1,-1,-1
549,67,712,452,35,93,0.6802,-1,-1,-1
549,70,577,449,36,86,0.5589,-1,-1,-1
549,73,544,449,32,86,0.4935,-1,-1,-1
549,59,1117,438,78,251,0.4558,-1,-1,-1
550,23,1555,404,215,656,0.5859,-1,-1,-1
550,42,1086,443,105,275,0.5508,-1,-1,-1
550,45,868,440,92,242,0.7181,-1,-1,-1
550,31,952,407,107,296,0.7159,-1,-1,-1
550,64,651,453,40,112,0.7218,-1,-1,-1
550,67,712,453,36,92,0.6545,-1,-1,-1
550,70,578,449,35,87,0.5187,-1,-1,-1
550,73,544,448,32,87,0.4969,-1,-1,-1
551,23,1557,402,217,661,0.6857,-1,-1,-1
551,42,1087,440,107,279,0.5293,-1,-1,-1
551,45,871,439,91,244,0.7582,-1,-1,-1
551,31,958,407,105,294,0.7121,-1,-1,-1
551,64,651,454,40,111,0.6814,-1,-1,-1
551,67,713,451,36,94,0.6694,-1,-1,-1
551,70,578,450,35,86,0.5757,-1,-1,-1
551,73,545,449,31,86,0.4952,-1,-1,-1
551,61,1696,409,185,627,0.5790,-1,-1,-1
552,23,1561,400,218,667,0.7384,-1,-1,-1
552,42,1090,439,107,280,0.6248,-1,-1,-1
552,45,878,439,89,244,0.7125,-1,-1,-1
552,31,966,410,102,289,0.6380,-1,-1,-1
552,64,648,454,41,112,0.6868,-1,-1,-1
552,67,713,450,36,94,0.6711,-1,-1,-1
552,70,578,450,36,86,0.6411,-1,-1,-1
552,73,545,448,31,86,0.4875,-1,-1,-1
552,61,1703,409,186,627,0.5680,-1,-1,-1
553,23,1560,405,217,665,0.7951,-1,-1,-1
553,42,1090,440,109,280,0.5871,-1,-1,-1
553,45,883,437,90,246,0.7123,-1,-1,-1
553,31,974,411,98,287,0.7136,-1,-1,-1
553,64,647,454,42,113,0.6538,-1,-1,-1
553,67,713,449,36,95,0.6836,-1,-1,-1
553,70,579,450,35,86,0.6305,-1,-1,-1
553,73,545,449,31,86,0.5066,-1,-1,-1
553,61,1711,406,187,625,0.7261,-1,-1,-1
554,23,1560,403,215,665,0.7043,-1,-1,-1
554,42,1086,440,110,279,0.5748,-1,-1,-1
554,45,887,434,91,249,0.7289,-1,-1,-1
554,31,976,411,98,290,0.7101,-1,-1,-1
554,64,646,456,40,109,0.5765,-1,-1,-1
554,67,713,449,37,95,0.6759,-1,-1,-1
554,70,579,449,35,86,0.6070,-1,-1,-1
554,73,545,449,31,86,0.4909,-1,-1,-1
554,61,1716,403,190,629,0.6577,-1,-1,-1
555,23,1564,403,216,663,0.6924,-1,-1,-1
555,42,1088,441,111,279,0.6294,-1,-1,-1
555,45,891,434,90,250,0.7227,-1,-1,-1
555,31,982,411,97,290,0.7309,-1,-1,-1
555,64,644,456,40,109,0.6068,-1,-1,-1
555,67,713,449,36,94,0.6941,-1,-1,-1
555,70,579,449,35,87,0.6433,-1,-1,-1
555,73,544,450,31,86,0.5339,-1,-1,-1
555,61,1720,405,190,623,0.5742,-1,-1,-1
556,23,1566,402,217,662,0.7352,-1,-1,-1
556,42,1090,440,112,281,0.7217,-1,-1,-1
556,45,893,436,90,248,0.7533,-1,-1,-1
556,31,986,411,97,289,0.7218,-1,-1,-1
556,64,642,456,40,109,0.6458,-1,-1,-1
556,67,712,448,37,96,0.7007,-1,-1,-1
556,70,579,450,35,86,0.6015,-1,-1,-1
556,73,544,450,31,86,0.5027,-1,-1,-1
556,61,1716,403,195,631,0.6331,-1,-1,-1
557,23,1569,403,220,661,0.6787,-1,-1,-1
557,42,1090,439,113,281,0.7367,-1,-1,-1
557,45,894,436,91,248,0.7752,-1,-1,-1
557,31,989,417,94,280,0.7355,-1,-1,-1
557,64,641,456,40,109,0.6198,-1,-1,-1
557,67,712,447,38,98,0.6646,-1,-1,-1
557,70,579,449,35,88,0.5903,-1,-1,-1
557,73,545,449,31,88,0.4939,-1,-1,-1
557,61,1722,405,194,622,0.6076,-1,-1,-1
558,23,1581,403,226,663,0.6447,-1,-1,-1
558,42,1093,440,112,280,0.7264,-1,-1,-1
558,45,894,438,90,245,0.7794,-1,-1,-1
558,31,991,423,95,275,0.7413,-1,-1,-1
558,64,641,457,39,107,0.6450,-1,-1,-1
558,67,712,446,38,100,0.6531,-1,-1,-1
558,70,579,450,35,87,0.6304,-1,-1,-1
558,73,545,448,32,89,0.5510,-1,-1,-1
558,61,1726,407,192,614,0.5205,-1,-1,-1
559,23,1589,402,235,665,0.7502,-1,-1,-1
559,42,1096,440,113,279,0.7493,-1,-1,-1
559,45,895,442,90,241,0.7760,-1,-1,-1
559,31,993,423,95,275,0.7182,-1,-1,-1
559,64,641,458,38,104,0.6420,-1,-1,-1
559,67,713,446,38,100,0.6839,-1,-1,-1
559,70,580,450,34,86,0.6629,-1,-1,-1
559,73,545,448,32,89,0.5447,-1,-1,-1
559,61,1740,407,186,603,0.5025,-1,-1,-1
560,23,1596,401,242,666,0.7290,-1,-1,-1
560,42,1097,436,115,283,0.7103,-1,-1,-1
560,45,895,440,90,242,0.7536,-1,-1,-1
560,31,1000,420,96,276,0.7748,-1,-1,-1
560,64,640,457,39,104,0.6956,-1,-1,-1
560,67,714,446,37,101,0.6879,-1,-1,-1
560,70,580,449,34,87,0.6131,-1,-1,-1
560,73,545,451,31,87,0.5731,-1,-1,-1
560,61,1748,405,184,607,0.3029,-1,-1,-1
561,23,1597,401,249,665,0.7286,-1,-1,-1
561,42,1101,436,116,284,0.7076,-1,-1,-1
561,45,898,439,90,241,0.7633,-1,-1,-1
561,31,1004,421,97,275,0.7934,-1,-1,-1
561,64,640,456,39,105,0.6834,-1,-1,-1
561,67,715,449,36,98,0.6766,-1,-1,-1
561,70,580,449,35,87,0.6128,-1,-1,-1
561,73,546,451,31,86,0.5472,-1,-1,-1
561,61,1758,402,173,577,0.4561,-1,-1,-1
562,23,1595,401,255,667,0.7590,-1,-1,-1
562,42,1104,434,117,284,0.7083,-1,-1,-1
562,45,903,437,90,242,0.7082,-1,-1,-1
562,31,1008,426,97,270,0.7213,-1,-1,-1
562,64,640,456,39,105,0.6142,-1,-1,-1
562,67,717,450,35,96,0.6405,-1,-1,-1
562,70,580,449,35,87,0.5902,-1,-1,-1
562,73,546,451,31,86,0.5135,-1,-1,-1
562,61,1764,401,165,553,0.3126,-1,-1,-1
563,23,1585,400,255,667,0.7110,-1,-1,-1
563,42,1110,434,116,282,0.6967,-1,-1,-1
563,45,907,436,90,245,0.7599,-1,-1,-1
563,31,1010,433,97,263,0.7007,-1,-1,-1
563,64,640,459,38,102,0.6170,-1,-1,-1
563,67,717,450,36,97,0.6537,-1,-1,-1
563,70,581,449,34,87,0.5199,-1,-1,-1
563,73,546,450,31,87,0.5158,-1,-1,-1
564,23,1588,399,253,666,0.7156,-1,-1,-1
564,42,1114,435,115,279,0.6185,-1,-1,-1
564,45,911,434,90,249,0.7362,-1,-1,-1
564,31,1011,433,99,262,0.7600,-1,-1,-1
564,64,640,459,38,101,0.6147,-1,-1,-1
564,67,718,450,35,96,0.6273,-1,-1,-1
564,70,582,449,33,88,0.4718,-1,-1,-1
564,73,546,451,31,85,0.4585,-1,-1,-1
565,23,1590,399,252,666,0.7608,-1,-1,-1
565,42,1120,435,114,278,0.6862,-1,-1,-1
565,45,918,434,88,248,0.6933,-1,-1,-1
565,31,1010,428,103,268,0.7859,-1,-1,-1
565,64,640,460,37,100,0.6789,-1,-1,-1
565,67,719,450,34,96,0.6170,-1,-1,-1
565,70,582,449,34,88,0.5235,-1,-1,-1
565,73,547,452,29,84,0.4854,-1,-1,-1
565,61,1756,391,184,635,0.5677,-1,-1,-1
566,23,1607,398,252,671,0.7864,-1,-1,-1
566,42,1125,436,114,280,0.6212,-1,-1,-1
566,45,926,433,87,245,0.6816,-1,-1,-1
566,31,1010,426,105,271,0.8128,-1,-1,-1
566,64,639,457,39,103,0.6464,-1,-1,-1
566,67,719,450,34,96,0.6475,-1,-1,-1
566,70,582,449,34,88,0.5728,-1,-1,-1
566,73,546,451,30,85,0.5120,-1,-1,-1
566,61,1764,391,178,635,0.5224,-1,-1,-1
567,23,1623,398,251,671,0.7922,-1,-1,-1
567,42,1127,435,115,282,0.6488,-1,-1,-1
567,45,930,433,86,242,0.6781,-1,-1,-1
567,31,1010,426,108,272,0.8108,-1,-1,-1
567,64,638,455,39,106,0.5924,-1,-1,-1
567,67,720,450,34,95,0.5994,-1,-1,-1
567,70,582,450,33,87,0.5822,-1,-1,-1
567,73,546,451,31,85,0.5054,-1,-1,-1
567,61,1774,400,168,621,0.5205,-1,-1,-1
568,23,1638,398,250,672,0.8267,-1,-1,-1
568,42,1131,438,112,277,0.6366,-1,-1,-1
568,45,935,433,84,240,0.6397,-1,-1,-1
568,31,1012,423,111,275,0.8127,-1,-1,-1
568,64,637,455,39,106,0.6184,-1,-1,-1
568,67,721,450,33,96,0.6172,-1,-1,-1
568,70,582,450,33,87,0.5604,-1,-1,-1
568,73,546,451,31,85,0.5111,-1,-1,-1
568,61,1778,407,166,632,0.5887,-1,-1,-1
569,23,1645,399,247,674,0.8378,-1,-1,-1
569,42,1135,439,111,275,0.7051,-1,-1,-1
569,45,939,432,85,243,0.7137,-1,-1,-1
569,31,1014,428,112,271,0.8042,-1,-1,-1
569,64,637,455,39,105,0.6188,-1,-1,-1
569,67,721,450,34,96,0.6160,-1,-1,-1
569,70,582,450,34,88,0.5325,-1,-1,-1
569,73,547,452,30,85,0.5044,-1,-1,-1
569,61,1784,412,159,626,0.5407,-1,-1,-1
570,23,1648,400,244,674,0.8268,-1,-1,-1
570,42,1140,437,111,278,0.6873,-1,-1,-1
570,45,943,432,84,244,0.7353,-1,-1,-1
570,31,1015,431,112,268,0.8293,-1,-1,-1
570,64,636,456,38,103,0.5816,-1,-1,-1
570,67,721,449,33,98,0.6337,-1,-1,-1
570,70,582,449,34,89,0.3960,-1,-1,-1
570,73,547,453,31,85,0.4832,-1,-1,-1
570,61,1798,415,134,535,0.4870,-1,-1,-1
571,23,1654,400,242,675,0.8321,-1,-1,-1
571,42,1149,440,114,275,0.7588,-1,-1,-1
571,45,946,432,84,246,0.7310,-1,-1,-1
571,31,1013,430,115,269,0.7983,-1,-1,-1
571,64,636,457,37,102,0.5913,-1,-1,-1
571,67,720,448,34,99,0.6595,-1,-1,-1
571,70,583,451,33,87,0.4230,-1,-1,-1
571,73,547,452,31,86,0.4627,-1,-1,-1
571,61,1808,418,119,480,0.5836,-1,-1,-1
572,23,1664,400,241,674,0.8607,-1,-1,-1
572,42,1154,440,116,275,0.7745,-1,-1,-1
572,45,948,432,84,246,0.7204,-1,-1,-1
572,31,1015,429,115,269,0.7839,-1,-1,-1
572,64,635,458,37,101,0.5821,-1,-1,-1
572,67,720,446,34,101,0.6791,-1,-1,-1
572,70,585,454,31,84,0.3881,-1,-1,-1
572,73,548,453,30,86,0.4774,-1,-1,-1
572,61,1814,420,112,457,0.6023,-1,-1,-1
573,23,1674,400,240,674,0.8697,-1,-1,-1
573,42,1159,439,119,276,0.7895,-1,-1,-1
573,45,949,433,84,245,0.6670,-1,-1,-1
573,31,1017,427,117,270,0.7146,-1,-1,-1
573,64,635,458,36,101,0.5905,-1,-1,-1
573,67,720,446,34,101,0.6397,-1,-1,-1
573,70,585,455,31,84,0.3883,-1,-1,-1
573,73,549,454,30,86,0.4710,-1,-1,-1
573,61,1816,421,109,448,0.3551,-1,-1,-1
574,23,1678,401,240,673,0.8831,-1,-1,-1
574,42,1161,439,121,276,0.8079,-1,-1,-1
574,45,950,433,85,245,0.6918,-1,-1,-1
574,31,1019,423,119,275,0.6770,-1,-1,-1
574,64,634,457,36,101,0.5930,-1,-1,-1
574,67,721,445,34,102,0.6236,-1,-1,-1
574,70,585,456,31,83,0.3726,-1,-1,-1
574,73,548,452,31,87,0.4773,-1,-1,-1
575,23,1679,401,241,673,0.9024,-1,-1,-1
575,42,1163,440,122,275,0.8249,-1,-1,-1
575,45,957,434,89,249,0.5731,-1,-1,-1
575,31,1019,424,118,274,0.3785,-1,-1,-1
575,64,634,456,35,102,0.5885,-1,-1,-1
575,67,721,445,35,102,0.6190,-1,-1,-1
575,70,585,457,30,81,0.4370,-1,-1,-1
575,73,549,458,29,80,0.3939,-1,-1,-1
576,23,1679,399,242,674,0.8978,-1,-1,-1
576,42,1164,442,123,274,0.8354,-1,-1,-1
576,45,962,436,90,249,0.7335,-1,-1,-1
576,31,1028,426,114,270,0.5462,-1,-1,-1
576,64,634,457,34,99,0.5986,-1,-1,-1
576,67,722,446,34,101,0.6364,-1,-1,-1
576,70,586,458,29,80,0.4123,-1,-1,-1
576,73,550,461,28,77,0.3677,-1,-1,-1
577,23,1679,399,242,675,0.9010,-1,-1,-1
577,42,1164,441,124,275,0.8366,-1,-1,-1
577,45,966,438,92,246,0.7372,-1,-1,-1
577,31,1033,430,110,265,0.6142,-1,-1,-1
577,64,633,454,35,103,0.5857,-1,-1,-1
577,67,722,446,35,103,0.6615,-1,-1,-1
577,70,586,458,29,80,0.3793,-1,-1,-1
577,73,550,463,27,76,0.3477,-1,-1,-1
578,23,1678,399,243,675,0.8929,-1,-1,-1
578,42,1164,439,126,276,0.8084,-1,-1,-1
578,45,967,443,92,237,0.7529,-1,-1,-1
578,31,1040,434,106,262,0.6320,-1,-1,-1
578,64,633,454,35,103,0.6028,-1,-1,-1
578,67,722,446,35,102,0.6974,-1,-1,-1
578,70,587,459,28,79,0.3891,-1,-1,-1
578,73,551,465,26,73,0.4072,-1,-1,-1
579,23,1678,399,242,674,0.8968,-1,-1,-1
579,42,1165,436,128,278,0.7950,-1,-1,-1
579,45,967,445,92,232,0.7566,-1,-1,-1
579,31,1045,436,104,262,0.6719,-1,-1,-1
579,64,632,452,35,104,0.5909,-1,-1,-1
579,67,722,447,35,101,0.6780,-1,-1,-1
579,70,587,460,28,77,0.3781,-1,-1,-1
579,73,551,465,27,73,0.4116,-1,-1,-1
580,23,1678,401,242,672,0.9029,-1,-1,-1
580,42,1166,435,129,279,0.7800,-1,-1,-1
580,45,964,440,96,236,0.7511,-1,-1,-1
580,31,1049,437,104,261,0.6807,-1,-1,-1
580,64,631,454,35,103,0.5899,-1,-1,-1
580,67,723,447,34,102,0.6739,-1,-1,-1
580,70,587,458,29,79,0.3093,-1,-1,-1
580,73,551,464,28,75,0.4173,-1,-1,-1
581,23,1678,402,242,671,0.9083,-1,-1,-1
581,42,1169,433,129,280,0.8021,-1,-1,-1
581,45,964,439,99,236,0.7496,-1,-1,-1
581,31,1055,436,104,264,0.7020,-1,-1,-1
581,64,630,456,36,102,0.5493,-1,-1,-1
581,67,723,447,34,102,0.5922,-1,-1,-1
581,73,550,460,30,79,0.3736,-1,-1,-1
582,23,1677,402,243,671,0.8967,-1,-1,-1
582,42,1174,434,127,278,0.7697,-1,-1,-1
582,45,964,439,100,233,0.7476,-1,-1,-1
582,31,1058,432,104,269,0.7280,-1,-1,-1
582,64,630,456,35,101,0.5687,-1,-1,-1
582,67,723,447,34,102,0.5608,-1,-1,-1
582,73,548,455,32,84,0.4315,-1,-1,-1
583,23,1677,402,243,674,0.8901,-1,-1,-1
583,42,1181,434,125,277,0.7283,-1,-1,-1
583,45,965,434,103,237,0.7656,-1,-1,-1
583,31,1060,425,105,275,0.7273,-1,-1,-1
583,64,629,455,36,101,0.5865,-1,-1,-1
583,67,723,446,35,104,0.6001,-1,-1,-1
583,73,548,453,32,86,0.4387,-1,-1,-1
584,23,1677,397,245,680,0.8764,-1,-1,-1
584,42,1188,435,122,276,0.6198,-1,-1,-1
584,45,968,434,105,240,0.7521,-1,-1,-1
584,31,1063,423,103,276,0.7290,-1,-1,-1
584,64,629,456,35,100,0.5827,-1,-1,-1
584,67,724,446,35,104,0.6143,-1,-1,-1
584,73,548,453,33,85,0.4017,-1,-1,-1
585,23,1677,395,245,683,0.8670,-1,-1,-1
585,42,1193,435,120,277,0.7513,-1,-1,-1
585,45,971,434,105,239,0.7330,-1,-1,-1
585,31,1070,422,100,277,0.7561,-1,-1,-1
585,64,628,457,35,100,0.6006,-1,-1,-1
585,67,724,444,36,105,0.6191,-1,-1,-1
585,73,549,452,33,86,0.4055,-1,-1,-1
586,23,1679,394,244,682,0.8663,-1,-1,-1
586,42,1198,436,118,277,0.7496,-1,-1,-1
586,45,974,437,104,237,0.7174,-1,-1,-1
586,31,1074,423,98,277,0.7578,-1,-1,-1
586,64,628,458,34,99,0.5697,-1,-1,-1
586,67,724,443,36,106,0.5965,-1,-1,-1
586,73,549,452,33,86,0.3479,-1,-1,-1
587,23,1682,396,242,679,0.8563,-1,-1,-1
587,42,1202,436,117,277,0.6928,-1,-1,-1
587,45,980,439,100,232,0.7104,-1,-1,-1
587,31,1077,422,97,277,0.7624,-1,-1,-1
587,64,628,458,35,99,0.5795,-1,-1,-1
587,67,724,444,36,106,0.5805,-1,-1,-1
587,73,549,451,33,88,0.3659,-1,-1,-1
588,23,1685,395,241,681,0.8416,-1,-1,-1
588,42,1205,435,117,278,0.7707,-1,-1,-1
588,45,985,444,96,223,0.6926,-1,-1,-1
588,31,1083,418,97,281,0.7254,-1,-1,-1
588,64,626,456,36,101,0.6103,-1,-1,-1
588,67,724,444,36,107,0.6161,-1,-1,-1
588,73,549,451,33,88,0.4275,-1,-1,-1
589,23,1696,435,226,639,0.7534,-1,-1,-1
589,42,1208,436,115,278,0.7669,-1,-1,-1
589,45,992,441,96,227,0.7067,-1,-1,-1
589,31,1087,415,98,284,0.7147,-1,-1,-1
589,64,624,456,36,102,0.6277,-1,-1,-1
589,67,725,443,36,108,0.5971,-1,-1,-1
589,73,550,455,31,84,0.3981,-1,-1,-1
589,75,1182,437,67,232,0.5292,-1,-1,-1
590,23,1709,466,214,607,0.7530,-1,-1,-1
590,42,1214,436,114,277,0.7358,-1,-1,-1
590,45,999,439,95,229,0.6841,-1,-1,-1
590,31,1088,412,100,287,0.6978,-1,-1,-1
590,64,623,455,36,103,0.6396,-1,-1,-1
590,67,725,444,36,107,0.5862,-1,-1,-1
590,73,549,452,32,88,0.4026,-1,-1,-1
590,75,1182,439,67,234,0.5989,-1,-1,-1
591,23,1721,480,207,594,0.6998,-1,-1,-1
591,42,1221,436,113,277,0.6720,-1,-1,-1
591,45,1002,438,94,228,0.6932,-1,-1,-1
591,31,1089,411,100,289,0.6948,-1,-1,-1
591,64,623,454,36,104,0.6309,-1,-1,-1
591,67,725,444,36,107,0.5478,-1,-1,-1
591,73,547,450,32,90,0.4054,-1,-1,-1
591,75,1185,435,68,239,0.5158,-1,-1,-1
592,23,1735,484,201,589,0.6417,-1,-1,-1
592,42,1229,436,112,277,0.7262,-1,-1,-1
592,45,1007,438,92,228,0.6985,-1,-1,-1
592,31,1092,411,101,289,0.7637,-1,-1,-1
592,64,622,453,37,106,0.6345,-1,-1,-1
592,67,726,444,35,107,0.5550,-1,-1,-1
592,73,547,450,33,90,0.4208,-1,-1,-1
592,75,1185,432,70,247,0.3733,-1,-1,-1
593,23,1753,493,192,579,0.5240,-1,-1,-1
593,42,1233,434,113,280,0.7636,-1,-1,-1
593,45,1010,436,92,229,0.6937,-1,-1,-1
593,31,1095,410,102,290,0.7828,-1,-1,-1
593,64,623,453,36,105,0.6058,-1,-1,-1
593,67,726,445,35,106,0.5216,-1,-1,-1
593,73,547,454,31,86,0.4250,-1,-1,-1
593,75,1186,430,70,246,0.4092,-1,-1,-1
594,42,1238,437,111,277,0.7813,-1,-1,-1
594,45,1015,434,90,231,0.6609,-1,-1,-1
594,31,1095,408,103,291,0.8099,-1,-1,-1
594,64,623,453,36,104,0.6104,-1,-1,-1
594,67,726,446,35,105,0.5142,-1,-1,-1
594,73,548,455,29,85,0.4445,-1,-1,-1
594,75,1189,429,70,248,0.5719,-1,-1,-1
595,42,1242,439,110,275,0.8079,-1,-1,-1
595,45,1016,432,89,232,0.6542,-1,-1,-1
595,31,1095,408,103,290,0.8133,-1,-1,-1
595,64,623,452,36,104,0.6118,-1,-1,-1
595,67,727,447,34,104,0.5204,-1,-1,-1
595,73,547,454,30,86,0.3922,-1,-1,-1
595,75,1192,431,69,245,0.6866,-1,-1,-1
596,42,1245,438,110,275,0.7949,-1,-1,-1
596,45,1020,438,86,227,0.6971,-1,-1,-1
596,31,1096,412,102,286,0.8031,-1,-1,-1
596,64,623,453,35,103,0.5844,-1,-1,-1
596,67,727,448,34,104,0.5635,-1,-1,-1
596,73,547,455,29,85,0.3893,-1,-1,-1
596,75,1194,435,68,242,0.7209,-1,-1,-1
597,42,1248,438,110,275,0.7911,-1,-1,-1
597,45,1023,441,84,223,0.7446,-1,-1,-1
597,31,1097,412,102,286,0.8151,-1,-1,-1
597,64,623,453,35,103,0.5659,-1,-1,-1
597,67,728,447,34,105,0.6454,-1,-1,-1
597,73,547,450,30,90,0.4611,-1,-1,-1
597,75,1194,436,70,246,0.6297,-1,-1,-1
597,70,581,449,34,90,0.4969,-1,-1,-1
598,42,1250,437,110,276,0.7924,-1,-1,-1
598,45,1025,441,83,222,0.7505,-1,-1,-1
598,31,1100,414,100,283,0.7982,-1,-1,-1
598,64,624,454,34,102,0.5020,-1,-1,-1
598,67,728,447,34,106,0.6273,-1,-1,-1
598,73,546,448,31,92,0.4763,-1,-1,-1
598,75,1195,439,70,245,0.6528,-1,-1,-1
598,70,581,448,34,91,0.5412,-1,-1,-1
599,42,1251,436,110,277,0.7931,-1,-1,-1
599,45,1028,438,85,227,0.7679,-1,-1,-1
599,31,1103,413,99,281,0.7900,-1,-1,-1
599,64,625,455,33,101,0.5176,-1,-1,-1
599,67,727,447,35,106,0.6366,-1,-1,-1
599,73,546,447,31,93,0.4938,-1,-1,-1
599,75,1196,440,70,245,0.6947,-1,-1,-1
599,70,581,448,34,91,0.4900,-1,-1,-1
600,42,1254,436,110,277,0.8178,-1,-1,-1
600,45,1031,439,84,224,0.7636,-1,-1,-1
600,31,1106,414,97,280,0.7765,-1,-1,-1
600,64,626,455,33,101,0.5545,-1,-1,-1
600,67,727,446,34,107,0.6651,-1,-1,-1
600,73,546,449,30,91,0.4691,-1,-1,-1
600,75,1196,443,69,239,0.7072,-1,-1,-1
600,70,581,449,34,90,0.4800,-1,-1,-1