1,13,502,130,51,173,0.3436,-1,-1,-1
1,12,1634,265,66,175,0.3454,-1,-1,-1
1,11,276,383,48,198,0.4200,-1,-1,-1
1,10,0,880,44,200,0.4415,-1,-1,-1
1,9,227,400,64,195,0.4473,-1,-1,-1
1,8,788,147,68,176,0.4994,-1,-1,-1
1,7,547,146,57,181,0.5187,-1,-1,-1
1,6,1104,210,55,176,0.5260,-1,-1,-1
1,5,1356,569,83,229,0.5467,-1,-1,-1
1,4,1043,129,71,187,0.6215,-1,-1,-1
1,3,1095,979,76,101,0.7066,-1,-1,-1
1,2,1733,455,75,222,0.7125,-1,-1,-1
1,1,104,549,74,245,0.7726,-1,-1,-1
1,0,369,408,81,239,0.7767,-1,-1,-1
2,13,497,129,58,174,0.3511,-1,-1,-1
2,12,1632,262,68,181,0.3654,-1,-1,-1
2,11,270,383,52,197,0.4427,-1,-1,-1
2,9,225,390,65,204,0.4546,-1,-1,-1
2,8,788,147,69,176,0.4827,-1,-1,-1
2,7,547,147,56,181,0.5024,-1,-1,-1
2,6,1096,207,60,183,0.5675,-1,-1,-1
2,5,1357,569,82,228,0.5414,-1,-1,-1
2,4,1045,129,67,183,0.5705,-1,-1,-1
2,3,1100,979,73,101,0.6677,-1,-1,-1
2,2,1735,457,72,217,0.7087,-1,-1,-1
2,1,103,549,75,246,0.7777,-1,-1,-1
2,0,370,407,81,241,0.7929,-1,-1,-1
3,14,1797,205,53,174,0.3061,-1,-1,-1
3,13,493,131,61,171,0.3202,-1,-1,-1
3,12,1629,262,67,184,0.4226,-1,-1,-1
3,11,247,359,75,230,0.4185,-1,-1,-1
3,9,224,382,70,213,0.3508,-1,-1,-1
3,8,787,146,69,176,0.4865,-1,-1,-1
3,7,548,147,55,182,0.4944,-1,-1,-1
3,6,1091,209,61,180,0.5871,-1,-1,-1
3,5,1357,569,82,230,0.5509,-1,-1,-1
3,4,1045,129,66,179,0.5018,-1,-1,-1
3,3,1104,977,71,103,0.6727,-1,-1,-1
3,2,1733,458,73,214,0.6809,-1,-1,-1
3,1,104,549,74,246,0.7751,-1,-1,-1
3,0,373,408,79,240,0.7980,-1,-1,-1
4,13,492,133,63,168,0.3146,-1,-1,-1
4,12,1629,261,64,183,0.4714,-1,-1,-1
4,11,251,358,71,226,0.4341,-1,-1,-1
4,9,223,398,73,196,0.3684,-1,-1,-1
4,8,788,146,68,175,0.5011,-1,-1,-1
4,7,547,148,55,179,0.4781,-1,-1,-1
4,6,1082,209,66,178,0.5524,-1,-1,-1
4,5,1358,569,84,232,0.5492,-1,-1,-1
4,4,1045,129,67,180,0.4286,-1,-1,-1
4,3,1108,977,70,103,0.7253,-1,-1,-1
4,2,1732,457,74,214,0.6826,-1,-1,-1
4,1,104,549,73,245,0.7735,-1,-1,-1
4,0,374,408,79,240,0.8052,-1,-1,-1
5,12,1628,261,65,181,0.4487,-1,-1,-1
5,11,241,356,79,230,0.4082,-1,-1,-1
5,8,787,147,69,174,0.4989,-1,-1,-1
5,7,546,148,56,182,0.4959,-1,-1,-1
5,6,1072,209,76,178,0.5406,-1,-1,-1
5,5,1356,568,84,231,0.5163,-1,-1,-1
5,4,1045,131,68,163,0.3737,-1,-1,-1
5,3,1113,977,69,103,0.7965,-1,-1,-1
5,2,1730,457,75,219,0.7024,-1,-1,-1
5,1,103,548,75,247,0.7696,-1,-1,-1
5,0,375,407,79,240,0.7979,-1,-1,-1
6,14,1799,205,53,168,0.3684,-1,-1,-1
6,12,1627,260,67,180,0.4367,-1,-1,-1
6,11,220,398,83,194,0.3126,-1,-1,-1
6,8,787,146,69,177,0.4894,-1,-1,-1
6,7,546,149,55,183,0.4949,-1,-1,-1
6,6,1064,208,89,180,0.6023,-1,-1,-1
6,5,1356,568,85,230,0.5522,-1,-1,-1
6,3,1116,977,69,103,0.7873,-1,-1,-1
6,2,1728,457,76,218,0.7257,-1,-1,-1
6,1,103,548,75,247,0.7801,-1,-1,-1
6,0,375,407,80,238,0.7831,-1,-1,-1
7,14,1800,205,55,181,0.3629,-1,-1,-1
7,12,1628,259,64,180,0.4902,-1,-1,-1
7,11,224,400,74,196,0.3992,-1,-1,-1
7,8,787,146,70,177,0.5022,-1,-1,-1
7,7,545,148,55,183,0.5298,-1,-1,-1
7,6,1051,208,105,180,0.6025,-1,-1,-1
7,5,1356,568,84,229,0.5437,-1,-1,-1
7,3,1118,976,69,104,0.7854,-1,-1,-1
7,2,1727,457,75,212,0.7451,-1,-1,-1
7,1,103,548,75,247,0.7751,-1,-1,-1
7,0,376,404,81,240,0.7761,-1,-1,-1
8,14,1799,208,56,181,0.4273,-1,-1,-1
8,12,1626,258,67,182,0.4345,-1,-1,-1
8,11,222,395,76,199,0.3752,-1,-1,-1
8,9,260,377,53,189,0.3355,-1,-1,-1
8,8,787,147,69,175,0.4897,-1,-1,-1
8,7,544,148,55,187,0.5098,-1,-1,-1
8,6,1052,210,105,177,0.5505,-1,-1,-1
8,5,1356,568,84,230,0.5067,-1,-1,-1
8,3,1118,974,74,106,0.7312,-1,-1,-1
8,2,1725,457,77,208,0.7388,-1,-1,-1
8,1,104,548,74,247,0.7700,-1,-1,-1
8,0,376,401,81,242,0.7720,-1,-1,-1
9,14,1800,209,56,184,0.4490,-1,-1,-1
9,12,1625,257,64,182,0.4344,-1,-1,-1
9,11,221,374,75,217,0.3599,-1,-1,-1
9,8,786,147,69,175,0.4873,-1,-1,-1
9,7,542,148,56,189,0.5151,-1,-1,-1
9,6,1049,213,105,173,0.5559,-1,-1,-1
9,5,1356,569,84,229,0.5395,-1,-1,-1
9,3,1124,975,69,105,0.7274,-1,-1,-1
9,2,1725,457,74,208,0.7353,-1,-1,-1
9,1,104,548,74,247,0.7747,-1,-1,-1
9,0,378,401,80,239,0.7924,-1,-1,-1
10,14,1799,214,58,182,0.4180,-1,-1,-1
10,12,1625,254,65,171,0.3490,-1,-1,-1
10,8,787,147,68,175,0.5171,-1,-1,-1
10,7,540,150,57,189,0.4997,-1,-1,-1
10,6,1047,212,107,173,0.5125,-1,-1,-1
10,5,1356,568,84,230,0.5349,-1,-1,-1
10,3,1128,973,66,107,0.7119,-1,-1,-1
10,2,1725,457,73,207,0.7359,-1,-1,-1
10,1,104,548,75,247,0.7673,-1,-1,-1
10,0,379,399,79,240,0.7992,-1,-1,-1
11,15,884,129,78,178,0.4303,-1,-1,-1
11,14,1800,215,63,179,0.4565,-1,-1,-1
11,12,1624,253,63,176,0.3598,-1,-1,-1
11,8,787,147,69,176,0.5129,-1,-1,-1
11,7,539,150,59,189,0.4733,-1,-1,-1
11,6,1045,213,100,170,0.5297,-1,-1,-1
11,5,1356,568,84,231,0.5536,-1,-1,-1
11,3,1132,974,63,106,0.7427,-1,-1,-1
11,2,1724,458,73,206,0.7445,-1,-1,-1
11,1,104,547,74,248,0.7697,-1,-1,-1
11,0,380,397,78,237,0.8097,-1,-1,-1
12,15,884,129,79,178,0.4290,-1,-1,-1
12,14,1799,218,64,176,0.4602,-1,-1,-1
12,12,1623,253,61,167,0.3117,-1,-1,-1
12,8,787,147,67,176,0.4985,-1,-1,-1
12,7,539,153,58,185,0.4220,-1,-1,-1
12,6,1046,211,94,172,0.5208,-1,-1,-1
12,5,1357,568,83,228,0.5560,-1,-1,-1
12,3,1133,976,64,104,0.7564,-1,-1,-1
12,2,1724,458,73,206,0.7589,-1,-1,-1
12,1,104,548,75,248,0.7718,-1,-1,-1
12,0,380,395,79,237,0.8152,-1,-1,-1
13,15,883,129,82,178,0.4743,-1,-1,-1
13,14,1798,222,66,175,0.4402,-1,-1,-1
13,12,1619,250,67,175,0.3242,-1,-1,-1
13,11,209,384,73,192,0.3559,-1,-1,-1
13,8,788,148,67,174,0.5268,-1,-1,-1
13,7,539,156,58,181,0.5014,-1,-1,-1
13,6,1048,210,81,173,0.3351,-1,-1,-1
13,5,1357,568,81,226,0.5482,-1,-1,-1
13,3,1137,974,63,106,0.7566,-1,-1,-1
13,2,1725,458,73,206,0.7645,-1,-1,-1
13,1,104,548,75,248,0.7829,-1,-1,-1
13,0,380,393,78,235,0.8072,-1,-1,-1
14,15,884,130,80,176,0.4323,-1,-1,-1
14,14,1799,225,66,173,0.4456,-1,-1,-1
14,13,488,145,62,173,0.3329,-1,-1,-1
14,12,1621,249,60,168,0.3314,-1,-1,-1
14,11,207,382,65,191,0.3417,-1,-1,-1
14,8,787,147,68,176,0.5058,-1,-1,-1
14,7,539,158,57,182,0.5075,-1,-1,-1
14,5,1356,568,84,228,0.5569,-1,-1,-1
14,3,1138,974,63,106,0.7501,-1,-1,-1
14,2,1724,457,74,207,0.7725,-1,-1,-1
14,1,104,548,75,248,0.7853,-1,-1,-1
14,0,380,392,79,234,0.7918,-1,-1,-1
15,15,882,130,82,176,0.4404,-1,-1,-1
15,14,1801,225,66,181,0.4031,-1,-1,-1
15,13,487,146,63,174,0.3211,-1,-1,-1
15,12,1619,248,59,176,0.3825,-1,-1,-1
15,11,207,381,63,190,0.3605,-1,-1,-1
15,8,788,146,65,177,0.5304,-1,-1,-1
15,7,537,156,59,187,0.5397,-1,-1,-1
15,5,1356,568,83,227,0.5262,-1,-1,-1
15,3,1140,974,62,106,0.7512,-1,-1,-1
15,2,1726,457,72,207,0.7583,-1,-1,-1
15,1,103,548,76,248,0.7853,-1,-1,-1
15,0,380,391,80,234,0.7857,-1,-1,-1
16,15,882,130,82,178,0.3770,-1,-1,-1
16,14,1803,226,66,182,0.4185,-1,-1,-1
16,13,485,145,64,176,0.3214,-1,-1,-1
16,12,1616,248,59,180,0.3999,-1,-1,-1
16,11,206,386,59,123,0.3330,-1,-1,-1
16,8,788,147,67,176,0.5157,-1,-1,-1
16,7,535,156,58,187,0.5588,-1,-1,-1
16,5,1356,567,82,230,0.5749,-1,-1,-1
16,3,1144,974,61,106,0.7286,-1,-1,-1
16,2,1725,457,72,207,0.7683,-1,-1,-1
16,1,104,549,75,247,0.7918,-1,-1,-1
16,0,381,391,79,235,0.7851,-1,-1,-1
17,15,885,131,81,177,0.3805,-1,-1,-1
17,14,1806,226,64,181,0.4339,-1,-1,-1
17,13,484,146,65,174,0.3831,-1,-1,-1
17,12,1613,247,61,180,0.3778,-1,-1,-1
17,11,204,385,59,122,0.3101,-1,-1,-1
17,8,789,146,64,177,0.5053,-1,-1,-1
17,7,535,156,58,188,0.5314,-1,-1,-1
17,5,1356,568,85,230,0.5769,-1,-1,-1
17,3,1148,974,59,106,0.6561,-1,-1,-1
17,2,1724,457,74,207,0.7664,-1,-1,-1
17,1,103,549,76,246,0.7829,-1,-1,-1
17,0,381,390,80,236,0.7651,-1,-1,-1
18,15,884,132,81,176,0.3433,-1,-1,-1
18,14,1807,227,65,182,0.4452,-1,-1,-1
18,13,487,149,56,170,0.3651,-1,-1,-1
18,12,1612,245,62,182,0.3833,-1,-1,-1
18,11,204,384,58,133,0.3577,-1,-1,-1
18,9,248,378,52,192,0.4193,-1,-1,-1
18,8,788,148,66,174,0.4955,-1,-1,-1
18,7,533,157,58,188,0.5212,-1,-1,-1
18,5,1356,568,82,231,0.5558,-1,-1,-1
18,4,1035,145,57,235,0.4664,-1,-1,-1
18,3,1152,974,55,106,0.6490,-1,-1,-1
18,2,1724,457,74,207,0.7600,-1,-1,-1
18,1,103,549,76,246,0.7792,-1,-1,-1
18,0,381,388,80,238,0.7800,-1,-1,-1
19,15,884,135,80,172,0.3776,-1,-1,-1
19,14,1810,227,62,181,0.4447,-1,-1,-1
19,13,487,150,56,169,0.3475,-1,-1,-1
19,12,1609,244,64,185,0.4138,-1,-1,-1
19,11,204,378,60,189,0.3109,-1,-1,-1
19,9,248,376,50,193,0.4745,-1,-1,-1
19,8,787,147,67,175,0.4850,-1,-1,-1
19,7,532,158,57,187,0.5458,-1,-1,-1
19,5,1356,569,82,228,0.5429,-1,-1,-1
19,4,1035,144,53,180,0.3836,-1,-1,-1
19,3,1155,974,54,106,0.6607,-1,-1,-1
19,2,1724,458,74,206,0.7620,-1,-1,-1
19,1,103,549,76,247,0.7849,-1,-1,-1
19,0,382,388,80,238,0.7801,-1,-1,-1
20,14,1812,227,63,183,0.4158,-1,-1,-1
20,12,1609,241,60,181,0.4001,-1,-1,-1
20,10,0,838,53,234,0.3072,-1,-1,-1
20,9,245,376,51,192,0.3738,-1,-1,-1
20,8,788,148,66,174,0.4863,-1,-1,-1
20,7,530,159,57,186,0.5799,-1,-1,-1
20,5,1357,570,82,229,0.5558,-1,-1,-1
20,4,1029,146,61,231,0.3418,-1,-1,-1
20,3,1158,974,50,106,0.6487,-1,-1,-1
20,2,1725,458,73,205,0.7555,-1,-1,-1
20,1,104,549,75,247,0.7864,-1,-1,-1
20,0,381,387,81,240,0.7752,-1,-1,-1
21,14,1813,227,62,188,0.4030,-1,-1,-1
21,12,1607,242,62,181,0.4632,-1,-1,-1
21,10,0,838,53,240,0.4170,-1,-1,-1
21,8,788,148,66,174,0.4940,-1,-1,-1
21,7,531,159,54,186,0.5611,-1,-1,-1
21,5,1356,568,83,230,0.5445,-1,-1,-1
21,4,1031,146,60,171,0.3926,-1,-1,-1
21,3,1158,974,51,106,0.6517,-1,-1,-1
21,2,1724,458,74,206,0.7735,-1,-1,-1
21,1,103,549,76,247,0.7832,-1,-1,-1
21,0,381,386,82,239,0.7750,-1,-1,-1
22,14,1816,225,74,189,0.3529,-1,-1,-1
22,12,1606,242,62,179,0.5112,-1,-1,-1
22,10,0,836,53,240,0.3061,-1,-1,-1
22,8,789,147,64,177,0.5160,-1,-1,-1
22,7,529,158,55,187,0.4985,-1,-1,-1
22,5,1356,569,83,230,0.5573,-1,-1,-1
22,4,1001,195,81,183,0.3240,-1,-1,-1
22,3,1159,974,53,106,0.6587,-1,-1,-1
22,2,1725,458,73,206,0.7669,-1,-1,-1
22,1,103,549,76,247,0.7758,-1,-1,-1
22,0,381,386,82,239,0.7827,-1,-1,-1
23,14,1818,226,73,191,0.3920,-1,-1,-1
23,12,1604,242,62,178,0.5177,-1,-1,-1
23,10,0,835,53,239,0.3958,-1,-1,-1
23,8,790,147,63,177,0.5558,-1,-1,-1
23,7,527,158,55,187,0.5013,-1,-1,-1
23,5,1356,569,83,229,0.5585,-1,-1,-1
23,4,990,189,93,190,0.3979,-1,-1,-1
23,3,1159,974,55,106,0.6555,-1,-1,-1
23,2,1725,457,72,207,0.7544,-1,-1,-1
23,1,103,550,76,245,0.7805,-1,-1,-1
23,0,383,385,79,240,0.7831,-1,-1,-1
24,14,1821,230,59,188,0.4824,-1,-1,-1
24,12,1602,241,63,181,0.5076,-1,-1,-1
24,10,0,833,54,239,0.4736,-1,-1,-1
24,8,789,147,64,176,0.5214,-1,-1,-1
24,7,525,156,57,188,0.4438,-1,-1,-1
24,5,1359,568,76,232,0.5170,-1,-1,-1
24,4,979,194,106,186,0.5650,-1,-1,-1
24,3,1160,974,57,106,0.6538,-1,-1,-1
24,2,1725,458,72,205,0.7627,-1,-1,-1
24,1,103,550,76,245,0.7821,-1,-1,-1
24,0,382,386,80,238,0.7872,-1,-1,-1
25,14,1823,234,59,187,0.4860,-1,-1,-1
25,12,1601,241,62,181,0.4883,-1,-1,-1
25,10,0,832,54,242,0.5073,-1,-1,-1
25,8,790,146,62,178,0.5253,-1,-1,-1
25,7,524,158,56,185,0.4703,-1,-1,-1
25,5,1359,568,75,229,0.5320,-1,-1,-1
25,4,979,166,106,214,0.4566,-1,-1,-1
25,3,1160,975,59,105,0.6926,-1,-1,-1
25,2,1724,457,72,207,0.7626,-1,-1,-1
25,1,103,549,76,247,0.7803,-1,-1,-1
25,0,382,385,80,236,0.7857,-1,-1,-1
26,14,1826,236,59,188,0.4760,-1,-1,-1
26,12,1600,242,62,182,0.4441,-1,-1,-1
26,11,199,345,79,219,0.4472,-1,-1,-1
26,10,0,829,54,241,0.6639,-1,-1,-1
26,8,790,147,63,177,0.5251,-1,-1,-1
26,7,524,159,55,186,0.4676,-1,-1,-1
26,5,1360,568,75,231,0.5065,-1,-1,-1
26,4,977,204,106,175,0.4160,-1,-1,-1
26,3,1161,976,59,104,0.7034,-1,-1,-1
26,2,1723,458,74,206,0.7611,-1,-1,-1
26,1,103,550,76,247,0.7866,-1,-1,-1
26,0,382,384,80,235,0.7857,-1,-1,-1
27,14,1827,239,62,186,0.4449,-1,-1,-1
27,12,1597,240,61,184,0.3880,-1,-1,-1
27,11,199,346,78,218,0.4188,-1,-1,-1
27,10,0,828,58,242,0.7538,-1,-1,-1
27,8,791,148,62,176,0.4918,-1,-1,-1
27,7,523,163,56,184,0.4502,-1,-1,-1
27,5,1356,568,82,231,0.5139,-1,-1,-1
27,4,977,204,103,174,0.5176,-1,-1,-1
27,3,1163,976,60,104,0.7210,-1,-1,-1
27,2,1723,458,74,206,0.7709,-1,-1,-1
27,1,103,549,76,246,0.7776,-1,-1,-1
27,0,381,381,83,236,0.8145,-1,-1,-1
28,14,1828,240,64,182,0.4224,-1,-1,-1
28,12,1596,237,62,187,0.3967,-1,-1,-1
28,11,198,368,74,197,0.3576,-1,-1,-1
28,10,0,825,58,237,0.7745,-1,-1,-1
28,8,791,147,61,176,0.5005,-1,-1,-1
28,7,524,162,55,186,0.4502,-1,-1,-1
28,5,1356,568,83,229,0.5209,-1,-1,-1
28,4,977,204,98,173,0.5241,-1,-1,-1
28,3,1165,977,60,102,0.7199,-1,-1,-1
28,2,1724,458,72,205,0.7714,-1,-1,-1
28,1,103,549,76,246,0.7730,-1,-1,-1
28,0,382,378,83,236,0.8179,-1,-1,-1
29,14,1828,243,66,180,0.4317,-1,-1,-1
29,12,1594,236,64,186,0.3716,-1,-1,-1
29,11,198,385,68,176,0.3723,-1,-1,-1
29,10,0,820,60,239,0.7844,-1,-1,-1
29,8,789,147,62,182,0.4902,-1,-1,-1
29,7,524,162,55,187,0.4469,-1,-1,-1
29,5,1356,568,82,229,0.5446,-1,-1,-1
29,4,976,203,97,174,0.3865,-1,-1,-1
29,3,1166,977,61,103,0.7210,-1,-1,-1
29,2,1724,458,72,206,0.7692,-1,-1,-1
29,1,102,549,76,246,0.7724,-1,-1,-1
29,0,382,376,84,237,0.8190,-1,-1,-1
30,14,1830,247,63,181,0.4206,-1,-1,-1
30,12,1593,233,65,187,0.3832,-1,-1,-1
30,11,196,391,63,168,0.4143,-1,-1,-1
30,10,0,817,60,237,0.7728,-1,-1,-1
30,8,791,147,61,175,0.4791,-1,-1,-1
30,7,524,165,55,184,0.3824,-1,-1,-1
30,5,1356,569,84,229,0.5525,-1,-1,-1
30,4,978,203,73,174,0.3315,-1,-1,-1
30,3,1167,977,63,103,0.7385,-1,-1,-1
30,2,1725,458,71,205,0.7696,-1,-1,-1
30,1,102,549,77,246,0.7752,-1,-1,-1
30,0,382,375,85,235,0.8267,-1,-1,-1
31,14,1832,248,60,180,0.4328,-1,-1,-1
31,12,1592,233,59,182,0.3805,-1,-1,-1
31,11,194,380,62,170,0.4160,-1,-1,-1
31,10,0,816,61,237,0.7061,-1,-1,-1
31,8,790,148,62,176,0.4729,-1,-1,-1
31,7,521,167,55,183,0.4015,-1,-1,-1
31,5,1356,568,84,229,0.5407,-1,-1,-1
31,4,981,201,67,172,0.4131,-1,-1,-1
31,3,1167,978,65,102,0.7298,-1,-1,-1
31,2,1724,458,72,206,0.7617,-1,-1,-1
31,1,102,549,77,246,0.7792,-1,-1,-1
31,0,383,373,89,233,0.8276,-1,-1,-1
32,14,1832,248,64,182,0.3775,-1,-1,-1
32,12,1589,236,57,184,0.3477,-1,-1,-1
32,10,0,814,61,242,0.6387,-1,-1,-1
32,8,790,148,63,175,0.5045,-1,-1,-1
32,7,516,168,57,186,0.3673,-1,-1,-1
32,5,1356,568,82,229,0.5407,-1,-1,-1
32,4,978,200,61,173,0.3829,-1,-1,-1
32,3,1169,978,66,102,0.7100,-1,-1,-1
32,2,1723,457,74,207,0.7712,-1,-1,-1
32,1,102,549,77,246,0.7801,-1,-1,-1
32,0,382,372,93,232,0.8178,-1,-1,-1
33,16,1017,153,68,185,0.4675,-1,-1,-1
33,14,1830,248,69,191,0.4350,-1,-1,-1
33,12,1589,235,55,179,0.4177,-1,-1,-1
33,10,0,812,62,245,0.6697,-1,-1,-1
33,8,789,147,64,176,0.4762,-1,-1,-1
33,7,511,167,62,188,0.4314,-1,-1,-1
33,5,1356,567,83,232,0.5666,-1,-1,-1
33,4,973,199,60,175,0.3065,-1,-1,-1
33,3,1173,979,64,101,0.7300,-1,-1,-1
33,2,1723,458,73,206,0.7713,-1,-1,-1
33,1,102,549,78,246,0.7778,-1,-1,-1
33,0,383,370,94,232,0.8073,-1,-1,-1
34,16,1018,154,66,183,0.5136,-1,-1,-1
34,14,1835,249,63,180,0.4335,-1,-1,-1
34,12,1589,233,55,180,0.4107,-1,-1,-1
34,10,0,811,62,246,0.6215,-1,-1,-1
34,8,790,147,63,177,0.4698,-1,-1,-1
34,7,507,166,66,189,0.4573,-1,-1,-1
34,5,1356,568,83,231,0.5287,-1,-1,-1
34,3,1176,980,64,100,0.7236,-1,-1,-1
34,2,1723,457,73,207,0.7673,-1,-1,-1
34,1,102,548,77,247,0.7800,-1,-1,-1
34,0,383,370,93,231,0.8105,-1,-1,-1
35,16,1017,157,67,183,0.5270,-1,-1,-1
35,14,1838,250,59,178,0.4676,-1,-1,-1
35,12,1589,232,54,178,0.3303,-1,-1,-1
35,11,188,364,60,193,0.5100,-1,-1,-1
35,10,0,810,63,252,0.7255,-1,-1,-1
35,8,790,147,63,176,0.4765,-1,-1,-1
35,7,505,167,66,188,0.4258,-1,-1,-1
35,5,1356,568,82,232,0.5375,-1,-1,-1
35,3,1178,980,64,100,0.7572,-1,-1,-1
35,2,1722,457,73,207,0.7643,-1,-1,-1
35,1,102,549,77,246,0.7772,-1,-1,-1
35,0,384,368,94,233,0.7831,-1,-1,-1
36,16,1020,156,66,181,0.5083,-1,-1,-1
36,14,1838,248,66,188,0.4812,-1,-1,-1
36,11,188,364,62,193,0.5299,-1,-1,-1
36,10,0,810,64,250,0.7155,-1,-1,-1
36,8,788,148,63,179,0.4226,-1,-1,-1
36,7,506,167,66,188,0.4396,-1,-1,-1
36,5,1356,568,81,229,0.5503,-1,-1,-1
36,3,1181,981,63,99,0.7880,-1,-1,-1
36,2,1723,458,73,206,0.7504,-1,-1,-1
36,1,102,549,77,246,0.7789,-1,-1,-1
36,0,384,368,94,233,0.7649,-1,-1,-1
37,16,1019,158,67,183,0.5236,-1,-1,-1
37,14,1840,248,63,187,0.5371,-1,-1,-1
37,11,186,358,63,195,0.4772,-1,-1,-1
37,10,0,809,64,250,0.7290,-1,-1,-1
37,8,790,147,62,176,0.4308,-1,-1,-1
37,7,505,168,65,187,0.4299,-1,-1,-1
37,5,1356,567,83,231,0.5358,-1,-1,-1
37,4,950,202,61,171,0.4648,-1,-1,-1
37,3,1184,981,63,99,0.8160,-1,-1,-1
37,2,1723,457,73,207,0.7604,-1,-1,-1
37,1,102,549,77,246,0.7809,-1,-1,-1
37,0,384,367,94,233,0.7551,-1,-1,-1
38,17,383,993,96,87,0.5713,-1,-1,-1
38,16,1022,158,64,185,0.5525,-1,-1,-1
38,14,1842,249,62,187,0.4958,-1,-1,-1
38,11,184,362,62,192,0.3847,-1,-1,-1
38,10,0,807,64,251,0.6899,-1,-1,-1
38,8,790,147,63,177,0.4536,-1,-1,-1
38,7,506,168,63,187,0.4567,-1,-1,-1
38,5,1356,568,83,229,0.5625,-1,-1,-1
38,4,937,202,72,172,0.4462,-1,-1,-1
38,3,1185,981,66,99,0.7945,-1,-1,-1
38,2,1723,457,73,207,0.7697,-1,-1,-1
38,1,102,549,77,245,0.7761,-1,-1,-1
38,0,385,367,90,233,0.7568,-1,-1,-1
39,17,383,991,96,89,0.6730,-1,-1,-1
39,16,1022,159,63,185,0.5733,-1,-1,-1
39,14,1842,250,67,187,0.5778,-1,-1,-1
39,11,182,361,61,192,0.4691,-1,-1,-1
39,10,0,805,64,253,0.7155,-1,-1,-1
39,8,790,147,62,176,0.4561,-1,-1,-1
39,7,505,170,64,184,0.4867,-1,-1,-1
39,5,1357,566,82,231,0.5933,-1,-1,-1
39,4,924,202,86,171,0.4632,-1,-1,-1
39,3,1189,982,65,98,0.8075,-1,-1,-1
39,2,1722,458,74,206,0.7647,-1,-1,-1
39,1,102,549,77,246,0.7839,-1,-1,-1
39,0,386,365,91,236,0.7537,-1,-1,-1
40,17,383,990,96,90,0.5304,-1,-1,-1
40,16,1020,158,66,185,0.5760,-1,-1,-1
40,14,1840,251,70,190,0.6060,-1,-1,-1
40,11,181,363,61,186,0.4394,-1,-1,-1
40,10,0,802,65,250,0.5341,-1,-1,-1
40,8,790,147,62,177,0.4474,-1,-1,-1
40,7,506,170,63,185,0.4800,-1,-1,-1
40,5,1357,568,83,229,0.5531,-1,-1,-1
40,4,915,201,95,173,0.5297,-1,-1,-1
40,3,1191,982,66,98,0.7606,-1,-1,-1
40,2,1722,458,74,205,0.7712,-1,-1,-1
40,1,102,550,77,246,0.7862,-1,-1,-1
40,0,386,366,90,234,0.7538,-1,-1,-1
41,17,383,988,96,92,0.6213,-1,-1,-1
41,16,1021,158,66,184,0.5795,-1,-1,-1
41,14,1839,251,72,191,0.5676,-1,-1,-1
41,11,179,366,63,185,0.4720,-1,-1,-1
41,10,0,799,65,246,0.4622,-1,-1,-1
41,8,790,148,60,181,0.4635,-1,-1,-1
41,7,509,171,60,185,0.5082,-1,-1,-1
41,5,1357,567,82,229,0.5633,-1,-1,-1
41,4,913,200,95,173,0.5380,-1,-1,-1
41,3,1193,982,66,98,0.7427,-1,-1,-1
41,2,1722,458,74,206,0.7652,-1,-1,-1
41,1,101,550,78,246,0.7854,-1,-1,-1
41,0,388,365,88,236,0.7704,-1,-1,-1
42,17,382,987,98,93,0.6871,-1,-1,-1
42,16,1020,159,66,182,0.5561,-1,-1,-1
42,14,1839,252,72,190,0.4959,-1,-1,-1
42,11,177,363,66,189,0.4778,-1,-1,-1
42,10,0,797,65,249,0.3469,-1,-1,-1
42,8,790,147,61,178,0.4556,-1,-1,-1
42,7,506,172,61,186,0.4801,-1,-1,-1
42,5,1360,568,75,230,0.5415,-1,-1,-1
42,4,905,199,103,173,0.5209,-1,-1,-1
42,3,1194,981,68,99,0.7320,-1,-1,-1
42,2,1721,457,75,207,0.7580,-1,-1,-1
42,1,102,550,77,245,0.7799,-1,-1,-1
42,0,390,364,85,235,0.7583,-1,-1,-1
43,17,380,986,99,94,0.6519,-1,-1,-1
43,16,1020,159,66,184,0.5493,-1,-1,-1
43,14,1839,255,71,187,0.5576,-1,-1,-1
43,11,175,363,68,188,0.4697,-1,-1,-1
43,10,0,798,67,233,0.4897,-1,-1,-1
43,8,790,147,61,177,0.4539,-1,-1,-1
43,7,502,174,65,186,0.4584,-1,-1,-1
43,5,1357,567,82,228,0.5495,-1,-1,-1
43,4,902,201,105,172,0.5125,-1,-1,-1
43,3,1197,982,68,98,0.7395,-1,-1,-1
43,2,1722,457,73,206,0.7594,-1,-1,-1
43,1,101,549,78,246,0.7815,-1,-1,-1
43,0,390,364,87,234,0.7753,-1,-1,-1
44,18,865,151,60,176,0.3628,-1,-1,-1
44,17,381,984,96,95,0.6471,-1,-1,-1
44,16,1019,160,65,185,0.5872,-1,-1,-1
44,14,1840,258,79,191,0.6108,-1,-1,-1
44,11,173,360,69,192,0.5095,-1,-1,-1
44,10,0,795,67,229,0.6885,-1,-1,-1
44,8,790,146,61,178,0.4390,-1,-1,-1
44,7,501,177,65,186,0.4838,-1,-1,-1
44,5,1356,567,83,229,0.5587,-1,-1,-1
44,4,903,206,99,166,0.4996,-1,-1,-1
44,3,1196,983,72,97,0.7247,-1,-1,-1
44,2,1721,458,75,206,0.7659,-1,-1,-1
44,1,101,549,78,246,0.7795,-1,-1,-1
44,0,390,363,87,234,0.7713,-1,-1,-1
45,18,863,150,59,177,0.3803,-1,-1,-1
45,17,380,983,95,96,0.6785,-1,-1,-1
45,16,1018,161,65,184,0.5585,-1,-1,-1
45,14,1841,266,74,183,0.6059,-1,-1,-1
45,11,172,360,63,192,0.4441,-1,-1,-1
45,10,0,791,66,236,0.6425,-1,-1,-1
45,8,790,146,62,178,0.4602,-1,-1,-1
45,7,502,180,64,184,0.4499,-1,-1,-1
45,5,1356,567,83,228,0.5375,-1,-1,-1
45,4,900,201,99,173,0.4977,-1,-1,-1
45,3,1198,983,73,97,0.7271,-1,-1,-1
45,2,1722,458,74,206,0.7562,-1,-1,-1
45,1,101,549,77,245,0.7766,-1,-1,-1
45,0,392,362,85,233,0.7799,-1,-1,-1
46,18,865,149,55,177,0.3378,-1,-1,-1
46,17,379,976,95,103,0.7181,-1,-1,-1
46,16,1017,161,66,184,0.5614,-1,-1,-1
46,14,1842,267,72,187,0.5819,-1,-1,-1
46,10,0,788,69,238,0.6809,-1,-1,-1
46,8,791,148,61,176,0.4189,-1,-1,-1
46,7,497,179,70,186,0.4274,-1,-1,-1
46,5,1356,568,83,227,0.5492,-1,-1,-1
46,4,900,205,88,169,0.3935,-1,-1,-1
46,3,1199,983,74,97,0.7387,-1,-1,-1
46,2,1720,458,76,205,0.7347,-1,-1,-1
46,1,101,550,77,244,0.7736,-1,-1,-1
46,0,393,360,84,233,0.7475,-1,-1,-1
47,18,862,151,58,176,0.3719,-1,-1,-1
47,17,379,972,95,107,0.6883,-1,-1,-1
47,16,1016,162,64,184,0.5237,-1,-1,-1
47,14,1844,269,68,187,0.5562,-1,-1,-1
47,10,0,787,70,238,0.6459,-1,-1,-1
47,8,791,146,61,178,0.4451,-1,-1,-1
47,7,500,181,67,184,0.4587,-1,-1,-1
47,5,1356,568,83,227,0.5232,-1,-1,-1
47,4,903,202,72,171,0.3300,-1,-1,-1
47,3,1200,982,75,98,0.7548,-1,-1,-1
47,2,1721,458,74,206,0.7590,-1,-1,-1
47,1,101,549,77,245,0.7825,-1,-1,-1
47,0,393,359,86,233,0.7657,-1,-1,-1
48,18,862,152,60,181,0.3767,-1,-1,-1
48,17,378,968,95,111,0.5763,-1,-1,-1
48,16,1016,163,63,183,0.4791,-1,-1,-1
48,14,1845,268,73,190,0.5542,-1,-1,-1
48,10,0,786,71,239,0.4656,-1,-1,-1
48,8,790,147,62,177,0.4460,-1,-1,-1
48,7,501,183,66,182,0.4369,-1,-1,-1
48,5,1355,568,86,228,0.5402,-1,-1,-1
48,4,903,182,64,189,0.3971,-1,-1,-1
48,3,1202,983,74,97,0.7135,-1,-1,-1
48,2,1721,459,76,203,0.7453,-1,-1,-1
48,1,102,549,76,245,0.7791,-1,-1,-1
48,0,394,358,86,230,0.7770,-1,-1,-1
49,18,860,152,58,179,0.3929,-1,-1,-1
49,17,377,965,96,114,0.4564,-1,-1,-1
49,16,1016,164,62,183,0.4797,-1,-1,-1
49,14,1847,264,72,194,0.5325,-1,-1,-1
49,11,163,366,60,186,0.4200,-1,-1,-1
49,10,0,784,75,245,0.5422,-1,-1,-1
49,8,790,147,62,178,0.4476,-1,-1,-1
49,7,498,183,68,184,0.4184,-1,-1,-1
49,5,1355,568,86,230,0.5612,-1,-1,-1
49,4,902,183,56,188,0.3397,-1,-1,-1
49,3,1202,982,75,98,0.7170,-1,-1,-1
49,2,1721,458,75,205,0.7464,-1,-1,-1
49,1,102,549,76,246,0.7788,-1,-1,-1
49,0,394,357,86,227,0.7844,-1,-1,-1
50,18,860,153,55,172,0.3968,-1,-1,-1
50,17,379,961,97,119,0.6392,-1,-1,-1
50,16,1017,165,62,182,0.4613,-1,-1,-1
50,14,1852,268,66,194,0.4969,-1,-1,-1
50,10,0,782,76,249,0.6174,-1,-1,-1
50,8,789,146,63,179,0.4440,-1,-1,-1
50,7,496,182,70,188,0.4681,-1,-1,-1
50,5,1357,569,83,226,0.5480,-1,-1,-1
50,3,1202,981,76,99,0.6635,-1,-1,-1
50,2,1722,458,73,206,0.7418,-1,-1,-1
50,1,102,549,76,245,0.7817,-1,-1,-1
50,0,394,355,87,225,0.7775,-1,-1,-1
51,18,861,152,52,174,0.4057,-1,-1,-1
51,17,381,957,97,123,0.7168,-1,-1,-1
51,16,1016,166,63,182,0.5233,-1,-1,-1
51,14,1855,268,62,193,0.5218,-1,-1,-1
51,10,0,780,76,249,0.6457,-1,-1,-1
51,8,790,146,62,179,0.4522,-1,-1,-1
51,7,498,182,68,188,0.4611,-1,-1,-1
51,5,1356,567,85,229,0.5498,-1,-1,-1
51,3,1202,980,77,100,0.6771,-1,-1,-1
51,2,1721,458,74,205,0.7444,-1,-1,-1
51,1,102,549,77,246,0.7883,-1,-1,-1
51,0,395,354,87,224,0.7818,-1,-1,-1
52,17,382,953,97,127,0.7300,-1,-1,-1
52,16,1014,167,62,181,0.5880,-1,-1,-1
52,14,1858,272,60,192,0.5256,-1,-1,-1
52,10,1,778,77,250,0.6591,-1,-1,-1
52,8,789,147,63,178,0.4430,-1,-1,-1
52,7,495,182,73,189,0.4723,-1,-1,-1
52,5,1355,568,85,229,0.5454,-1,-1,-1
52,3,1202,980,78,100,0.6754,-1,-1,-1
52,2,1722,458,73,206,0.7447,-1,-1,-1
52,1,102,549,76,246,0.7838,-1,-1,-1
52,0,396,352,87,227,0.7967,-1,-1,-1
53,17,383,951,100,129,0.7980,-1,-1,-1
53,16,1015,168,60,181,0.5764,-1,-1,-1
53,14,1860,270,58,196,0.4455,-1,-1,-1
53,11,162,358,60,191,0.3772,-1,-1,-1
53,10,1,778,78,245,0.7004,-1,-1,-1
53,8,789,145,64,180,0.4453,-1,-1,-1
53,7,497,182,73,188,0.4371,-1,-1,-1
53,5,1356,568,84,229,0.5666,-1,-1,-1
53,3,1202,979,78,101,0.7063,-1,-1,-1
53,2,1720,459,76,203,0.7426,-1,-1,-1
53,1,102,549,76,246,0.7824,-1,-1,-1
53,0,398,351,86,226,0.7946,-1,-1,-1
54,17,383,949,103,131,0.8210,-1,-1,-1
54,16,1014,170,60,181,0.5847,-1,-1,-1
54,14,1863,273,56,200,0.6167,-1,-1,-1
54,10,2,777,75,240,0.7466,-1,-1,-1
54,8,789,146,64,179,0.4505,-1,-1,-1
54,7,499,182,71,189,0.4483,-1,-1,-1
54,5,1355,568,86,230,0.5535,-1,-1,-1
54,3,1202,979,78,101,0.6927,-1,-1,-1
54,2,1722,458,72,205,0.7395,-1,-1,-1
54,1,102,549,76,245,0.7878,-1,-1,-1
54,0,397,350,86,227,0.7837,-1,-1,-1
55,19,1474,215,61,194,0.4497,-1,-1,-1
55,17,384,947,104,133,0.8073,-1,-1,-1
55,16,1012,172,61,181,0.5850,-1,-1,-1
55,14,1867,275,51,196,0.5869,-1,-1,-1
55,10,4,774,74,236,0.7238,-1,-1,-1
55,8,789,146,64,178,0.4254,-1,-1,-1
55,7,497,182,73,189,0.4307,-1,-1,-1
55,5,1356,568,83,229,0.5641,-1,-1,-1
55,3,1202,978,79,102,0.6934,-1,-1,-1
55,2,1721,458,74,206,0.7436,-1,-1,-1
55,1,103,549,75,245,0.7832,-1,-1,-1
55,0,397,349,88,228,0.7901,-1,-1,-1
56,20,282,105,56,185,0.3381,-1,-1,-1
56,19,1472,215,61,193,0.4967,-1,-1,-1
56,17,385,945,104,135,0.8033,-1,-1,-1
56,16,1011,169,61,185,0.5917,-1,-1,-1
56,14,1869,276,49,197,0.5801,-1,-1,-1
56,10,3,774,74,232,0.7010,-1,-1,-1
56,8,789,146,64,178,0.4433,-1,-1,-1
56,7,491,180,77,186,0.4402,-1,-1,-1
56,5,1356,569,83,228,0.5494,-1,-1,-1
56,3,1202,977,79,103,0.6846,-1,-1,-1
56,2,1721,458,73,205,0.7408,-1,-1,-1
56,1,102,549,77,246,0.7898,-1,-1,-1
56,0,399,348,84,229,0.7847,-1,-1,-1
57,20,282,103,56,187,0.3125,-1,-1,-1
57,19,1470,214,62,193,0.5048,-1,-1,-1
57,17,386,943,106,137,0.8135,-1,-1,-1
57,16,1010,169,60,186,0.5942,-1,-1,-1
57,14,1869,280,50,195,0.5577,-1,-1,-1
57,10,4,772,74,229,0.6892,-1,-1,-1
57,8,789,146,63,179,0.4111,-1,-1,-1
57,7,492,181,75,188,0.5043,-1,-1,-1
57,5,1356,568,84,230,0.5539,-1,-1,-1
57,3,1201,977,80,103,0.7089,-1,-1,-1
57,2,1722,458,73,206,0.7489,-1,-1,-1
57,1,103,550,76,246,0.7970,-1,-1,-1
57,0,399,347,85,230,0.7874,-1,-1,-1
58,20,282,104,56,186,0.3331,-1,-1,-1
58,19,1469,214,63,189,0.4767,-1,-1,-1
58,17,387,943,104,137,0.8064,-1,-1,-1
58,16,1006,175,64,187,0.5724,-1,-1,-1
58,14,1871,288,48,188,0.3710,-1,-1,-1
58,10,7,772,71,224,0.6349,-1,-1,-1
58,8,789,146,64,178,0.3880,-1,-1,-1
58,7,496,181,70,191,0.5473,-1,-1,-1
58,5,1355,567,84,230,0.5357,-1,-1,-1
58,3,1200,977,82,103,0.7256,-1,-1,-1
58,2,1721,459,74,203,0.7536,-1,-1,-1
58,1,103,550,75,246,0.7976,-1,-1,-1
58,0,399,345,86,232,0.7928,-1,-1,-1
59,20,282,104,56,187,0.3664,-1,-1,-1
59,19,1468,214,62,190,0.4769,-1,-1,-1
59,17,388,943,103,137,0.8128,-1,-1,-1
59,16,1008,174,60,185,0.5274,-1,-1,-1
59,10,8,769,71,221,0.6017,-1,-1,-1
59,8,789,146,62,178,0.3844,-1,-1,-1
59,7,494,183,73,189,0.5488,-1,-1,-1
59,5,1355,568,83,227,0.5847,-1,-1,-1
59,3,1198,976,84,104,0.7014,-1,-1,-1
59,2,1723,458,72,205,0.7520,-1,-1,-1
59,1,103,549,75,246,0.7903,-1,-1,-1
59,0,400,344,85,233,0.7872,-1,-1,-1
60,20,282,104,56,186,0.3475,-1,-1,-1
60,19,1468,213,62,192,0.5094,-1,-1,-1
60,17,387,940,105,140,0.8273,-1,-1,-1
60,16,1005,179,65,183,0.5402,-1,-1,-1
60,10,9,763,71,226,0.6378,-1,-1,-1
60,8,788,147,65,186,0.3823,-1,-1,-1
60,7,493,184,74,189,0.6272,-1,-1,-1
60,5,1356,567,83,229,0.5661,-1,-1,-1
60,3,1197,976,85,104,0.7006,-1,-1,-1
60,2,1722,458,73,205,0.7551,-1,-1,-1
60,1,103,550,75,245,0.7918,-1,-1,-1
60,0,400,343,85,233,0.7871,-1,-1,-1
61,20,282,103,56,187,0.3032,-1,-1,-1
61,19,1466,212,62,191,0.4938,-1,-1,-1
61,17,387,938,107,142,0.8057,-1,-1,-1
61,16,1006,181,63,180,0.4746,-1,-1,-1
61,10,9,761,72,229,0.7633,-1,-1,-1
61,7,494,185,73,189,0.5860,-1,-1,-1
61,5,1356,567,83,227,0.5583,-1,-1,-1
61,3,1196,974,84,105,0.7020,-1,-1,-1
61,2,1722,458,72,205,0.7499,-1,-1,-1
61,1,103,549,75,246,0.7842,-1,-1,-1
61,0,400,340,85,235,0.7906,-1,-1,-1
62,20,281,102,57,188,0.3344,-1,-1,-1
62,19,1465,211,59,186,0.3667,-1,-1,-1
62,17,386,934,110,145,0.7715,-1,-1,-1
62,16,1004,182,65,180,0.5014,-1,-1,-1
62,10,9,758,74,227,0.7964,-1,-1,-1
62,7,495,186,71,191,0.6234,-1,-1,-1
62,5,1357,567,82,229,0.5371,-1,-1,-1
62,3,1194,974,87,106,0.7261,-1,-1,-1
62,2,1722,458,73,205,0.7463,-1,-1,-1
62,1,103,550,75,245,0.7814,-1,-1,-1
62,0,400,339,85,236,0.7934,-1,-1,-1
63,20,282,103,57,188,0.3112,-1,-1,-1
63,19,1461,209,65,191,0.4860,-1,-1,-1
63,17,388,932,107,145,0.7837,-1,-1,-1
63,16,1002,182,65,178,0.5610,-1,-1,-1
63,11,138,356,73,190,0.3614,-1,-1,-1
63,10,10,757,72,226,0.7972,-1,-1,-1
63,7,496,186,70,196,0.6178,-1,-1,-1
63,5,1357,567,82,228,0.5098,-1,-1,-1
63,3,1193,973,86,107,0.7379,-1,-1,-1
63,2,1721,458,74,205,0.7524,-1,-1,-1
63,1,103,549,74,246,0.7805,-1,-1,-1
63,0,400,337,85,237,0.7982,-1,-1,-1
64,20,282,103,57,189,0.3289,-1,-1,-1
64,19,1460,208,65,194,0.4344,-1,-1,-1
64,17,387,926,108,152,0.7657,-1,-1,-1
64,16,1003,184,64,178,0.5899,-1,-1,-1
64,10,10,755,72,226,0.8084,-1,-1,-1
64,8,789,146,62,177,0.3224,-1,-1,-1
64,7,494,183,72,202,0.6390,-1,-1,-1
64,5,1356,567,84,231,0.5605,-1,-1,-1
64,3,1191,972,86,108,0.7593,-1,-1,-1
64,2,1721,458,74,205,0.7579,-1,-1,-1
64,1,103,549,74,246,0.7823,-1,-1,-1
64,0,401,339,85,233,0.7919,-1,-1,-1
65,20,282,104,57,187,0.3124,-1,-1,-1
65,19,1462,208,58,189,0.4355,-1,-1,-1
65,17,384,920,109,160,0.6678,-1,-1,-1
65,16,1004,185,62,178,0.5429,-1,-1,-1
65,10,11,753,72,228,0.7705,-1,-1,-1
65,7,495,183,70,201,0.5777,-1,-1,-1
65,5,1356,567,84,230,0.5495,-1,-1,-1
65,3,1191,972,85,108,0.7323,-1,-1,-1
65,2,1720,458,75,205,0.7634,-1,-1,-1
65,1,103,550,74,245,0.7797,-1,-1,-1
65,0,400,337,86,231,0.7774,-1,-1,-1
66,20,282,105,57,186,0.3514,-1,-1,-1
66,19,1459,206,62,190,0.4816,-1,-1,-1
66,17,385,914,107,166,0.6709,-1,-1,-1
66,16,1006,187,59,178,0.6743,-1,-1,-1
66,10,9,751,75,231,0.7859,-1,-1,-1
66,7,497,185,68,201,0.6060,-1,-1,-1
66,5,1356,568,83,230,0.5306,-1,-1,-1
66,4,892,181,62,167,0.4328,-1,-1,-1
66,3,1188,970,86,110,0.7660,-1,-1,-1
66,2,1721,458,74,206,0.7569,-1,-1,-1
66,1,103,549,74,247,0.7837,-1,-1,-1
66,0,400,337,86,228,0.7899,-1,-1,-1
67,20,283,108,56,183,0.3717,-1,-1,-1
67,19,1458,205,61,190,0.4706,-1,-1,-1
67,17,384,913,107,165,0.7828,-1,-1,-1
67,16,1003,186,60,181,0.7036,-1,-1,-1
67,10,9,750,74,231,0.7950,-1,-1,-1
67,7,494,186,70,201,0.5752,-1,-1,-1
67,5,1357,568,82,229,0.5195,-1,-1,-1
67,4,891,182,62,167,0.4499,-1,-1,-1
67,3,1187,968,88,112,0.7796,-1,-1,-1
67,2,1721,458,75,205,0.7415,-1,-1,-1
67,1,103,549,74,246,0.7743,-1,-1,-1
67,0,401,335,86,227,0.7808,-1,-1,-1
68,20,283,112,55,179,0.3268,-1,-1,-1
68,19,1456,203,62,190,0.4775,-1,-1,-1
68,17,384,910,107,168,0.7805,-1,-1,-1
68,16,1000,187,62,183,0.6791,-1,-1,-1
68,10,9,748,75,230,0.7795,-1,-1,-1
68,7,496,188,68,198,0.5663,-1,-1,-1
68,5,1356,567,83,229,0.5175,-1,-1,-1
68,4,892,183,61,165,0.4031,-1,-1,-1
68,3,1186,966,85,114,0.7962,-1,-1,-1
68,2,1721,458,74,206,0.7561,-1,-1,-1
68,1,103,549,74,246,0.7748,-1,-1,-1
68,0,402,334,86,224,0.7645,-1,-1,-1
69,19,1453,204,62,191,0.4292,-1,-1,-1
69,17,383,907,107,172,0.7860,-1,-1,-1
69,16,999,188,63,180,0.6294,-1,-1,-1
69,10,8,746,76,230,0.7812,-1,-1,-1
69,7,493,191,71,195,0.4876,-1,-1,-1
69,5,1356,568,84,229,0.5246,-1,-1,-1
69,4,891,185,62,166,0.3820,-1,-1,-1
69,3,1185,966,86,114,0.8128,-1,-1,-1
69,2,1722,458,73,206,0.7458,-1,-1,-1
69,1,103,549,74,246,0.7687,-1,-1,-1
69,0,401,331,87,225,0.7478,-1,-1,-1
70,19,1448,201,65,193,0.4125,-1,-1,-1
70,17,383,904,108,174,0.7979,-1,-1,-1
70,16,998,188,63,177,0.6578,-1,-1,-1
70,10,8,742,78,231,0.7582,-1,-1,-1
70,7,496,192,70,195,0.5344,-1,-1,-1
70,5,1357,567,83,228,0.5584,-1,-1,-1
70,4,891,185,62,167,0.3853,-1,-1,-1
70,3,1183,965,86,115,0.8097,-1,-1,-1
70,2,1722,458,73,205,0.7431,-1,-1,-1
70,1,103,550,74,245,0.7673,-1,-1,-1
70,0,401,331,88,224,0.7589,-1,-1,-1
71,19,1444,201,67,192,0.4022,-1,-1,-1
71,18,847,165,49,176,0.4026,-1,-1,-1
71,17,380,903,111,175,0.8167,-1,-1,-1
71,16,996,189,62,177,0.6818,-1,-1,-1
71,10,8,741,78,229,0.7625,-1,-1,-1
71,7,496,191,71,195,0.5037,-1,-1,-1
71,5,1357,568,83,228,0.5270,-1,-1,-1
71,4,890,183,63,171,0.4319,-1,-1,-1
71,3,1182,965,86,115,0.8043,-1,-1,-1
71,2,1721,458,73,206,0.7380,-1,-1,-1
71,1,103,549,74,246,0.7653,-1,-1,-1
71,0,403,329,86,222,0.7596,-1,-1,-1
72,19,1442,204,68,187,0.4042,-1,-1,-1
72,18,846,166,48,174,0.3498,-1,-1,-1
72,17,379,901,112,177,0.8245,-1,-1,-1
72,16,997,189,58,178,0.7130,-1,-1,-1
72,10,8,739,80,225,0.7521,-1,-1,-1
72,7,491,191,78,196,0.5008,-1,-1,-1
72,5,1357,569,84,228,0.5718,-1,-1,-1
72,4,890,186,63,170,0.4233,-1,-1,-1
72,3,1180,964,87,116,0.7906,-1,-1,-1
72,2,1722,458,72,205,0.7416,-1,-1,-1
72,1,102,549,75,246,0.7589,-1,-1,-1
72,0,403,328,86,226,0.7667,-1,-1,-1
73,19,1440,205,70,186,0.3905,-1,-1,-1
73,18,846,169,49,172,0.4047,-1,-1,-1
73,17,378,900,113,178,0.8216,-1,-1,-1
73,16,994,190,59,179,0.7198,-1,-1,-1
73,10,8,735,77,223,0.7409,-1,-1,-1
73,7,486,191,86,195,0.5302,-1,-1,-1
73,5,1357,568,83,229,0.5627,-1,-1,-1
73,4,892,191,59,166,0.4334,-1,-1,-1
73,3,1180,964,86,116,0.7910,-1,-1,-1
73,2,1721,458,74,206,0.7403,-1,-1,-1
73,1,103,549,74,246,0.7756,-1,-1,-1
73,0,405,326,86,225,0.7851,-1,-1,-1
74,21,770,197,97,173,0.3487,-1,-1,-1
74,19,1440,206,69,185,0.4153,-1,-1,-1
74,18,846,168,50,177,0.3361,-1,-1,-1
74,17,378,898,113,180,0.8205,-1,-1,-1
74,16,995,190,57,180,0.7514,-1,-1,-1
74,10,8,732,83,227,0.7554,-1,-1,-1
74,7,486,192,87,195,0.5644,-1,-1,-1
74,5,1357,569,83,229,0.5443,-1,-1,-1
74,4,892,192,57,165,0.4064,-1,-1,-1
74,3,1179,965,87,115,0.8056,-1,-1,-1
74,2,1722,458,73,206,0.7532,-1,-1,-1
74,1,102,549,75,246,0.7686,-1,-1,-1
74,0,405,327,86,224,0.7691,-1,-1,-1
75,19,1438,204,70,191,0.4798,-1,-1,-1
75,18,843,171,52,176,0.3441,-1,-1,-1
75,17,378,897,112,181,0.7821,-1,-1,-1
75,16,995,190,57,179,0.7574,-1,-1,-1
75,10,8,730,82,230,0.7601,-1,-1,-1
75,7,488,194,85,193,0.5807,-1,-1,-1
75,5,1357,568,84,229,0.5699,-1,-1,-1
75,4,890,194,56,166,0.4543,-1,-1,-1
75,3,1178,964,88,116,0.7827,-1,-1,-1
75,2,1721,457,73,206,0.7552,-1,-1,-1
75,1,102,548,75,246,0.7708,-1,-1,-1
75,0,404,326,87,225,0.7752,-1,-1,-1
76,19,1436,204,69,190,0.4918,-1,-1,-1
76,18,842,170,53,184,0.3318,-1,-1,-1
76,17,380,894,107,184,0.8091,-1,-1,-1
76,16,994,190,57,178,0.7170,-1,-1,-1
76,10,7,730,83,229,0.7664,-1,-1,-1
76,7,489,195,85,194,0.6006,-1,-1,-1
76,5,1356,567,87,227,0.5518,-1,-1,-1
76,4,888,194,57,169,0.4395,-1,-1,-1
76,3,1178,963,88,117,0.7981,-1,-1,-1
76,2,1721,458,73,205,0.7563,-1,-1,-1
76,1,102,548,74,247,0.7562,-1,-1,-1
76,0,407,326,84,225,0.7689,-1,-1,-1
77,19,1435,204,67,189,0.4317,-1,-1,-1
77,18,841,172,53,183,0.3394,-1,-1,-1
77,17,381,893,105,185,0.7840,-1,-1,-1
77,16,994,191,56,179,0.7106,-1,-1,-1
77,10,7,728,84,230,0.7820,-1,-1,-1
77,7,486,195,88,194,0.5997,-1,-1,-1
77,5,1357,569,85,232,0.5261,-1,-1,-1
77,4,887,193,56,169,0.4515,-1,-1,-1
77,3,1178,963,87,117,0.7857,-1,-1,-1
77,2,1721,458,74,205,0.7582,-1,-1,-1
77,1,103,549,73,245,0.7408,-1,-1,-1
77,0,407,326,85,224,0.7824,-1,-1,-1
78,19,1434,203,67,189,0.4451,-1,-1,-1
78,18,840,173,54,185,0.3237,-1,-1,-1
78,17,382,891,104,188,0.7995,-1,-1,-1
78,16,994,190,56,182,0.6914,-1,-1,-1
78,10,7,727,85,231,0.7756,-1,-1,-1
78,7,488,197,83,194,0.5935,-1,-1,-1
78,5,1355,569,89,229,0.5296,-1,-1,-1
78,4,884,183,53,180,0.3339,-1,-1,-1
78,3,1177,962,89,118,0.7964,-1,-1,-1
78,2,1721,458,75,206,0.7642,-1,-1,-1
78,1,102,548,74,246,0.7468,-1,-1,-1
78,0,408,324,83,226,0.7918,-1,-1,-1
79,19,1433,206,63,185,0.4444,-1,-1,-1
79,18,840,176,53,183,0.3529,-1,-1,-1
79,17,384,885,101,194,0.8084,-1,-1,-1
79,16,992,191,57,174,0.6572,-1,-1,-1
79,10,9,726,84,232,0.7610,-1,-1,-1
79,7,489,199,83,196,0.6152,-1,-1,-1
79,5,1356,569,88,226,0.5352,-1,-1,-1
79,4,889,193,54,166,0.3003,-1,-1,-1
79,3,1177,961,89,119,0.8133,-1,-1,-1
79,2,1720,457,75,206,0.7659,-1,-1,-1
79,1,102,549,74,245,0.7531,-1,-1,-1
79,0,408,324,83,227,0.7913,-1,-1,-1
80,19,1431,206,62,183,0.4443,-1,-1,-1
80,18,840,176,52,182,0.3876,-1,-1,-1
80,17,385,878,100,202,0.8145,-1,-1,-1
80,16,992,191,56,179,0.6377,-1,-1,-1
80,10,11,724,85,232,0.7564,-1,-1,-1
80,7,490,201,82,197,0.5879,-1,-1,-1
80,5,1357,570,87,226,0.5578,-1,-1,-1
80,4,887,195,54,162,0.3845,-1,-1,-1
80,3,1177,961,87,119,0.8008,-1,-1,-1
80,2,1721,458,75,206,0.7599,-1,-1,-1
80,1,103,549,73,246,0.7649,-1,-1,-1
80,0,410,324,81,226,0.7875,-1,-1,-1
81,19,1428,205,59,181,0.4772,-1,-1,-1
81,18,840,176,54,183,0.3600,-1,-1,-1
81,17,385,876,101,204,0.8380,-1,-1,-1
81,16,991,191,56,182,0.6622,-1,-1,-1
81,10,11,723,86,232,0.7476,-1,-1,-1
81,7,491,202,81,200,0.5842,-1,-1,-1
81,5,1357,568,89,228,0.5843,-1,-1,-1
81,3,1177,962,86,118,0.8024,-1,-1,-1
81,2,1721,458,75,206,0.7488,-1,-1,-1
81,1,103,550,73,245,0.7586,-1,-1,-1
81,0,410,321,81,228,0.7785,-1,-1,-1
82,19,1427,205,61,182,0.4420,-1,-1,-1
82,18,841,177,52,184,0.3434,-1,-1,-1
82,17,385,873,102,207,0.8518,-1,-1,-1
82,16,990,190,55,184,0.6923,-1,-1,-1
82,10,13,721,84,233,0.7502,-1,-1,-1
82,7,492,205,80,199,0.5778,-1,-1,-1
82,5,1357,570,87,227,0.5712,-1,-1,-1
82,3,1177,961,84,119,0.7846,-1,-1,-1
82,2,1721,458,74,206,0.7520,-1,-1,-1
82,1,103,549,73,246,0.7566,-1,-1,-1
82,0,412,321,81,227,0.7552,-1,-1,-1
83,19,1426,211,57,174,0.4070,-1,-1,-1
83,18,840,179,53,183,0.3738,-1,-1,-1
83,17,386,872,104,208,0.8462,-1,-1,-1
83,16,988,191,55,182,0.6717,-1,-1,-1
83,10,15,720,83,233,0.7484,-1,-1,-1
83,7,492,205,81,199,0.5741,-1,-1,-1
83,5,1357,568,87,228,0.5849,-1,-1,-1
83,3,1175,961,85,119,0.7793,-1,-1,-1
83,2,1721,458,74,205,0.7558,-1,-1,-1
83,1,103,549,73,246,0.7727,-1,-1,-1
83,0,412,319,82,227,0.7479,-1,-1,-1
84,19,1424,209,60,176,0.3754,-1,-1,-1
84,18,839,178,55,184,0.3617,-1,-1,-1
84,17,385,869,107,211,0.8397,-1,-1,-1
84,16,986,191,56,183,0.6457,-1,-1,-1
84,10,14,718,82,236,0.7359,-1,-1,-1
84,8,794,150,54,168,0.3692,-1,-1,-1
84,7,494,208,79,201,0.6086,-1,-1,-1
84,5,1357,569,87,227,0.5751,-1,-1,-1
84,3,1175,960,83,120,0.7704,-1,-1,-1
84,2,1721,458,74,205,0.7557,-1,-1,-1
84,1,102,549,74,247,0.7682,-1,-1,-1
84,0,413,318,81,226,0.7524,-1,-1,-1
85,19,1423,204,59,186,0.4338,-1,-1,-1
85,18,839,179,54,184,0.3270,-1,-1,-1
85,17,386,868,108,212,0.8392,-1,-1,-1
85,16,983,192,59,177,0.5506,-1,-1,-1
85,10,16,716,80,233,0.7304,-1,-1,-1
85,8,794,150,53,167,0.3356,-1,-1,-1
85,7,495,209,80,199,0.6190,-1,-1,-1
85,5,1358,571,86,227,0.5638,-1,-1,-1
85,3,1174,960,85,120,0.7767,-1,-1,-1
85,2,1721,458,74,205,0.7581,-1,-1,-1
85,1,102,550,74,245,0.7716,-1,-1,-1
85,0,412,316,83,226,0.7541,-1,-1,-1
86,19,1419,206,61,178,0.4287,-1,-1,-1
86,18,837,179,57,184,0.3666,-1,-1,-1
86,17,387,866,108,214,0.8427,-1,-1,-1
86,16,980,193,61,170,0.4666,-1,-1,-1
86,10,17,717,76,220,0.7687,-1,-1,-1
86,8,793,150,54,169,0.3237,-1,-1,-1
86,7,496,209,80,199,0.6218,-1,-1,-1
86,5,1357,571,87,225,0.5642,-1,-1,-1
86,3,1173,961,84,119,0.7659,-1,-1,-1
86,2,1721,457,74,206,0.7522,-1,-1,-1
86,1,103,549,74,247,0.7714,-1,-1,-1
86,0,413,315,83,223,0.7478,-1,-1,-1
87,19,1418,204,59,181,0.3635,-1,-1,-1
87,18,835,178,58,186,0.3928,-1,-1,-1
87,17,387,864,108,216,0.8226,-1,-1,-1
87,16,978,193,63,171,0.4688,-1,-1,-1
87,10,17,716,77,219,0.8111,-1,-1,-1
87,8,793,151,55,169,0.3055,-1,-1,-1
87,7,499,211,78,199,0.6079,-1,-1,-1
87,5,1358,571,85,225,0.5552,-1,-1,-1
87,3,1173,960,82,120,0.7537,-1,-1,-1
87,2,1721,458,74,206,0.7612,-1,-1,-1
87,1,102,548,74,247,0.7658,-1,-1,-1
87,0,414,314,82,220,0.7514,-1,-1,-1
88,18,836,178,58,187,0.3535,-1,-1,-1
88,17,388,862,108,218,0.8170,-1,-1,-1
88,16,975,192,66,179,0.4671,-1,-1,-1
88,10,16,713,77,221,0.8242,-1,-1,-1
88,7,498,213,80,196,0.5991,-1,-1,-1
88,5,1358,571,85,226,0.5802,-1,-1,-1
88,3,1172,960,82,120,0.7682,-1,-1,-1
88,2,1721,458,73,206,0.7697,-1,-1,-1
88,1,102,549,74,247,0.7535,-1,-1,-1
88,0,415,314,83,217,0.7351,-1,-1,-1
89,17,389,861,107,219,0.8163,-1,-1,-1
89,16,973,194,68,182,0.5495,-1,-1,-1
89,10,17,708,76,222,0.8081,-1,-1,-1
89,7,498,214,81,194,0.5890,-1,-1,-1
89,5,1359,571,83,227,0.5787,-1,-1,-1
89,3,1172,959,80,121,0.7558,-1,-1,-1
89,2,1720,458,76,204,0.7569,-1,-1,-1
89,1,102,548,75,248,0.7562,-1,-1,-1
89,0,414,314,85,216,0.7358,-1,-1,-1
90,17,390,860,107,220,0.7913,-1,-1,-1
90,16,974,194,65,180,0.5184,-1,-1,-1
90,10,19,705,74,226,0.8039,-1,-1,-1
90,7,501,212,79,198,0.6304,-1,-1,-1
90,5,1358,570,85,229,0.5801,-1,-1,-1
90,3,1171,958,79,122,0.7669,-1,-1,-1
90,2,1720,459,76,203,0.7535,-1,-1,-1
90,1,102,548,74,248,0.7570,-1,-1,-1
90,0,416,314,81,218,0.7365,-1,-1,-1
91,17,389,856,109,224,0.8038,-1,-1,-1
91,16,975,194,62,182,0.4778,-1,-1,-1
91,10,20,703,72,224,0.8287,-1,-1,-1
91,7,500,213,80,195,0.6024,-1,-1,-1
91,5,1358,569,83,229,0.5983,-1,-1,-1
91,3,1170,956,78,124,0.7983,-1,-1,-1
91,2,1720,458,75,205,0.7592,-1,-1,-1
91,1,102,548,75,249,0.7775,-1,-1,-1
91,0,418,313,80,220,0.7331,-1,-1,-1
92,17,390,854,107,226,0.8128,-1,-1,-1
92,16,973,194,62,182,0.5573,-1,-1,-1
92,10,21,702,71,224,0.8412,-1,-1,-1
92,7,500,213,82,197,0.5916,-1,-1,-1
92,5,1358,569,84,228,0.5847,-1,-1,-1
92,3,1169,955,77,125,0.8042,-1,-1,-1
92,2,1721,457,74,206,0.7605,-1,-1,-1
92,1,102,548,75,249,0.7824,-1,-1,-1
92,0,418,313,81,221,0.7288,-1,-1,-1
93,17,390,852,108,228,0.8172,-1,-1,-1
93,16,974,196,59,181,0.5389,-1,-1,-1
93,10,22,701,70,220,0.8384,-1,-1,-1
93,7,501,212,83,197,0.5663,-1,-1,-1
93,5,1358,569,83,228,0.5977,-1,-1,-1
93,4,869,207,60,167,0.3897,-1,-1,-1
93,3,1169,954,75,126,0.7944,-1,-1,-1
93,2,1721,458,74,205,0.7600,-1,-1,-1
93,1,103,549,74,248,0.7709,-1,-1,-1
93,0,418,313,83,219,0.7123,-1,-1,-1
94,17,391,849,106,231,0.8079,-1,-1,-1
94,16,970,196,62,180,0.5554,-1,-1,-1
94,10,23,700,69,216,0.8107,-1,-1,-1
94,7,501,213,83,197,0.5571,-1,-1,-1
94,5,1358,570,84,226,0.5797,-1,-1,-1
94,4,870,206,58,167,0.3954,-1,-1,-1
94,3,1168,954,74,126,0.8095,-1,-1,-1
94,2,1722,457,74,207,0.7633,-1,-1,-1
94,1,102,549,75,249,0.7784,-1,-1,-1
94,0,419,312,80,221,0.7146,-1,-1,-1
95,17,391,844,105,236,0.8087,-1,-1,-1
95,16,969,196,60,183,0.5700,-1,-1,-1
95,10,24,699,69,216,0.7949,-1,-1,-1
95,7,502,212,75,199,0.5445,-1,-1,-1
95,5,1359,573,82,224,0.5586,-1,-1,-1
95,4,870,208,56,164,0.3703,-1,-1,-1
95,3,1166,952,75,128,0.7875,-1,-1,-1
95,2,1721,458,74,207,0.7510,-1,-1,-1
95,1,101,548,76,248,0.7777,-1,-1,-1
95,0,419,311,80,222,0.7145,-1,-1,-1
96,17,392,842,103,238,0.8482,-1,-1,-1
96,16,967,199,63,187,0.5536,-1,-1,-1
96,10,24,698,69,217,0.7787,-1,-1,-1
96,7,501,214,83,200,0.5305,-1,-1,-1
96,5,1358,573,83,226,0.5785,-1,-1,-1
96,4,869,208,56,165,0.4185,-1,-1,-1
96,3,1167,952,71,128,0.7920,-1,-1,-1
96,2,1722,457,73,207,0.7553,-1,-1,-1
96,1,102,550,75,247,0.7800,-1,-1,-1
96,0,420,312,81,218,0.7318,-1,-1,-1
97,17,394,840,100,240,0.8567,-1,-1,-1
97,16,965,199,64,187,0.4739,-1,-1,-1
97,10,25,696,69,216,0.7769,-1,-1,-1
97,7,505,214,79,203,0.5404,-1,-1,-1
97,5,1358,572,83,226,0.5948,-1,-1,-1
97,4,868,209,55,163,0.3722,-1,-1,-1
97,3,1164,950,72,130,0.7869,-1,-1,-1
97,2,1721,458,75,208,0.7612,-1,-1,-1
97,1,102,551,74,247,0.7813,-1,-1,-1
97,0,420,310,79,223,0.7271,-1,-1,-1
98,24,1170,160,91,168,0.3574,-1,-1,-1
98,17,393,835,100,245,0.8556,-1,-1,-1
98,16,965,199,62,186,0.5158,-1,-1,-1
98,10,26,697,68,213,0.7818,-1,-1,-1
98,7,505,217,78,201,0.5464,-1,-1,-1
98,5,1359,571,81,227,0.5841,-1,-1,-1
98,4,863,211,59,160,0.3327,-1,-1,-1
98,3,1163,948,72,132,0.8007,-1,-1,-1
98,2,1722,457,74,207,0.7491,-1,-1,-1
98,1,102,550,74,247,0.7788,-1,-1,-1
98,0,420,311,81,220,0.7281,-1,-1,-1
99,24,1166,154,95,171,0.3896,-1,-1,-1
99,17,393,831,100,249,0.8582,-1,-1,-1
99,16,964,198,61,188,0.4638,-1,-1,-1
99,10,26,693,69,219,0.7891,-1,-1,-1
99,7,508,216,79,202,0.5390,-1,-1,-1
99,5,1362,569,76,230,0.5726,-1,-1,-1
99,3,1161,946,73,134,0.8018,-1,-1,-1
99,2,1721,458,75,207,0.7634,-1,-1,-1
99,1,102,550,74,247,0.7735,-1,-1,-1
99,0,420,308,80,225,0.6903,-1,-1,-1
100,24,1167,161,91,167,0.4065,-1,-1,-1
100,17,393,827,98,253,0.8541,-1,-1,-1
100,16,960,199,64,188,0.4989,-1,-1,-1
100,10,29,691,67,220,0.8181,-1,-1,-1
100,7,506,221,76,199,0.5191,-1,-1,-1
100,5,1358,572,82,227,0.5918,-1,-1,-1
100,3,1158,945,74,135,0.7682,-1,-1,-1
100,2,1722,457,73,206,0.7508,-1,-1,-1
100,1,102,550,74,247,0.7814,-1,-1,-1
100,0,421,305,80,226,0.6808,-1,-1,-1
101,24,1167,154,94,172,0.3846,-1,-1,-1
101,23,478,134,56,194,0.3416,-1,-1,-1
101,17,391,826,99,253,0.8538,-1,-1,-1
101,16,957,199,64,187,0.5222,-1,-1,-1
101,10,30,689,67,221,0.8348,-1,-1,-1
101,7,507,221,79,203,0.5839,-1,-1,-1
101,5,1358,573,83,225,0.5734,-1,-1,-1
101,3,1158,945,71,135,0.7077,-1,-1,-1
101,2,1721,458,75,208,0.7504,-1,-1,-1
101,1,102,549,74,248,0.7680,-1,-1,-1
101,0,420,303,81,227,0.7079,-1,-1,-1
102,24,1167,154,86,170,0.4614,-1,-1,-1
102,23,480,137,55,189,0.3508,-1,-1,-1
102,17,388,825,101,255,0.8515,-1,-1,-1
102,16,954,200,64,187,0.6430,-1,-1,-1
102,10,29,686,69,219,0.8221,-1,-1,-1
102,7,506,223,80,201,0.6049,-1,-1,-1
102,5,1357,570,84,228,0.6123,-1,-1,-1
102,3,1156,943,71,137,0.7210,-1,-1,-1
102,2,1721,457,75,208,0.7584,-1,-1,-1
102,1,102,548,74,247,0.7698,-1,-1,-1
102,0,420,299,81,228,0.7268,-1,-1,-1
103,24,1168,153,74,170,0.4028,-1,-1,-1
103,23,479,140,55,182,0.3504,-1,-1,-1
103,17,387,825,102,254,0.8529,-1,-1,-1
103,16,952,199,66,191,0.6530,-1,-1,-1
103,10,32,685,68,217,0.8126,-1,-1,-1
103,7,504,226,82,199,0.6349,-1,-1,-1
103,5,1357,571,84,226,0.5906,-1,-1,-1
103,3,1154,940,72,140,0.7072,-1,-1,-1
103,2,1721,457,74,206,0.7549,-1,-1,-1
103,1,102,549,75,246,0.7743,-1,-1,-1
103,0,420,297,81,228,0.7373,-1,-1,-1
104,24,1167,151,69,170,0.4670,-1,-1,-1
104,17,386,821,103,258,0.8518,-1,-1,-1
104,16,952,201,62,186,0.6074,-1,-1,-1
104,10,34,682,68,218,0.8121,-1,-1,-1
104,7,505,227,81,198,0.6450,-1,-1,-1
104,5,1358,571,84,228,0.5805,-1,-1,-1
104,3,1151,941,71,139,0.7388,-1,-1,-1
104,2,1721,458,74,206,0.7661,-1,-1,-1
104,1,102,548,74,247,0.7769,-1,-1,-1
104,0,421,297,80,225,0.7434,-1,-1,-1
105,24,1167,152,65,171,0.4093,-1,-1,-1
105,17,384,820,105,259,0.8554,-1,-1,-1
105,16,950,200,61,186,0.6314,-1,-1,-1
105,10,35,679,71,222,0.7853,-1,-1,-1
105,7,506,229,75,196,0.6528,-1,-1,-1
105,5,1357,572,84,226,0.5879,-1,-1,-1
105,3,1149,940,72,140,0.7560,-1,-1,-1
105,2,1721,458,75,211,0.7604,-1,-1,-1
105,1,103,549,73,246,0.7902,-1,-1,-1
105,0,421,296,79,221,0.7524,-1,-1,-1
106,24,1165,149,63,177,0.4301,-1,-1,-1
106,17,383,818,105,262,0.8540,-1,-1,-1
106,16,949,201,59,189,0.6879,-1,-1,-1
106,10,34,676,73,224,0.7792,-1,-1,-1
106,7,506,230,74,195,0.6625,-1,-1,-1
106,5,1362,569,76,233,0.5711,-1,-1,-1
106,3,1149,939,70,141,0.7349,-1,-1,-1
106,2,1721,457,74,206,0.7683,-1,-1,-1
106,1,103,549,73,246,0.7873,-1,-1,-1
106,0,420,294,80,218,0.7789,-1,-1,-1
107,24,1164,147,61,173,0.3968,-1,-1,-1
107,23,477,143,57,188,0.3288,-1,-1,-1
107,17,383,818,103,262,0.8420,-1,-1,-1
107,16,948,201,57,194,0.6943,-1,-1,-1
107,10,34,674,79,227,0.7412,-1,-1,-1
107,7,508,231,76,195,0.6682,-1,-1,-1
107,5,1358,573,83,224,0.5833,-1,-1,-1
107,3,1148,936,71,144,0.7442,-1,-1,-1
107,2,1720,457,75,206,0.7693,-1,-1,-1
107,1,103,549,73,246,0.7828,-1,-1,-1
107,0,421,293,80,217,0.7796,-1,-1,-1
108,24,1162,147,61,173,0.4104,-1,-1,-1
108,23,477,141,58,178,0.3327,-1,-1,-1
108,17,383,814,103,266,0.8458,-1,-1,-1
108,16,945,202,59,193,0.7084,-1,-1,-1
108,10,35,673,87,228,0.7576,-1,-1,-1
108,7,508,231,76,195,0.6355,-1,-1,-1
108,5,1358,573,82,223,0.5735,-1,-1,-1
108,3,1145,936,72,144,0.7577,-1,-1,-1
108,2,1721,458,74,207,0.7635,-1,-1,-1
108,1,103,549,73,246,0.7698,-1,-1,-1
108,0,420,290,83,223,0.7799,-1,-1,-1
109,24,1159,147,62,175,0.5061,-1,-1,-1
109,23,477,141,58,172,0.3604,-1,-1,-1
109,17,383,811,102,269,0.8500,-1,-1,-1
109,16,944,202,60,190,0.7049,-1,-1,-1
109,10,36,673,88,225,0.7665,-1,-1,-1
109,7,508,231,75,195,0.6432,-1,-1,-1
109,5,1356,575,84,220,0.5598,-1,-1,-1
109,3,1144,935,71,145,0.7891,-1,-1,-1
109,2,1722,457,72,206,0.7531,-1,-1,-1
109,1,103,548,73,247,0.7461,-1,-1,-1
109,0,421,291,80,219,0.7671,-1,-1,-1
110,24,1157,146,62,174,0.5611,-1,-1,-1
110,23,477,139,57,175,0.3939,-1,-1,-1
110,17,384,807,100,273,0.8547,-1,-1,-1
110,16,942,205,61,187,0.6879,-1,-1,-1
110,10,37,673,92,224,0.7711,-1,-1,-1
110,7,509,232,75,193,0.6284,-1,-1,-1
110,5,1358,575,84,222,0.5809,-1,-1,-1
110,3,1141,936,73,144,0.7963,-1,-1,-1
110,2,1721,459,74,206,0.7552,-1,-1,-1
110,1,104,549,72,248,0.7557,-1,-1,-1
110,0,421,290,81,220,0.7743,-1,-1,-1
111,24,1154,145,62,177,0.5524,-1,-1,-1
111,23,475,141,59,175,0.4037,-1,-1,-1
111,17,386,804,98,276,0.8542,-1,-1,-1
111,16,939,208,62,183,0.6917,-1,-1,-1
111,10,39,673,92,223,0.7615,-1,-1,-1
111,7,512,233,70,194,0.6463,-1,-1,-1
111,5,1358,575,82,221,0.5868,-1,-1,-1
111,3,1138,933,73,146,0.7995,-1,-1,-1
111,2,1722,457,72,206,0.7643,-1,-1,-1
111,1,104,548,72,249,0.7501,-1,-1,-1
111,0,421,290,81,220,0.7773,-1,-1,-1
112,24,1149,145,64,174,0.6593,-1,-1,-1
112,23,475,142,59,177,0.3357,-1,-1,-1
112,17,387,801,97,273,0.8521,-1,-1,-1
112,16,939,208,60,184,0.6900,-1,-1,-1
112,10,42,671,91,225,0.7354,-1,-1,-1
112,7,513,232,68,199,0.6559,-1,-1,-1
112,5,1358,574,81,222,0.6062,-1,-1,-1
112,4,833,226,67,164,0.3750,-1,-1,-1
112,3,1138,933,72,147,0.8072,-1,-1,-1
112,2,1721,458,74,206,0.7662,-1,-1,-1
112,1,104,548,71,248,0.7387,-1,-1,-1
112,0,420,288,82,223,0.7704,-1,-1,-1
113,24,1143,145,67,174,0.7467,-1,-1,-1
113,23,474,146,58,174,0.3330,-1,-1,-1
113,17,387,796,96,271,0.8561,-1,-1,-1
113,16,938,209,59,184,0.6838,-1,-1,-1
113,10,44,670,89,224,0.6919,-1,-1,-1
113,7,512,233,69,199,0.6628,-1,-1,-1
113,5,1358,574,81,221,0.5946,-1,-1,-1
113,4,840,228,61,162,0.3695,-1,-1,-1
113,3,1135,933,74,147,0.7929,-1,-1,-1
113,2,1722,458,73,206,0.7682,-1,-1,-1
113,1,104,548,72,247,0.7283,-1,-1,-1
113,0,421,288,82,222,0.7841,-1,-1,-1
114,24,1128,148,79,175,0.6633,-1,-1,-1
114,23,475,149,57,180,0.3400,-1,-1,-1
114,17,387,792,99,271,0.8505,-1,-1,-1
114,16,935,210,61,184,0.6758,-1,-1,-1
114,10,48,669,84,225,0.6982,-1,-1,-1
114,7,512,233,71,202,0.6082,-1,-1,-1
114,5,1357,575,82,222,0.6032,-1,-1,-1
114,4,841,226,59,166,0.4326,-1,-1,-1
114,3,1134,933,72,147,0.7722,-1,-1,-1
114,2,1721,459,75,203,0.7680,-1,-1,-1
114,1,102,548,73,242,0.7359,-1,-1,-1
114,0,421,287,81,222,0.7750,-1,-1,-1
115,24,1121,148,84,176,0.5329,-1,-1,-1
115,17,387,789,101,269,0.8619,-1,-1,-1
115,16,936,211,58,184,0.6781,-1,-1,-1
115,10,54,666,79,227,0.6784,-1,-1,-1
115,7,514,236,69,200,0.5853,-1,-1,-1
115,5,1358,573,81,223,0.6079,-1,-1,-1
115,4,840,228,59,166,0.4094,-1,-1,-1
115,3,1129,933,76,147,0.7725,-1,-1,-1
115,2,1722,458,74,206,0.7671,-1,-1,-1
115,1,103,549,72,242,0.7508,-1,-1,-1
115,0,422,287,80,222,0.7722,-1,-1,-1
116,24,1114,148,88,172,0.5936,-1,-1,-1
116,17,388,788,102,269,0.8669,-1,-1,-1
116,16,933,211,60,183,0.6655,-1,-1,-1
116,10,58,666,79,219,0.6965,-1,-1,-1
116,7,513,237,75,200,0.6150,-1,-1,-1
116,5,1358,574,81,222,0.5960,-1,-1,-1
116,3,1127,934,74,146,0.7817,-1,-1,-1
116,2,1722,458,74,206,0.7690,-1,-1,-1
116,1,103,547,72,243,0.7267,-1,-1,-1
116,0,420,286,82,224,0.7587,-1,-1,-1
117,24,1110,147,88,174,0.5746,-1,-1,-1
117,17,388,786,104,270,0.8752,-1,-1,-1
117,16,932,212,58,181,0.6676,-1,-1,-1
117,10,66,673,72,208,0.5936,-1,-1,-1
117,7,515,238,76,201,0.6046,-1,-1,-1
117,5,1358,576,81,222,0.6071,-1,-1,-1
117,3,1125,932,74,148,0.7837,-1,-1,-1
117,2,1722,458,74,211,0.7763,-1,-1,-1
117,1,102,547,75,243,0.6096,-1,-1,-1
117,0,421,286,82,224,0.7519,-1,-1,-1
118,24,1108,147,89,174,0.5807,-1,-1,-1
118,17,390,784,103,275,0.8764,-1,-1,-1
118,16,927,211,64,185,0.7307,-1,-1,-1
118,10,72,675,71,202,0.4622,-1,-1,-1
118,7,515,238,75,204,0.6364,-1,-1,-1
118,5,1358,575,81,221,0.5944,-1,-1,-1
118,3,1121,930,77,150,0.7799,-1,-1,-1
118,2,1720,458,77,205,0.7709,-1,-1,-1
118,1,96,547,80,246,0.5993,-1,-1,-1
118,0,421,287,81,221,0.7542,-1,-1,-1
119,24,1102,147,91,173,0.6849,-1,-1,-1
119,23,479,159,55,173,0.3900,-1,-1,-1
119,17,389,783,106,274,0.8718,-1,-1,-1
119,16,926,210,63,186,0.6910,-1,-1,-1
119,10,79,671,67,202,0.3388,-1,-1,-1
119,7,516,240,75,203,0.6372,-1,-1,-1
119,5,1358,575,82,221,0.5915,-1,-1,-1
119,3,1119,930,76,150,0.8077,-1,-1,-1
119,2,1720,459,75,204,0.7880,-1,-1,-1
119,1,91,547,84,320,0.6049,-1,-1,-1
119,0,421,286,81,221,0.7551,-1,-1,-1
120,24,1102,145,90,172,0.6951,-1,-1,-1
120,23,478,161,55,172,0.3192,-1,-1,-1
120,17,391,782,104,276,0.8730,-1,-1,-1
120,16,926,211,63,186,0.7177,-1,-1,-1
120,10,82,669,62,199,0.4313,-1,-1,-1
120,7,518,241,75,201,0.6275,-1,-1,-1
120,5,1359,577,81,219,0.5900,-1,-1,-1
120,4,834,227,60,170,0.4301,-1,-1,-1
120,3,1114,929,79,151,0.8208,-1,-1,-1
120,2,1721,458,74,205,0.7824,-1,-1,-1
120,1,100,548,76,268,0.5981,-1,-1,-1
120,0,422,286,80,221,0.7661,-1,-1,-1
121,24,1102,147,89,168,0.6360,-1,-1,-1
121,23,479,164,54,170,0.3554,-1,-1,-1
121,17,391,780,105,277,0.8775,-1,-1,-1
121,16,924,212,63,186,0.7312,-1,-1,-1
121,10,83,666,63,208,0.4039,-1,-1,-1
121,7,521,244,74,196,0.6189,-1,-1,-1
121,5,1358,573,82,224,0.6084,-1,-1,-1
121,4,838,231,54,163,0.3836,-1,-1,-1
121,3,1110,930,79,150,0.8220,-1,-1,-1
121,2,1720,459,75,206,0.7813,-1,-1,-1
121,1,102,547,74,256,0.5653,-1,-1,-1
121,0,421,285,81,222,0.7568,-1,-1,-1
122,24,1106,144,86,173,0.5443,-1,-1,-1
122,23,478,164,56,169,0.3355,-1,-1,-1
122,17,390,780,105,276,0.8750,-1,-1,-1
122,16,923,212,60,186,0.6985,-1,-1,-1
122,10,88,664,64,210,0.4598,-1,-1,-1
122,7,521,245,74,194,0.5842,-1,-1,-1
122,5,1358,574,81,223,0.5917,-1,-1,-1
122,4,841,233,54,153,0.3715,-1,-1,-1
122,3,1107,931,79,149,0.8181,-1,-1,-1
122,2,1720,459,75,206,0.7804,-1,-1,-1
122,1,103,549,71,241,0.5851,-1,-1,-1
122,0,420,283,83,221,0.7384,-1,-1,-1
123,24,1110,143,78,174,0.5052,-1,-1,-1
123,23,478,165,55,162,0.3077,-1,-1,-1
123,17,391,778,106,277,0.8618,-1,-1,-1
123,16,923,212,58,186,0.6834,-1,-1,-1
123,10,92,665,66,210,0.4710,-1,-1,-1
123,7,521,246,75,195,0.6002,-1,-1,-1
123,5,1359,575,81,222,0.5861,-1,-1,-1
123,4,836,228,57,168,0.3656,-1,-1,-1
123,3,1104,931,79,149,0.8266,-1,-1,-1
123,2,1720,457,76,206,0.7654,-1,-1,-1
123,1,103,550,71,235,0.5672,-1,-1,-1
123,0,420,282,83,219,0.7361,-1,-1,-1
124,24,1110,142,70,172,0.4335,-1,-1,-1
124,23,478,166,55,160,0.3227,-1,-1,-1
124,17,391,777,110,273,0.8617,-1,-1,-1
124,16,921,213,55,185,0.6643,-1,-1,-1
124,10,96,664,67,212,0.4690,-1,-1,-1
124,7,521,248,75,195,0.6204,-1,-1,-1
124,5,1359,575,80,221,0.5858,-1,-1,-1
124,4,835,228,58,170,0.4052,-1,-1,-1
124,3,1100,929,81,151,0.8229,-1,-1,-1
124,2,1721,457,75,207,0.7673,-1,-1,-1
124,1,103,547,73,228,0.5896,-1,-1,-1
124,0,420,280,83,216,0.7468,-1,-1,-1
125,24,1106,142,66,169,0.5519,-1,-1,-1
125,23,478,166,56,157,0.3378,-1,-1,-1
125,17,389,775,108,274,0.8513,-1,-1,-1
125,16,920,211,54,188,0.6378,-1,-1,-1
125,10,95,652,71,217,0.3706,-1,-1,-1
125,7,521,248,74,193,0.6376,-1,-1,-1
125,5,1359,576,80,219,0.5574,-1,-1,-1
125,4,839,235,55,162,0.3996,-1,-1,-1
125,3,1096,928,82,152,0.8021,-1,-1,-1
125,2,1720,458,75,207,0.7748,-1,-1,-1
125,1,102,548,71,233,0.4974,-1,-1,-1
125,0,421,279,82,213,0.7625,-1,-1,-1
126,27,783,222,65,177,0.3702,-1,-1,-1
126,24,1104,139,64,173,0.6598,-1,-1,-1
126,23,478,167,56,166,0.3469,-1,-1,-1
126,17,388,769,107,280,0.8488,-1,-1,-1
126,16,919,211,52,189,0.6690,-1,-1,-1
126,7,522,250,74,192,0.6290,-1,-1,-1
126,5,1358,574,81,222,0.5882,-1,-1,-1
126,4,831,232,62,169,0.4373,-1,-1,-1
126,3,1093,928,83,152,0.8372,-1,-1,-1
126,2,1720,458,75,206,0.7684,-1,-1,-1
126,1,103,547,72,247,0.6036,-1,-1,-1
126,0,420,279,83,212,0.7664,-1,-1,-1
127,24,1106,139,57,172,0.6514,-1,-1,-1
127,23,477,167,57,168,0.3340,-1,-1,-1
127,17,388,761,106,284,0.8370,-1,-1,-1
127,16,917,212,52,187,0.6400,-1,-1,-1
127,7,523,248,73,194,0.6337,-1,-1,-1
127,5,1359,574,81,222,0.5775,-1,-1,-1
127,4,830,236,62,167,0.3571,-1,-1,-1
127,3,1090,927,84,153,0.8373,-1,-1,-1
127,2,1721,458,75,206,0.7720,-1,-1,-1
127,1,103,547,73,245,0.6087,-1,-1,-1
127,0,421,277,82,214,0.7658,-1,-1,-1
128,24,1100,138,59,175,0.6407,-1,-1,-1
128,23,477,168,58,167,0.3751,-1,-1,-1
128,17,390,759,101,278,0.8671,-1,-1,-1
128,16,914,212,55,188,0.6623,-1,-1,-1
128,7,524,249,70,195,0.5813,-1,-1,-1
128,5,1359,575,80,221,0.5873,-1,-1,-1
128,4,829,236,63,171,0.4488,-1,-1,-1
128,3,1089,927,80,153,0.8492,-1,-1,-1
128,2,1721,458,74,205,0.7760,-1,-1,-1
128,1,104,547,70,243,0.7310,-1,-1,-1
128,0,422,275,79,216,0.7620,-1,-1,-1
129,24,1097,138,60,169,0.6528,-1,-1,-1
129,23,476,169,59,167,0.3322,-1,-1,-1
129,17,393,757,97,269,0.8702,-1,-1,-1
129,16,912,211,55,187,0.6277,-1,-1,-1
129,7,526,249,67,198,0.5652,-1,-1,-1
129,5,1360,576,80,220,0.5774,-1,-1,-1
129,4,823,240,69,167,0.3909,-1,-1,-1
129,3,1087,926,80,154,0.8399,-1,-1,-1
129,2,1721,457,74,206,0.7755,-1,-1,-1
129,1,103,547,71,243,0.7595,-1,-1,-1
129,0,422,274,79,217,0.7549,-1,-1,-1
130,24,1094,139,62,175,0.5315,-1,-1,-1
130,23,474,172,59,166,0.3121,-1,-1,-1
130,17,394,754,95,265,0.8542,-1,-1,-1
130,16,907,212,59,186,0.6130,-1,-1,-1
130,7,527,249,67,202,0.5780,-1,-1,-1
130,5,1359,576,83,221,0.5692,-1,-1,-1
130,4,824,241,67,171,0.3324,-1,-1,-1
130,3,1085,926,79,154,0.8231,-1,-1,-1
130,2,1721,457,75,207,0.7639,-1,-1,-1
130,1,103,548,72,243,0.7628,-1,-1,-1
130,0,421,273,79,218,0.7440,-1,-1,-1
131,24,1091,139,63,174,0.5379,-1,-1,-1
131,17,394,752,94,263,0.8382,-1,-1,-1
131,16,903,211,61,187,0.6216,-1,-1,-1
131,7,527,248,65,207,0.5692,-1,-1,-1
131,5,1359,576,83,222,0.5834,-1,-1,-1
131,4,823,242,69,171,0.4257,-1,-1,-1
131,3,1081,925,81,155,0.8222,-1,-1,-1
131,2,1722,458,73,206,0.7756,-1,-1,-1
131,1,103,547,73,244,0.7654,-1,-1,-1
131,0,422,273,78,218,0.7407,-1,-1,-1
132,24,1087,140,60,169,0.4875,-1,-1,-1
132,17,392,751,95,264,0.8265,-1,-1,-1
132,16,899,212,63,186,0.5690,-1,-1,-1
132,7,527,248,65,211,0.5940,-1,-1,-1
132,5,1358,575,84,221,0.5735,-1,-1,-1
132,4,824,244,67,171,0.4934,-1,-1,-1
132,3,1080,925,80,155,0.8134,-1,-1,-1
132,2,1722,458,73,206,0.7752,-1,-1,-1
132,1,104,548,73,245,0.7487,-1,-1,-1
132,0,422,275,78,217,0.7422,-1,-1,-1
133,27,775,234,61,174,0.3109,-1,-1,-1
133,25,576,248,53,191,0.3755,-1,-1,-1
133,24,1081,139,63,170,0.5079,-1,-1,-1
133,17,391,750,95,265,0.8325,-1,-1,-1
133,16,897,211,63,186,0.6017,-1,-1,-1
133,7,530,248,62,212,0.6054,-1,-1,-1
133,5,1359,573,83,222,0.5992,-1,-1,-1
133,4,823,245,67,171,0.4600,-1,-1,-1
133,3,1078,924,80,156,0.8028,-1,-1,-1
133,2,1721,457,74,206,0.7714,-1,-1,-1
133,1,104,548,76,241,0.6648,-1,-1,-1
133,0,420,275,80,218,0.7404,-1,-1,-1
134,27,771,235,62,176,0.3454,-1,-1,-1
134,25,577,253,53,187,0.3999,-1,-1,-1
134,24,1072,138,71,173,0.5198,-1,-1,-1
134,17,389,749,97,265,0.8392,-1,-1,-1
134,16,895,211,63,185,0.5712,-1,-1,-1
134,7,530,250,60,211,0.6362,-1,-1,-1
134,5,1359,574,83,223,0.5701,-1,-1,-1
134,4,820,248,69,170,0.4684,-1,-1,-1
134,3,1077,924,79,156,0.7648,-1,-1,-1
134,2,1722,458,73,206,0.7622,-1,-1,-1
134,1,104,550,76,235,0.7186,-1,-1,-1
134,0,420,274,79,217,0.7239,-1,-1,-1
135,27,771,237,65,177,0.3914,-1,-1,-1
135,25,576,255,53,184,0.4465,-1,-1,-1
135,24,1057,139,83,173,0.6095,-1,-1,-1
135,17,388,747,98,268,0.8500,-1,-1,-1
135,16,895,210,61,184,0.5626,-1,-1,-1
135,7,529,253,62,208,0.5970,-1,-1,-1
135,5,1359,574,82,222,0.5756,-1,-1,-1
135,4,821,248,66,170,0.4717,-1,-1,-1
135,3,1077,927,77,153,0.7596,-1,-1,-1
135,2,1720,457,75,207,0.7642,-1,-1,-1
135,1,104,549,77,236,0.7628,-1,-1,-1
135,0,418,273,81,218,0.7190,-1,-1,-1
136,27,771,237,63,179,0.3642,-1,-1,-1
136,25,576,248,55,186,0.4052,-1,-1,-1
136,24,1049,139,90,173,0.6838,-1,-1,-1
136,17,385,745,101,268,0.8349,-1,-1,-1
136,16,892,210,65,188,0.5060,-1,-1,-1
136,7,530,253,60,208,0.5582,-1,-1,-1
136,5,1360,576,81,222,0.5734,-1,-1,-1
136,4,820,249,61,166,0.5130,-1,-1,-1
136,3,1076,926,75,153,0.7588,-1,-1,-1
136,2,1721,457,75,207,0.7764,-1,-1,-1
136,1,104,549,76,235,0.6748,-1,-1,-1
136,0,419,273,80,216,0.7327,-1,-1,-1
137,27,772,240,58,177,0.3895,-1,-1,-1
137,25,575,248,56,186,0.3728,-1,-1,-1
137,24,1046,138,90,173,0.7007,-1,-1,-1
137,17,384,744,102,269,0.8348,-1,-1,-1
137,16,892,211,66,187,0.5405,-1,-1,-1
137,7,531,255,58,206,0.5563,-1,-1,-1
137,5,1361,577,80,220,0.5609,-1,-1,-1
137,4,819,245,59,175,0.5145,-1,-1,-1
137,3,1074,926,76,153,0.7536,-1,-1,-1
137,2,1722,458,73,205,0.7663,-1,-1,-1
137,1,103,550,72,233,0.6175,-1,-1,-1
137,0,419,271,81,218,0.6993,-1,-1,-1
138,27,775,239,54,179,0.3747,-1,-1,-1
138,25,576,252,53,185,0.4039,-1,-1,-1
138,24,1040,139,94,171,0.7018,-1,-1,-1
138,17,384,743,100,268,0.8517,-1,-1,-1
138,16,891,211,54,180,0.5523,-1,-1,-1
138,7,532,256,56,204,0.5102,-1,-1,-1
138,5,1361,576,80,222,0.5505,-1,-1,-1
138,4,818,247,58,172,0.4600,-1,-1,-1
138,3,1073,926,74,153,0.7520,-1,-1,-1
138,2,1721,457,74,206,0.7605,-1,-1,-1
138,1,103,550,67,235,0.6043,-1,-1,-1
138,0,419,270,81,219,0.6803,-1,-1,-1
139,27,774,238,56,180,0.3752,-1,-1,-1
139,25,575,253,54,183,0.4761,-1,-1,-1
139,24,1041,139,91,171,0.7118,-1,-1,-1
139,17,382,742,102,268,0.8651,-1,-1,-1
139,16,887,209,57,187,0.6049,-1,-1,-1
139,10,132,631,93,209,0.5392,-1,-1,-1
139,7,530,260,56,199,0.5126,-1,-1,-1
139,5,1359,576,83,222,0.6120,-1,-1,-1
139,4,818,247,56,175,0.5078,-1,-1,-1
139,3,1069,925,75,154,0.7827,-1,-1,-1
139,2,1721,457,75,207,0.7840,-1,-1,-1
139,1,103,549,66,236,0.6588,-1,-1,-1
139,0,418,269,81,218,0.6958,-1,-1,-1
140,27,773,239,56,177,0.3891,-1,-1,-1
140,25,577,253,53,183,0.5290,-1,-1,-1
140,24,1042,140,89,171,0.6721,-1,-1,-1
140,17,385,739,99,269,0.8537,-1,-1,-1
140,16,887,210,54,181,0.6059,-1,-1,-1
140,10,140,631,97,208,0.6950,-1,-1,-1
140,7,530,258,58,203,0.5525,-1,-1,-1
140,5,1359,577,82,220,0.6074,-1,-1,-1
140,4,818,247,56,174,0.4717,-1,-1,-1
140,3,1067,924,75,155,0.7773,-1,-1,-1
140,2,1721,458,75,206,0.7767,-1,-1,-1
140,1,103,548,66,238,0.6645,-1,-1,-1
140,0,418,269,80,215,0.7069,-1,-1,-1
141,27,771,240,54,177,0.3688,-1,-1,-1
141,25,578,252,53,184,0.5893,-1,-1,-1
141,24,1044,140,85,169,0.6645,-1,-1,-1
141,17,385,736,98,271,0.8544,-1,-1,-1
141,16,883,209,58,185,0.6382,-1,-1,-1
141,10,142,632,97,206,0.7139,-1,-1,-1
141,7,530,257,59,203,0.5482,-1,-1,-1
141,5,1359,576,82,221,0.5994,-1,-1,-1
141,4,817,249,56,172,0.4048,-1,-1,-1
141,3,1064,922,76,156,0.7580,-1,-1,-1
141,2,1721,457,75,207,0.7800,-1,-1,-1
141,1,103,547,68,239,0.7107,-1,-1,-1
141,0,417,267,81,215,0.6987,-1,-1,-1
142,27,767,240,58,177,0.4007,-1,-1,-1
142,25,579,252,53,184,0.6098,-1,-1,-1
142,24,1040,139,89,168,0.7241,-1,-1,-1
142,17,387,734,95,270,0.8467,-1,-1,-1
142,16,877,208,61,187,0.6453,-1,-1,-1
142,10,147,630,93,208,0.7078,-1,-1,-1
142,7,529,257,60,204,0.5620,-1,-1,-1
142,5,1360,575,83,222,0.5784,-1,-1,-1
142,4,817,250,53,171,0.3917,-1,-1,-1
142,3,1062,923,76,155,0.7428,-1,-1,-1
142,2,1722,458,73,206,0.7747,-1,-1,-1
142,1,104,548,68,240,0.7234,-1,-1,-1
142,0,418,269,77,210,0.6984,-1,-1,-1
143,27,764,240,59,177,0.3644,-1,-1,-1
143,25,580,252,52,184,0.5023,-1,-1,-1
143,24,1042,137,80,168,0.7108,-1,-1,-1
143,17,390,732,92,272,0.8607,-1,-1,-1
143,16,876,208,58,187,0.6261,-1,-1,-1
143,10,151,628,88,210,0.6858,-1,-1,-1
143,7,529,261,58,201,0.5306,-1,-1,-1
143,5,1359,575,83,222,0.5904,-1,-1,-1
143,3,1060,922,75,156,0.7188,-1,-1,-1
143,2,1721,457,74,207,0.7658,-1,-1,-1
143,1,104,548,69,241,0.7673,-1,-1,-1
143,0,417,267,78,210,0.7320,-1,-1,-1
144,27,764,241,58,175,0.3484,-1,-1,-1
144,25,580,253,53,186,0.4822,-1,-1,-1
144,24,1041,136,77,168,0.7295,-1,-1,-1
144,23,479,184,57,172,0.4404,-1,-1,-1
144,17,391,730,91,267,0.8306,-1,-1,-1
144,16,874,205,60,191,0.6537,-1,-1,-1
144,10,153,626,83,212,0.6840,-1,-1,-1
144,7,529,265,57,197,0.5250,-1,-1,-1
144,5,1361,577,81,220,0.5676,-1,-1,-1
144,3,1060,921,72,157,0.7134,-1,-1,-1
144,2,1722,458,73,206,0.7738,-1,-1,-1
144,1,104,547,69,242,0.7627,-1,-1,-1
144,0,416,265,79,211,0.7355,-1,-1,-1
145,27,762,239,63,176,0.3530,-1,-1,-1
145,25,583,250,54,184,0.5301,-1,-1,-1
145,24,1040,135,75,168,0.6703,-1,-1,-1
145,23,481,186,55,172,0.3850,-1,-1,-1
145,17,394,725,88,261,0.8421,-1,-1,-1
145,16,870,206,63,189,0.6354,-1,-1,-1
145,10,155,622,80,216,0.6922,-1,-1,-1
145,7,528,264,58,199,0.5362,-1,-1,-1
145,5,1360,576,82,221,0.5886,-1,-1,-1
145,3,1057,921,71,157,0.6875,-1,-1,-1
145,2,1722,458,73,206,0.7734,-1,-1,-1
145,1,104,547,71,247,0.7560,-1,-1,-1
145,0,415,262,80,212,0.7316,-1,-1,-1
146,27,761,240,62,179,0.3831,-1,-1,-1
146,25,583,251,54,190,0.4952,-1,-1,-1
146,24,1040,134,66,171,0.5845,-1,-1,-1
146,23,481,189,55,170,0.3074,-1,-1,-1
146,17,394,721,89,256,0.8235,-1,-1,-1
146,16,869,204,62,189,0.5736,-1,-1,-1
146,10,155,620,81,216,0.7224,-1,-1,-1
146,7,526,261,62,203,0.5457,-1,-1,-1
146,5,1359,576,82,221,0.6207,-1,-1,-1
146,3,1058,919,66,161,0.6850,-1,-1,-1
146,2,1721,457,75,208,0.7677,-1,-1,-1
146,1,104,547,71,247,0.7481,-1,-1,-1
146,0,415,260,79,213,0.7210,-1,-1,-1
147,27,759,242,62,183,0.3613,-1,-1,-1
147,25,584,252,56,186,0.5006,-1,-1,-1
147,24,1039,133,62,172,0.5139,-1,-1,-1
147,23,483,190,54,169,0.3952,-1,-1,-1
147,17,394,718,91,257,0.7981,-1,-1,-1
147,16,867,203,64,191,0.5337,-1,-1,-1
147,10,159,619,79,215,0.7112,-1,-1,-1
147,7,527,264,61,203,0.5546,-1,-1,-1
147,5,1360,576,81,221,0.6070,-1,-1,-1
147,3,1057,920,60,160,0.7010,-1,-1,-1
147,2,1721,458,75,206,0.7745,-1,-1,-1
147,1,103,549,72,246,0.7320,-1,-1,-1
147,0,414,260,82,214,0.7030,-1,-1,-1
148,27,758,245,62,180,0.3609,-1,-1,-1
148,25,585,254,55,187,0.4743,-1,-1,-1
148,24,1037,132,59,171,0.5053,-1,-1,-1
148,23,485,193,53,167,0.3039,-1,-1,-1
148,17,394,713,93,260,0.7961,-1,-1,-1
148,16,866,203,64,190,0.5168,-1,-1,-1
148,10,169,620,67,210,0.7793,-1,-1,-1
148,7,528,267,60,201,0.5414,-1,-1,-1
148,5,1359,576,83,223,0.5849,-1,-1,-1
148,4,811,257,57,162,0.3008,-1,-1,-1
148,3,1057,919,57,161,0.7189,-1,-1,-1
148,2,1721,458,75,206,0.7659,-1,-1,-1
148,1,104,547,70,246,0.7297,-1,-1,-1
148,0,414,258,78,213,0.6934,-1,-1,-1
149,27,758,244,64,187,0.3583,-1,-1,-1
149,25,586,256,55,190,0.4465,-1,-1,-1
149,24,1036,130,56,171,0.5686,-1,-1,-1
149,17,396,712,93,259,0.8088,-1,-1,-1
149,16,865,204,63,187,0.4880,-1,-1,-1
149,10,171,619,66,210,0.7808,-1,-1,-1
149,7,529,270,58,199,0.5158,-1,-1,-1
149,5,1360,576,81,221,0.5964,-1,-1,-1
149,3,1056,917,57,163,0.7475,-1,-1,-1
149,2,1720,459,76,206,0.7636,-1,-1,-1
149,1,104,547,70,246,0.7310,-1,-1,-1
149,0,415,258,76,213,0.6858,-1,-1,-1
150,27,758,251,62,183,0.3867,-1,-1,-1
150,25,588,263,57,180,0.4381,-1,-1,-1
150,24,1033,130,57,172,0.6101,-1,-1,-1
150,17,396,711,96,260,0.8027,-1,-1,-1
150,16,864,203,64,188,0.5071,-1,-1,-1
150,10,177,618,62,210,0.7497,-1,-1,-1
150,7,530,277,57,195,0.5472,-1,-1,-1
150,5,1359,574,83,223,0.6121,-1,-1,-1
150,3,1054,915,56,165,0.7615,-1,-1,-1
150,2,1720,459,75,206,0.7617,-1,-1,-1
150,1,104,548,70,245,0.7343,-1,-1,-1
150,0,415,258,77,213,0.6753,-1,-1,-1
151,27,758,248,63,184,0.3758,-1,-1,-1
151,25,590,265,57,182,0.4823,-1,-1,-1
151,24,1028,131,60,174,0.6311,-1,-1,-1
151,17,396,708,98,263,0.8082,-1,-1,-1
151,16,861,204,66,190,0.5034,-1,-1,-1
151,10,180,616,63,212,0.7078,-1,-1,-1
151,7,529,274,58,201,0.5882,-1,-1,-1
151,5,1358,575,82,222,0.6031,-1,-1,-1
151,3,1052,911,56,169,0.7742,-1,-1,-1
151,2,1722,458,72,206,0.7633,-1,-1,-1
151,1,103,548,73,247,0.7421,-1,-1,-1
151,0,414,257,80,216,0.6756,-1,-1,-1
152,27,757,251,63,180,0.4506,-1,-1,-1
152,25,591,267,57,182,0.4969,-1,-1,-1
152,24,1025,131,60,171,0.5734,-1,-1,-1
152,17,397,708,97,263,0.7849,-1,-1,-1
152,16,862,204,64,190,0.5336,-1,-1,-1
152,10,179,614,67,217,0.6994,-1,-1,-1
152,7,530,273,57,203,0.6341,-1,-1,-1
152,5,1359,575,82,222,0.6192,-1,-1,-1
152,4,814,264,53,162,0.3989,-1,-1,-1
152,3,1051,910,56,170,0.7811,-1,-1,-1
152,2,1721,458,74,206,0.7685,-1,-1,-1
152,1,102,549,74,245,0.7345,-1,-1,-1
152,0,416,257,76,213,0.6866,-1,-1,-1
153,27,757,251,64,181,0.4074,-1,-1,-1
153,25,593,270,57,179,0.4665,-1,-1,-1
153,24,1020,132,62,171,0.5663,-1,-1,-1
153,17,398,708,97,264,0.7684,-1,-1,-1
153,16,860,204,65,190,0.5263,-1,-1,-1
153,10,188,613,62,214,0.6801,-1,-1,-1
153,7,530,276,56,199,0.6146,-1,-1,-1
153,5,1359,575,81,221,0.6057,-1,-1,-1
153,4,814,261,53,167,0.3431,-1,-1,-1
153,3,1047,910,59,169,0.8061,-1,-1,-1
153,2,1721,457,74,206,0.7621,-1,-1,-1
153,1,102,549,74,245,0.7219,-1,-1,-1
153,0,415,256,79,215,0.6639,-1,-1,-1
154,27,757,252,64,180,0.4258,-1,-1,-1
154,25,594,273,58,180,0.4650,-1,-1,-1
154,24,1011,132,68,171,0.5348,-1,-1,-1
154,17,398,708,98,263,0.7670,-1,-1,-1
154,16,859,204,65,190,0.5769,-1,-1,-1
154,10,190,611,64,215,0.6830,-1,-1,-1
154,7,532,280,53,195,0.6054,-1,-1,-1
154,5,1359,575,82,222,0.5932,-1,-1,-1
154,4,813,265,54,165,0.3180,-1,-1,-1
154,3,1045,909,59,170,0.8098,-1,-1,-1
154,2,1720,459,76,203,0.7543,-1,-1,-1
154,1,102,549,76,247,0.7409,-1,-1,-1
154,0,415,256,78,213,0.6921,-1,-1,-1
155,27,757,250,63,182,0.4399,-1,-1,-1
155,25,593,274,60,180,0.4974,-1,-1,-1
155,24,997,129,79,173,0.4904,-1,-1,-1
155,17,397,704,100,266,0.7886,-1,-1,-1
155,16,856,201,67,190,0.5725,-1,-1,-1
155,10,194,611,65,215,0.6892,-1,-1,-1
155,7,534,281,52,193,0.6060,-1,-1,-1
155,5,1360,575,81,223,0.5894,-1,-1,-1
155,4,810,265,56,167,0.3382,-1,-1,-1
155,3,1043,910,61,170,0.8031,-1,-1,-1
155,2,1721,458,74,205,0.7597,-1,-1,-1
155,1,102,549,75,246,0.7473,-1,-1,-1
155,0,417,255,76,214,0.7225,-1,-1,-1
156,27,756,250,67,183,0.4222,-1,-1,-1
156,25,594,273,61,179,0.4615,-1,-1,-1
156,24,991,131,82,170,0.6662,-1,-1,-1
156,17,398,701,100,268,0.7898,-1,-1,-1
156,16,854,200,69,190,0.5921,-1,-1,-1
156,10,195,609,66,216,0.7174,-1,-1,-1
156,7,533,279,53,193,0.5793,-1,-1,-1
156,5,1358,575,82,224,0.5759,-1,-1,-1
156,3,1042,909,61,170,0.7727,-1,-1,-1
156,2,1721,458,74,205,0.7652,-1,-1,-1
156,1,102,550,75,245,0.7485,-1,-1,-1
156,0,419,254,75,211,0.7090,-1,-1,-1
157,27,756,250,69,184,0.4071,-1,-1,-1
157,25,593,272,61,180,0.5262,-1,-1,-1
157,24,987,130,86,171,0.6526,-1,-1,-1
157,17,399,701,98,268,0.8018,-1,-1,-1
157,16,854,199,68,188,0.5719,-1,-1,-1
157,10,195,608,68,218,0.7163,-1,-1,-1
157,7,534,281,51,192,0.6045,-1,-1,-1
157,5,1359,576,81,222,0.5555,-1,-1,-1
157,3,1041,910,61,169,0.7353,-1,-1,-1
157,2,1720,459,77,203,0.7592,-1,-1,-1
157,1,102,549,75,246,0.7502,-1,-1,-1
157,0,418,253,76,209,0.7053,-1,-1,-1
158,27,756,250,66,186,0.3770,-1,-1,-1
158,25,594,274,61,178,0.5452,-1,-1,-1
158,24,986,130,85,173,0.7130,-1,-1,-1
158,17,399,699,98,267,0.8173,-1,-1,-1
158,16,851,197,71,188,0.5577,-1,-1,-1
158,10,197,607,66,215,0.7079,-1,-1,-1
158,7,532,282,54,191,0.5639,-1,-1,-1
158,5,1359,574,82,223,0.5910,-1,-1,-1
158,3,1039,909,62,170,0.7316,-1,-1,-1
158,2,1721,458,74,206,0.7691,-1,-1,-1
158,1,102,550,75,244,0.7601,-1,-1,-1
158,0,418,249,76,215,0.6895,-1,-1,-1
159,27,754,246,67,195,0.3130,-1,-1,-1
159,25,595,275,60,177,0.5409,-1,-1,-1
159,24,982,132,88,173,0.6699,-1,-1,-1
159,17,402,695,94,269,0.8188,-1,-1,-1
159,16,852,197,72,192,0.5780,-1,-1,-1
159,10,199,606,65,213,0.6585,-1,-1,-1
159,7,533,282,53,192,0.5756,-1,-1,-1
159,5,1359,575,83,223,0.5695,-1,-1,-1
159,3,1038,909,60,171,0.7319,-1,-1,-1
159,2,1722,458,73,205,0.7637,-1,-1,-1
159,1,102,550,75,244,0.7581,-1,-1,-1
159,0,418,248,76,214,0.6637,-1,-1,-1
160,27,756,248,69,193,0.3438,-1,-1,-1
160,25,595,274,60,178,0.5346,-1,-1,-1
160,24,982,132,86,171,0.6438,-1,-1,-1
160,17,403,692,93,263,0.8429,-1,-1,-1
160,16,851,197,70,195,0.5936,-1,-1,-1
160,10,202,603,65,214,0.6191,-1,-1,-1
160,7,532,281,55,195,0.5629,-1,-1,-1
160,5,1360,575,81,222,0.5477,-1,-1,-1
160,3,1037,908,59,172,0.7383,-1,-1,-1
160,2,1721,458,74,205,0.7525,-1,-1,-1
160,1,102,550,75,244,0.7528,-1,-1,-1
160,0,418,245,76,217,0.6568,-1,-1,-1
161,27,755,251,67,189,0.3528,-1,-1,-1
161,25,595,275,61,179,0.5012,-1,-1,-1
161,24,980,131,86,169,0.6047,-1,-1,-1
161,17,403,688,92,258,0.8343,-1,-1,-1
161,16,850,196,70,189,0.5304,-1,-1,-1
161,10,208,599,60,212,0.6273,-1,-1,-1
161,7,530,282,57,196,0.5649,-1,-1,-1
161,5,1359,577,83,222,0.5784,-1,-1,-1
161,3,1035,907,59,173,0.7516,-1,-1,-1
161,2,1722,458,74,206,0.7401,-1,-1,-1
161,1,102,550,75,244,0.7509,-1,-1,-1
161,0,417,243,79,214,0.6562,-1,-1,-1
162,27,756,252,67,192,0.4193,-1,-1,-1
162,25,595,277,62,179,0.5372,-1,-1,-1
162,24,982,130,82,171,0.5724,-1,-1,-1
162,17,403,684,91,257,0.8307,-1,-1,-1
162,16,848,195,72,186,0.5632,-1,-1,-1
162,10,209,600,63,206,0.6945,-1,-1,-1
162,7,526,287,61,194,0.5576,-1,-1,-1
162,5,1362,572,76,233,0.5695,-1,-1,-1
162,3,1035,905,59,175,0.7303,-1,-1,-1
162,2,1722,458,74,207,0.7488,-1,-1,-1
162,1,102,550,75,246,0.7514,-1,-1,-1
162,0,418,242,76,214,0.7158,-1,-1,-1
163,27,756,255,64,186,0.4004,-1,-1,-1
163,25,597,278,61,177,0.5163,-1,-1,-1
163,24,985,127,75,174,0.5173,-1,-1,-1
163,17,402,680,92,258,0.8434,-1,-1,-1
163,16,848,194,72,187,0.6324,-1,-1,-1
163,10,210,598,65,206,0.7078,-1,-1,-1
163,7,527,287,59,197,0.5893,-1,-1,-1
163,5,1362,574,77,231,0.5435,-1,-1,-1
163,3,1034,904,60,175,0.7344,-1,-1,-1
163,2,1720,458,76,207,0.7472,-1,-1,-1
163,1,102,550,74,246,0.7571,-1,-1,-1
163,0,418,241,77,213,0.6989,-1,-1,-1
164,27,754,258,62,182,0.3901,-1,-1,-1
164,25,598,279,60,174,0.5428,-1,-1,-1
164,24,984,125,71,175,0.5262,-1,-1,-1
164,17,401,679,93,258,0.8373,-1,-1,-1
164,16,849,193,72,191,0.5945,-1,-1,-1
164,10,212,595,65,208,0.7132,-1,-1,-1
164,7,527,290,59,197,0.5882,-1,-1,-1
164,5,1359,577,83,221,0.5523,-1,-1,-1
164,3,1031,904,62,175,0.7130,-1,-1,-1
164,2,1721,458,75,207,0.7488,-1,-1,-1
164,1,101,551,75,244,0.7577,-1,-1,-1
164,0,418,240,79,213,0.7243,-1,-1,-1
165,27,753,260,65,188,0.3781,-1,-1,-1
165,25,598,280,60,173,0.5473,-1,-1,-1
165,24,984,124,64,175,0.5407,-1,-1,-1
165,17,399,676,95,261,0.8256,-1,-1,-1
165,16,849,193,72,194,0.5708,-1,-1,-1
165,10,213,593,66,213,0.7182,-1,-1,-1
165,7,528,291,58,196,0.5226,-1,-1,-1
165,5,1359,578,83,221,0.5589,-1,-1,-1
165,3,1028,904,64,175,0.7200,-1,-1,-1
165,2,1721,458,75,207,0.7421,-1,-1,-1
165,1,102,550,74,245,0.7541,-1,-1,-1
165,0,419,239,79,213,0.7019,-1,-1,-1
166,27,754,263,59,185,0.3542,-1,-1,-1
166,25,599,281,58,173,0.5422,-1,-1,-1
166,24,984,124,59,174,0.4449,-1,-1,-1
166,17,399,675,96,262,0.8224,-1,-1,-1
166,16,848,192,74,194,0.6174,-1,-1,-1
166,10,214,591,68,214,0.7248,-1,-1,-1
166,7,527,298,59,190,0.4633,-1,-1,-1
166,5,1359,577,82,222,0.5764,-1,-1,-1
166,3,1026,905,65,173,0.6864,-1,-1,-1
166,2,1722,458,74,208,0.7485,-1,-1,-1
166,1,102,549,74,247,0.7593,-1,-1,-1
166,0,419,239,77,214,0.7311,-1,-1,-1
167,27,753,259,60,191,0.3755,-1,-1,-1
167,25,600,282,57,173,0.5159,-1,-1,-1
167,24,980,123,58,174,0.4550,-1,-1,-1
167,17,397,673,97,264,0.8215,-1,-1,-1
167,16,849,191,74,196,0.5750,-1,-1,-1
167,10,216,588,73,216,0.7068,-1,-1,-1
167,7,531,299,56,190,0.4719,-1,-1,-1
167,5,1359,576,82,222,0.5730,-1,-1,-1
167,3,1024,905,67,173,0.6892,-1,-1,-1
167,2,1721,458,75,207,0.7493,-1,-1,-1
167,1,101,549,75,247,0.7559,-1,-1,-1
167,0,419,241,77,212,0.7132,-1,-1,-1
168,27,754,259,58,192,0.3498,-1,-1,-1
168,25,601,282,58,173,0.4873,-1,-1,-1
168,24,978,123,57,176,0.4813,-1,-1,-1
168,17,396,673,98,263,0.8034,-1,-1,-1
168,16,851,191,72,195,0.5887,-1,-1,-1
168,10,220,588,74,212,0.7067,-1,-1,-1
168,7,533,296,54,194,0.4420,-1,-1,-1
168,5,1360,576,81,222,0.5618,-1,-1,-1
168,4,799,280,57,173,0.3979,-1,-1,-1
168,3,1022,904,65,174,0.6752,-1,-1,-1
168,2,1722,459,75,211,0.7513,-1,-1,-1
168,1,101,550,76,247,0.7592,-1,-1,-1
168,0,418,238,77,216,0.7219,-1,-1,-1
169,27,754,258,58,192,0.3752,-1,-1,-1
169,25,600,280,61,176,0.5003,-1,-1,-1
169,24,976,122,56,172,0.4966,-1,-1,-1
169,17,396,671,98,265,0.8014,-1,-1,-1
169,16,851,191,73,192,0.5776,-1,-1,-1
169,10,221,587,75,214,0.7072,-1,-1,-1
169,7,530,301,57,190,0.4218,-1,-1,-1
169,5,1360,576,83,222,0.5550,-1,-1,-1
169,4,799,280,56,174,0.3534,-1,-1,-1
169,3,1021,905,66,174,0.6995,-1,-1,-1
169,2,1721,459,75,211,0.7525,-1,-1,-1
169,1,101,549,77,249,0.7488,-1,-1,-1
169,0,419,240,79,211,0.7278,-1,-1,-1
170,27,753,260,59,192,0.3734,-1,-1,-1
170,25,600,280,59,176,0.4795,-1,-1,-1
170,24,973,121,57,172,0.4397,-1,-1,-1
170,17,396,671,97,265,0.7909,-1,-1,-1
170,16,853,190,71,194,0.5782,-1,-1,-1
170,10,219,585,75,217,0.6872,-1,-1,-1
170,7,530,300,57,193,0.4499,-1,-1,-1
170,5,1360,575,83,222,0.5428,-1,-1,-1
170,4,797,280,60,177,0.3373,-1,-1,-1
170,3,1018,906,67,172,0.6767,-1,-1,-1
170,2,1720,459,77,211,0.7562,-1,-1,-1
170,1,101,549,76,249,0.7528,-1,-1,-1
170,0,419,239,79,211,0.7134,-1,-1,-1
171,27,753,263,59,190,0.4053,-1,-1,-1
171,25,602,281,59,175,0.4343,-1,-1,-1
171,24,966,123,62,176,0.3596,-1,-1,-1
171,17,396,668,98,265,0.7717,-1,-1,-1
171,16,856,190,68,194,0.5363,-1,-1,-1
171,10,222,585,75,213,0.7055,-1,-1,-1
171,7,529,303,56,190,0.4650,-1,-1,-1
171,5,1360,574,82,223,0.5181,-1,-1,-1
171,4,797,280,59,177,0.3163,-1,-1,-1
171,3,1016,905,65,174,0.6809,-1,-1,-1
171,2,1721,458,75,208,0.7454,-1,-1,-1
171,1,100,549,78,249,0.7522,-1,-1,-1
171,0,418,239,79,212,0.6963,-1,-1,-1
172,27,752,266,58,187,0.3624,-1,-1,-1
172,25,603,283,58,173,0.4871,-1,-1,-1
172,24,963,123,61,173,0.4552,-1,-1,-1
172,17,397,666,96,265,0.7506,-1,-1,-1
172,16,858,189,67,193,0.5714,-1,-1,-1
172,10,222,583,72,215,0.7063,-1,-1,-1
172,7,529,300,55,193,0.5174,-1,-1,-1
172,5,1359,574,83,224,0.5160,-1,-1,-1
172,4,794,275,59,184,0.3366,-1,-1,-1
172,3,1013,908,65,170,0.6524,-1,-1,-1
172,2,1721,459,76,211,0.7493,-1,-1,-1
172,1,100,549,77,248,0.7528,-1,-1,-1
172,0,417,238,81,215,0.6929,-1,-1,-1
173,27,753,268,56,187,0.3755,-1,-1,-1
173,25,604,284,57,172,0.4872,-1,-1,-1
173,24,961,122,62,169,0.4312,-1,-1,-1
173,17,397,664,95,265,0.7571,-1,-1,-1
173,16,858,188,68,192,0.6186,-1,-1,-1
173,10,222,581,72,215,0.6289,-1,-1,-1
173,7,524,305,60,188,0.4949,-1,-1,-1
173,5,1362,572,76,231,0.5340,-1,-1,-1
173,4,794,281,65,177,0.3317,-1,-1,-1
173,3,1013,908,61,171,0.6828,-1,-1,-1
173,2,1721,458,75,207,0.7410,-1,-1,-1
173,1,100,548,77,249,0.7699,-1,-1,-1
173,0,418,239,80,212,0.6869,-1,-1,-1
174,27,752,269,56,186,0.3779,-1,-1,-1
174,25,604,280,55,175,0.4835,-1,-1,-1
174,24,957,122,64,176,0.3922,-1,-1,-1
174,17,396,661,96,267,0.7663,-1,-1,-1
174,16,859,186,69,190,0.5919,-1,-1,-1
174,10,224,580,72,215,0.6749,-1,-1,-1
174,7,520,305,66,189,0.5060,-1,-1,-1
174,5,1361,572,77,231,0.5501,-1,-1,-1
174,4,794,282,63,176,0.3079,-1,-1,-1
174,3,1011,910,60,169,0.6879,-1,-1,-1
174,2,1720,457,76,209,0.7526,-1,-1,-1
174,1,100,549,75,247,0.7529,-1,-1,-1
174,0,417,234,79,219,0.6868,-1,-1,-1
175,27,752,270,56,186,0.4418,-1,-1,-1
175,25,605,279,54,178,0.5084,-1,-1,-1
175,24,945,121,75,177,0.4295,-1,-1,-1
175,17,403,658,89,268,0.7908,-1,-1,-1
175,16,862,186,67,181,0.5713,-1,-1,-1
175,10,228,578,66,212,0.6766,-1,-1,-1
175,7,516,306,70,187,0.4786,-1,-1,-1
175,5,1362,573,76,230,0.5430,-1,-1,-1
175,4,794,281,67,178,0.3679,-1,-1,-1
175,3,1009,911,58,168,0.7388,-1,-1,-1
175,2,1721,457,75,208,0.7427,-1,-1,-1
175,1,100,548,75,246,0.7494,-1,-1,-1
175,0,418,237,76,211,0.6870,-1,-1,-1
176,27,752,270,57,187,0.4525,-1,-1,-1
176,25,606,279,55,178,0.5206,-1,-1,-1
176,24,935,121,81,177,0.5848,-1,-1,-1
176,17,401,653,91,265,0.8221,-1,-1,-1
176,16,862,185,67,188,0.5399,-1,-1,-1
176,10,230,574,67,213,0.6913,-1,-1,-1
176,7,515,303,71,191,0.4859,-1,-1,-1
176,5,1362,570,77,234,0.5676,-1,-1,-1
176,4,795,280,67,183,0.3210,-1,-1,-1
176,3,1009,911,56,169,0.7519,-1,-1,-1
176,2,1720,457,75,209,0.7427,-1,-1,-1
176,1,100,548,76,247,0.7624,-1,-1,-1
176,0,418,235,74,213,0.6830,-1,-1,-1
177,29,0,609,84,229,0.5766,-1,-1,-1
177,27,753,271,56,186,0.4292,-1,-1,-1
177,25,606,278,54,180,0.5234,-1,-1,-1
177,24,935,123,79,175,0.5485,-1,-1,-1
177,17,402,651,90,258,0.8297,-1,-1,-1
177,16,863,183,68,188,0.5082,-1,-1,-1
177,10,229,575,66,207,0.6977,-1,-1,-1
177,7,517,306,70,188,0.4992,-1,-1,-1
177,5,1362,571,76,232,0.5493,-1,-1,-1
177,4,792,282,64,183,0.3281,-1,-1,-1
177,3,1007,910,58,170,0.7559,-1,-1,-1
177,2,1721,459,76,210,0.7512,-1,-1,-1
177,1,100,548,74,247,0.7612,-1,-1,-1
177,0,417,234,75,214,0.6891,-1,-1,-1
178,29,0,616,86,221,0.5466,-1,-1,-1
178,27,752,271,59,186,0.4911,-1,-1,-1
178,25,606,278,55,185,0.5441,-1,-1,-1
178,24,934,124,78,174,0.5900,-1,-1,-1
178,17,403,651,89,251,0.8369,-1,-1,-1
178,16,865,179,66,180,0.5252,-1,-1,-1
178,10,230,573,66,205,0.6977,-1,-1,-1
178,7,522,300,65,194,0.5611,-1,-1,-1
178,5,1361,569,77,235,0.5695,-1,-1,-1
178,4,789,286,69,185,0.3657,-1,-1,-1
178,3,1006,909,57,170,0.7317,-1,-1,-1
178,2,1721,459,75,210,0.7577,-1,-1,-1
178,1,100,548,74,246,0.7658,-1,-1,-1
178,0,417,232,75,213,0.6936,-1,-1,-1
179,29,0,615,89,226,0.5651,-1,-1,-1
179,27,752,272,62,188,0.4899,-1,-1,-1
179,25,605,278,58,193,0.5496,-1,-1,-1
179,24,934,125,76,173,0.5859,-1,-1,-1
179,17,404,650,90,250,0.8295,-1,-1,-1
179,16,865,178,69,180,0.5264,-1,-1,-1
179,10,230,571,67,207,0.7052,-1,-1,-1
179,7,522,299,65,195,0.5947,-1,-1,-1
179,5,1362,570,76,235,0.5641,-1,-1,-1
179,4,789,288,71,186,0.3334,-1,-1,-1
179,3,1004,910,57,170,0.7559,-1,-1,-1
179,2,1720,459,76,211,0.7520,-1,-1,-1
179,1,99,548,75,247,0.7664,-1,-1,-1
179,0,417,231,74,213,0.6760,-1,-1,-1
180,30,790,150,61,159,0.3073,-1,-1,-1
180,29,0,618,81,220,0.6300,-1,-1,-1
180,27,750,273,66,188,0.5577,-1,-1,-1
180,25,605,277,58,196,0.5275,-1,-1,-1
180,24,935,125,73,171,0.5031,-1,-1,-1
180,17,406,648,90,251,0.8075,-1,-1,-1
180,16,866,177,69,179,0.4884,-1,-1,-1
180,10,232,568,66,209,0.6790,-1,-1,-1
180,7,521,294,66,201,0.6031,-1,-1,-1
180,5,1361,570,76,233,0.5625,-1,-1,-1
180,4,788,289,71,187,0.3115,-1,-1,-1
180,3,1001,911,58,169,0.7783,-1,-1,-1
180,2,1721,459,75,211,0.7371,-1,-1,-1
180,1,99,547,74,248,0.7624,-1,-1,-1
180,0,415,230,76,209,0.6854,-1,-1,-1
181,30,790,150,61,161,0.3335,-1,-1,-1
181,29,0,617,91,231,0.6866,-1,-1,-1
181,27,750,276,60,184,0.5226,-1,-1,-1
181,25,606,278,56,198,0.5114,-1,-1,-1
181,24,935,123,70,173,0.4804,-1,-1,-1
181,17,407,646,90,252,0.7973,-1,-1,-1
181,16,867,176,69,180,0.5519,-1,-1,-1
181,10,232,567,66,208,0.6998,-1,-1,-1
181,7,521,295,66,203,0.5923,-1,-1,-1
181,5,1359,576,82,223,0.5743,-1,-1,-1
181,4,790,291,71,187,0.4123,-1,-1,-1
181,3,998,913,60,167,0.7807,-1,-1,-1
181,2,1721,459,76,211,0.7373,-1,-1,-1
181,1,99,547,74,249,0.7416,-1,-1,-1
181,0,416,229,73,205,0.6685,-1,-1,-1
182,30,789,150,62,163,0.3695,-1,-1,-1
182,29,0,618,107,240,0.7563,-1,-1,-1
182,27,750,277,60,188,0.4816,-1,-1,-1
182,25,606,278,56,205,0.5171,-1,-1,-1
182,24,935,122,69,168,0.3630,-1,-1,-1
182,17,406,645,92,253,0.8019,-1,-1,-1
182,16,866,175,73,183,0.5754,-1,-1,-1
182,10,232,565,64,207,0.7235,-1,-1,-1
182,7,522,300,64,200,0.5715,-1,-1,-1
182,5,1359,573,82,227,0.5796,-1,-1,-1
182,4,784,290,78,187,0.3972,-1,-1,-1
182,3,996,916,59,164,0.7844,-1,-1,-1
182,2,1722,459,74,211,0.7340,-1,-1,-1
182,1,99,548,72,249,0.7024,-1,-1,-1
182,0,417,228,73,205,0.7255,-1,-1,-1
183,30,789,150,62,164,0.3494,-1,-1,-1
183,29,3,620,101,237,0.7419,-1,-1,-1
183,27,749,278,62,189,0.5096,-1,-1,-1
183,25,606,280,57,205,0.5247,-1,-1,-1
183,24,932,119,68,173,0.3556,-1,-1,-1
183,17,407,644,92,254,0.8141,-1,-1,-1
183,16,867,174,73,185,0.5513,-1,-1,-1
183,10,233,564,64,207,0.7126,-1,-1,-1
183,7,523,299,63,206,0.5310,-1,-1,-1
183,5,1358,573,83,227,0.5983,-1,-1,-1
183,4,789,293,73,182,0.3919,-1,-1,-1
183,3,994,917,61,163,0.7847,-1,-1,-1
183,2,1720,459,76,205,0.7367,-1,-1,-1
183,1,99,548,72,249,0.6918,-1,-1,-1
183,0,417,228,73,205,0.7251,-1,-1,-1
184,30,787,148,65,166,0.3481,-1,-1,-1
184,29,7,621,99,236,0.7206,-1,-1,-1
184,27,749,279,64,189,0.5399,-1,-1,-1
184,25,606,281,56,208,0.5054,-1,-1,-1
184,24,930,118,68,177,0.3395,-1,-1,-1
184,17,408,643,92,254,0.8076,-1,-1,-1
184,16,865,170,76,190,0.5234,-1,-1,-1
184,10,233,563,64,210,0.7111,-1,-1,-1
184,7,524,300,63,206,0.5639,-1,-1,-1
184,5,1358,574,83,226,0.5681,-1,-1,-1
184,4,787,290,79,189,0.3655,-1,-1,-1
184,3,993,917,60,163,0.7644,-1,-1,-1
184,2,1721,458,76,212,0.7494,-1,-1,-1
184,1,99,549,72,247,0.6692,-1,-1,-1
184,0,417,227,74,205,0.7258,-1,-1,-1
185,30,787,149,65,166,0.3405,-1,-1,-1
185,29,13,618,96,238,0.6734,-1,-1,-1
185,27,748,280,65,188,0.5411,-1,-1,-1
185,25,605,283,57,206,0.5286,-1,-1,-1
185,17,408,643,93,254,0.8086,-1,-1,-1
185,16,865,172,79,190,0.5231,-1,-1,-1
185,10,233,563,65,209,0.7293,-1,-1,-1
185,7,525,299,61,208,0.6007,-1,-1,-1
185,5,1359,573,83,228,0.5858,-1,-1,-1
185,4,791,291,76,188,0.3939,-1,-1,-1
185,3,991,917,62,162,0.7324,-1,-1,-1
185,2,1720,459,76,206,0.7424,-1,-1,-1
185,1,97,549,71,245,0.6796,-1,-1,-1
185,0,416,225,75,209,0.6933,-1,-1,-1
186,30,790,150,62,162,0.3502,-1,-1,-1
186,29,18,618,92,236,0.6678,-1,-1,-1
186,27,749,280,65,189,0.5214,-1,-1,-1
186,25,605,286,57,202,0.5032,-1,-1,-1
186,17,408,638,93,260,0.7939,-1,-1,-1
186,16,864,171,78,190,0.5611,-1,-1,-1
186,10,232,562,65,210,0.7147,-1,-1,-1
186,7,525,300,61,207,0.6473,-1,-1,-1
186,5,1358,572,84,230,0.5898,-1,-1,-1
186,4,789,295,75,182,0.3785,-1,-1,-1
186,3,990,918,61,162,0.7231,-1,-1,-1
186,2,1721,459,75,211,0.7426,-1,-1,-1
186,1,96,548,72,243,0.6941,-1,-1,-1
186,0,416,226,74,208,0.6826,-1,-1,-1
187,32,1190,149,59,181,0.4991,-1,-1,-1
187,30,788,149,64,166,0.3453,-1,-1,-1
187,29,20,618,97,241,0.7092,-1,-1,-1
187,27,750,280,66,191,0.4883,-1,-1,-1
187,25,604,291,58,194,0.5245,-1,-1,-1
187,17,407,638,97,257,0.7998,-1,-1,-1
187,16,865,172,77,190,0.5889,-1,-1,-1
187,10,231,561,65,211,0.7388,-1,-1,-1
187,7,525,305,60,206,0.6148,-1,-1,-1
187,5,1358,571,83,229,0.5860,-1,-1,-1
187,4,790,295,75,183,0.3714,-1,-1,-1
187,3,988,918,61,162,0.7275,-1,-1,-1
187,2,1719,459,78,206,0.7357,-1,-1,-1
187,1,95,549,74,241,0.6702,-1,-1,-1
187,0,417,225,74,209,0.6813,-1,-1,-1
188,32,1186,150,61,181,0.4216,-1,-1,-1
188,30,788,148,64,170,0.3701,-1,-1,-1
188,29,21,618,110,244,0.7152,-1,-1,-1
188,27,750,280,65,192,0.4905,-1,-1,-1
188,25,604,302,58,185,0.5250,-1,-1,-1
188,17,408,634,97,260,0.7816,-1,-1,-1
188,16,866,176,77,186,0.6038,-1,-1,-1
188,10,231,559,64,209,0.7262,-1,-1,-1
188,7,523,304,62,207,0.6436,-1,-1,-1
188,5,1358,568,83,232,0.6128,-1,-1,-1
188,4,795,298,69,180,0.3979,-1,-1,-1
188,3,987,917,60,162,0.7100,-1,-1,-1
188,2,1719,458,78,208,0.7426,-1,-1,-1
188,1,95,546,74,242,0.6152,-1,-1,-1
188,0,417,224,74,209,0.7008,-1,-1,-1
189,32,1176,152,68,178,0.4088,-1,-1,-1
189,31,1075,145,57,156,0.3033,-1,-1,-1
189,30,788,149,65,168,0.3569,-1,-1,-1
189,29,26,621,107,241,0.7176,-1,-1,-1
189,27,751,280,66,192,0.4847,-1,-1,-1
189,25,604,303,58,184,0.5343,-1,-1,-1
189,17,407,633,95,261,0.8097,-1,-1,-1
189,16,866,176,80,187,0.5754,-1,-1,-1
189,10,230,558,63,206,0.7381,-1,-1,-1
189,7,524,306,62,206,0.6241,-1,-1,-1
189,5,1358,569,84,230,0.5949,-1,-1,-1
189,4,794,300,71,178,0.3942,-1,-1,-1
189,3,988,919,57,161,0.7116,-1,-1,-1
189,2,1720,459,76,211,0.7478,-1,-1,-1
189,1,95,546,73,243,0.5983,-1,-1,-1
189,0,417,224,74,206,0.7350,-1,-1,-1
190,32,1165,152,78,173,0.3853,-1,-1,-1
190,30,788,149,65,169,0.3594,-1,-1,-1
190,29,28,622,114,246,0.6665,-1,-1,-1
190,27,752,280,65,193,0.4973,-1,-1,-1
190,25,603,302,58,186,0.5292,-1,-1,-1
190,17,407,630,92,261,0.7824,-1,-1,-1
190,16,867,176,82,185,0.5823,-1,-1,-1
190,10,230,555,63,204,0.7565,-1,-1,-1
190,7,522,304,65,208,0.6417,-1,-1,-1
190,5,1358,568,84,231,0.5946,-1,-1,-1
190,4,798,299,68,181,0.3784,-1,-1,-1
190,3,986,920,58,160,0.7032,-1,-1,-1
190,2,1720,459,76,211,0.7290,-1,-1,-1
190,1,97,544,70,222,0.5507,-1,-1,-1
190,0,418,223,73,206,0.7207,-1,-1,-1
191,32,1165,152,77,172,0.3525,-1,-1,-1
191,30,789,149,64,168,0.3793,-1,-1,-1
191,29,31,624,113,249,0.6098,-1,-1,-1
191,27,752,280,64,194,0.5234,-1,-1,-1
191,25,603,306,58,183,0.5455,-1,-1,-1
191,17,408,628,90,259,0.7878,-1,-1,-1
191,16,871,176,77,182,0.6237,-1,-1,-1
191,10,229,552,62,203,0.7727,-1,-1,-1
191,7,520,306,68,206,0.6374,-1,-1,-1
191,5,1358,568,85,234,0.6196,-1,-1,-1
191,4,802,301,66,178,0.4060,-1,-1,-1
191,3,985,920,59,159,0.7157,-1,-1,-1
191,2,1720,458,76,212,0.7444,-1,-1,-1
191,1,96,544,71,213,0.5954,-1,-1,-1
191,0,418,221,73,208,0.7403,-1,-1,-1
192,32,1165,153,73,171,0.3826,-1,-1,-1
192,30,788,149,66,167,0.3923,-1,-1,-1
192,29,34,624,118,254,0.7127,-1,-1,-1
192,27,752,281,63,196,0.4908,-1,-1,-1
192,25,603,304,58,186,0.5837,-1,-1,-1
192,17,408,626,88,252,0.8019,-1,-1,-1
192,16,872,175,76,184,0.5832,-1,-1,-1
192,10,228,551,63,202,0.7780,-1,-1,-1
192,7,521,305,67,206,0.6530,-1,-1,-1
192,5,1357,568,87,233,0.6070,-1,-1,-1
192,4,799,303,69,178,0.4248,-1,-1,-1
192,3,985,922,57,157,0.7134,-1,-1,-1
192,2,1719,458,78,206,0.7446,-1,-1,-1
192,1,96,543,71,212,0.5592,-1,-1,-1
192,0,420,221,72,207,0.7337,-1,-1,-1
193,32,1166,151,72,178,0.3938,-1,-1,-1
193,30,788,149,65,167,0.4092,-1,-1,-1
193,29,37,629,118,250,0.7190,-1,-1,-1
193,27,752,281,64,197,0.3524,-1,-1,-1
193,25,602,307,59,184,0.5604,-1,-1,-1
193,17,411,620,86,249,0.7639,-1,-1,-1
193,16,874,172,75,183,0.6265,-1,-1,-1
193,10,228,547,63,205,0.7630,-1,-1,-1
193,7,519,306,69,207,0.6188,-1,-1,-1
193,5,1358,568,87,234,0.6030,-1,-1,-1
193,4,804,302,63,185,0.3598,-1,-1,-1
193,3,985,922,56,157,0.7274,-1,-1,-1
193,2,1720,458,75,212,0.7617,-1,-1,-1
193,1,95,544,71,207,0.5455,-1,-1,-1
193,0,420,220,72,207,0.7163,-1,-1,-1
194,32,1167,150,64,178,0.4356,-1,-1,-1
194,30,788,149,67,170,0.4171,-1,-1,-1
194,29,42,635,112,240,0.6867,-1,-1,-1
194,27,751,284,63,197,0.4094,-1,-1,-1
194,25,602,310,59,183,0.5791,-1,-1,-1
194,17,411,619,83,246,0.7705,-1,-1,-1
194,16,875,169,73,180,0.6119,-1,-1,-1
194,10,228,547,62,202,0.7716,-1,-1,-1
194,7,519,308,69,205,0.6354,-1,-1,-1
194,5,1358,567,89,238,0.6496,-1,-1,-1
194,4,808,299,58,188,0.3983,-1,-1,-1
194,3,984,922,57,158,0.7027,-1,-1,-1
194,2,1720,459,76,206,0.7524,-1,-1,-1
194,1,92,545,74,200,0.5815,-1,-1,-1
194,0,421,220,72,207,0.7194,-1,-1,-1
195,32,1167,149,61,177,0.3944,-1,-1,-1
195,30,787,148,69,175,0.4018,-1,-1,-1
195,29,42,634,114,243,0.7092,-1,-1,-1
195,27,750,284,65,197,0.3565,-1,-1,-1
195,25,602,311,59,180,0.5622,-1,-1,-1
195,17,410,616,84,247,0.7890,-1,-1,-1
195,16,878,169,71,176,0.5672,-1,-1,-1
195,10,228,545,61,206,0.7462,-1,-1,-1
195,7,515,307,73,207,0.5964,-1,-1,-1
195,5,1357,567,86,232,0.6106,-1,-1,-1
195,4,805,299,62,190,0.3589,-1,-1,-1
195,3,983,922,57,158,0.6757,-1,-1,-1
195,2,1720,457,75,208,0.7550,-1,-1,-1
195,1,93,544,72,206,0.5729,-1,-1,-1
195,0,421,218,72,211,0.7029,-1,-1,-1
196,32,1167,148,59,179,0.3519,-1,-1,-1
196,30,789,149,63,169,0.4209,-1,-1,-1
196,29,46,635,113,245,0.7026,-1,-1,-1
196,27,751,286,65,195,0.4402,-1,-1,-1
196,25,602,311,58,179,0.6023,-1,-1,-1
196,17,404,613,89,249,0.8096,-1,-1,-1
196,16,879,164,71,181,0.6138,-1,-1,-1
196,10,226,544,63,205,0.7376,-1,-1,-1
196,7,514,308,74,206,0.6047,-1,-1,-1
196,5,1358,569,87,235,0.6203,-1,-1,-1
196,4,808,304,59,187,0.3204,-1,-1,-1
196,3,979,921,60,158,0.6838,-1,-1,-1
196,2,1720,459,76,206,0.7329,-1,-1,-1
196,1,93,545,72,181,0.5791,-1,-1,-1
196,0,423,217,70,211,0.7147,-1,-1,-1
197,32,1164,145,58,181,0.3807,-1,-1,-1
197,30,788,148,67,177,0.4078,-1,-1,-1
197,29,54,638,107,240,0.6840,-1,-1,-1
197,27,750,289,64,190,0.3885,-1,-1,-1
197,25,602,312,58,180,0.6450,-1,-1,-1
197,17,399,610,93,251,0.7947,-1,-1,-1
197,16,880,157,72,188,0.6224,-1,-1,-1
197,10,226,541,63,208,0.7276,-1,-1,-1
197,7,511,307,77,209,0.6269,-1,-1,-1
197,5,1359,568,85,236,0.6087,-1,-1,-1
197,3,975,922,63,158,0.6912,-1,-1,-1
197,2,1720,459,75,205,0.7385,-1,-1,-1
197,1,94,545,71,180,0.5461,-1,-1,-1
197,0,422,216,73,211,0.6890,-1,-1,-1
198,32,1162,145,57,179,0.3709,-1,-1,-1
198,30,788,149,68,182,0.3965,-1,-1,-1
198,29,55,639,109,246,0.7130,-1,-1,-1
198,27,750,288,67,194,0.4307,-1,-1,-1
198,25,602,312,58,180,0.6294,-1,-1,-1
198,17,398,609,93,252,0.7998,-1,-1,-1
198,16,882,156,71,188,0.5878,-1,-1,-1
198,10,226,539,63,211,0.7373,-1,-1,-1
198,7,509,312,80,208,0.6736,-1,-1,-1
198,5,1358,568,88,235,0.5963,-1,-1,-1
198,3,976,919,62,160,0.6783,-1,-1,-1
198,2,1720,459,76,204,0.7535,-1,-1,-1
198,1,96,544,68,182,0.5109,-1,-1,-1
198,0,420,218,79,203,0.6940,-1,-1,-1
199,32,1161,144,55,180,0.4139,-1,-1,-1
199,30,791,149,63,187,0.3890,-1,-1,-1
199,29,56,641,107,248,0.7360,-1,-1,-1
199,27,750,291,66,195,0.3986,-1,-1,-1
199,25,602,314,58,176,0.6104,-1,-1,-1
199,17,396,608,94,253,0.7996,-1,-1,-1
199,16,882,153,73,192,0.5522,-1,-1,-1
199,10,225,539,64,210,0.7240,-1,-1,-1
199,7,510,312,79,209,0.6673,-1,-1,-1
199,5,1358,567,87,237,0.5701,-1,-1,-1
199,3,973,919,64,160,0.6990,-1,-1,-1
199,2,1719,458,76,209,0.7349,-1,-1,-1
199,1,96,546,67,181,0.5010,-1,-1,-1
199,0,420,216,79,201,0.7096,-1,-1,-1
200,32,1159,143,57,180,0.4294,-1,-1,-1
200,30,790,150,65,188,0.3902,-1,-1,-1
200,29,61,642,99,247,0.7456,-1,-1,-1
200,27,749,291,67,196,0.4352,-1,-1,-1
200,25,602,315,57,178,0.6259,-1,-1,-1
200,17,398,608,91,252,0.7796,-1,-1,-1
200,16,881,153,74,193,0.5656,-1,-1,-1
200,10,224,538,63,208,0.7218,-1,-1,-1
200,7,510,312,78,213,0.6670,-1,-1,-1
200,5,1358,567,89,238,0.6196,-1,-1,-1
200,3,971,917,65,162,0.6964,-1,-1,-1
200,2,1722,458,73,212,0.7388,-1,-1,-1
200,1,96,545,66,161,0.4316,-1,-1,-1
200,0,421,217,78,198,0.7058,-1,-1,-1
201,32,1158,142,57,182,0.5501,-1,-1,-1
201,30,789,149,66,190,0.4177,-1,-1,-1
201,29,64,648,95,242,0.7490,-1,-1,-1
201,27,751,293,66,194,0.4554,-1,-1,-1
201,25,602,320,57,172,0.6941,-1,-1,-1
201,17,396,608,92,252,0.7603,-1,-1,-1
201,16,884,155,71,185,0.5846,-1,-1,-1
201,10,224,537,61,208,0.7069,-1,-1,-1
201,7,506,313,82,215,0.7014,-1,-1,-1
201,5,1357,567,88,238,0.5925,-1,-1,-1
201,3,971,918,64,160,0.6766,-1,-1,-1
201,2,1722,458,73,212,0.7357,-1,-1,-1
201,1,97,547,65,178,0.4873,-1,-1,-1
201,0,422,216,78,199,0.6916,-1,-1,-1
202,32,1156,140,57,182,0.6022,-1,-1,-1
202,31,1038,136,59,161,0.3982,-1,-1,-1
202,30,788,148,70,188,0.4073,-1,-1,-1
202,29,67,653,93,237,0.7646,-1,-1,-1
202,27,753,293,66,198,0.4756,-1,-1,-1
202,25,602,321,58,170,0.7059,-1,-1,-1
202,17,397,607,90,250,0.7512,-1,-1,-1
202,16,885,156,72,184,0.5915,-1,-1,-1
202,10,224,536,61,207,0.7049,-1,-1,-1
202,7,507,313,82,215,0.6903,-1,-1,-1
202,5,1357,567,86,236,0.5315,-1,-1,-1
202,3,971,917,63,161,0.6748,-1,-1,-1
202,2,1721,458,75,212,0.7438,-1,-1,-1
202,1,96,546,66,160,0.4502,-1,-1,-1
202,0,423,212,77,202,0.7000,-1,-1,-1
203,32,1154,138,56,182,0.5931,-1,-1,-1
203,30,788,150,65,177,0.4059,-1,-1,-1
203,29,68,656,93,234,0.7666,-1,-1,-1
203,27,753,293,65,195,0.4381,-1,-1,-1
203,25,603,323,58,168,0.7060,-1,-1,-1
203,17,391,605,94,238,0.7631,-1,-1,-1
203,16,884,155,76,188,0.5764,-1,-1,-1
203,10,222,534,62,209,0.7282,-1,-1,-1
203,7,505,313,83,215,0.6783,-1,-1,-1
203,5,1357,568,84,233,0.5394,-1,-1,-1
203,3,970,917,64,161,0.6562,-1,-1,-1
203,2,1720,457,75,213,0.7416,-1,-1,-1
203,1,96,544,62,143,0.4113,-1,-1,-1
203,0,424,212,75,204,0.6808,-1,-1,-1
204,32,1153,138,55,184,0.6178,-1,-1,-1
204,30,789,149,67,188,0.4176,-1,-1,-1
204,29,70,656,94,233,0.7505,-1,-1,-1
204,27,753,294,66,198,0.3918,-1,-1,-1
204,25,603,325,57,167,0.7020,-1,-1,-1
204,17,397,601,88,253,0.7445,-1,-1,-1
204,16,884,155,75,188,0.6079,-1,-1,-1
204,10,221,532,63,207,0.7189,-1,-1,-1
204,7,503,315,85,214,0.6866,-1,-1,-1
204,5,1358,568,84,232,0.5103,-1,-1,-1
204,3,968,915,63,163,0.6623,-1,-1,-1
204,2,1721,458,75,212,0.7430,-1,-1,-1
204,1,96,540,61,147,0.3996,-1,-1,-1
204,0,424,210,75,206,0.6710,-1,-1,-1
205,32,1152,138,54,182,0.5536,-1,-1,-1
205,30,790,149,64,179,0.3682,-1,-1,-1
205,29,72,655,99,234,0.7479,-1,-1,-1
205,27,754,295,62,195,0.4102,-1,-1,-1
205,25,601,323,59,172,0.6660,-1,-1,-1
205,17,393,598,91,254,0.7359,-1,-1,-1
205,16,886,158,73,185,0.5449,-1,-1,-1
205,10,218,529,65,207,0.7331,-1,-1,-1
205,7,504,316,83,214,0.6755,-1,-1,-1
205,5,1357,568,83,235,0.5011,-1,-1,-1
205,4,813,315,58,175,0.4089,-1,-1,-1
205,3,966,913,63,166,0.6208,-1,-1,-1
205,2,1720,457,75,209,0.7284,-1,-1,-1
205,1,97,542,60,141,0.3820,-1,-1,-1
205,0,424,208,77,208,0.6482,-1,-1,-1
206,33,0,598,65,239,0.4409,-1,-1,-1
206,32,1150,137,55,181,0.5729,-1,-1,-1
206,30,789,149,65,181,0.4052,-1,-1,-1
206,29,74,653,101,239,0.7641,-1,-1,-1
206,27,755,294,65,197,0.5079,-1,-1,-1
206,25,602,323,58,171,0.6572,-1,-1,-1
206,17,396,595,87,255,0.7523,-1,-1,-1
206,16,889,157,71,184,0.5455,-1,-1,-1
206,10,219,526,64,204,0.7333,-1,-1,-1
206,7,504,316,84,214,0.7121,-1,-1,-1
206,5,1358,569,81,232,0.4732,-1,-1,-1
206,4,813,316,59,177,0.4468,-1,-1,-1
206,3,965,913,61,165,0.6112,-1,-1,-1
206,2,1720,457,76,208,0.7486,-1,-1,-1
206,1,100,543,57,139,0.4199,-1,-1,-1
206,0,424,208,78,209,0.6380,-1,-1,-1
207,33,0,608,65,230,0.3996,-1,-1,-1
207,32,1148,136,55,184,0.5383,-1,-1,-1
207,30,789,149,66,180,0.4071,-1,-1,-1
207,29,77,661,103,233,0.7388,-1,-1,-1
207,27,756,296,64,195,0.4942,-1,-1,-1
207,25,603,324,58,174,0.6228,-1,-1,-1
207,17,397,593,85,253,0.7812,-1,-1,-1
207,16,892,155,70,185,0.4986,-1,-1,-1
207,10,222,526,61,200,0.6597,-1,-1,-1
207,7,504,318,83,212,0.6871,-1,-1,-1
207,5,1358,568,79,234,0.4616,-1,-1,-1
207,4,812,315,62,178,0.4727,-1,-1,-1
207,3,963,912,61,167,0.6244,-1,-1,-1
207,2,1721,458,75,212,0.7556,-1,-1,-1
207,1,98,539,59,147,0.4615,-1,-1,-1
207,0,424,208,78,206,0.6392,-1,-1,-1
208,32,1147,136,55,183,0.5143,-1,-1,-1
208,30,790,149,63,177,0.3477,-1,-1,-1
208,29,74,659,115,237,0.7470,-1,-1,-1
208,27,758,297,63,194,0.4175,-1,-1,-1
208,25,602,326,59,166,0.6091,-1,-1,-1
208,17,398,590,84,249,0.7588,-1,-1,-1
208,16,895,154,65,184,0.4692,-1,-1,-1
208,10,222,525,61,199,0.6556,-1,-1,-1
208,7,504,319,81,212,0.6698,-1,-1,-1
208,5,1359,568,77,234,0.4838,-1,-1,-1
208,4,814,314,61,184,0.3416,-1,-1,-1
208,3,961,912,61,167,0.6414,-1,-1,-1
208,2,1720,457,75,214,0.7454,-1,-1,-1
208,1,98,541,59,147,0.4346,-1,-1,-1
208,0,424,208,78,206,0.6050,-1,-1,-1
209,32,1144,137,56,181,0.5301,-1,-1,-1
209,30,789,149,64,180,0.3236,-1,-1,-1
209,29,81,661,117,241,0.8038,-1,-1,-1
209,27,757,302,62,191,0.4341,-1,-1,-1
209,25,602,326,59,163,0.5989,-1,-1,-1
209,17,399,587,82,244,0.7539,-1,-1,-1
209,16,896,155,66,181,0.4881,-1,-1,-1
209,10,221,523,61,202,0.6750,-1,-1,-1
209,7,504,322,79,208,0.6899,-1,-1,-1
209,5,1359,569,75,233,0.4908,-1,-1,-1
209,4,814,318,60,181,0.3857,-1,-1,-1
209,3,961,912,59,165,0.6508,-1,-1,-1
209,2,1720,458,77,207,0.7458,-1,-1,-1
209,1,99,542,63,148,0.4580,-1,-1,-1
209,0,427,206,75,209,0.5944,-1,-1,-1
210,32,1143,139,54,180,0.4582,-1,-1,-1
210,30,789,149,65,178,0.3084,-1,-1,-1
210,29,85,660,118,245,0.7899,-1,-1,-1
210,27,757,299,64,197,0.4088,-1,-1,-1
210,25,601,325,60,171,0.6198,-1,-1,-1
210,17,399,586,82,241,0.7516,-1,-1,-1
210,16,897,152,64,184,0.4778,-1,-1,-1
210,10,221,522,61,201,0.6618,-1,-1,-1
210,7,504,320,78,210,0.6864,-1,-1,-1
210,5,1358,567,79,238,0.4793,-1,-1,-1
210,4,813,317,63,187,0.4680,-1,-1,-1
210,3,958,910,60,168,0.6596,-1,-1,-1
210,2,1721,457,74,209,0.7417,-1,-1,-1
210,1,99,534,63,170,0.3910,-1,-1,-1
210,0,425,206,77,210,0.5970,-1,-1,-1
211,33,1,611,90,229,0.5954,-1,-1,-1
211,32,1140,138,56,181,0.4928,-1,-1,-1
211,29,92,658,114,253,0.8115,-1,-1,-1
211,27,756,301,69,199,0.3586,-1,-1,-1
211,25,600,325,62,175,0.5612,-1,-1,-1
211,17,400,583,81,243,0.7720,-1,-1,-1
211,16,899,148,66,187,0.5265,-1,-1,-1
211,10,221,521,61,203,0.6186,-1,-1,-1
211,7,504,320,76,211,0.6026,-1,-1,-1
211,5,1358,566,80,239,0.4801,-1,-1,-1
211,4,815,318,61,187,0.3427,-1,-1,-1
211,3,958,910,59,168,0.6711,-1,-1,-1
211,2,1720,459,76,210,0.7249,-1,-1,-1
211,1,99,540,66,158,0.4959,-1,-1,-1
211,0,426,204,76,211,0.5905,-1,-1,-1
212,33,19,613,83,227,0.5818,-1,-1,-1
212,32,1137,139,59,179,0.5068,-1,-1,-1
212,29,98,666,110,248,0.7941,-1,-1,-1
212,27,756,303,67,199,0.4412,-1,-1,-1
212,25,599,329,63,172,0.5480,-1,-1,-1
212,17,398,583,85,241,0.7610,-1,-1,-1
212,16,901,147,65,186,0.5901,-1,-1,-1
212,10,219,521,63,200,0.6088,-1,-1,-1
212,7,505,324,74,206,0.6166,-1,-1,-1
212,5,1359,567,94,241,0.4806,-1,-1,-1
212,4,812,321,65,186,0.3910,-1,-1,-1
212,3,955,908,61,171,0.6571,-1,-1,-1
212,2,1719,458,77,208,0.7351,-1,-1,-1
212,1,100,540,67,162,0.5290,-1,-1,-1
212,0,429,202,73,212,0.5928,-1,-1,-1
213,33,27,614,72,225,0.5281,-1,-1,-1
213,32,1134,138,62,180,0.5365,-1,-1,-1
213,29,106,666,104,253,0.7846,-1,-1,-1
213,27,754,307,75,197,0.4039,-1,-1,-1
213,25,599,329,62,177,0.5558,-1,-1,-1
213,17,399,581,86,245,0.7523,-1,-1,-1
213,16,901,144,66,185,0.5639,-1,-1,-1
213,10,218,520,63,196,0.6065,-1,-1,-1
213,7,504,320,76,211,0.6107,-1,-1,-1
213,5,1357,567,83,239,0.5254,-1,-1,-1
213,4,809,320,69,191,0.3355,-1,-1,-1
213,3,953,907,61,172,0.6995,-1,-1,-1
213,2,1720,458,76,206,0.7316,-1,-1,-1
213,1,100,541,68,166,0.5087,-1,-1,-1
213,0,428,200,73,214,0.5816,-1,-1,-1
214,33,36,614,67,228,0.3969,-1,-1,-1
214,32,1131,138,62,180,0.5189,-1,-1,-1
214,29,106,663,100,254,0.7456,-1,-1,-1
214,27,751,309,75,197,0.3333,-1,-1,-1
214,25,598,330,63,182,0.5613,-1,-1,-1
214,17,399,579,87,247,0.7323,-1,-1,-1
214,16,901,142,68,186,0.5972,-1,-1,-1
214,10,216,519,64,196,0.5661,-1,-1,-1
214,7,505,321,74,212,0.6213,-1,-1,-1
214,5,1357,567,83,237,0.5079,-1,-1,-1
214,3,953,906,60,173,0.6520,-1,-1,-1
214,2,1721,459,75,210,0.7234,-1,-1,-1
214,1,101,542,68,182,0.4730,-1,-1,-1
214,0,428,198,73,213,0.5709,-1,-1,-1
215,33,44,614,71,228,0.4720,-1,-1,-1
215,32,1130,136,60,183,0.5119,-1,-1,-1
215,29,108,664,93,247,0.7504,-1,-1,-1
215,27,749,310,81,188,0.3557,-1,-1,-1
215,25,597,333,65,189,0.5619,-1,-1,-1
215,17,398,579,88,246,0.7469,-1,-1,-1
215,16,900,141,70,188,0.5771,-1,-1,-1
215,10,215,518,64,197,0.5810,-1,-1,-1
215,7,507,322,70,216,0.6160,-1,-1,-1
215,5,1357,568,84,236,0.5231,-1,-1,-1
215,3,952,905,60,174,0.7023,-1,-1,-1
215,2,1722,459,74,211,0.7202,-1,-1,-1
215,1,102,546,68,181,0.4401,-1,-1,-1
215,0,427,196,75,212,0.5341,-1,-1,-1
216,33,50,614,80,237,0.4100,-1,-1,-1
216,32,1129,134,58,183,0.5216,-1,-1,-1
216,29,111,664,91,249,0.7550,-1,-1,-1
216,27,752,311,79,192,0.3145,-1,-1,-1
216,25,596,333,66,199,0.5505,-1,-1,-1
216,17,398,578,89,247,0.7371,-1,-1,-1
216,16,901,140,69,186,0.6338,-1,-1,-1
216,10,215,518,63,196,0.6125,-1,-1,-1
216,7,508,325,71,218,0.6187,-1,-1,-1
216,5,1357,568,85,235,0.5250,-1,-1,-1
216,3,950,905,61,175,0.7298,-1,-1,-1
216,2,1721,459,74,210,0.7202,-1,-1,-1
216,1,102,546,69,166,0.4468,-1,-1,-1
216,0,427,195,74,212,0.5538,-1,-1,-1
217,33,50,616,80,239,0.5270,-1,-1,-1
217,32,1128,133,56,183,0.5302,-1,-1,-1
217,29,112,663,93,245,0.7852,-1,-1,-1
217,27,750,312,80,187,0.3981,-1,-1,-1
217,25,596,336,65,199,0.6018,-1,-1,-1
217,17,396,577,93,248,0.7439,-1,-1,-1
217,16,900,141,71,185,0.6814,-1,-1,-1
217,10,214,515,62,204,0.5908,-1,-1,-1
217,7,507,323,72,221,0.6061,-1,-1,-1
217,5,1357,568,87,237,0.5062,-1,-1,-1
217,3,950,907,59,173,0.7679,-1,-1,-1
217,2,1720,459,75,211,0.7281,-1,-1,-1
217,1,104,547,67,154,0.4304,-1,-1,-1
217,0,426,194,73,211,0.5703,-1,-1,-1
218,33,53,615,88,246,0.6564,-1,-1,-1
218,32,1126,132,56,184,0.5099,-1,-1,-1
218,29,118,663,93,247,0.7906,-1,-1,-1
218,27,750,313,81,192,0.3709,-1,-1,-1
218,25,595,338,66,198,0.6454,-1,-1,-1
218,17,396,576,93,247,0.7535,-1,-1,-1
218,16,900,140,72,187,0.6733,-1,-1,-1
218,10,215,513,61,205,0.5981,-1,-1,-1
218,7,508,324,70,223,0.6167,-1,-1,-1
218,5,1357,568,91,238,0.4814,-1,-1,-1
218,3,948,905,61,175,0.7746,-1,-1,-1
218,2,1722,459,74,211,0.7099,-1,-1,-1
218,1,106,549,65,135,0.3660,-1,-1,-1
218,0,427,193,73,208,0.5542,-1,-1,-1
219,33,53,618,90,237,0.6240,-1,-1,-1
219,32,1126,131,55,185,0.4587,-1,-1,-1
219,29,121,663,95,252,0.7915,-1,-1,-1
219,27,751,313,81,192,0.3674,-1,-1,-1
219,25,592,340,69,197,0.6378,-1,-1,-1
219,17,398,574,91,246,0.7447,-1,-1,-1
219,16,900,140,75,188,0.6625,-1,-1,-1
219,10,214,512,62,206,0.6009,-1,-1,-1
219,7,508,331,69,215,0.6221,-1,-1,-1
219,5,1356,569,86,235,0.4713,-1,-1,-1
219,3,944,905,64,175,0.7613,-1,-1,-1
219,2,1721,458,75,212,0.7163,-1,-1,-1
219,0,427,193,73,204,0.5708,-1,-1,-1
220,33,56,623,86,231,0.6516,-1,-1,-1
220,32,1125,129,54,186,0.4974,-1,-1,-1
220,29,121,665,100,250,0.7686,-1,-1,-1
220,27,752,314,83,190,0.3929,-1,-1,-1
220,25,593,342,65,198,0.6190,-1,-1,-1
220,17,397,572,91,247,0.7380,-1,-1,-1
220,16,900,140,76,186,0.6914,-1,-1,-1
220,10,214,510,62,200,0.6563,-1,-1,-1
220,7,507,331,70,222,0.6420,-1,-1,-1
220,5,1356,567,91,238,0.4637,-1,-1,-1
220,4,817,333,62,178,0.3593,-1,-1,-1
220,3,942,904,65,176,0.7090,-1,-1,-1
220,2,1720,459,76,211,0.7280,-1,-1,-1
220,0,427,193,72,203,0.5550,-1,-1,-1
221,33,60,628,88,224,0.6558,-1,-1,-1
221,32,1123,128,56,184,0.4951,-1,-1,-1
221,29,123,669,103,246,0.7662,-1,-1,-1
221,27,752,312,84,191,0.3762,-1,-1,-1
221,25,592,342,65,199,0.6382,-1,-1,-1
221,17,398,568,89,249,0.7381,-1,-1,-1
221,16,901,140,75,186,0.7330,-1,-1,-1
221,10,213,506,61,205,0.6176,-1,-1,-1
221,7,507,333,71,223,0.6742,-1,-1,-1
221,5,1356,569,96,238,0.4544,-1,-1,-1
221,4,814,334,68,175,0.3419,-1,-1,-1
221,3,941,903,65,177,0.7046,-1,-1,-1
221,2,1719,458,77,212,0.7357,-1,-1,-1
221,0,427,191,72,204,0.5501,-1,-1,-1
222,33,63,628,89,231,0.5190,-1,-1,-1
222,32,1122,126,55,181,0.4265,-1,-1,-1
222,29,129,671,105,248,0.7980,-1,-1,-1
222,27,754,314,83,187,0.3923,-1,-1,-1
222,25,591,343,65,198,0.6368,-1,-1,-1
222,17,398,566,86,247,0.7112,-1,-1,-1
222,16,902,139,72,187,0.7254,-1,-1,-1
222,10,214,503,59,205,0.5810,-1,-1,-1
222,7,508,333,69,222,0.7033,-1,-1,-1
222,5,1356,567,96,240,0.4884,-1,-1,-1
222,4,819,333,67,176,0.3717,-1,-1,-1
222,3,938,903,69,177,0.7007,-1,-1,-1
222,2,1721,458,75,211,0.7318,-1,-1,-1
222,1,95,552,77,151,0.3237,-1,-1,-1
222,0,428,191,71,204,0.5230,-1,-1,-1
223,34,1186,134,52,162,0.3510,-1,-1,-1
223,33,67,633,85,225,0.6058,-1,-1,-1
223,32,1120,129,54,178,0.4566,-1,-1,-1
223,29,130,673,104,253,0.7806,-1,-1,-1
223,27,762,316,76,192,0.3848,-1,-1,-1
223,25,590,343,65,198,0.6203,-1,-1,-1
223,17,398,563,84,244,0.7238,-1,-1,-1
223,16,903,138,70,185,0.6987,-1,-1,-1
223,10,214,503,61,199,0.5717,-1,-1,-1
223,7,507,334,71,220,0.6820,-1,-1,-1
223,5,1356,569,89,234,0.5052,-1,-1,-1
223,4,821,330,65,180,0.3299,-1,-1,-1
223,3,939,904,67,176,0.6651,-1,-1,-1
223,2,1722,459,74,210,0.7255,-1,-1,-1
223,1,94,550,79,159,0.4067,-1,-1,-1
223,0,433,192,67,204,0.5071,-1,-1,-1
224,34,1187,134,51,159,0.3879,-1,-1,-1
224,33,74,636,80,221,0.5174,-1,-1,-1
224,32,1119,128,54,182,0.5033,-1,-1,-1
224,29,132,676,106,259,0.7353,-1,-1,-1
224,27,762,317,76,191,0.4113,-1,-1,-1
224,25,589,344,65,196,0.6272,-1,-1,-1
224,17,397,559,83,238,0.7362,-1,-1,-1
224,16,904,137,74,187,0.7502,-1,-1,-1
224,10,214,500,61,203,0.5939,-1,-1,-1
224,7,507,333,72,222,0.6891,-1,-1,-1
224,5,1355,568,90,237,0.5246,-1,-1,-1
224,4,824,333,67,180,0.3156,-1,-1,-1
224,3,940,903,65,177,0.6551,-1,-1,-1
224,2,1721,459,76,211,0.7147,-1,-1,-1
224,1,94,551,80,161,0.3304,-1,-1,-1
224,0,433,192,67,204,0.5512,-1,-1,-1
225,34,1186,132,53,160,0.4110,-1,-1,-1
225,33,80,639,76,226,0.5344,-1,-1,-1
225,32,1115,128,58,183,0.5204,-1,-1,-1
225,29,137,683,99,257,0.6834,-1,-1,-1
225,27,767,317,72,192,0.3845,-1,-1,-1
225,25,590,344,64,196,0.5974,-1,-1,-1
225,17,396,557,83,237,0.7332,-1,-1,-1
225,16,905,137,75,186,0.7236,-1,-1,-1
225,10,214,500,60,203,0.5979,-1,-1,-1
225,7,507,334,71,221,0.6658,-1,-1,-1
225,5,1355,570,93,239,0.5129,-1,-1,-1
225,3,939,903,66,176,0.6117,-1,-1,-1
225,2,1721,459,75,211,0.7257,-1,-1,-1
225,1,97,553,77,155,0.3538,-1,-1,-1
225,0,433,191,68,204,0.5324,-1,-1,-1
226,34,1185,130,55,160,0.3942,-1,-1,-1
226,33,85,636,80,230,0.5815,-1,-1,-1
226,32,1114,127,56,179,0.5075,-1,-1,-1
226,29,139,684,107,252,0.6998,-1,-1,-1
226,27,771,313,71,199,0.3855,-1,-1,-1
226,25,589,346,64,195,0.5885,-1,-1,-1
226,17,390,555,88,237,0.7577,-1,-1,-1
226,16,907,136,71,187,0.6776,-1,-1,-1
226,10,212,499,61,202,0.5931,-1,-1,-1
226,7,506,335,73,220,0.6759,-1,-1,-1
226,5,1355,570,93,238,0.5200,-1,-1,-1
226,3,938,901,67,178,0.6292,-1,-1,-1
226,2,1721,459,76,211,0.7202,-1,-1,-1
226,1,99,554,76,157,0.4312,-1,-1,-1
226,0,435,190,68,204,0.5361,-1,-1,-1
227,34,1182,130,57,158,0.3630,-1,-1,-1
227,33,91,637,80,232,0.5991,-1,-1,-1
227,32,1113,128,55,179,0.5265,-1,-1,-1
227,29,145,683,108,260,0.7382,-1,-1,-1
227,27,771,315,72,199,0.3842,-1,-1,-1
227,25,588,347,64,192,0.6207,-1,-1,-1
227,17,385,553,92,239,0.7511,-1,-1,-1
227,16,910,135,68,185,0.5513,-1,-1,-1
227,10,212,497,61,200,0.6066,-1,-1,-1
227,7,506,335,73,219,0.6707,-1,-1,-1
227,5,1356,572,98,238,0.4796,-1,-1,-1
227,3,936,902,68,177,0.6228,-1,-1,-1
227,2,1721,458,74,212,0.7364,-1,-1,-1
227,1,100,554,77,158,0.3826,-1,-1,-1
227,0,434,188,70,206,0.5344,-1,-1,-1
228,34,1180,127,59,161,0.3452,-1,-1,-1
228,33,96,627,80,245,0.5322,-1,-1,-1
228,32,1110,128,57,178,0.5141,-1,-1,-1
228,30,791,106,75,229,0.3988,-1,-1,-1
228,29,149,686,103,264,0.7668,-1,-1,-1
228,27,772,316,74,203,0.4747,-1,-1,-1
228,25,588,348,65,192,0.6008,-1,-1,-1
228,17,383,551,94,240,0.7696,-1,-1,-1
228,16,912,133,68,177,0.5426,-1,-1,-1
228,10,213,496,61,203,0.6255,-1,-1,-1
228,7,505,334,75,219,0.6899,-1,-1,-1
228,5,1356,574,101,238,0.4829,-1,-1,-1
228,3,936,901,68,177,0.6188,-1,-1,-1
228,2,1722,459,74,210,0.7302,-1,-1,-1
228,1,100,555,77,147,0.3130,-1,-1,-1
228,0,435,187,70,208,0.5025,-1,-1,-1
229,34,1179,127,58,163,0.4299,-1,-1,-1
229,33,104,634,73,235,0.3277,-1,-1,-1
229,32,1100,128,66,179,0.5333,-1,-1,-1
229,30,791,105,73,232,0.4145,-1,-1,-1
229,29,149,688,101,266,0.7535,-1,-1,-1
229,27,771,318,71,202,0.4390,-1,-1,-1
229,25,588,350,63,189,0.6233,-1,-1,-1
229,17,381,550,96,241,0.7577,-1,-1,-1
229,16,914,130,67,175,0.5165,-1,-1,-1
229,10,215,496,59,201,0.6049,-1,-1,-1
229,7,506,335,74,218,0.6850,-1,-1,-1
229,5,1356,574,101,240,0.4518,-1,-1,-1
229,3,936,900,68,178,0.6387,-1,-1,-1
229,2,1721,459,75,210,0.7240,-1,-1,-1
229,1,102,555,77,142,0.3373,-1,-1,-1
229,0,436,186,69,207,0.4937,-1,-1,-1
230,34,1178,127,59,159,0.3378,-1,-1,-1
230,33,110,644,69,151,0.4071,-1,-1,-1
230,32,1091,127,74,179,0.5029,-1,-1,-1
230,30,791,105,72,230,0.3738,-1,-1,-1
230,29,149,691,100,265,0.7708,-1,-1,-1
230,27,776,321,68,203,0.4208,-1,-1,-1
230,25,588,352,62,188,0.6121,-1,-1,-1
230,17,380,548,97,243,0.7270,-1,-1,-1
230,16,915,128,66,170,0.5458,-1,-1,-1
230,10,213,493,61,203,0.5701,-1,-1,-1
230,7,506,341,68,214,0.6941,-1,-1,-1
230,5,1356,572,94,238,0.4849,-1,-1,-1
230,4,837,339,62,179,0.3779,-1,-1,-1
230,3,937,900,66,178,0.6390,-1,-1,-1
230,2,1721,459,75,211,0.7086,-1,-1,-1
230,1,103,556,78,132,0.3819,-1,-1,-1
230,0,437,186,69,207,0.4750,-1,-1,-1
231,34,1177,126,59,158,0.3820,-1,-1,-1
231,33,112,642,70,153,0.4644,-1,-1,-1
231,32,1089,127,74,178,0.5210,-1,-1,-1
231,30,790,104,72,232,0.4164,-1,-1,-1
231,29,152,694,100,262,0.7706,-1,-1,-1
231,27,777,323,69,198,0.4847,-1,-1,-1
231,25,588,354,62,185,0.6262,-1,-1,-1
231,17,377,547,98,244,0.7127,-1,-1,-1
231,16,917,128,66,175,0.5611,-1,-1,-1
231,10,215,492,60,205,0.6079,-1,-1,-1
231,7,505,343,69,216,0.7055,-1,-1,-1
231,5,1357,578,98,234,0.4699,-1,-1,-1
231,4,842,342,58,171,0.3616,-1,-1,-1
231,3,937,900,66,178,0.6269,-1,-1,-1
231,2,1722,459,74,212,0.7246,-1,-1,-1
231,1,104,556,80,133,0.4296,-1,-1,-1
231,0,437,185,70,206,0.4691,-1,-1,-1
232,35,1581,0,54,136,0.3401,-1,-1,-1
232,34,1175,127,60,157,0.3380,-1,-1,-1
232,33,113,646,72,232,0.4262,-1,-1,-1
232,32,1087,127,76,177,0.5057,-1,-1,-1
232,30,789,104,72,232,0.3665,-1,-1,-1
232,29,158,696,97,259,0.7731,-1,-1,-1
232,27,778,323,66,197,0.4734,-1,-1,-1
232,25,588,356,61,185,0.6381,-1,-1,-1
232,17,375,548,100,243,0.6682,-1,-1,-1
232,16,918,126,66,172,0.4934,-1,-1,-1
232,10,217,490,59,197,0.5774,-1,-1,-1
232,7,505,344,70,217,0.6955,-1,-1,-1
232,5,1359,578,94,238,0.4812,-1,-1,-1
232,4,841,344,60,165,0.3679,-1,-1,-1
232,3,937,900,65,179,0.6383,-1,-1,-1
232,2,1721,459,76,207,0.7156,-1,-1,-1
232,1,105,557,79,130,0.4220,-1,-1,-1
232,0,434,185,72,205,0.4312,-1,-1,-1
233,35,1581,0,55,137,0.3714,-1,-1,-1
233,34,1173,126,61,159,0.4005,-1,-1,-1
233,33,115,648,70,234,0.3185,-1,-1,-1
233,32,1088,126,74,178,0.5637,-1,-1,-1
233,30,789,103,69,232,0.3256,-1,-1,-1
233,29,164,698,91,256,0.7789,-1,-1,-1
233,27,777,325,69,200,0.4818,-1,-1,-1
233,25,588,357,61,188,0.6290,-1,-1,-1
233,17,374,547,100,243,0.6731,-1,-1,-1
233,16,920,125,64,173,0.4773,-1,-1,-1
233,10,214,487,62,206,0.6543,-1,-1,-1
233,7,505,344,75,221,0.7207,-1,-1,-1
233,5,1359,576,97,244,0.4740,-1,-1,-1
233,4,839,342,66,177,0.3588,-1,-1,-1
233,3,938,900,64,178,0.6427,-1,-1,-1
233,2,1722,459,75,211,0.6997,-1,-1,-1
233,1,106,558,80,132,0.3270,-1,-1,-1
233,0,436,183,72,206,0.4156,-1,-1,-1
234,35,1582,0,55,137,0.3627,-1,-1,-1
234,34,1171,126,62,159,0.4341,-1,-1,-1
234,32,1088,127,74,177,0.5525,-1,-1,-1
234,30,788,103,70,234,0.3380,-1,-1,-1
234,29,167,699,90,254,0.7791,-1,-1,-1
234,27,775,328,69,202,0.5081,-1,-1,-1
234,25,587,358,61,189,0.6465,-1,-1,-1
234,17,374,546,99,241,0.6544,-1,-1,-1
234,16,922,123,64,183,0.4764,-1,-1,-1
234,10,215,485,61,201,0.6775,-1,-1,-1
234,7,505,347,72,220,0.7073,-1,-1,-1
234,5,1357,573,100,248,0.5626,-1,-1,-1
234,4,839,345,59,171,0.3468,-1,-1,-1
234,3,938,901,64,178,0.6537,-1,-1,-1
234,2,1722,458,75,207,0.7152,-1,-1,-1
234,1,106,559,83,228,0.4158,-1,-1,-1
234,0,437,182,74,206,0.4330,-1,-1,-1
235,35,1585,0,54,137,0.3370,-1,-1,-1
235,34,1170,126,62,162,0.4578,-1,-1,-1
235,32,1090,127,73,177,0.5362,-1,-1,-1
235,29,170,700,90,252,0.7730,-1,-1,-1
235,27,778,330,67,205,0.5371,-1,-1,-1
235,25,588,362,59,185,0.6631,-1,-1,-1
235,17,375,544,96,242,0.6526,-1,-1,-1
235,16,923,123,64,184,0.4991,-1,-1,-1
235,10,218,482,58,200,0.6726,-1,-1,-1
235,7,504,350,72,218,0.6720,-1,-1,-1
235,5,1359,575,100,246,0.5264,-1,-1,-1
235,4,840,348,58,169,0.3382,-1,-1,-1
235,3,938,900,63,178,0.6494,-1,-1,-1
235,2,1721,458,76,209,0.7070,-1,-1,-1
235,0,438,182,76,204,0.4213,-1,-1,-1
236,35,1585,0,56,136,0.3138,-1,-1,-1
236,34,1168,126,61,159,0.3830,-1,-1,-1
236,32,1089,127,74,178,0.5637,-1,-1,-1
236,29,172,700,90,253,0.7733,-1,-1,-1
236,27,780,331,65,205,0.5418,-1,-1,-1
236,25,588,364,59,184,0.6200,-1,-1,-1
236,17,375,541,95,243,0.6852,-1,-1,-1
236,16,925,123,66,184,0.4760,-1,-1,-1
236,10,218,483,59,195,0.6482,-1,-1,-1
236,7,504,355,70,215,0.6959,-1,-1,-1
236,5,1360,576,100,244,0.5234,-1,-1,-1
236,4,838,348,59,170,0.3391,-1,-1,-1
236,3,938,900,63,178,0.6653,-1,-1,-1
236,2,1722,458,75,212,0.6937,-1,-1,-1
236,0,441,181,74,202,0.4493,-1,-1,-1
237,35,1586,0,55,137,0.3868,-1,-1,-1
237,34,1166,127,61,158,0.3786,-1,-1,-1
237,32,1090,126,71,179,0.6010,-1,-1,-1
237,29,179,701,86,252,0.7828,-1,-1,-1
237,27,780,328,71,210,0.5339,-1,-1,-1
237,25,588,365,59,185,0.6507,-1,-1,-1
237,17,375,537,94,246,0.7049,-1,-1,-1
237,16,925,121,68,185,0.4681,-1,-1,-1
237,10,220,482,58,193,0.6008,-1,-1,-1
237,7,502,356,71,215,0.6938,-1,-1,-1
237,5,1368,576,93,245,0.4786,-1,-1,-1
237,4,843,346,66,164,0.3735,-1,-1,-1
237,3,939,900,61,178,0.6753,-1,-1,-1
237,2,1720,458,77,208,0.7220,-1,-1,-1
237,0,441,181,74,202,0.4697,-1,-1,-1
238,35,1588,0,54,135,0.3997,-1,-1,-1
238,34,1163,124,63,158,0.3861,-1,-1,-1
238,33,135,660,64,205,0.4611,-1,-1,-1
238,32,1088,124,70,181,0.5607,-1,-1,-1
238,29,181,703,87,252,0.7664,-1,-1,-1
238,27,780,333,70,205,0.5815,-1,-1,-1
238,25,587,365,60,187,0.6691,-1,-1,-1
238,17,378,535,90,245,0.7216,-1,-1,-1
238,16,926,120,68,186,0.4725,-1,-1,-1
238,10,219,480,59,197,0.5278,-1,-1,-1
238,7,499,356,73,214,0.7035,-1,-1,-1
238,5,1373,574,93,247,0.4829,-1,-1,-1
238,4,841,347,66,165,0.4530,-1,-1,-1
238,3,938,900,62,178,0.6990,-1,-1,-1
238,2,1722,459,74,210,0.7198,-1,-1,-1
238,1,109,559,82,142,0.3440,-1,-1,-1
238,0,441,178,76,200,0.4648,-1,-1,-1
239,35,1591,0,51,139,0.3573,-1,-1,-1
239,34,1160,123,63,161,0.3478,-1,-1,-1
239,33,135,658,72,216,0.5570,-1,-1,-1
239,32,1089,122,66,181,0.5384,-1,-1,-1
239,29,182,706,91,251,0.7714,-1,-1,-1
239,27,779,331,71,206,0.5981,-1,-1,-1
239,25,587,364,59,189,0.6390,-1,-1,-1
239,17,380,531,87,241,0.7033,-1,-1,-1
239,16,925,120,66,183,0.4601,-1,-1,-1
239,10,217,479,63,199,0.5557,-1,-1,-1
239,7,498,358,73,214,0.6646,-1,-1,-1
239,5,1365,574,99,248,0.4672,-1,-1,-1
239,4,841,347,67,169,0.3740,-1,-1,-1
239,3,938,900,61,178,0.6977,-1,-1,-1
239,2,1722,459,75,211,0.7067,-1,-1,-1
239,1,110,560,83,162,0.5154,-1,-1,-1
239,0,442,179,75,201,0.4783,-1,-1,-1
240,35,1592,0,50,140,0.3642,-1,-1,-1
240,33,137,658,77,206,0.3943,-1,-1,-1
240,32,1087,122,62,177,0.5010,-1,-1,-1
240,29,187,710,94,253,0.7855,-1,-1,-1
240,27,780,332,70,205,0.5807,-1,-1,-1
240,25,587,363,59,194,0.6395,-1,-1,-1
240,17,383,528,84,238,0.7148,-1,-1,-1
240,16,926,119,66,185,0.4944,-1,-1,-1
240,10,219,478,61,198,0.5869,-1,-1,-1
240,7,496,355,76,221,0.6797,-1,-1,-1
240,5,1361,574,107,248,0.4995,-1,-1,-1
240,4,839,345,72,188,0.4527,-1,-1,-1
240,3,938,900,60,177,0.6944,-1,-1,-1
240,2,1720,458,77,212,0.7117,-1,-1,-1
240,1,110,560,83,151,0.5565,-1,-1,-1
240,0,441,176,77,201,0.4450,-1,-1,-1
241,35,1593,0,51,145,0.3091,-1,-1,-1
241,33,145,653,74,186,0.3398,-1,-1,-1
241,32,1086,121,62,178,0.4845,-1,-1,-1
241,29,190,711,97,257,0.7927,-1,-1,-1
241,27,782,335,70,202,0.5584,-1,-1,-1
241,25,587,364,59,190,0.6717,-1,-1,-1
241,17,388,525,79,235,0.7363,-1,-1,-1
241,16,926,119,67,181,0.5047,-1,-1,-1
241,10,222,477,58,198,0.5755,-1,-1,-1
241,7,494,355,76,221,0.7017,-1,-1,-1
241,5,1359,571,117,251,0.5198,-1,-1,-1
241,4,841,346,69,181,0.4260,-1,-1,-1
241,3,938,900,61,178,0.6903,-1,-1,-1
241,2,1721,458,75,209,0.7329,-1,-1,-1
241,1,112,562,81,145,0.4779,-1,-1,-1
241,0,441,176,78,201,0.4156,-1,-1,-1
242,33,146,651,77,169,0.4136,-1,-1,-1
242,32,1084,120,60,178,0.5483,-1,-1,-1
242,29,190,714,104,257,0.7894,-1,-1,-1
242,27,783,341,69,196,0.5573,-1,-1,-1
242,25,587,365,59,191,0.6496,-1,-1,-1
242,17,388,522,80,235,0.7355,-1,-1,-1
242,16,931,119,60,177,0.5026,-1,-1,-1
242,10,220,476,61,190,0.6240,-1,-1,-1
242,7,492,357,76,220,0.6990,-1,-1,-1
242,5,1356,570,128,250,0.5376,-1,-1,-1
242,4,844,347,68,188,0.4716,-1,-1,-1
242,3,938,901,60,176,0.6892,-1,-1,-1
242,2,1721,459,75,212,0.7304,-1,-1,-1
242,1,111,561,86,220,0.4823,-1,-1,-1
242,0,444,176,76,205,0.4210,-1,-1,-1
243,33,150,651,82,153,0.4239,-1,-1,-1
243,32,1084,119,57,179,0.5514,-1,-1,-1
243,29,190,716,108,259,0.7654,-1,-1,-1
243,27,782,340,69,196,0.4789,-1,-1,-1
243,25,586,366,60,189,0.6433,-1,-1,-1
243,17,389,520,79,237,0.7308,-1,-1,-1
243,16,932,118,61,178,0.4199,-1,-1,-1
243,10,219,475,62,191,0.6906,-1,-1,-1
243,7,491,357,75,221,0.6724,-1,-1,-1
243,5,1359,570,121,249,0.4804,-1,-1,-1
243,4,843,348,71,188,0.5015,-1,-1,-1
243,3,938,900,59,177,0.6973,-1,-1,-1
243,2,1721,459,75,211,0.7324,-1,-1,-1
243,1,113,561,85,225,0.5703,-1,-1,-1
243,0,442,175,76,203,0.4283,-1,-1,-1
244,34,1153,115,62,161,0.3449,-1,-1,-1
244,33,156,651,78,153,0.4649,-1,-1,-1
244,32,1083,119,59,179,0.5535,-1,-1,-1
244,30,789,150,65,174,0.3617,-1,-1,-1
244,29,193,720,106,254,0.7629,-1,-1,-1
244,27,782,343,70,194,0.4302,-1,-1,-1
244,25,585,367,61,188,0.6831,-1,-1,-1
244,17,389,518,80,237,0.7367,-1,-1,-1
244,16,930,117,63,182,0.4511,-1,-1,-1
244,10,219,474,62,192,0.7029,-1,-1,-1
244,7,489,358,75,219,0.6411,-1,-1,-1
244,5,1358,572,120,247,0.4710,-1,-1,-1
244,4,846,350,71,186,0.5251,-1,-1,-1
244,3,936,901,62,177,0.7192,-1,-1,-1
244,2,1720,458,76,212,0.7183,-1,-1,-1
244,1,115,560,84,252,0.6488,-1,-1,-1
244,0,444,176,77,205,0.4124,-1,-1,-1
245,34,1154,114,60,161,0.3898,-1,-1,-1
245,33,162,655,76,148,0.4965,-1,-1,-1
245,32,1081,118,60,178,0.5793,-1,-1,-1
245,30,789,149,65,175,0.3435,-1,-1,-1
245,29,189,722,108,257,0.7551,-1,-1,-1
245,27,781,341,74,197,0.4038,-1,-1,-1
245,25,584,369,62,188,0.6789,-1,-1,-1
245,17,388,518,82,237,0.7347,-1,-1,-1
245,16,931,116,64,178,0.4547,-1,-1,-1
245,10,219,473,61,196,0.6959,-1,-1,-1
245,7,489,360,74,216,0.6617,-1,-1,-1
245,5,1357,571,120,248,0.4717,-1,-1,-1
245,4,848,350,71,189,0.4971,-1,-1,-1
245,3,936,902,62,178,0.7103,-1,-1,-1
245,2,1721,458,75,212,0.7068,-1,-1,-1
245,1,117,562,83,244,0.7001,-1,-1,-1
245,0,444,173,78,204,0.4368,-1,-1,-1
246,34,1152,113,61,163,0.4171,-1,-1,-1
246,33,174,657,76,147,0.4727,-1,-1,-1
246,32,1080,117,61,179,0.5548,-1,-1,-1
246,30,787,149,67,175,0.3494,-1,-1,-1
246,29,198,725,98,261,0.7460,-1,-1,-1
246,27,782,342,71,195,0.3703,-1,-1,-1
246,25,584,371,62,197,0.6377,-1,-1,-1
246,17,388,517,84,239,0.7260,-1,-1,-1
246,16,934,114,61,173,0.3862,-1,-1,-1
246,10,217,471,64,198,0.6858,-1,-1,-1
246,7,487,360,75,215,0.6652,-1,-1,-1
246,5,1364,573,113,246,0.4898,-1,-1,-1
246,4,849,351,72,190,0.3433,-1,-1,-1
246,3,936,903,63,176,0.7099,-1,-1,-1
246,2,1721,458,75,212,0.7001,-1,-1,-1
246,1,119,562,82,247,0.7287,-1,-1,-1
246,0,444,173,78,204,0.4384,-1,-1,-1
247,34,1150,113,61,163,0.4130,-1,-1,-1
247,33,175,660,79,143,0.3986,-1,-1,-1
247,32,1078,116,59,180,0.5329,-1,-1,-1
247,30,788,149,67,174,0.3203,-1,-1,-1
247,29,202,729,94,258,0.7068,-1,-1,-1
247,27,784,346,72,193,0.3756,-1,-1,-1
247,25,584,374,62,200,0.6458,-1,-1,-1
247,17,389,516,84,241,0.7299,-1,-1,-1
247,16,935,113,62,170,0.4543,-1,-1,-1
247,10,218,469,62,199,0.7255,-1,-1,-1
247,7,486,361,75,215,0.6857,-1,-1,-1
247,5,1361,570,127,251,0.5240,-1,-1,-1
247,4,853,351,69,191,0.3626,-1,-1,-1
247,3,936,904,63,175,0.7034,-1,-1,-1
247,2,1721,457,75,213,0.7080,-1,-1,-1
247,1,121,563,82,247,0.7165,-1,-1,-1
247,0,445,173,79,204,0.4306,-1,-1,-1
248,34,1150,113,62,165,0.4200,-1,-1,-1
248,33,178,661,80,143,0.3094,-1,-1,-1
248,32,1078,116,57,179,0.5339,-1,-1,-1
248,30,789,148,66,174,0.3136,-1,-1,-1
248,29,204,729,93,260,0.6618,-1,-1,-1
248,27,787,346,70,197,0.4358,-1,-1,-1
248,25,584,374,61,203,0.6675,-1,-1,-1
248,17,388,516,85,240,0.7275,-1,-1,-1
248,16,937,111,62,177,0.5357,-1,-1,-1
248,10,217,467,63,198,0.7433,-1,-1,-1
248,7,486,361,74,216,0.7036,-1,-1,-1
248,5,1365,565,119,255,0.5299,-1,-1,-1
248,4,854,354,69,190,0.3485,-1,-1,-1
248,3,936,905,64,172,0.6774,-1,-1,-1
248,2,1719,458,77,211,0.7313,-1,-1,-1
248,1,124,562,86,253,0.6829,-1,-1,-1
248,0,446,173,78,203,0.4349,-1,-1,-1
249,34,1149,111,62,167,0.4291,-1,-1,-1
249,33,180,664,85,231,0.3595,-1,-1,-1
249,32,1077,115,58,181,0.5134,-1,-1,-1
249,30,789,149,66,174,0.3235,-1,-1,-1
249,29,208,735,91,254,0.5971,-1,-1,-1
249,27,787,346,73,194,0.4265,-1,-1,-1
249,25,583,377,61,201,0.6886,-1,-1,-1
249,17,387,515,88,239,0.7386,-1,-1,-1
249,16,936,109,63,181,0.5681,-1,-1,-1
249,10,219,466,61,195,0.7475,-1,-1,-1
249,7,487,363,75,216,0.6976,-1,-1,-1
249,5,1375,571,104,249,0.5316,-1,-1,-1
249,4,851,355,75,188,0.3710,-1,-1,-1
249,3,934,905,67,173,0.6963,-1,-1,-1
249,2,1721,458,74,211,0.7268,-1,-1,-1
249,1,127,565,85,251,0.6729,-1,-1,-1
249,0,447,173,77,203,0.4701,-1,-1,-1
250,34,1148,111,61,166,0.3687,-1,-1,-1
250,33,178,668,93,235,0.3502,-1,-1,-1
250,32,1076,115,58,181,0.4968,-1,-1,-1
250,30,791,150,63,173,0.3236,-1,-1,-1
250,29,211,742,89,247,0.5881,-1,-1,-1
250,27,788,348,73,195,0.4296,-1,-1,-1
250,25,583,380,60,200,0.6949,-1,-1,-1
250,17,387,515,88,239,0.7400,-1,-1,-1
250,16,935,108,65,183,0.5479,-1,-1,-1
250,10,218,462,62,197,0.7091,-1,-1,-1
250,7,487,365,73,219,0.6970,-1,-1,-1
250,5,1381,570,96,246,0.5988,-1,-1,-1
250,4,853,355,74,190,0.4501,-1,-1,-1
250,3,934,905,68,173,0.6809,-1,-1,-1
250,2,1721,458,75,211,0.7206,-1,-1,-1
250,1,129,565,82,247,0.6697,-1,-1,-1
250,0,447,171,77,204,0.4508,-1,-1,-1
251,34,1147,111,61,166,0.3360,-1,-1,-1
251,32,1075,114,58,181,0.4743,-1,-1,-1
251,30,794,149,60,173,0.3247,-1,-1,-1
251,29,211,742,90,247,0.6604,-1,-1,-1
251,27,788,349,76,193,0.4648,-1,-1,-1
251,25,582,381,61,200,0.7117,-1,-1,-1
251,17,386,512,90,239,0.7455,-1,-1,-1
251,16,935,107,66,182,0.5253,-1,-1,-1
251,10,218,461,63,203,0.7005,-1,-1,-1
251,7,488,368,72,225,0.6945,-1,-1,-1
251,5,1384,572,96,245,0.6273,-1,-1,-1
251,4,856,355,73,191,0.4500,-1,-1,-1
251,3,936,905,67,173,0.7030,-1,-1,-1
251,2,1720,459,76,211,0.7199,-1,-1,-1
251,1,131,566,83,250,0.7079,-1,-1,-1
251,0,447,170,76,205,0.4371,-1,-1,-1
252,34,1145,109,60,172,0.3332,-1,-1,-1
252,32,1074,113,57,181,0.5030,-1,-1,-1
252,30,795,149,59,174,0.3572,-1,-1,-1
252,29,216,743,89,246,0.7004,-1,-1,-1
252,27,790,351,76,195,0.5052,-1,-1,-1
252,25,581,382,62,201,0.6783,-1,-1,-1
252,17,387,511,89,239,0.7484,-1,-1,-1
252,16,936,108,65,182,0.5434,-1,-1,-1
252,10,220,460,62,204,0.6540,-1,-1,-1
252,7,486,372,73,223,0.6776,-1,-1,-1
252,5,1385,570,93,248,0.6753,-1,-1,-1
252,4,858,358,71,189,0.4838,-1,-1,-1
252,3,936,906,67,171,0.7138,-1,-1,-1
252,2,1719,458,78,207,0.7318,-1,-1,-1
252,1,132,566,85,248,0.7425,-1,-1,-1
252,0,446,170,78,204,0.4529,-1,-1,-1
253,34,1142,107,61,170,0.3539,-1,-1,-1
253,32,1072,115,56,180,0.5006,-1,-1,-1
253,30,795,148,59,175,0.3197,-1,-1,-1
253,29,217,742,91,249,0.7477,-1,-1,-1
253,27,793,354,74,191,0.4220,-1,-1,-1
253,25,579,382,63,200,0.6677,-1,-1,-1
253,17,386,508,89,240,0.7492,-1,-1,-1
253,16,936,106,65,182,0.5251,-1,-1,-1
253,10,221,456,61,206,0.6265,-1,-1,-1
253,7,488,372,71,223,0.6775,-1,-1,-1
253,5,1387,568,92,250,0.6776,-1,-1,-1
253,4,862,358,69,191,0.4768,-1,-1,-1
253,3,937,906,69,172,0.7179,-1,-1,-1
253,2,1720,458,77,207,0.7099,-1,-1,-1
253,1,134,565,88,245,0.7648,-1,-1,-1
253,0,448,170,75,203,0.4450,-1,-1,-1
254,34,1141,104,61,172,0.3894,-1,-1,-1
254,32,1070,113,56,183,0.5141,-1,-1,-1
254,30,796,149,58,174,0.3284,-1,-1,-1
254,29,220,742,90,249,0.7350,-1,-1,-1
254,27,795,353,70,195,0.4697,-1,-1,-1
254,25,577,382,63,204,0.6788,-1,-1,-1
254,17,388,505,86,239,0.7415,-1,-1,-1
254,16,936,105,67,183,0.5273,-1,-1,-1
254,10,220,456,62,202,0.6404,-1,-1,-1
254,7,488,374,71,222,0.7009,-1,-1,-1
254,5,1389,569,89,246,0.6699,-1,-1,-1
254,4,858,359,74,190,0.4809,-1,-1,-1
254,3,938,907,69,171,0.7256,-1,-1,-1
254,2,1719,458,77,212,0.7125,-1,-1,-1
254,1,135,566,88,242,0.7521,-1,-1,-1
254,0,447,169,77,202,0.4340,-1,-1,-1
255,34,1140,104,61,172,0.3229,-1,-1,-1
255,33,198,678,88,140,0.5268,-1,-1,-1
255,32,1068,114,55,182,0.4780,-1,-1,-1
255,30,796,150,58,173,0.3148,-1,-1,-1
255,29,223,742,90,256,0.7952,-1,-1,-1
255,27,797,354,70,195,0.4189,-1,-1,-1
255,25,577,384,64,198,0.6910,-1,-1,-1
255,17,388,502,86,235,0.7265,-1,-1,-1
255,16,936,105,66,180,0.5176,-1,-1,-1
255,10,220,455,62,201,0.5909,-1,-1,-1
255,7,488,374,70,232,0.7196,-1,-1,-1
255,5,1392,567,86,243,0.6722,-1,-1,-1
255,4,862,361,70,188,0.3908,-1,-1,-1
255,3,938,908,70,170,0.7093,-1,-1,-1
255,2,1721,458,74,211,0.7149,-1,-1,-1
255,1,137,565,86,245,0.7316,-1,-1,-1
255,0,447,169,73,197,0.3891,-1,-1,-1
256,33,201,679,87,141,0.5358,-1,-1,-1
256,32,1067,115,57,180,0.4876,-1,-1,-1
256,29,227,744,88,260,0.7707,-1,-1,-1
256,27,797,356,72,196,0.4291,-1,-1,-1
256,25,575,384,65,198,0.7161,-1,-1,-1
256,17,390,500,81,231,0.7114,-1,-1,-1
256,16,936,104,67,181,0.5010,-1,-1,-1
256,10,220,455,62,202,0.6024,-1,-1,-1
256,7,487,376,70,222,0.7008,-1,-1,-1
256,5,1394,566,86,246,0.6610,-1,-1,-1
256,4,869,363,60,182,0.4111,-1,-1,-1
256,3,938,908,72,170,0.7087,-1,-1,-1
256,2,1721,458,74,212,0.7126,-1,-1,-1
256,1,138,565,87,245,0.7238,-1,-1,-1
256,0,449,166,73,196,0.3719,-1,-1,-1
257,33,201,678,91,150,0.5444,-1,-1,-1
257,32,1066,115,57,180,0.5098,-1,-1,-1
257,29,228,745,90,268,0.7705,-1,-1,-1
257,27,799,355,71,197,0.4501,-1,-1,-1
257,25,574,384,65,195,0.6954,-1,-1,-1
257,17,390,497,81,231,0.6786,-1,-1,-1
257,16,936,105,66,180,0.4931,-1,-1,-1
257,10,217,455,66,203,0.6116,-1,-1,-1
257,7,488,376,69,223,0.7076,-1,-1,-1
257,5,1397,567,82,243,0.6481,-1,-1,-1
257,4,870,361,64,186,0.4947,-1,-1,-1
257,3,939,908,72,170,0.7274,-1,-1,-1
257,2,1720,458,75,211,0.7340,-1,-1,-1
257,1,138,565,90,244,0.7367,-1,-1,-1
257,0,450,165,74,196,0.3991,-1,-1,-1
258,33,212,680,84,150,0.5450,-1,-1,-1
258,32,1066,113,55,181,0.5144,-1,-1,-1
258,29,229,748,89,270,0.7640,-1,-1,-1
258,27,802,356,69,197,0.4477,-1,-1,-1
258,25,574,386,64,200,0.6991,-1,-1,-1
258,17,389,492,82,235,0.6945,-1,-1,-1
258,16,936,103,66,181,0.4616,-1,-1,-1
258,10,218,455,65,203,0.5963,-1,-1,-1
258,7,489,376,69,224,0.6964,-1,-1,-1
258,5,1401,566,79,238,0.6409,-1,-1,-1
258,4,872,362,61,187,0.4807,-1,-1,-1
258,3,939,911,72,167,0.7368,-1,-1,-1
258,2,1720,458,76,205,0.7220,-1,-1,-1
258,1,144,565,89,244,0.7532,-1,-1,-1
258,0,449,164,76,197,0.3954,-1,-1,-1
259,33,217,681,82,135,0.5485,-1,-1,-1
259,32,1064,112,56,180,0.5147,-1,-1,-1
259,29,233,752,85,263,0.7637,-1,-1,-1
259,27,799,357,72,195,0.5209,-1,-1,-1
259,25,572,384,66,197,0.6743,-1,-1,-1
259,17,385,489,85,238,0.6979,-1,-1,-1
259,16,936,102,66,182,0.4269,-1,-1,-1
259,10,219,455,64,203,0.5677,-1,-1,-1
259,7,489,377,69,224,0.6957,-1,-1,-1
259,5,1405,566,76,237,0.6394,-1,-1,-1
259,4,874,364,55,184,0.4660,-1,-1,-1
259,3,939,912,74,167,0.7115,-1,-1,-1
259,2,1720,459,76,205,0.7292,-1,-1,-1
259,1,146,565,89,245,0.7479,-1,-1,-1
259,0,451,167,74,192,0.3701,-1,-1,-1
260,33,219,683,82,130,0.5105,-1,-1,-1
260,32,1063,110,56,181,0.5585,-1,-1,-1
260,29,236,758,87,266,0.7567,-1,-1,-1
260,27,799,356,67,196,0.5268,-1,-1,-1
260,25,571,384,66,200,0.6629,-1,-1,-1
260,17,381,488,89,239,0.7164,-1,-1,-1
260,16,938,101,64,176,0.4697,-1,-1,-1
260,10,217,453,66,200,0.5862,-1,-1,-1
260,7,488,378,70,227,0.7030,-1,-1,-1
260,5,1407,566,76,244,0.6526,-1,-1,-1
260,4,872,363,60,186,0.4828,-1,-1,-1
260,3,940,912,75,166,0.7143,-1,-1,-1
260,2,1719,459,77,204,0.7143,-1,-1,-1
260,1,152,565,85,245,0.7184,-1,-1,-1
260,0,451,166,75,194,0.3940,-1,-1,-1
261,33,219,683,83,130,0.5500,-1,-1,-1
261,32,1060,109,57,182,0.5534,-1,-1,-1
261,29,242,762,84,265,0.7404,-1,-1,-1
261,27,799,358,69,197,0.5400,-1,-1,-1
261,25,570,386,67,203,0.6867,-1,-1,-1
261,17,377,487,93,240,0.7095,-1,-1,-1
261,16,938,100,64,175,0.4761,-1,-1,-1
261,10,217,451,67,195,0.5743,-1,-1,-1
261,7,488,380,68,221,0.7138,-1,-1,-1
261,5,1408,566,78,245,0.6547,-1,-1,-1
261,4,871,364,62,191,0.4439,-1,-1,-1
261,3,940,914,77,164,0.7309,-1,-1,-1
261,2,1720,458,75,212,0.7185,-1,-1,-1
261,1,156,564,84,246,0.7264,-1,-1,-1
261,0,450,162,78,196,0.3739,-1,-1,-1
262,34,1130,98,59,170,0.3251,-1,-1,-1
262,33,219,686,85,129,0.5246,-1,-1,-1
262,32,1058,108,58,184,0.5213,-1,-1,-1
262,29,244,764,83,263,0.7189,-1,-1,-1
262,27,791,356,83,198,0.4860,-1,-1,-1
262,25,568,388,68,206,0.7143,-1,-1,-1
262,17,376,486,94,241,0.6711,-1,-1,-1
262,16,939,99,64,174,0.5010,-1,-1,-1
262,10,219,449,65,188,0.4912,-1,-1,-1
262,7,488,379,67,220,0.7387,-1,-1,-1
262,5,1409,565,78,244,0.6324,-1,-1,-1
262,3,942,917,74,161,0.7535,-1,-1,-1
262,2,1720,458,75,212,0.7109,-1,-1,-1
262,1,161,564,84,252,0.6640,-1,-1,-1
262,0,452,163,73,196,0.3436,-1,-1,-1
263,34,1130,98,59,168,0.3609,-1,-1,-1
263,33,221,689,87,127,0.4607,-1,-1,-1
263,32,1057,107,59,187,0.5268,-1,-1,-1
263,29,245,765,83,265,0.6727,-1,-1,-1
263,27,801,359,74,202,0.4319,-1,-1,-1
263,25,565,392,71,207,0.7083,-1,-1,-1
263,17,375,485,94,243,0.6689,-1,-1,-1
263,16,940,98,63,175,0.4467,-1,-1,-1
263,10,216,446,68,197,0.5842,-1,-1,-1
263,7,487,382,69,217,0.7697,-1,-1,-1
263,5,1410,564,79,241,0.6389,-1,-1,-1
263,3,939,917,80,161,0.7406,-1,-1,-1
263,2,1720,458,75,211,0.7089,-1,-1,-1
263,1,165,567,82,254,0.6801,-1,-1,-1
263,0,453,165,69,195,0.3724,-1,-1,-1
264,34,1127,99,62,170,0.4071,-1,-1,-1
264,33,232,687,72,128,0.4588,-1,-1,-1
264,32,1056,106,58,181,0.4893,-1,-1,-1
264,29,246,767,87,264,0.6758,-1,-1,-1
264,27,793,358,79,205,0.5815,-1,-1,-1
264,25,565,394,70,207,0.7095,-1,-1,-1
264,17,373,485,95,242,0.6502,-1,-1,-1
264,16,939,98,63,176,0.4500,-1,-1,-1
264,10,222,445,62,189,0.5278,-1,-1,-1
264,7,484,383,71,215,0.7519,-1,-1,-1
264,5,1411,563,80,249,0.6539,-1,-1,-1
264,3,939,918,81,159,0.7375,-1,-1,-1
264,2,1719,459,77,204,0.7086,-1,-1,-1
264,1,169,566,80,250,0.7355,-1,-1,-1
264,0,453,164,69,195,0.3650,-1,-1,-1
265,34,1125,100,62,164,0.4195,-1,-1,-1
265,33,240,696,65,120,0.4435,-1,-1,-1
265,32,1055,105,59,180,0.4600,-1,-1,-1
265,29,247,768,90,264,0.7624,-1,-1,-1
265,27,793,361,74,200,0.5703,-1,-1,-1
265,25,565,396,70,206,0.7214,-1,-1,-1
265,17,372,484,96,242,0.6738,-1,-1,-1
265,16,939,96,64,178,0.4745,-1,-1,-1
265,10,223,443,62,188,0.4309,-1,-1,-1
265,7,482,383,73,216,0.7427,-1,-1,-1
265,5,1412,563,79,249,0.5894,-1,-1,-1
265,3,940,917,81,161,0.7312,-1,-1,-1
265,2,1719,458,77,208,0.7170,-1,-1,-1
265,1,173,568,78,249,0.6968,-1,-1,-1
265,0,455,165,68,193,0.3966,-1,-1,-1
266,34,1123,100,62,165,0.3725,-1,-1,-1
266,33,245,699,64,115,0.3928,-1,-1,-1
266,32,1054,104,59,182,0.4593,-1,-1,-1
266,29,249,769,92,263,0.7844,-1,-1,-1
266,27,794,362,77,202,0.6075,-1,-1,-1
266,25,567,398,64,207,0.7089,-1,-1,-1
266,17,371,483,97,241,0.6690,-1,-1,-1
266,16,939,96,65,178,0.5146,-1,-1,-1
266,10,224,440,61,189,0.4633,-1,-1,-1
266,7,480,383,75,221,0.7683,-1,-1,-1
266,5,1414,565,80,244,0.5935,-1,-1,-1
266,4,873,373,66,196,0.3234,-1,-1,-1
266,3,940,918,82,160,0.7306,-1,-1,-1
266,2,1719,458,76,212,0.6998,-1,-1,-1
266,1,177,569,77,251,0.6841,-1,-1,-1
266,0,455,164,67,196,0.3387,-1,-1,-1
267,34,1124,97,59,162,0.3157,-1,-1,-1
267,33,248,701,66,111,0.5592,-1,-1,-1
267,32,1052,104,59,184,0.4648,-1,-1,-1
267,29,248,767,96,266,0.7822,-1,-1,-1
267,27,795,363,74,203,0.6018,-1,-1,-1
267,25,567,399,63,209,0.7100,-1,-1,-1
267,17,372,480,94,246,0.6642,-1,-1,-1
267,16,940,96,65,176,0.5135,-1,-1,-1
267,10,223,437,63,189,0.4839,-1,-1,-1
267,7,478,384,76,224,0.7455,-1,-1,-1
267,5,1416,564,81,249,0.6070,-1,-1,-1
267,4,872,375,68,194,0.4023,-1,-1,-1
267,3,941,919,82,159,0.7180,-1,-1,-1
267,2,1719,458,78,207,0.7089,-1,-1,-1
267,1,179,569,77,256,0.6474,-1,-1,-1
267,0,457,163,66,194,0.3586,-1,-1,-1
268,34,1121,96,61,168,0.3102,-1,-1,-1
268,33,254,702,63,112,0.4016,-1,-1,-1
268,32,1050,104,59,180,0.4865,-1,-1,-1
268,29,250,771,93,262,0.7440,-1,-1,-1
268,27,796,364,76,203,0.5958,-1,-1,-1
268,25,565,400,65,209,0.6980,-1,-1,-1
268,17,372,479,94,245,0.6718,-1,-1,-1
268,16,940,96,66,177,0.5441,-1,-1,-1
268,10,223,436,64,191,0.5594,-1,-1,-1
268,7,475,385,77,226,0.7615,-1,-1,-1
268,5,1417,565,82,244,0.6529,-1,-1,-1
268,4,869,376,73,192,0.5056,-1,-1,-1
268,3,942,919,81,159,0.7257,-1,-1,-1
268,2,1720,458,75,211,0.7101,-1,-1,-1
268,1,181,570,76,258,0.6906,-1,-1,-1
268,0,456,163,70,194,0.3876,-1,-1,-1
269,34,1119,96,61,161,0.3131,-1,-1,-1
269,32,1048,104,59,178,0.5170,-1,-1,-1
269,29,251,770,94,262,0.7331,-1,-1,-1
269,27,798,366,73,204,0.6184,-1,-1,-1
269,25,564,402,66,208,0.6944,-1,-1,-1
269,17,373,476,93,248,0.6505,-1,-1,-1
269,16,939,94,67,179,0.5688,-1,-1,-1
269,10,225,433,63,195,0.6056,-1,-1,-1
269,7,474,388,76,219,0.7070,-1,-1,-1
269,5,1419,566,85,245,0.6381,-1,-1,-1
269,4,870,378,72,186,0.5372,-1,-1,-1
269,3,944,919,79,160,0.7296,-1,-1,-1
269,2,1720,458,76,206,0.7009,-1,-1,-1
269,1,184,571,76,256,0.7081,-1,-1,-1
269,0,458,164,69,192,0.3882,-1,-1,-1
270,34,1117,96,61,159,0.3403,-1,-1,-1
270,32,1046,103,59,178,0.5449,-1,-1,-1
270,29,254,775,90,259,0.7425,-1,-1,-1
270,27,799,368,70,205,0.6319,-1,-1,-1
270,25,563,403,66,210,0.6895,-1,-1,-1
270,17,375,473,91,246,0.6767,-1,-1,-1
270,16,940,95,65,177,0.5576,-1,-1,-1
270,10,224,432,64,198,0.6263,-1,-1,-1
270,7,474,390,74,218,0.7432,-1,-1,-1
270,5,1421,569,86,240,0.6296,-1,-1,-1
270,4,872,379,70,189,0.5457,-1,-1,-1
270,3,945,920,78,159,0.7264,-1,-1,-1
270,2,1721,459,74,211,0.7009,-1,-1,-1
270,1,184,573,83,246,0.7445,-1,-1,-1
270,0,458,160,68,195,0.3559,-1,-1,-1
271,34,1116,96,61,159,0.3274,-1,-1,-1
271,32,1043,103,64,179,0.5033,-1,-1,-1
271,29,256,775,89,261,0.7582,-1,-1,-1
271,27,800,369,69,212,0.6366,-1,-1,-1
271,25,563,405,65,207,0.6753,-1,-1,-1
271,17,377,468,89,234,0.7107,-1,-1,-1
271,16,940,91,65,177,0.5806,-1,-1,-1
271,10,223,432,64,195,0.5921,-1,-1,-1
271,7,471,391,77,215,0.7565,-1,-1,-1
271,5,1425,571,82,238,0.6096,-1,-1,-1
271,4,873,380,66,189,0.5869,-1,-1,-1
271,3,945,920,79,159,0.7118,-1,-1,-1
271,2,1720,458,76,212,0.7155,-1,-1,-1
271,1,187,574,86,244,0.7805,-1,-1,-1
271,0,457,153,73,202,0.3401,-1,-1,-1
272,34,1114,95,62,160,0.3966,-1,-1,-1
272,32,1039,103,68,181,0.4903,-1,-1,-1
272,29,259,780,89,261,0.7652,-1,-1,-1
272,27,800,373,71,203,0.6109,-1,-1,-1
272,25,563,406,64,206,0.6498,-1,-1,-1
272,17,383,466,83,231,0.7283,-1,-1,-1
272,16,939,88,67,179,0.5838,-1,-1,-1
272,10,224,432,63,195,0.5609,-1,-1,-1
272,7,471,393,76,212,0.7827,-1,-1,-1
272,5,1424,573,87,236,0.5958,-1,-1,-1
272,4,872,379,69,191,0.5757,-1,-1,-1
272,3,945,920,79,159,0.6941,-1,-1,-1
272,2,1720,459,75,211,0.7159,-1,-1,-1
272,1,190,575,86,246,0.7784,-1,-1,-1
272,0,458,152,83,202,0.4073,-1,-1,-1
273,34,1113,96,61,159,0.3524,-1,-1,-1
273,32,1032,104,73,177,0.4845,-1,-1,-1
273,29,258,775,94,272,0.7802,-1,-1,-1
273,27,801,373,69,201,0.5800,-1,-1,-1
273,25,562,406,65,207,0.6248,-1,-1,-1
273,17,384,464,81,231,0.7203,-1,-1,-1
273,16,940,88,65,177,0.5900,-1,-1,-1
273,10,224,431,64,194,0.5261,-1,-1,-1
273,7,469,393,76,211,0.7787,-1,-1,-1
273,5,1429,579,79,232,0.5283,-1,-1,-1
273,4,879,381,63,190,0.5692,-1,-1,-1
273,3,945,920,80,159,0.7070,-1,-1,-1
273,2,1720,459,75,210,0.7385,-1,-1,-1
273,1,193,577,88,246,0.7807,-1,-1,-1
273,0,460,151,73,200,0.3629,-1,-1,-1
274,34,1111,96,62,160,0.4245,-1,-1,-1
274,32,1033,105,70,173,0.4746,-1,-1,-1
274,29,264,777,96,278,0.7593,-1,-1,-1
274,27,803,371,71,205,0.5937,-1,-1,-1
274,25,561,406,65,208,0.6117,-1,-1,-1
274,17,383,462,83,231,0.7166,-1,-1,-1
274,16,941,87,64,176,0.5900,-1,-1,-1
274,10,224,431,64,193,0.5428,-1,-1,-1
274,7,468,395,77,211,0.7423,-1,-1,-1
274,5,1430,577,81,240,0.5531,-1,-1,-1
274,4,881,381,60,189,0.5289,-1,-1,-1
274,3,945,920,79,159,0.6930,-1,-1,-1
274,2,1720,458,75,211,0.7290,-1,-1,-1
274,1,194,578,90,248,0.7922,-1,-1,-1
274,0,460,150,70,199,0.4557,-1,-1,-1
275,34,1109,96,61,160,0.3654,-1,-1,-1
275,33,276,712,83,140,0.4119,-1,-1,-1
275,32,1029,103,72,177,0.4553,-1,-1,-1
275,29,266,784,97,269,0.7423,-1,-1,-1
275,27,803,373,74,203,0.5807,-1,-1,-1
275,25,559,406,65,208,0.5972,-1,-1,-1
275,17,384,460,82,234,0.7485,-1,-1,-1
275,16,941,85,63,176,0.6086,-1,-1,-1
275,10,224,430,64,192,0.5161,-1,-1,-1
275,7,468,397,76,212,0.6927,-1,-1,-1
275,5,1432,579,80,240,0.5575,-1,-1,-1
275,4,883,381,63,189,0.5678,-1,-1,-1
275,3,945,920,80,159,0.6994,-1,-1,-1
275,2,1721,457,74,213,0.7228,-1,-1,-1
275,1,195,576,92,250,0.7716,-1,-1,-1
275,0,461,150,67,197,0.3904,-1,-1,-1
276,34,1107,96,61,160,0.3994,-1,-1,-1
276,33,275,713,93,148,0.4954,-1,-1,-1
276,32,1032,104,66,177,0.4641,-1,-1,-1
276,29,268,793,96,261,0.7268,-1,-1,-1
276,27,804,374,73,202,0.5911,-1,-1,-1
276,25,558,408,65,208,0.6567,-1,-1,-1
276,17,385,458,81,233,0.7520,-1,-1,-1
276,16,941,83,63,181,0.6098,-1,-1,-1
276,10,226,428,61,189,0.4545,-1,-1,-1
276,7,467,399,75,210,0.7090,-1,-1,-1
276,5,1434,579,78,241,0.5751,-1,-1,-1
276,4,886,382,61,188,0.4958,-1,-1,-1
276,3,944,921,80,158,0.6951,-1,-1,-1
276,2,1719,459,77,205,0.7318,-1,-1,-1
276,1,196,576,93,253,0.7381,-1,-1,-1
276,0,461,150,66,195,0.4027,-1,-1,-1
277,34,1106,95,59,160,0.4196,-1,-1,-1
277,33,279,717,96,143,0.5819,-1,-1,-1
277,32,1031,103,68,180,0.4527,-1,-1,-1
277,29,271,797,88,259,0.7296,-1,-1,-1
277,27,804,373,73,203,0.5578,-1,-1,-1
277,25,559,408,64,206,0.6847,-1,-1,-1
277,17,386,457,81,232,0.7536,-1,-1,-1
277,16,941,83,63,177,0.5845,-1,-1,-1
277,10,226,426,61,185,0.4471,-1,-1,-1
277,7,465,399,76,210,0.6932,-1,-1,-1
277,5,1434,579,77,241,0.5650,-1,-1,-1
277,4,885,383,63,187,0.4888,-1,-1,-1
277,3,943,922,82,157,0.6824,-1,-1,-1
277,2,1720,458,75,212,0.7114,-1,-1,-1
277,1,197,577,90,254,0.6920,-1,-1,-1
277,0,460,146,68,196,0.3211,-1,-1,-1
278,34,1105,94,59,161,0.4047,-1,-1,-1
278,33,280,720,105,147,0.6279,-1,-1,-1
278,32,1031,103,67,179,0.4329,-1,-1,-1
278,29,273,797,87,262,0.7242,-1,-1,-1
278,27,802,374,76,200,0.5207,-1,-1,-1
278,25,558,409,65,205,0.6632,-1,-1,-1
278,17,384,460,86,229,0.7366,-1,-1,-1
278,16,942,81,62,176,0.5920,-1,-1,-1
278,10,226,424,62,190,0.4930,-1,-1,-1
278,7,466,400,73,212,0.7252,-1,-1,-1
278,5,1435,580,76,244,0.5352,-1,-1,-1
278,4,882,388,71,184,0.5694,-1,-1,-1
278,3,943,922,82,157,0.7009,-1,-1,-1
278,2,1720,458,75,212,0.7280,-1,-1,-1
278,1,201,579,80,245,0.6057,-1,-1,-1
278,0,461,145,65,197,0.3339,-1,-1,-1
279,36,746,333,56,188,0.3829,-1,-1,-1
279,34,1103,94,61,159,0.3770,-1,-1,-1
279,33,287,725,103,141,0.6807,-1,-1,-1
279,32,1030,103,66,179,0.4263,-1,-1,-1
279,29,275,799,86,262,0.7337,-1,-1,-1
279,27,802,376,76,203,0.4656,-1,-1,-1
279,25,557,411,66,205,0.6617,-1,-1,-1
279,17,384,459,87,230,0.7448,-1,-1,-1
279,16,941,79,63,178,0.5575,-1,-1,-1
279,10,226,422,63,190,0.5229,-1,-1,-1
279,7,466,401,70,217,0.7344,-1,-1,-1
279,5,1436,583,75,241,0.5639,-1,-1,-1
279,4,880,390,71,188,0.5177,-1,-1,-1
279,3,943,922,82,157,0.6975,-1,-1,-1
279,2,1721,458,74,212,0.7324,-1,-1,-1
279,1,203,581,74,246,0.6188,-1,-1,-1
279,0,460,144,67,197,0.3178,-1,-1,-1
280,36,750,333,56,187,0.3757,-1,-1,-1
280,34,1102,94,62,160,0.3624,-1,-1,-1
280,33,290,729,105,137,0.6812,-1,-1,-1
280,32,1030,101,68,179,0.4611,-1,-1,-1
280,29,276,801,84,265,0.7374,-1,-1,-1
280,27,800,378,79,203,0.4829,-1,-1,-1
280,25,555,414,66,204,0.6231,-1,-1,-1
280,17,385,457,88,231,0.7595,-1,-1,-1
280,16,940,78,63,177,0.5583,-1,-1,-1
280,10,227,420,61,191,0.5940,-1,-1,-1
280,7,466,402,67,219,0.7551,-1,-1,-1
280,5,1437,584,75,241,0.6077,-1,-1,-1
280,4,881,391,70,189,0.5548,-1,-1,-1
280,3,943,922,82,156,0.7143,-1,-1,-1
280,2,1721,458,74,211,0.7369,-1,-1,-1
280,1,203,590,70,235,0.5560,-1,-1,-1
280,0,460,144,67,198,0.3618,-1,-1,-1
281,36,750,340,60,184,0.4063,-1,-1,-1
281,34,1102,93,58,160,0.3726,-1,-1,-1
281,33,295,730,105,140,0.6561,-1,-1,-1
281,32,1028,101,68,179,0.5101,-1,-1,-1
281,29,278,804,86,263,0.7581,-1,-1,-1
281,27,799,378,82,200,0.4634,-1,-1,-1
281,25,552,418,67,202,0.6328,-1,-1,-1
281,17,388,459,84,227,0.7627,-1,-1,-1
281,16,940,77,63,181,0.5960,-1,-1,-1
281,10,228,418,59,195,0.4675,-1,-1,-1
281,7,465,403,66,220,0.7681,-1,-1,-1
281,5,1438,584,75,241,0.5977,-1,-1,-1
281,4,881,392,73,190,0.5713,-1,-1,-1
281,3,942,922,83,157,0.7228,-1,-1,-1
281,2,1720,458,75,212,0.7351,-1,-1,-1
281,1,207,586,69,239,0.5793,-1,-1,-1
281,0,461,143,66,198,0.4049,-1,-1,-1
282,36,751,343,63,176,0.5446,-1,-1,-1
282,34,1100,92,58,161,0.4050,-1,-1,-1
282,33,297,733,111,141,0.6174,-1,-1,-1
282,32,1026,98,69,181,0.4854,-1,-1,-1
282,29,280,805,86,263,0.7689,-1,-1,-1
282,27,810,382,76,193,0.4120,-1,-1,-1
282,25,550,421,68,199,0.6458,-1,-1,-1
282,17,386,457,86,227,0.7673,-1,-1,-1
282,16,938,77,65,181,0.5538,-1,-1,-1
282,10,228,416,60,195,0.3900,-1,-1,-1
282,7,464,405,65,216,0.7795,-1,-1,-1
282,5,1440,585,75,240,0.5952,-1,-1,-1
282,4,882,392,74,191,0.5401,-1,-1,-1
282,3,941,923,84,155,0.7179,-1,-1,-1
282,2,1720,458,75,212,0.7412,-1,-1,-1
282,1,217,582,64,248,0.6053,-1,-1,-1
282,0,460,143,68,197,0.3575,-1,-1,-1
283,36,753,344,63,173,0.5216,-1,-1,-1
283,34,1099,92,59,161,0.4536,-1,-1,-1
283,33,299,736,111,142,0.5478,-1,-1,-1
283,32,1025,95,70,181,0.5025,-1,-1,-1
283,29,281,801,87,268,0.7414,-1,-1,-1
283,27,807,382,77,201,0.4744,-1,-1,-1
283,25,551,423,65,200,0.6178,-1,-1,-1
283,17,385,454,87,230,0.7625,-1,-1,-1
283,16,938,77,64,177,0.5668,-1,-1,-1
283,10,227,413,62,192,0.3274,-1,-1,-1
283,7,465,406,64,216,0.7870,-1,-1,-1
283,5,1443,583,75,243,0.5983,-1,-1,-1
283,4,881,392,74,199,0.5234,-1,-1,-1
283,3,941,922,85,156,0.7328,-1,-1,-1
283,2,1719,458,77,209,0.7397,-1,-1,-1
283,1,219,578,64,249,0.6263,-1,-1,-1
283,0,460,143,69,196,0.3726,-1,-1,-1
284,36,758,346,60,173,0.3818,-1,-1,-1
284,34,1098,92,60,163,0.3130,-1,-1,-1
284,33,301,737,111,142,0.5899,-1,-1,-1
284,32,1022,95,67,181,0.4582,-1,-1,-1
284,29,281,803,89,272,0.7393,-1,-1,-1
284,27,807,383,78,200,0.5209,-1,-1,-1
284,25,549,424,66,201,0.6308,-1,-1,-1
284,17,387,451,85,229,0.7430,-1,-1,-1
284,16,938,77,65,178,0.5309,-1,-1,-1
284,7,464,408,64,215,0.7630,-1,-1,-1
284,5,1443,581,79,244,0.6469,-1,-1,-1
284,4,881,395,74,196,0.4551,-1,-1,-1
284,3,940,922,86,156,0.7343,-1,-1,-1
284,2,1719,458,77,209,0.7437,-1,-1,-1
284,1,224,574,64,246,0.4366,-1,-1,-1
284,0,459,143,67,196,0.3691,-1,-1,-1
285,36,761,348,62,163,0.3924,-1,-1,-1
285,34,1094,91,61,162,0.3321,-1,-1,-1
285,33,305,738,109,144,0.5994,-1,-1,-1
285,32,1020,94,66,180,0.4875,-1,-1,-1
285,29,281,805,90,269,0.7640,-1,-1,-1
285,27,812,383,71,196,0.5071,-1,-1,-1
285,25,548,426,64,208,0.6600,-1,-1,-1
285,17,388,451,82,232,0.7550,-1,-1,-1
285,16,938,76,64,179,0.5338,-1,-1,-1
285,7,464,408,64,214,0.7354,-1,-1,-1
285,5,1446,580,79,244,0.6355,-1,-1,-1
285,4,886,399,69,194,0.4594,-1,-1,-1
285,3,939,921,86,157,0.7353,-1,-1,-1
285,2,1719,458,77,209,0.7404,-1,-1,-1
285,1,229,579,64,252,0.3877,-1,-1,-1
285,0,458,143,68,195,0.4177,-1,-1,-1
286,34,1092,90,60,165,0.3041,-1,-1,-1
286,33,306,739,106,141,0.6589,-1,-1,-1
286,32,1019,92,61,181,0.5208,-1,-1,-1
286,29,282,809,94,267,0.8153,-1,-1,-1
286,27,816,385,71,204,0.4655,-1,-1,-1
286,25,545,426,67,207,0.6626,-1,-1,-1
286,17,390,444,79,234,0.7085,-1,-1,-1
286,16,937,76,65,178,0.5361,-1,-1,-1
286,7,463,410,66,230,0.6832,-1,-1,-1
286,5,1447,582,78,243,0.6174,-1,-1,-1
286,4,884,403,70,189,0.4249,-1,-1,-1
286,3,940,920,84,158,0.7270,-1,-1,-1
286,2,1719,458,77,209,0.7359,-1,-1,-1
286,1,234,576,62,254,0.4717,-1,-1,-1
286,0,458,143,68,194,0.3686,-1,-1,-1
287,34,1091,91,57,161,0.3037,-1,-1,-1
287,33,313,740,99,149,0.6456,-1,-1,-1
287,32,1018,93,61,180,0.5240,-1,-1,-1
287,29,285,808,94,270,0.8370,-1,-1,-1
287,27,818,392,71,205,0.4302,-1,-1,-1
287,25,542,426,68,208,0.6399,-1,-1,-1
287,17,390,442,79,227,0.7005,-1,-1,-1
287,16,937,76,64,178,0.5101,-1,-1,-1
287,7,464,409,65,225,0.7122,-1,-1,-1
287,5,1448,580,81,245,0.6753,-1,-1,-1
287,4,886,404,67,189,0.4466,-1,-1,-1
287,3,940,921,83,157,0.7388,-1,-1,-1
287,2,1721,458,74,212,0.7093,-1,-1,-1
287,1,237,576,60,256,0.5987,-1,-1,-1
287,0,458,142,68,195,0.4064,-1,-1,-1
288,34,1089,92,57,161,0.3331,-1,-1,-1
288,33,311,742,99,141,0.6681,-1,-1,-1
288,32,1016,93,61,182,0.4672,-1,-1,-1
288,29,287,815,95,265,0.8377,-1,-1,-1
288,27,819,393,68,202,0.4363,-1,-1,-1
288,25,540,429,69,207,0.6728,-1,-1,-1
288,17,390,440,78,225,0.7083,-1,-1,-1
288,16,936,77,63,174,0.4935,-1,-1,-1
288,7,462,413,66,230,0.7064,-1,-1,-1
288,5,1449,584,81,235,0.6570,-1,-1,-1
288,4,888,404,57,190,0.4729,-1,-1,-1
288,3,941,921,81,157,0.7465,-1,-1,-1
288,2,1720,458,76,209,0.7281,-1,-1,-1
288,1,237,577,63,254,0.6809,-1,-1,-1
288,0,456,142,68,193,0.4245,-1,-1,-1
289,34,1088,92,57,163,0.3379,-1,-1,-1
289,33,314,744,93,140,0.6642,-1,-1,-1
289,32,1015,93,61,183,0.4633,-1,-1,-1
289,29,290,817,94,263,0.8086,-1,-1,-1
289,27,821,395,66,200,0.4619,-1,-1,-1
289,25,539,429,69,208,0.6883,-1,-1,-1
289,17,390,437,78,225,0.7253,-1,-1,-1
289,16,938,75,59,174,0.4940,-1,-1,-1
289,10,230,407,62,175,0.5472,-1,-1,-1
289,7,462,414,66,230,0.7149,-1,-1,-1
289,5,1449,586,84,238,0.6432,-1,-1,-1
289,4,888,406,72,187,0.5732,-1,-1,-1
289,3,942,921,78,157,0.7478,-1,-1,-1
289,2,1720,458,75,213,0.7295,-1,-1,-1
289,1,238,577,66,254,0.6433,-1,-1,-1
289,0,456,141,68,195,0.4293,-1,-1,-1
290,34,1088,92,56,164,0.3939,-1,-1,-1
290,33,315,745,88,147,0.6289,-1,-1,-1
290,32,1015,94,59,183,0.4933,-1,-1,-1
290,29,293,820,96,260,0.8096,-1,-1,-1
290,27,824,397,66,201,0.4215,-1,-1,-1
290,25,538,429,69,209,0.6908,-1,-1,-1
290,17,386,436,81,224,0.7091,-1,-1,-1
290,16,938,74,59,175,0.4722,-1,-1,-1
290,10,231,407,62,178,0.4912,-1,-1,-1
290,7,462,415,65,226,0.7346,-1,-1,-1
290,5,1450,586,86,236,0.6492,-1,-1,-1
290,4,887,406,74,187,0.6371,-1,-1,-1
290,3,943,920,75,158,0.7502,-1,-1,-1
290,2,1719,459,77,208,0.7320,-1,-1,-1
290,1,238,577,66,254,0.6471,-1,-1,-1
290,0,456,141,68,193,0.4196,-1,-1,-1
291,34,1087,92,54,162,0.4004,-1,-1,-1
291,33,315,748,87,144,0.5692,-1,-1,-1
291,32,1016,91,59,187,0.4641,-1,-1,-1
291,29,293,823,98,256,0.7453,-1,-1,-1
291,27,824,400,70,195,0.4335,-1,-1,-1
291,25,537,428,70,209,0.6962,-1,-1,-1
291,17,382,434,83,225,0.6585,-1,-1,-1
291,16,938,73,59,179,0.5313,-1,-1,-1
291,10,231,405,62,180,0.4679,-1,-1,-1
291,7,459,416,69,230,0.7126,-1,-1,-1
291,5,1450,585,90,232,0.6637,-1,-1,-1
291,4,891,406,69,186,0.6403,-1,-1,-1
291,3,943,920,74,158,0.7420,-1,-1,-1
291,2,1720,458,77,208,0.7390,-1,-1,-1
291,1,239,577,70,255,0.6063,-1,-1,-1
291,0,456,139,66,197,0.3909,-1,-1,-1
292,36,791,352,57,171,0.3683,-1,-1,-1
292,34,1084,93,59,159,0.3542,-1,-1,-1
292,33,318,749,83,144,0.5708,-1,-1,-1
292,32,1016,91,59,188,0.4234,-1,-1,-1
292,29,294,826,100,251,0.7549,-1,-1,-1
292,27,825,397,67,201,0.4686,-1,-1,-1
292,25,537,430,69,208,0.6918,-1,-1,-1
292,17,380,433,83,226,0.6835,-1,-1,-1
292,16,935,72,61,172,0.4789,-1,-1,-1
292,10,231,405,61,177,0.3978,-1,-1,-1
292,7,459,417,70,228,0.6952,-1,-1,-1
292,5,1452,590,91,233,0.6999,-1,-1,-1
292,4,887,408,74,183,0.6482,-1,-1,-1
292,3,944,920,70,158,0.7252,-1,-1,-1
292,2,1719,459,78,209,0.6919,-1,-1,-1
292,1,241,576,77,257,0.6568,-1,-1,-1
292,0,456,140,65,192,0.3823,-1,-1,-1
293,36,792,355,60,169,0.3058,-1,-1,-1
293,34,1084,92,55,161,0.3464,-1,-1,-1
293,33,316,750,85,140,0.5422,-1,-1,-1
293,32,1015,91,58,187,0.3893,-1,-1,-1
293,29,295,828,95,251,0.7834,-1,-1,-1
293,27,826,396,66,202,0.4920,-1,-1,-1
293,25,536,428,69,208,0.7149,-1,-1,-1
293,17,378,432,85,226,0.6849,-1,-1,-1
293,16,935,70,61,169,0.4721,-1,-1,-1
293,10,234,405,61,182,0.4798,-1,-1,-1
293,7,459,418,69,226,0.7061,-1,-1,-1
293,5,1452,590,97,234,0.6981,-1,-1,-1
293,4,888,410,72,184,0.6497,-1,-1,-1
293,3,944,917,67,161,0.7184,-1,-1,-1
293,2,1719,459,76,207,0.7163,-1,-1,-1
293,1,242,579,86,253,0.7393,-1,-1,-1
293,0,454,136,68,196,0.3879,-1,-1,-1
294,36,793,356,62,176,0.3920,-1,-1,-1
294,34,1082,91,58,161,0.4065,-1,-1,-1
294,33,320,755,80,138,0.6030,-1,-1,-1
294,32,1015,91,57,186,0.4320,-1,-1,-1
294,29,297,832,95,247,0.7851,-1,-1,-1
294,27,826,397,68,203,0.4259,-1,-1,-1
294,25,535,431,71,213,0.7136,-1,-1,-1
294,17,378,432,85,226,0.6359,-1,-1,-1
294,16,935,70,60,166,0.4748,-1,-1,-1
294,10,231,402,62,182,0.5321,-1,-1,-1
294,7,458,419,70,226,0.7046,-1,-1,-1
294,5,1453,591,100,235,0.6837,-1,-1,-1
294,4,890,411,71,184,0.6274,-1,-1,-1
294,3,943,918,65,160,0.7162,-1,-1,-1
294,2,1719,458,77,209,0.7033,-1,-1,-1
294,1,243,580,87,253,0.7494,-1,-1,-1
294,0,455,136,68,193,0.4294,-1,-1,-1
295,34,1081,89,55,165,0.4244,-1,-1,-1
295,33,322,759,79,138,0.4442,-1,-1,-1
295,32,1014,91,57,186,0.4365,-1,-1,-1
295,29,298,836,95,244,0.7937,-1,-1,-1
295,27,826,399,70,202,0.3668,-1,-1,-1
295,25,533,433,72,216,0.7350,-1,-1,-1
295,17,377,432,86,226,0.6040,-1,-1,-1
295,16,935,68,59,172,0.4577,-1,-1,-1
295,10,231,400,64,186,0.4717,-1,-1,-1
295,7,460,420,64,216,0.6787,-1,-1,-1
295,5,1456,590,97,236,0.7250,-1,-1,-1
295,4,891,412,70,184,0.5650,-1,-1,-1
295,3,942,916,64,162,0.6757,-1,-1,-1
295,2,1719,459,77,208,0.6990,-1,-1,-1
295,1,244,583,87,249,0.7525,-1,-1,-1
295,0,455,136,67,192,0.4239,-1,-1,-1
296,34,1078,87,57,165,0.4496,-1,-1,-1
296,33,325,764,79,138,0.4171,-1,-1,-1
296,32,1010,93,58,181,0.4836,-1,-1,-1
296,29,299,840,97,240,0.7916,-1,-1,-1
296,27,827,398,71,201,0.4040,-1,-1,-1
296,25,533,437,70,211,0.7284,-1,-1,-1
296,17,375,431,87,226,0.6269,-1,-1,-1
296,16,935,66,60,170,0.4728,-1,-1,-1
296,10,232,398,62,185,0.5714,-1,-1,-1
296,7,460,419,64,217,0.7191,-1,-1,-1
296,5,1458,590,100,236,0.7469,-1,-1,-1
296,4,890,413,71,189,0.5768,-1,-1,-1
296,3,942,914,61,164,0.6911,-1,-1,-1
296,2,1719,458,75,208,0.7155,-1,-1,-1
296,1,243,583,92,251,0.7441,-1,-1,-1
296,0,455,135,66,192,0.3939,-1,-1,-1
297,35,1678,33,54,156,0.3647,-1,-1,-1
297,34,1078,86,57,163,0.3769,-1,-1,-1
297,33,324,767,82,138,0.4425,-1,-1,-1
297,32,1009,92,59,181,0.5100,-1,-1,-1
297,29,300,840,96,240,0.7931,-1,-1,-1
297,27,831,403,60,200,0.3026,-1,-1,-1
297,25,533,441,68,208,0.7242,-1,-1,-1
297,17,374,427,88,222,0.5989,-1,-1,-1
297,16,934,66,60,170,0.4380,-1,-1,-1
297,10,233,397,62,186,0.5936,-1,-1,-1
297,7,459,420,64,216,0.7062,-1,-1,-1
297,5,1460,589,103,238,0.7688,-1,-1,-1
297,4,891,414,70,193,0.5530,-1,-1,-1
297,3,943,914,60,166,0.7167,-1,-1,-1
297,2,1720,459,75,210,0.7293,-1,-1,-1
297,1,243,584,94,251,0.7195,-1,-1,-1
297,0,455,134,66,192,0.3521,-1,-1,-1
298,35,1679,33,52,156,0.3635,-1,-1,-1
298,34,1078,85,56,165,0.3772,-1,-1,-1
298,33,333,767,75,143,0.4483,-1,-1,-1
298,32,1009,90,59,181,0.5006,-1,-1,-1
298,29,301,841,97,239,0.7761,-1,-1,-1
298,25,533,443,67,205,0.7218,-1,-1,-1
298,17,375,429,87,226,0.6433,-1,-1,-1
298,16,934,65,62,170,0.4455,-1,-1,-1
298,10,235,394,62,190,0.5464,-1,-1,-1
298,7,458,421,63,216,0.7045,-1,-1,-1
298,5,1461,588,105,240,0.7508,-1,-1,-1
298,4,893,414,68,198,0.5637,-1,-1,-1
298,3,940,911,62,168,0.7403,-1,-1,-1
298,2,1720,457,75,208,0.7278,-1,-1,-1
298,1,246,583,92,250,0.7126,-1,-1,-1
298,0,456,134,65,193,0.3857,-1,-1,-1
299,38,343,767,73,290,0.4291,-1,-1,-1
299,35,1680,36,50,153,0.3330,-1,-1,-1
299,33,341,769,73,144,0.5077,-1,-1,-1
299,32,1009,88,59,184,0.4338,-1,-1,-1
299,29,302,843,98,237,0.7490,-1,-1,-1
299,25,535,446,64,204,0.7193,-1,-1,-1
299,17,377,426,83,227,0.6662,-1,-1,-1
299,16,933,61,63,174,0.4446,-1,-1,-1
299,10,234,394,63,189,0.5472,-1,-1,-1
299,7,456,423,69,223,0.6939,-1,-1,-1
299,5,1462,590,104,239,0.7645,-1,-1,-1
299,4,894,416,66,196,0.5609,-1,-1,-1
299,3,941,912,59,167,0.7498,-1,-1,-1
299,2,1719,458,77,209,0.7142,-1,-1,-1
299,1,248,581,91,250,0.6867,-1,-1,-1
299,0,457,133,64,194,0.3948,-1,-1,-1
300,38,347,770,74,266,0.5063,-1,-1,-1
300,32,1008,87,59,184,0.4023,-1,-1,-1
300,29,305,846,96,234,0.7595,-1,-1,-1
300,25,535,447,64,204,0.7227,-1,-1,-1
300,17,378,424,80,225,0.6883,-1,-1,-1
300,16,933,62,63,174,0.4402,-1,-1,-1
300,10,235,395,59,186,0.5261,-1,-1,-1
300,7,454,425,70,222,0.7108,-1,-1,-1
300,5,1464,590,108,241,0.7561,-1,-1,-1
300,4,895,419,64,197,0.5601,-1,-1,-1
300,3,941,911,58,168,0.7463,-1,-1,-1
300,2,1720,458,75,209,0.6983,-1,-1,-1
300,1,249,580,95,249,0.7118,-1,-1,-1
300,0,457,133,64,195,0.3724,-1,-1,-1
301,38,346,771,80,269,0.5704,-1,-1,-1
301,32,1007,86,60,185,0.4759,-1,-1,-1
301,29,306,848,97,232,0.7868,-1,-1,-1
301,25,535,449,64,202,0.7305,-1,-1,-1
301,17,381,420,76,226,0.6903,-1,-1,-1
301,16,934,61,62,175,0.4550,-1,-1,-1
301,10,235,396,59,184,0.4816,-1,-1,-1
301,7,453,426,71,225,0.7236,-1,-1,-1
301,5,1465,584,106,247,0.7335,-1,-1,-1
301,4,893,420,66,195,0.5705,-1,-1,-1
301,3,941,913,57,167,0.7305,-1,-1,-1
301,2,1720,457,74,209,0.7090,-1,-1,-1
301,1,249,579,95,250,0.7036,-1,-1,-1
301,0,458,132,63,195,0.3602,-1,-1,-1
302,38,346,774,84,263,0.5778,-1,-1,-1
302,32,1006,84,60,180,0.4670,-1,-1,-1
302,29,308,850,99,230,0.7897,-1,-1,-1
302,25,535,449,63,203,0.7228,-1,-1,-1
302,17,385,419,72,221,0.7144,-1,-1,-1
302,16,933,61,64,175,0.3970,-1,-1,-1
302,10,235,392,59,190,0.5147,-1,-1,-1
302,7,453,426,72,227,0.7400,-1,-1,-1
302,5,1469,583,101,251,0.7392,-1,-1,-1
302,4,895,419,62,199,0.6134,-1,-1,-1
302,3,941,910,57,170,0.7303,-1,-1,-1
302,2,1721,457,73,210,0.7198,-1,-1,-1
302,1,252,581,94,250,0.7350,-1,-1,-1
302,0,458,132,63,195,0.3526,-1,-1,-1
303,38,347,774,88,264,0.5133,-1,-1,-1
303,32,1005,84,61,176,0.4444,-1,-1,-1
303,29,311,852,98,228,0.7831,-1,-1,-1
303,25,534,451,64,204,0.7193,-1,-1,-1
303,17,386,416,71,221,0.6958,-1,-1,-1
303,16,932,60,62,175,0.3994,-1,-1,-1
303,10,235,392,58,189,0.5181,-1,-1,-1
303,7,455,429,68,227,0.7543,-1,-1,-1
303,5,1472,585,102,250,0.7207,-1,-1,-1
303,4,894,420,62,199,0.6386,-1,-1,-1
303,3,940,910,58,169,0.6930,-1,-1,-1
303,2,1720,457,75,210,0.7073,-1,-1,-1
303,1,260,581,88,249,0.7130,-1,-1,-1
303,0,462,141,66,184,0.3425,-1,-1,-1
304,38,352,776,88,266,0.5364,-1,-1,-1
304,32,1005,85,59,172,0.4794,-1,-1,-1
304,29,313,853,100,227,0.7809,-1,-1,-1
304,27,828,405,81,211,0.4692,-1,-1,-1
304,25,534,450,64,207,0.7009,-1,-1,-1
304,17,387,412,72,221,0.6918,-1,-1,-1
304,16,932,59,60,177,0.4248,-1,-1,-1
304,10,234,391,59,188,0.5358,-1,-1,-1
304,7,454,431,68,227,0.7347,-1,-1,-1
304,5,1475,587,100,247,0.6578,-1,-1,-1
304,4,894,422,63,198,0.5964,-1,-1,-1
304,3,939,910,59,170,0.7293,-1,-1,-1
304,2,1720,458,76,209,0.7240,-1,-1,-1
304,1,268,581,83,248,0.7042,-1,-1,-1
304,0,464,139,64,185,0.3545,-1,-1,-1
305,38,360,778,85,150,0.6919,-1,-1,-1
305,32,1006,84,58,174,0.4874,-1,-1,-1
305,29,316,854,99,226,0.7852,-1,-1,-1
305,27,832,409,79,208,0.4194,-1,-1,-1
305,25,535,451,63,205,0.6877,-1,-1,-1
305,17,388,409,71,224,0.6782,-1,-1,-1
305,16,933,59,59,179,0.4580,-1,-1,-1
305,10,235,391,58,186,0.4745,-1,-1,-1
305,7,453,433,66,228,0.7175,-1,-1,-1
305,5,1477,589,101,246,0.6716,-1,-1,-1
305,4,894,421,63,196,0.5398,-1,-1,-1
305,3,938,908,60,172,0.7335,-1,-1,-1
305,2,1719,458,77,209,0.7237,-1,-1,-1
305,1,277,579,77,250,0.6518,-1,-1,-1
305,0,464,143,64,180,0.3459,-1,-1,-1
306,38,360,779,91,149,0.6852,-1,-1,-1
306,32,1004,84,59,173,0.4839,-1,-1,-1
306,29,319,858,99,222,0.7640,-1,-1,-1
306,27,832,404,78,219,0.4767,-1,-1,-1
306,25,534,452,63,204,0.6575,-1,-1,-1
306,17,387,407,74,232,0.6712,-1,-1,-1
306,16,934,57,60,177,0.4698,-1,-1,-1
306,10,234,388,59,191,0.4579,-1,-1,-1
306,7,453,433,64,226,0.6902,-1,-1,-1
306,5,1478,592,98,243,0.6826,-1,-1,-1
306,4,895,422,62,196,0.5198,-1,-1,-1
306,3,936,908,63,172,0.7300,-1,-1,-1
306,2,1720,459,76,209,0.7245,-1,-1,-1
306,1,286,579,71,249,0.6055,-1,-1,-1
306,0,464,142,63,181,0.3682,-1,-1,-1
307,38,361,783,97,150,0.6102,-1,-1,-1
307,32,1003,83,59,172,0.5438,-1,-1,-1
307,29,318,865,100,215,0.7893,-1,-1,-1
307,27,833,409,77,213,0.3879,-1,-1,-1
307,25,532,452,65,203,0.6648,-1,-1,-1
307,17,389,407,71,225,0.6644,-1,-1,-1
307,16,933,56,58,176,0.4608,-1,-1,-1
307,10,234,386,58,187,0.4166,-1,-1,-1
307,7,451,434,64,226,0.6888,-1,-1,-1
307,5,1479,594,95,240,0.6370,-1,-1,-1
307,4,893,421,64,196,0.5561,-1,-1,-1
307,3,935,908,65,172,0.7243,-1,-1,-1
307,2,1720,457,75,212,0.7166,-1,-1,-1
307,1,297,579,69,246,0.6818,-1,-1,-1
307,0,460,130,62,194,0.4034,-1,-1,-1
308,38,362,787,101,151,0.5761,-1,-1,-1
308,34,1064,84,58,162,0.4121,-1,-1,-1
308,32,1002,82,60,173,0.5071,-1,-1,-1
308,29,320,869,100,211,0.8068,-1,-1,-1
308,27,834,415,73,206,0.4129,-1,-1,-1
308,25,531,454,66,203,0.6645,-1,-1,-1
308,17,389,405,72,228,0.6647,-1,-1,-1
308,16,933,56,59,170,0.4426,-1,-1,-1
308,10,232,384,60,186,0.5378,-1,-1,-1
308,7,449,434,65,224,0.6848,-1,-1,-1
308,5,1480,595,95,239,0.6244,-1,-1,-1
308,4,891,424,66,193,0.5368,-1,-1,-1
308,3,935,907,66,173,0.7103,-1,-1,-1
308,2,1721,458,74,213,0.7201,-1,-1,-1
308,1,304,578,70,247,0.6651,-1,-1,-1
308,0,461,130,60,193,0.3713,-1,-1,-1
309,38,363,791,103,148,0.5795,-1,-1,-1
309,34,1065,84,54,159,0.4142,-1,-1,-1
309,32,1001,80,61,177,0.5408,-1,-1,-1
309,29,322,872,99,208,0.7899,-1,-1,-1
309,27,833,415,74,210,0.4642,-1,-1,-1
309,25,528,455,69,203,0.7106,-1,-1,-1
309,17,389,406,71,227,0.6440,-1,-1,-1
309,16,934,54,57,168,0.3791,-1,-1,-1
309,10,233,382,60,187,0.5634,-1,-1,-1
309,7,448,434,67,226,0.7092,-1,-1,-1
309,5,1483,597,94,236,0.6060,-1,-1,-1
309,4,892,424,63,193,0.5931,-1,-1,-1
309,3,932,906,68,174,0.7144,-1,-1,-1
309,2,1720,457,75,211,0.7255,-1,-1,-1
309,1,309,578,77,251,0.7619,-1,-1,-1
309,0,463,142,62,179,0.3729,-1,-1,-1
310,38,364,795,107,150,0.6923,-1,-1,-1
310,34,1065,83,56,160,0.5056,-1,-1,-1
310,32,1002,81,59,177,0.5689,-1,-1,-1
310,29,324,875,98,205,0.7842,-1,-1,-1
310,27,834,420,69,208,0.4401,-1,-1,-1
310,25,527,455,70,207,0.7371,-1,-1,-1
310,17,387,404,72,228,0.6050,-1,-1,-1
310,16,933,49,59,173,0.3653,-1,-1,-1
310,10,231,380,60,186,0.6024,-1,-1,-1
310,7,445,436,69,224,0.6960,-1,-1,-1
310,5,1485,596,95,237,0.6448,-1,-1,-1
310,4,887,426,69,192,0.5706,-1,-1,-1
310,3,932,907,70,173,0.6983,-1,-1,-1
310,2,1721,458,73,213,0.7316,-1,-1,-1
310,1,313,579,78,252,0.8071,-1,-1,-1
310,0,460,132,60,188,0.4017,-1,-1,-1
311,38,365,800,112,144,0.6850,-1,-1,-1
311,34,1064,83,55,159,0.4824,-1,-1,-1
311,32,999,81,62,175,0.5813,-1,-1,-1
311,29,330,878,97,202,0.7802,-1,-1,-1
311,27,833,422,70,206,0.4844,-1,-1,-1
311,25,527,455,70,213,0.7344,-1,-1,-1
311,17,388,406,70,226,0.5900,-1,-1,-1
311,16,933,48,57,174,0.3659,-1,-1,-1
311,10,232,379,59,186,0.6167,-1,-1,-1
311,7,444,437,70,224,0.6968,-1,-1,-1
311,5,1486,597,96,236,0.6212,-1,-1,-1
311,4,888,427,68,192,0.6123,-1,-1,-1
311,3,930,906,71,174,0.6915,-1,-1,-1
311,2,1722,457,72,213,0.7248,-1,-1,-1
311,1,315,582,84,245,0.7851,-1,-1,-1
311,0,460,130,61,188,0.3923,-1,-1,-1
312,38,368,800,108,151,0.6854,-1,-1,-1
312,34,1063,83,57,160,0.4609,-1,-1,-1
312,32,1000,81,61,174,0.5477,-1,-1,-1
312,29,335,878,98,202,0.7848,-1,-1,-1
312,27,831,425,74,204,0.5093,-1,-1,-1
312,25,527,457,69,207,0.7510,-1,-1,-1
312,17,390,404,67,228,0.5245,-1,-1,-1
312,16,932,47,59,173,0.3220,-1,-1,-1
312,10,230,377,60,188,0.5582,-1,-1,-1
312,7,442,440,70,223,0.6641,-1,-1,-1
312,5,1489,598,95,236,0.5997,-1,-1,-1
312,4,889,429,66,191,0.5933,-1,-1,-1
312,3,930,905,71,175,0.6894,-1,-1,-1
312,2,1722,459,73,212,0.7304,-1,-1,-1
312,1,317,582,89,242,0.7292,-1,-1,-1
312,0,460,130,61,186,0.3790,-1,-1,-1
313,38,371,802,107,150,0.6737,-1,-1,-1
313,34,1062,82,56,162,0.4216,-1,-1,-1
313,32,998,81,62,172,0.5536,-1,-1,-1
313,29,336,882,101,198,0.7888,-1,-1,-1
313,27,828,427,74,202,0.4868,-1,-1,-1
313,25,523,462,72,209,0.7354,-1,-1,-1
313,17,392,402,66,232,0.3981,-1,-1,-1
313,10,229,376,61,188,0.5220,-1,-1,-1
313,7,442,441,69,222,0.6929,-1,-1,-1
313,5,1492,600,96,233,0.6062,-1,-1,-1
313,4,888,432,68,191,0.5942,-1,-1,-1
313,3,932,905,71,175,0.6799,-1,-1,-1
313,2,1723,458,72,212,0.7384,-1,-1,-1
313,1,316,581,91,244,0.7438,-1,-1,-1
313,0,458,130,64,186,0.3833,-1,-1,-1
314,38,372,804,108,152,0.6413,-1,-1,-1
314,34,1059,80,60,163,0.3201,-1,-1,-1
314,32,998,81,61,172,0.5815,-1,-1,-1
314,29,339,884,97,196,0.7867,-1,-1,-1
314,27,824,428,79,202,0.5032,-1,-1,-1
314,25,523,467,71,209,0.7286,-1,-1,-1
314,17,391,404,68,222,0.3583,-1,-1,-1
314,10,228,376,62,186,0.5519,-1,-1,-1
314,7,441,443,68,221,0.6706,-1,-1,-1
314,5,1496,600,94,233,0.5818,-1,-1,-1
314,4,888,433,69,191,0.5325,-1,-1,-1
314,3,931,905,73,175,0.6845,-1,-1,-1
314,2,1722,457,73,210,0.7369,-1,-1,-1
314,1,317,583,100,243,0.7608,-1,-1,-1
314,0,458,130,64,185,0.3573,-1,-1,-1
315,38,377,804,103,149,0.6226,-1,-1,-1
315,34,1057,79,58,163,0.3007,-1,-1,-1
315,32,996,82,62,171,0.5754,-1,-1,-1
315,29,342,886,96,194,0.7718,-1,-1,-1
315,27,824,429,81,202,0.5515,-1,-1,-1
315,25,521,469,71,214,0.7073,-1,-1,-1
315,10,228,375,62,185,0.5796,-1,-1,-1
315,7,440,446,67,218,0.7002,-1,-1,-1
315,5,1500,601,89,232,0.5969,-1,-1,-1
315,4,888,435,71,191,0.5524,-1,-1,-1
315,3,928,904,76,176,0.6427,-1,-1,-1
315,2,1724,459,71,211,0.7464,-1,-1,-1
315,1,318,582,109,247,0.7855,-1,-1,-1
315,0,457,129,66,185,0.3491,-1,-1,-1
316,38,382,803,99,160,0.6531,-1,-1,-1
316,34,1054,80,58,163,0.3357,-1,-1,-1
316,32,996,82,61,172,0.5468,-1,-1,-1
316,29,344,887,95,193,0.7524,-1,-1,-1
316,27,818,430,85,202,0.4845,-1,-1,-1
316,25,521,468,68,220,0.7075,-1,-1,-1
316,16,930,46,60,173,0.3608,-1,-1,-1
316,10,227,374,64,185,0.5850,-1,-1,-1
316,7,437,446,69,223,0.7086,-1,-1,-1
316,5,1503,603,90,232,0.6139,-1,-1,-1
316,4,889,440,70,189,0.5769,-1,-1,-1
316,3,930,904,74,176,0.6592,-1,-1,-1
316,2,1723,459,72,212,0.7368,-1,-1,-1
316,1,320,583,108,245,0.7881,-1,-1,-1
316,0,457,127,65,186,0.3546,-1,-1,-1
317,38,382,808,99,156,0.5934,-1,-1,-1
317,34,1051,80,61,162,0.3179,-1,-1,-1
317,32,995,82,61,171,0.5385,-1,-1,-1
317,29,347,887,94,193,0.7677,-1,-1,-1
317,27,831,430,73,197,0.3835,-1,-1,-1
317,25,520,470,67,220,0.7066,-1,-1,-1
317,16,930,46,60,175,0.3612,-1,-1,-1
317,10,227,373,64,184,0.5718,-1,-1,-1
317,7,436,446,69,224,0.6717,-1,-1,-1
317,5,1506,610,87,224,0.5645,-1,-1,-1
317,4,890,438,70,193,0.5238,-1,-1,-1
317,3,931,905,73,175,0.6546,-1,-1,-1
317,2,1723,459,73,211,0.7257,-1,-1,-1
317,1,319,583,114,246,0.7832,-1,-1,-1
317,0,454,126,68,187,0.4136,-1,-1,-1
318,38,383,811,94,153,0.5752,-1,-1,-1
318,32,994,82,62,170,0.5565,-1,-1,-1
318,29,347,890,98,190,0.7139,-1,-1,-1
318,27,832,430,70,200,0.3954,-1,-1,-1
318,25,517,471,68,220,0.7172,-1,-1,-1
318,16,929,46,62,175,0.4369,-1,-1,-1
318,10,226,374,64,182,0.6066,-1,-1,-1
318,7,432,451,72,222,0.6953,-1,-1,-1
318,5,1512,610,86,227,0.6022,-1,-1,-1
318,4,885,436,75,197,0.4919,-1,-1,-1
318,3,930,905,74,175,0.6408,-1,-1,-1
318,2,1722,459,74,212,0.7406,-1,-1,-1
318,1,320,584,116,243,0.7914,-1,-1,-1
318,0,455,125,68,187,0.4161,-1,-1,-1
319,38,383,812,92,157,0.5158,-1,-1,-1
319,32,993,80,62,173,0.5360,-1,-1,-1
319,29,348,892,102,188,0.6725,-1,-1,-1
319,27,833,431,71,199,0.4071,-1,-1,-1
319,25,516,471,67,219,0.7009,-1,-1,-1
319,16,929,45,61,170,0.4188,-1,-1,-1
319,10,227,372,63,186,0.5852,-1,-1,-1
319,7,430,452,76,226,0.6856,-1,-1,-1
319,5,1515,609,86,230,0.5778,-1,-1,-1
319,4,887,440,74,197,0.5251,-1,-1,-1
319,3,931,906,73,174,0.6388,-1,-1,-1
319,2,1723,459,73,212,0.7305,-1,-1,-1
319,1,321,583,116,242,0.7867,-1,-1,-1
319,0,454,124,68,187,0.4105,-1,-1,-1
320,38,384,813,89,150,0.4780,-1,-1,-1
320,32,994,80,60,171,0.4523,-1,-1,-1
320,29,351,895,105,185,0.6893,-1,-1,-1
320,27,835,427,70,208,0.4843,-1,-1,-1
320,25,514,473,68,218,0.7039,-1,-1,-1
320,16,929,45,62,170,0.3899,-1,-1,-1
320,10,229,370,62,186,0.5353,-1,-1,-1
320,7,431,456,75,229,0.6860,-1,-1,-1
320,5,1519,609,77,226,0.5264,-1,-1,-1
320,4,889,436,73,200,0.5591,-1,-1,-1
320,3,933,905,71,175,0.6485,-1,-1,-1
320,2,1724,459,72,212,0.7378,-1,-1,-1
320,1,323,583,111,240,0.8048,-1,-1,-1
320,0,453,123,69,188,0.3912,-1,-1,-1
321,38,386,814,85,150,0.4185,-1,-1,-1
321,32,991,77,63,175,0.5008,-1,-1,-1
321,29,356,896,106,184,0.7422,-1,-1,-1
321,27,833,428,74,207,0.4946,-1,-1,-1
321,25,513,473,69,217,0.6866,-1,-1,-1
321,16,927,43,64,171,0.4323,-1,-1,-1
321,10,231,371,60,181,0.5404,-1,-1,-1
321,7,427,460,79,225,0.6838,-1,-1,-1
321,5,1523,617,78,221,0.4777,-1,-1,-1
321,4,888,436,75,201,0.5344,-1,-1,-1
321,3,933,906,72,174,0.6563,-1,-1,-1
321,2,1723,459,74,212,0.7377,-1,-1,-1
321,1,324,581,110,242,0.7265,-1,-1,-1
321,0,452,122,69,189,0.4133,-1,-1,-1
322,38,389,815,83,153,0.4503,-1,-1,-1
322,32,990,76,60,174,0.5072,-1,-1,-1
322,29,359,900,105,180,0.7490,-1,-1,-1
322,27,834,429,77,206,0.5558,-1,-1,-1
322,25,512,473,68,216,0.6790,-1,-1,-1
322,16,926,41,65,174,0.4346,-1,-1,-1
322,10,230,367,61,187,0.5661,-1,-1,-1
322,7,428,463,77,222,0.6928,-1,-1,-1
322,5,1530,615,73,223,0.3869,-1,-1,-1
322,4,895,434,63,202,0.3840,-1,-1,-1
322,3,934,906,70,174,0.6654,-1,-1,-1
322,2,1722,459,74,213,0.7264,-1,-1,-1
322,1,331,580,101,243,0.6112,-1,-1,-1
322,0,452,123,68,187,0.3733,-1,-1,-1
323,38,392,818,79,148,0.4557,-1,-1,-1
323,34,1045,79,57,148,0.3188,-1,-1,-1
323,32,992,74,58,175,0.5083,-1,-1,-1
323,29,361,903,104,177,0.7309,-1,-1,-1
323,27,831,431,81,206,0.5319,-1,-1,-1
323,25,512,474,69,215,0.6793,-1,-1,-1
323,16,926,40,64,172,0.4033,-1,-1,-1
323,10,231,364,61,188,0.5249,-1,-1,-1
323,7,427,464,76,221,0.7158,-1,-1,-1
323,5,1527,615,77,221,0.4856,-1,-1,-1
323,4,898,435,65,201,0.3485,-1,-1,-1
323,3,937,906,66,174,0.6426,-1,-1,-1
323,2,1723,457,73,210,0.7275,-1,-1,-1
323,1,344,579,85,243,0.5905,-1,-1,-1
323,0,449,120,72,189,0.3679,-1,-1,-1
324,38,394,822,78,149,0.4483,-1,-1,-1
324,32,991,74,58,173,0.5114,-1,-1,-1
324,29,365,912,104,168,0.7446,-1,-1,-1
324,27,833,435,80,201,0.4889,-1,-1,-1
324,25,511,473,70,218,0.7088,-1,-1,-1
324,16,925,37,65,171,0.4125,-1,-1,-1
324,10,233,363,59,186,0.4709,-1,-1,-1
324,7,427,465,77,219,0.7471,-1,-1,-1
324,5,1526,609,74,229,0.4619,-1,-1,-1
324,3,938,906,63,174,0.6503,-1,-1,-1
324,2,1723,459,73,213,0.7349,-1,-1,-1
324,1,348,579,85,244,0.6367,-1,-1,-1
324,0,452,120,69,188,0.3803,-1,-1,-1
325,38,402,825,71,154,0.4204,-1,-1,-1
325,32,992,73,57,170,0.4017,-1,-1,-1
325,29,368,915,107,165,0.7555,-1,-1,-1
325,27,835,433,79,202,0.4733,-1,-1,-1
325,25,511,476,70,214,0.7123,-1,-1,-1
325,16,925,34,65,169,0.3235,-1,-1,-1
325,10,234,361,59,184,0.4079,-1,-1,-1
325,7,427,465,78,223,0.7300,-1,-1,-1
325,5,1527,627,75,216,0.4357,-1,-1,-1
325,3,938,907,63,173,0.6227,-1,-1,-1
325,2,1723,459,74,212,0.7032,-1,-1,-1
325,1,355,578,79,244,0.6538,-1,-1,-1
325,0,452,121,68,186,0.3310,-1,-1,-1
326,38,402,836,73,140,0.4019,-1,-1,-1
326,32,991,72,56,170,0.4240,-1,-1,-1
326,29,369,917,103,163,0.6985,-1,-1,-1
326,27,833,435,84,205,0.4464,-1,-1,-1
326,25,512,479,69,211,0.6736,-1,-1,-1
326,16,925,33,66,170,0.3624,-1,-1,-1
326,10,235,359,58,179,0.3492,-1,-1,-1
326,7,426,466,78,227,0.7418,-1,-1,-1
326,5,1530,610,81,231,0.5318,-1,-1,-1
326,3,940,908,60,172,0.6238,-1,-1,-1
326,2,1723,459,74,212,0.7232,-1,-1,-1
326,1,369,579,70,243,0.6542,-1,-1,-1
326,0,454,123,67,183,0.3258,-1,-1,-1
327,38,405,838,72,143,0.4767,-1,-1,-1
327,32,990,71,58,169,0.4051,-1,-1,-1
327,29,369,919,103,161,0.6855,-1,-1,-1
327,27,837,435,82,207,0.4494,-1,-1,-1
327,25,511,479,69,220,0.6805,-1,-1,-1
327,16,926,31,64,171,0.3578,-1,-1,-1
327,10,235,358,59,184,0.4876,-1,-1,-1
327,7,425,466,78,226,0.7324,-1,-1,-1
327,5,1530,613,77,223,0.4755,-1,-1,-1
327,3,941,909,58,171,0.6583,-1,-1,-1
327,2,1723,460,75,211,0.7224,-1,-1,-1
327,1,377,578,69,243,0.6482,-1,-1,-1
327,0,453,119,67,187,0.3816,-1,-1,-1
328,38,410,840,71,145,0.5494,-1,-1,-1
328,32,989,71,56,169,0.4270,-1,-1,-1
328,29,369,921,101,156,0.5901,-1,-1,-1
328,27,838,437,83,202,0.4192,-1,-1,-1
328,25,510,481,68,222,0.7256,-1,-1,-1
328,16,925,30,65,172,0.3854,-1,-1,-1
328,10,234,356,59,185,0.5338,-1,-1,-1
328,7,423,468,78,215,0.7308,-1,-1,-1
328,5,1531,610,75,227,0.4616,-1,-1,-1
328,3,941,910,58,169,0.6611,-1,-1,-1
328,2,1723,459,75,212,0.7226,-1,-1,-1
328,1,386,580,67,244,0.6502,-1,-1,-1
328,0,453,117,66,189,0.3992,-1,-1,-1
329,38,414,842,72,153,0.5447,-1,-1,-1
329,32,991,71,51,168,0.3814,-1,-1,-1
329,29,371,922,98,154,0.5822,-1,-1,-1
329,27,843,436,74,201,0.4279,-1,-1,-1
329,25,510,483,68,224,0.7231,-1,-1,-1
329,16,925,29,66,172,0.3390,-1,-1,-1
329,10,233,356,60,185,0.5542,-1,-1,-1
329,7,417,470,84,208,0.6969,-1,-1,-1
329,5,1535,609,82,231,0.5407,-1,-1,-1
329,3,942,910,58,170,0.6654,-1,-1,-1
329,2,1723,458,75,213,0.7284,-1,-1,-1
329,1,389,587,67,239,0.6299,-1,-1,-1
329,0,451,119,69,186,0.3616,-1,-1,-1
330,38,417,844,74,157,0.4999,-1,-1,-1
330,32,989,69,53,173,0.4298,-1,-1,-1
330,29,372,927,95,139,0.6412,-1,-1,-1
330,27,845,436,70,201,0.4122,-1,-1,-1
330,25,506,482,71,232,0.7072,-1,-1,-1
330,17,402,376,81,126,0.4022,-1,-1,-1
330,16,926,29,66,170,0.4215,-1,-1,-1
330,10,231,355,60,185,0.5417,-1,-1,-1
330,7,408,471,91,225,0.6853,-1,-1,-1
330,5,1534,607,82,234,0.5385,-1,-1,-1
330,3,944,913,56,167,0.6809,-1,-1,-1
330,2,1723,459,75,212,0.7327,-1,-1,-1
330,1,384,578,76,246,0.5101,-1,-1,-1
330,0,450,118,70,185,0.3744,-1,-1,-1
331,41,942,391,59,191,0.5018,-1,-1,-1
331,38,418,844,78,157,0.5259,-1,-1,-1
331,32,986,69,55,173,0.4689,-1,-1,-1
331,29,373,929,96,128,0.6507,-1,-1,-1
331,27,842,438,81,206,0.4963,-1,-1,-1
331,25,509,488,68,222,0.7078,-1,-1,-1
331,17,405,374,78,126,0.4229,-1,-1,-1
331,16,927,29,63,167,0.4001,-1,-1,-1
331,10,230,354,59,187,0.5484,-1,-1,-1
331,7,403,470,97,221,0.6682,-1,-1,-1
331,5,1534,605,82,237,0.5915,-1,-1,-1
331,4,904,440,58,205,0.3815,-1,-1,-1
331,3,944,912,59,167,0.6890,-1,-1,-1
331,2,1722,458,74,213,0.7571,-1,-1,-1
331,1,390,585,86,240,0.4787,-1,-1,-1
331,0,448,114,71,184,0.4021,-1,-1,-1
332,41,945,393,60,189,0.4751,-1,-1,-1
332,38,416,845,86,159,0.5569,-1,-1,-1
332,32,984,67,58,175,0.5007,-1,-1,-1
332,29,376,929,94,129,0.6260,-1,-1,-1
332,27,842,437,81,209,0.4489,-1,-1,-1
332,25,508,490,69,223,0.6945,-1,-1,-1
332,17,407,372,76,126,0.4557,-1,-1,-1
332,16,927,28,62,168,0.3857,-1,-1,-1
332,10,230,353,56,187,0.5358,-1,-1,-1
332,7,399,471,102,217,0.6056,-1,-1,-1
332,5,1535,609,83,233,0.5741,-1,-1,-1
332,4,904,439,57,206,0.4277,-1,-1,-1
332,3,944,914,59,166,0.6795,-1,-1,-1
332,2,1722,459,75,212,0.7404,-1,-1,-1
332,1,387,585,96,240,0.5604,-1,-1,-1
332,0,448,113,70,183,0.3174,-1,-1,-1
333,41,949,393,59,188,0.4264,-1,-1,-1
333,38,420,846,91,157,0.6154,-1,-1,-1
333,34,1040,72,47,162,0.3125,-1,-1,-1
333,32,985,68,55,173,0.4939,-1,-1,-1
333,29,378,930,96,137,0.5988,-1,-1,-1
333,27,842,437,82,214,0.4184,-1,-1,-1
333,25,508,491,67,223,0.6723,-1,-1,-1
333,17,411,369,73,126,0.5045,-1,-1,-1
333,16,927,29,62,168,0.4160,-1,-1,-1
333,10,229,353,59,187,0.5447,-1,-1,-1
333,7,397,472,103,219,0.5899,-1,-1,-1
333,5,1536,614,83,228,0.5981,-1,-1,-1
333,4,907,443,55,203,0.4481,-1,-1,-1
333,3,945,914,59,166,0.6989,-1,-1,-1
333,2,1722,460,74,211,0.7507,-1,-1,-1
333,1,387,593,112,232,0.5301,-1,-1,-1
334,41,950,393,59,186,0.4413,-1,-1,-1
334,38,423,847,95,161,0.6263,-1,-1,-1
334,34,1039,73,48,158,0.3724,-1,-1,-1
334,32,984,68,57,172,0.5126,-1,-1,-1
334,29,380,931,95,136,0.6226,-1,-1,-1
334,27,843,438,82,215,0.4894,-1,-1,-1
334,25,508,493,67,223,0.6971,-1,-1,-1
334,17,411,366,74,130,0.5537,-1,-1,-1
334,16,926,28,63,166,0.4164,-1,-1,-1
334,10,229,352,59,185,0.5656,-1,-1,-1
334,7,397,470,106,268,0.4417,-1,-1,-1
334,5,1537,609,84,235,0.5797,-1,-1,-1
334,4,905,445,59,205,0.4056,-1,-1,-1
334,3,945,915,59,164,0.7235,-1,-1,-1
334,2,1722,459,75,212,0.7651,-1,-1,-1
334,1,390,559,117,267,0.4555,-1,-1,-1
335,41,953,393,60,189,0.5131,-1,-1,-1
335,38,428,850,97,157,0.6397,-1,-1,-1
335,34,1039,73,48,159,0.3612,-1,-1,-1
335,32,982,68,58,172,0.5059,-1,-1,-1
335,29,382,933,98,131,0.5391,-1,-1,-1
335,27,848,439,71,221,0.4701,-1,-1,-1
335,25,507,494,68,222,0.6763,-1,-1,-1
335,17,415,364,71,134,0.5450,-1,-1,-1
335,16,926,28,63,167,0.3986,-1,-1,-1
335,10,227,348,59,191,0.5980,-1,-1,-1
335,5,1541,618,77,238,0.5790,-1,-1,-1
335,4,906,448,58,204,0.3294,-1,-1,-1
335,3,947,918,58,162,0.7082,-1,-1,-1
335,2,1723,458,74,213,0.7494,-1,-1,-1
335,1,392,480,123,346,0.7489,-1,-1,-1
336,41,956,392,61,187,0.5384,-1,-1,-1
336,38,430,853,102,221,0.6557,-1,-1,-1
336,34,1039,71,48,163,0.4104,-1,-1,-1
336,32,980,68,59,174,0.5082,-1,-1,-1
336,29,383,936,99,130,0.5274,-1,-1,-1
336,27,845,438,76,223,0.4916,-1,-1,-1
336,25,505,494,68,225,0.6500,-1,-1,-1
336,17,416,362,75,137,0.5758,-1,-1,-1
336,16,925,27,64,168,0.3966,-1,-1,-1
336,10,225,347,62,191,0.6103,-1,-1,-1
336,5,1541,620,77,238,0.6264,-1,-1,-1
336,4,907,450,58,198,0.3872,-1,-1,-1
336,3,947,919,59,160,0.7469,-1,-1,-1
336,2,1722,458,76,213,0.7586,-1,-1,-1
336,1,396,478,125,349,0.7702,-1,-1,-1
336,0,444,112,73,182,0.3134,-1,-1,-1
337,41,959,392,62,188,0.5890,-1,-1,-1
337,38,434,859,106,216,0.6638,-1,-1,-1
337,34,1039,72,48,161,0.3841,-1,-1,-1
337,32,980,68,58,173,0.5085,-1,-1,-1
337,29,386,940,98,133,0.6529,-1,-1,-1
337,27,847,446,75,212,0.4717,-1,-1,-1
337,25,506,493,66,225,0.6511,-1,-1,-1
337,17,418,360,74,152,0.5041,-1,-1,-1
337,16,926,26,63,169,0.4116,-1,-1,-1
337,10,225,346,61,190,0.6305,-1,-1,-1
337,5,1542,620,76,236,0.6380,-1,-1,-1
337,4,908,453,58,198,0.4402,-1,-1,-1
337,3,949,919,58,160,0.7257,-1,-1,-1
337,2,1721,458,76,208,0.7496,-1,-1,-1
337,1,400,476,126,351,0.8063,-1,-1,-1
338,41,965,394,59,189,0.5388,-1,-1,-1
338,38,437,860,106,172,0.6324,-1,-1,-1
338,34,1037,72,50,160,0.3435,-1,-1,-1
338,32,980,67,57,172,0.4331,-1,-1,-1
338,29,390,943,96,131,0.6063,-1,-1,-1
338,27,848,447,79,212,0.4698,-1,-1,-1
338,25,506,495,66,221,0.6353,-1,-1,-1
338,17,417,360,76,153,0.4667,-1,-1,-1
338,16,926,24,62,169,0.4281,-1,-1,-1
338,10,224,343,62,188,0.5992,-1,-1,-1
338,5,1541,619,77,240,0.6565,-1,-1,-1
338,4,907,455,60,200,0.3783,-1,-1,-1
338,3,949,921,59,159,0.7576,-1,-1,-1
338,2,1721,458,77,208,0.7316,-1,-1,-1
338,1,400,476,127,352,0.8081,-1,-1,-1
339,41,966,394,61,195,0.5840,-1,-1,-1
339,38,437,865,112,182,0.6392,-1,-1,-1
339,34,1037,71,50,162,0.3782,-1,-1,-1
339,32,977,65,59,174,0.4590,-1,-1,-1
339,29,394,946,95,131,0.6627,-1,-1,-1
339,27,845,449,79,210,0.5131,-1,-1,-1
339,25,503,496,67,219,0.5975,-1,-1,-1
339,17,417,359,81,154,0.4520,-1,-1,-1
339,16,926,23,62,168,0.4184,-1,-1,-1
339,10,220,346,64,181,0.5746,-1,-1,-1
339,5,1542,618,77,237,0.6625,-1,-1,-1
339,4,907,459,58,199,0.4064,-1,-1,-1
339,3,951,922,59,157,0.7821,-1,-1,-1
339,2,1722,459,75,211,0.7401,-1,-1,-1
339,1,402,473,122,352,0.7891,-1,-1,-1
340,41,969,399,62,191,0.6295,-1,-1,-1
340,38,438,872,115,160,0.6917,-1,-1,-1
340,34,1036,71,51,162,0.3792,-1,-1,-1
340,32,978,65,56,173,0.5601,-1,-1,-1
340,29,395,948,94,130,0.6603,-1,-1,-1
340,27,847,450,74,217,0.5266,-1,-1,-1
340,25,500,498,69,214,0.5761,-1,-1,-1
340,17,417,358,82,165,0.4099,-1,-1,-1
340,16,926,22,64,169,0.4139,-1,-1,-1
340,10,219,344,66,180,0.6022,-1,-1,-1
340,5,1543,619,78,236,0.6428,-1,-1,-1
340,4,908,456,57,202,0.4151,-1,-1,-1
340,3,952,923,59,157,0.7813,-1,-1,-1
340,2,1722,458,76,213,0.7605,-1,-1,-1
340,1,404,478,121,344,0.7100,-1,-1,-1
341,41,971,399,66,193,0.6353,-1,-1,-1
341,38,439,874,117,155,0.6969,-1,-1,-1
341,34,1035,70,52,160,0.4260,-1,-1,-1
341,32,976,64,57,173,0.5129,-1,-1,-1
341,29,399,954,95,124,0.6915,-1,-1,-1
341,27,846,453,76,218,0.5829,-1,-1,-1
341,25,498,498,69,214,0.6028,-1,-1,-1
341,17,418,357,87,182,0.3795,-1,-1,-1
341,16,925,20,64,169,0.4408,-1,-1,-1
341,10,220,341,64,177,0.4477,-1,-1,-1
341,5,1543,618,80,239,0.6276,-1,-1,-1
341,4,910,459,55,203,0.4405,-1,-1,-1
341,3,952,924,59,156,0.8111,-1,-1,-1
341,2,1721,458,76,212,0.7606,-1,-1,-1
341,1,410,487,112,335,0.4615,-1,-1,-1
341,0,442,106,74,191,0.3347,-1,-1,-1
342,41,974,402,65,188,0.5917,-1,-1,-1
342,38,439,876,120,155,0.6507,-1,-1,-1
342,34,1036,70,51,160,0.4329,-1,-1,-1
342,32,974,63,58,174,0.5036,-1,-1,-1
342,29,403,960,96,119,0.6745,-1,-1,-1
342,27,847,453,74,217,0.5688,-1,-1,-1
342,25,496,499,71,214,0.6114,-1,-1,-1
342,17,418,356,89,188,0.4161,-1,-1,-1
342,16,926,18,63,166,0.4387,-1,-1,-1
342,10,220,339,63,178,0.4548,-1,-1,-1
342,5,1544,619,80,242,0.6419,-1,-1,-1
342,4,909,461,57,200,0.4289,-1,-1,-1
342,3,953,925,60,155,0.8024,-1,-1,-1
342,2,1722,458,75,212,0.7631,-1,-1,-1
342,0,441,106,75,190,0.3609,-1,-1,-1
343,41,975,404,68,190,0.6326,-1,-1,-1
343,38,442,878,119,158,0.6398,-1,-1,-1
343,34,1034,68,54,163,0.4314,-1,-1,-1
343,32,974,61,59,177,0.5073,-1,-1,-1
343,29,404,963,99,116,0.7335,-1,-1,-1
343,27,847,454,72,216,0.4915,-1,-1,-1
343,25,496,499,70,219,0.6432,-1,-1,-1
343,17,419,356,88,194,0.5056,-1,-1,-1
343,16,925,17,64,171,0.3697,-1,-1,-1
343,10,222,337,61,180,0.4964,-1,-1,-1
343,5,1544,618,83,245,0.6585,-1,-1,-1
343,4,905,460,60,202,0.4749,-1,-1,-1
343,3,953,925,60,155,0.8236,-1,-1,-1
343,2,1722,458,74,213,0.7543,-1,-1,-1
343,0,441,109,75,187,0.3674,-1,-1,-1
344,41,978,406,68,192,0.6314,-1,-1,-1
344,38,445,881,118,160,0.6620,-1,-1,-1
344,34,1034,67,55,169,0.3978,-1,-1,-1
344,32,976,60,56,170,0.5116,-1,-1,-1
344,29,406,962,100,117,0.7494,-1,-1,-1
344,27,839,456,83,208,0.5794,-1,-1,-1
344,25,496,500,69,217,0.5794,-1,-1,-1
344,17,424,354,85,199,0.5062,-1,-1,-1
344,16,924,15,65,174,0.3674,-1,-1,-1
344,10,221,336,62,180,0.4088,-1,-1,-1
344,5,1545,618,84,244,0.6425,-1,-1,-1
344,4,905,460,60,200,0.5276,-1,-1,-1
344,3,952,925,63,155,0.7785,-1,-1,-1
344,2,1722,459,73,212,0.7615,-1,-1,-1
344,0,437,99,78,194,0.3300,-1,-1,-1
345,41,982,406,66,192,0.6427,-1,-1,-1
345,38,451,883,114,163,0.6523,-1,-1,-1
345,34,1034,67,55,166,0.3906,-1,-1,-1
345,32,974,60,58,171,0.4885,-1,-1,-1
345,29,410,964,98,114,0.7386,-1,-1,-1
345,27,838,453,84,207,0.5565,-1,-1,-1
345,25,498,504,64,203,0.5251,-1,-1,-1
345,17,426,351,81,201,0.4593,-1,-1,-1
345,16,924,15,65,176,0.4139,-1,-1,-1
345,10,221,336,59,177,0.4069,-1,-1,-1
345,5,1545,618,85,245,0.6412,-1,-1,-1
345,4,906,462,59,198,0.5377,-1,-1,-1
345,3,953,925,64,155,0.7966,-1,-1,-1
345,2,1722,458,73,213,0.7528,-1,-1,-1
345,1,396,484,82,238,0.7152,-1,-1,-1
345,0,435,98,80,194,0.3422,-1,-1,-1
346,41,986,406,64,194,0.6498,-1,-1,-1
346,38,458,885,106,161,0.6245,-1,-1,-1
346,34,1032,66,57,165,0.3463,-1,-1,-1
346,32,973,59,60,171,0.4960,-1,-1,-1
346,29,412,965,97,114,0.7369,-1,-1,-1
346,27,839,455,81,206,0.5623,-1,-1,-1
346,25,494,506,66,208,0.5225,-1,-1,-1
346,17,429,349,77,199,0.5354,-1,-1,-1
346,16,924,13,65,175,0.4200,-1,-1,-1
346,10,220,334,61,181,0.4208,-1,-1,-1
346,5,1548,618,83,245,0.7018,-1,-1,-1
346,4,903,464,64,197,0.5439,-1,-1,-1
346,3,954,926,65,153,0.7553,-1,-1,-1
346,2,1723,458,72,213,0.7419,-1,-1,-1
346,1,395,482,82,242,0.7294,-1,-1,-1
346,0,434,98,80,195,0.3565,-1,-1,-1
347,45,468,590,78,225,0.5071,-1,-1,-1
347,41,991,408,62,194,0.6642,-1,-1,-1
347,38,460,886,103,162,0.6387,-1,-1,-1
347,34,1032,66,57,164,0.3900,-1,-1,-1
347,32,973,59,60,172,0.4799,-1,-1,-1
347,29,415,966,98,113,0.7541,-1,-1,-1
347,27,843,455,69,211,0.5536,-1,-1,-1
347,25,494,507,68,197,0.5054,-1,-1,-1
347,17,428,346,76,201,0.5885,-1,-1,-1
347,16,923,13,66,177,0.3927,-1,-1,-1
347,10,220,333,60,183,0.4542,-1,-1,-1
347,5,1547,615,86,247,0.7133,-1,-1,-1
347,4,904,465,64,199,0.5936,-1,-1,-1
347,3,954,927,66,152,0.7439,-1,-1,-1
347,2,1723,459,73,212,0.7408,-1,-1,-1
347,1,394,484,82,241,0.7257,-1,-1,-1
347,0,437,98,77,194,0.3410,-1,-1,-1
348,45,469,580,78,240,0.6792,-1,-1,-1
348,41,993,409,60,184,0.6976,-1,-1,-1
348,39,794,155,58,167,0.3237,-1,-1,-1
348,38,461,888,100,166,0.6198,-1,-1,-1
348,34,1031,65,58,165,0.3702,-1,-1,-1
348,32,972,60,59,171,0.4742,-1,-1,-1
348,29,416,969,102,110,0.7352,-1,-1,-1
348,27,842,455,71,212,0.5656,-1,-1,-1
348,25,488,509,74,190,0.5868,-1,-1,-1
348,17,432,345,71,202,0.6277,-1,-1,-1
348,16,922,13,67,176,0.3698,-1,-1,-1
348,10,220,333,60,179,0.4594,-1,-1,-1
348,5,1548,618,85,240,0.6793,-1,-1,-1
348,4,904,465,64,203,0.6221,-1,-1,-1
348,3,954,927,67,153,0.7248,-1,-1,-1
348,2,1723,458,73,212,0.7503,-1,-1,-1
348,1,393,484,81,240,0.7195,-1,-1,-1
348,0,437,98,77,193,0.3765,-1,-1,-1
349,45,472,572,80,248,0.7029,-1,-1,-1
349,41,997,408,62,194,0.6818,-1,-1,-1
349,39,793,154,57,170,0.3136,-1,-1,-1
349,38,466,889,91,167,0.6005,-1,-1,-1
349,34,1029,63,58,164,0.3231,-1,-1,-1
349,32,972,57,58,175,0.4525,-1,-1,-1
349,29,417,972,102,107,0.7117,-1,-1,-1
349,27,843,455,73,218,0.5789,-1,-1,-1
349,25,482,511,80,186,0.4130,-1,-1,-1
349,17,427,342,75,206,0.6855,-1,-1,-1
349,16,922,12,68,177,0.3452,-1,-1,-1
349,10,220,332,60,178,0.4426,-1,-1,-1
349,5,1552,617,82,244,0.6823,-1,-1,-1
349,4,905,465,64,206,0.6242,-1,-1,-1
349,3,953,926,72,153,0.7316,-1,-1,-1
349,2,1723,458,73,212,0.7341,-1,-1,-1
349,1,392,485,80,239,0.7089,-1,-1,-1
349,0,437,96,76,192,0.3172,-1,-1,-1
350,45,478,550,80,268,0.6245,-1,-1,-1
350,41,998,409,65,195,0.6643,-1,-1,-1
350,39,792,154,58,170,0.3229,-1,-1,-1
350,38,466,892,85,161,0.5567,-1,-1,-1
350,32,971,55,58,176,0.4394,-1,-1,-1
350,29,418,971,105,108,0.6725,-1,-1,-1
350,27,844,456,72,222,0.5233,-1,-1,-1
350,25,480,514,81,184,0.3702,-1,-1,-1
350,17,429,340,73,207,0.6797,-1,-1,-1
350,16,922,11,67,177,0.3525,-1,-1,-1
350,10,219,333,60,179,0.5072,-1,-1,-1
350,5,1552,616,84,245,0.6853,-1,-1,-1
350,4,902,466,68,208,0.5539,-1,-1,-1
350,3,954,927,71,152,0.6918,-1,-1,-1
350,2,1723,458,73,212,0.7324,-1,-1,-1
350,1,391,489,80,236,0.6727,-1,-1,-1
350,0,438,95,74,189,0.3113,-1,-1,-1
351,45,480,534,89,285,0.6604,-1,-1,-1
351,41,999,411,66,194,0.6641,-1,-1,-1
351,39,793,154,58,170,0.3212,-1,-1,-1
351,38,465,893,84,163,0.5710,-1,-1,-1
351,32,971,55,58,178,0.4039,-1,-1,-1
351,29,420,975,104,104,0.6437,-1,-1,-1
351,27,843,458,71,222,0.4724,-1,-1,-1
351,17,429,336,73,211,0.6948,-1,-1,-1
351,16,922,11,67,176,0.3161,-1,-1,-1
351,10,218,331,60,179,0.4478,-1,-1,-1
351,5,1549,617,91,245,0.6884,-1,-1,-1
351,4,904,470,69,208,0.5552,-1,-1,-1
351,3,951,928,78,151,0.6617,-1,-1,-1
351,2,1723,458,72,212,0.7298,-1,-1,-1
351,1,393,493,77,234,0.6674,-1,-1,-1
351,0,441,94,71,189,0.3239,-1,-1,-1
352,45,480,571,101,247,0.7470,-1,-1,-1
352,41,1002,411,67,194,0.6295,-1,-1,-1
352,39,794,154,57,171,0.3232,-1,-1,-1
352,38,466,896,83,160,0.5215,-1,-1,-1
352,32,970,57,58,172,0.3739,-1,-1,-1
352,29,421,980,110,100,0.6668,-1,-1,-1
352,27,844,458,71,224,0.4547,-1,-1,-1
352,17,428,335,75,212,0.6998,-1,-1,-1
352,16,923,13,65,166,0.3051,-1,-1,-1
352,10,219,329,57,185,0.4935,-1,-1,-1
352,5,1550,618,92,246,0.6753,-1,-1,-1
352,4,903,474,69,207,0.6077,-1,-1,-1
352,3,952,928,78,152,0.6739,-1,-1,-1
352,2,1723,457,73,213,0.7173,-1,-1,-1
352,1,390,495,79,234,0.6669,-1,-1,-1
352,0,441,96,71,192,0.3556,-1,-1,-1
353,45,481,580,111,235,0.7932,-1,-1,-1
353,42,1745,74,59,156,0.3121,-1,-1,-1
353,41,1004,412,70,192,0.6434,-1,-1,-1
353,39,794,155,58,170,0.3067,-1,-1,-1
353,38,471,902,80,158,0.4355,-1,-1,-1
353,32,970,56,57,173,0.3041,-1,-1,-1
353,29,422,984,108,96,0.6316,-1,-1,-1
353,27,845,459,70,226,0.5896,-1,-1,-1
353,17,429,334,75,213,0.6894,-1,-1,-1
353,10,219,329,57,181,0.5376,-1,-1,-1
353,5,1550,617,96,249,0.6528,-1,-1,-1
353,4,906,473,68,209,0.5971,-1,-1,-1
353,3,952,928,81,152,0.6825,-1,-1,-1
353,2,1722,457,73,213,0.7398,-1,-1,-1
353,1,388,497,81,236,0.6686,-1,-1,-1
353,0,443,93,70,193,0.4030,-1,-1,-1
354,45,480,582,114,232,0.7655,-1,-1,-1
354,42,1747,76,58,155,0.3293,-1,-1,-1
354,41,1009,413,70,193,0.5844,-1,-1,-1
354,39,793,154,58,170,0.3228,-1,-1,-1
354,38,474,909,77,152,0.4003,-1,-1,-1
354,32,968,56,58,169,0.3163,-1,-1,-1
354,29,424,987,108,93,0.6299,-1,-1,-1
354,27,844,460,68,229,0.5532,-1,-1,-1
354,17,426,333,78,212,0.6873,-1,-1,-1
354,10,220,328,56,178,0.5208,-1,-1,-1
354,5,1551,617,98,252,0.6576,-1,-1,-1
354,4,905,480,69,204,0.6500,-1,-1,-1
354,3,952,929,81,151,0.6813,-1,-1,-1
354,2,1723,457,72,213,0.7310,-1,-1,-1
354,1,388,499,82,235,0.6810,-1,-1,-1
354,0,442,92,72,194,0.3988,-1,-1,-1
355,45,481,579,118,236,0.7599,-1,-1,-1
355,42,1749,76,58,157,0.3532,-1,-1,-1
355,41,1012,415,67,194,0.5902,-1,-1,-1
355,39,792,154,58,171,0.3095,-1,-1,-1
355,38,475,910,79,161,0.4569,-1,-1,-1
355,32,967,55,59,167,0.3233,-1,-1,-1
355,29,429,994,104,86,0.5818,-1,-1,-1
355,27,843,461,70,226,0.5383,-1,-1,-1
355,17,424,332,80,214,0.6817,-1,-1,-1
355,10,218,326,56,177,0.5012,-1,-1,-1
355,5,1551,618,100,251,0.6294,-1,-1,-1
355,4,905,480,70,207,0.6474,-1,-1,-1
355,3,951,928,84,152,0.6842,-1,-1,-1
355,2,1723,457,71,213,0.7406,-1,-1,-1
355,1,387,499,82,238,0.6728,-1,-1,-1
355,0,444,90,70,196,0.4205,-1,-1,-1
356,45,480,571,119,245,0.7365,-1,-1,-1
356,42,1750,75,54,163,0.3070,-1,-1,-1
356,41,1014,415,72,195,0.6005,-1,-1,-1
356,39,791,154,59,171,0.3223,-1,-1,-1
356,38,477,916,79,156,0.4574,-1,-1,-1
356,34,1027,61,61,165,0.3042,-1,-1,-1
356,32,970,57,53,170,0.3422,-1,-1,-1
356,29,434,996,100,84,0.5243,-1,-1,-1
356,27,842,461,72,222,0.5234,-1,-1,-1
356,17,424,331,81,214,0.6663,-1,-1,-1
356,10,216,324,58,177,0.5833,-1,-1,-1
356,5,1551,620,102,250,0.6322,-1,-1,-1
356,4,904,481,72,209,0.6730,-1,-1,-1
356,3,952,927,80,152,0.6540,-1,-1,-1
356,2,1722,457,72,213,0.7464,-1,-1,-1
356,1,385,503,82,236,0.6748,-1,-1,-1
356,0,442,89,73,197,0.4488,-1,-1,-1
357,45,480,561,120,255,0.7368,-1,-1,-1
357,44,361,93,65,189,0.3391,-1,-1,-1
357,42,1750,76,55,162,0.3698,-1,-1,-1
357,41,1015,421,74,191,0.5914,-1,-1,-1
357,39,792,152,58,173,0.3916,-1,-1,-1
357,38,477,918,84,155,0.5262,-1,-1,-1
357,34,1028,61,60,166,0.3070,-1,-1,-1
357,32,967,56,55,167,0.3622,-1,-1,-1
357,29,440,1005,96,74,0.5243,-1,-1,-1
357,27,845,464,69,222,0.5970,-1,-1,-1
357,17,423,330,83,214,0.6514,-1,-1,-1
357,10,219,325,53,174,0.4017,-1,-1,-1
357,5,1555,622,99,249,0.5865,-1,-1,-1
357,4,908,482,68,206,0.6391,-1,-1,-1
357,3,953,926,80,153,0.6809,-1,-1,-1
357,2,1722,457,73,212,0.7548,-1,-1,-1
357,1,384,506,84,234,0.7204,-1,-1,-1
357,0,442,88,73,196,0.4665,-1,-1,-1
358,45,484,577,117,238,0.7519,-1,-1,-1
358,44,359,91,66,191,0.3040,-1,-1,-1
358,42,1751,77,56,162,0.3903,-1,-1,-1
358,41,1015,423,83,194,0.6095,-1,-1,-1
358,39,793,154,57,172,0.3809,-1,-1,-1
358,38,481,916,85,157,0.4457,-1,-1,-1
358,34,1027,60,60,166,0.3144,-1,-1,-1
358,32,966,56,55,167,0.3543,-1,-1,-1
358,29,442,1008,96,71,0.5297,-1,-1,-1
358,27,846,468,71,213,0.6205,-1,-1,-1
358,17,423,331,83,214,0.6709,-1,-1,-1
358,10,215,323,58,179,0.5526,-1,-1,-1
358,5,1563,631,90,244,0.4682,-1,-1,-1
358,4,909,483,69,206,0.6098,-1,-1,-1
358,3,954,926,79,153,0.6765,-1,-1,-1
358,2,1723,458,72,212,0.7499,-1,-1,-1
358,1,381,506,86,234,0.7565,-1,-1,-1
358,0,442,87,73,196,0.4480,-1,-1,-1
359,45,487,579,111,236,0.7132,-1,-1,-1
359,42,1751,77,55,162,0.4322,-1,-1,-1
359,41,1017,426,85,193,0.6018,-1,-1,-1
359,39,793,152,57,175,0.3676,-1,-1,-1
359,38,484,920,85,156,0.4967,-1,-1,-1
359,34,1025,61,59,164,0.3703,-1,-1,-1
359,32,963,54,58,171,0.3464,-1,-1,-1
359,29,445,1013,95,66,0.4918,-1,-1,-1
359,27,847,470,72,213,0.6154,-1,-1,-1
359,25,471,524,75,217,0.4202,-1,-1,-1
359,17,424,330,83,213,0.6401,-1,-1,-1
359,10,214,323,59,179,0.5761,-1,-1,-1
359,5,1557,622,99,252,0.5932,-1,-1,-1
359,4,910,484,72,204,0.6064,-1,-1,-1
359,3,954,925,80,154,0.6513,-1,-1,-1
359,2,1722,457,74,213,0.7448,-1,-1,-1
359,1,382,509,85,238,0.6978,-1,-1,-1
359,0,444,86,69,197,0.4556,-1,-1,-1
360,45,493,584,105,230,0.7416,-1,-1,-1
360,42,1751,79,55,163,0.4695,-1,-1,-1
360,41,1023,424,78,199,0.5825,-1,-1,-1
360,39,793,151,57,175,0.3620,-1,-1,-1
360,38,488,923,87,156,0.5655,-1,-1,-1
360,34,1023,60,62,165,0.4007,-1,-1,-1
360,32,960,50,59,174,0.3229,-1,-1,-1
360,29,446,1012,93,67,0.4370,-1,-1,-1
360,27,845,474,71,218,0.5980,-1,-1,-1
360,25,477,525,65,222,0.5625,-1,-1,-1
360,17,426,328,80,219,0.6484,-1,-1,-1
360,10,214,322,59,179,0.5344,-1,-1,-1
360,5,1565,623,92,253,0.5584,-1,-1,-1
360,4,911,484,72,205,0.6325,-1,-1,-1
360,3,954,924,79,155,0.6721,-1,-1,-1
360,2,1722,457,73,213,0.7505,-1,-1,-1
360,1,379,509,83,238,0.7329,-1,-1,-1
360,0,443,86,70,196,0.4406,-1,-1,-1
361,45,499,576,101,238,0.7276,-1,-1,-1
361,42,1751,85,58,161,0.4207,-1,-1,-1
361,41,1028,428,77,196,0.5539,-1,-1,-1
361,39,793,152,56,176,0.3565,-1,-1,-1
361,38,494,923,86,156,0.5807,-1,-1,-1
361,32,960,53,58,170,0.3460,-1,-1,-1
361,29,447,1012,94,67,0.3910,-1,-1,-1
361,27,848,475,69,211,0.5957,-1,-1,-1
361,25,473,527,66,224,0.5996,-1,-1,-1
361,17,426,327,80,211,0.6331,-1,-1,-1
361,10,213,321,58,181,0.4637,-1,-1,-1
361,5,1565,626,96,252,0.6333,-1,-1,-1
361,4,912,484,71,205,0.6362,-1,-1,-1
361,3,956,923,77,156,0.6675,-1,-1,-1
361,2,1722,457,73,213,0.7401,-1,-1,-1
361,1,378,510,80,238,0.7602,-1,-1,-1
361,0,441,87,71,194,0.3597,-1,-1,-1
362,45,505,574,98,239,0.7175,-1,-1,-1
362,42,1752,86,59,163,0.4629,-1,-1,-1
362,41,1031,429,75,192,0.5865,-1,-1,-1
362,39,793,152,57,175,0.3353,-1,-1,-1
362,38,493,923,93,157,0.5885,-1,-1,-1
362,32,957,51,57,171,0.3281,-1,-1,-1
362,29,451,1016,89,62,0.4011,-1,-1,-1
362,27,848,476,68,216,0.5177,-1,-1,-1
362,25,470,529,66,225,0.6325,-1,-1,-1
362,17,431,325,75,208,0.6423,-1,-1,-1
362,5,1568,626,94,253,0.6732,-1,-1,-1
362,4,912,486,71,202,0.6016,-1,-1,-1
362,3,958,923,75,156,0.6193,-1,-1,-1
362,2,1722,458,74,212,0.7269,-1,-1,-1
362,1,376,511,81,237,0.7678,-1,-1,-1
362,0,443,87,69,194,0.3220,-1,-1,-1
363,45,513,576,96,236,0.6724,-1,-1,-1
363,42,1752,86,58,163,0.4708,-1,-1,-1
363,41,1037,429,69,194,0.4879,-1,-1,-1
363,39,794,152,56,175,0.3462,-1,-1,-1
363,38,496,925,95,155,0.6111,-1,-1,-1
363,29,452,1017,87,62,0.4357,-1,-1,-1
363,27,848,476,70,214,0.4985,-1,-1,-1
363,25,470,531,65,222,0.6518,-1,-1,-1
363,17,433,324,73,208,0.6863,-1,-1,-1
363,5,1572,628,89,250,0.6549,-1,-1,-1
363,4,913,488,69,201,0.6024,-1,-1,-1
363,3,958,923,75,156,0.6274,-1,-1,-1
363,2,1722,457,74,213,0.7292,-1,-1,-1
363,1,374,512,82,238,0.7593,-1,-1,-1
363,0,442,88,68,191,0.3272,-1,-1,-1
364,45,526,578,87,235,0.6924,-1,-1,-1
364,42,1752,87,58,161,0.5359,-1,-1,-1
364,41,1044,430,66,190,0.5395,-1,-1,-1
364,39,793,152,57,174,0.3436,-1,-1,-1
364,38,499,927,102,153,0.6175,-1,-1,-1
364,34,1020,58,63,164,0.3887,-1,-1,-1
364,29,454,1015,86,65,0.4195,-1,-1,-1
364,27,852,477,66,219,0.4583,-1,-1,-1
364,25,469,532,62,226,0.7005,-1,-1,-1
364,17,433,321,73,208,0.7443,-1,-1,-1
364,5,1574,626,88,255,0.6686,-1,-1,-1
364,4,914,487,67,202,0.5652,-1,-1,-1
364,3,961,923,73,156,0.6105,-1,-1,-1
364,2,1721,457,75,212,0.7293,-1,-1,-1
364,1,373,511,81,238,0.7683,-1,-1,-1
364,0,444,85,67,194,0.3767,-1,-1,-1
365,45,536,578,78,235,0.6611,-1,-1,-1
365,42,1752,87,57,161,0.5031,-1,-1,-1
365,41,1047,430,66,185,0.5818,-1,-1,-1
365,39,794,152,55,175,0.3465,-1,-1,-1
365,38,502,931,105,149,0.6301,-1,-1,-1
365,34,1020,58,61,160,0.3870,-1,-1,-1
365,29,455,1017,87,63,0.3887,-1,-1,-1
365,27,851,479,68,219,0.4544,-1,-1,-1
365,25,469,534,64,234,0.6777,-1,-1,-1
365,17,435,318,72,210,0.7465,-1,-1,-1
365,5,1576,629,86,250,0.6523,-1,-1,-1
365,4,915,488,69,202,0.6037,-1,-1,-1
365,3,960,921,75,158,0.6122,-1,-1,-1
365,2,1722,456,75,213,0.7211,-1,-1,-1
365,1,371,512,80,237,0.7440,-1,-1,-1
365,0,444,83,67,195,0.3748,-1,-1,-1
366,45,543,576,74,239,0.6352,-1,-1,-1
366,42,1753,87,58,164,0.4665,-1,-1,-1
366,41,1049,429,67,192,0.6207,-1,-1,-1
366,39,793,152,56,174,0.3659,-1,-1,-1
366,38,505,934,106,146,0.6400,-1,-1,-1
366,34,1020,59,59,158,0.4194,-1,-1,-1
366,29,456,1020,86,60,0.3012,-1,-1,-1
366,27,851,479,68,218,0.5000,-1,-1,-1
366,25,468,537,66,235,0.7081,-1,-1,-1
366,17,437,315,71,210,0.7560,-1,-1,-1
366,5,1577,628,85,252,0.6573,-1,-1,-1
366,4,914,489,70,203,0.5493,-1,-1,-1
366,3,961,920,76,159,0.6268,-1,-1,-1
366,2,1722,456,73,212,0.7155,-1,-1,-1
366,1,366,510,82,238,0.7196,-1,-1,-1
366,0,442,86,68,189,0.3824,-1,-1,-1
367,45,545,574,74,241,0.6221,-1,-1,-1
367,42,1753,88,59,162,0.3887,-1,-1,-1
367,41,1052,430,66,194,0.6632,-1,-1,-1
367,39,792,151,58,175,0.3834,-1,-1,-1
367,38,511,940,103,140,0.6613,-1,-1,-1
367,34,1019,58,58,157,0.4353,-1,-1,-1
367,27,852,479,66,218,0.5390,-1,-1,-1
367,25,467,542,66,230,0.7063,-1,-1,-1
367,17,439,312,69,212,0.7560,-1,-1,-1
367,5,1576,629,89,250,0.6515,-1,-1,-1
367,4,912,491,73,203,0.6088,-1,-1,-1
367,3,966,917,71,161,0.6285,-1,-1,-1
367,2,1722,457,72,211,0.7229,-1,-1,-1
367,1,360,513,87,235,0.7492,-1,-1,-1
367,0,441,85,68,189,0.4182,-1,-1,-1
368,45,547,573,78,245,0.6707,-1,-1,-1
368,42,1754,92,60,157,0.4308,-1,-1,-1
368,41,1055,432,66,196,0.6565,-1,-1,-1
368,39,791,152,59,174,0.4056,-1,-1,-1
368,38,513,942,103,138,0.7012,-1,-1,-1
368,34,1019,57,57,155,0.4279,-1,-1,-1
368,32,943,44,71,169,0.3832,-1,-1,-1
368,27,850,479,67,223,0.5650,-1,-1,-1
368,25,466,543,67,229,0.7151,-1,-1,-1
368,17,439,311,69,211,0.7590,-1,-1,-1
368,5,1577,631,89,247,0.6728,-1,-1,-1
368,4,913,493,71,204,0.5968,-1,-1,-1
368,3,967,917,72,162,0.6493,-1,-1,-1
368,2,1722,457,74,212,0.7081,-1,-1,-1
368,1,359,515,86,233,0.7560,-1,-1,-1
368,0,441,83,67,186,0.4117,-1,-1,-1
369,45,548,573,80,241,0.6809,-1,-1,-1
369,42,1758,96,57,153,0.4519,-1,-1,-1
369,41,1058,433,68,195,0.5760,-1,-1,-1
369,39,791,152,59,172,0.3943,-1,-1,-1
369,38,514,945,108,135,0.7125,-1,-1,-1
369,34,1019,55,57,160,0.4378,-1,-1,-1
369,32,938,46,74,167,0.4271,-1,-1,-1
369,27,850,479,67,230,0.5641,-1,-1,-1
369,25,465,544,66,228,0.6894,-1,-1,-1
369,17,439,311,69,210,0.7483,-1,-1,-1
369,5,1579,633,87,245,0.6254,-1,-1,-1
369,4,914,495,70,204,0.5824,-1,-1,-1
369,3,968,917,72,162,0.6798,-1,-1,-1
369,2,1722,457,76,211,0.7090,-1,-1,-1
369,1,357,516,86,238,0.7384,-1,-1,-1
369,0,440,83,68,184,0.4346,-1,-1,-1
370,45,546,573,86,242,0.6662,-1,-1,-1
370,42,1757,96,61,155,0.5012,-1,-1,-1
370,41,1060,435,68,196,0.6030,-1,-1,-1
370,39,791,152,58,173,0.4236,-1,-1,-1
370,38,513,951,117,129,0.6929,-1,-1,-1
370,34,1018,54,57,162,0.4705,-1,-1,-1
370,32,935,42,78,171,0.4496,-1,-1,-1
370,27,853,480,66,221,0.5176,-1,-1,-1
370,25,464,545,66,227,0.6414,-1,-1,-1
370,17,439,310,69,211,0.7375,-1,-1,-1
370,5,1577,634,90,244,0.6592,-1,-1,-1
370,4,914,497,70,204,0.6238,-1,-1,-1
370,3,969,915,73,164,0.6853,-1,-1,-1
370,2,1722,457,72,211,0.7190,-1,-1,-1
370,1,352,518,91,244,0.7498,-1,-1,-1
370,0,439,81,69,185,0.4521,-1,-1,-1
371,45,548,573,95,240,0.7272,-1,-1,-1
371,42,1758,96,62,154,0.4272,-1,-1,-1
371,41,1064,435,68,199,0.6448,-1,-1,-1
371,39,790,153,60,174,0.3992,-1,-1,-1
371,38,514,956,117,124,0.7469,-1,-1,-1
371,34,1014,53,60,165,0.4419,-1,-1,-1
371,32,934,45,77,167,0.3868,-1,-1,-1
371,27,852,481,67,227,0.5164,-1,-1,-1
371,25,462,545,65,230,0.6408,-1,-1,-1
371,17,439,311,71,209,0.7572,-1,-1,-1
371,5,1576,631,92,245,0.6479,-1,-1,-1
371,4,912,502,73,203,0.6470,-1,-1,-1
371,3,970,913,75,166,0.7112,-1,-1,-1
371,2,1722,457,74,210,0.7135,-1,-1,-1
371,1,348,520,94,246,0.7413,-1,-1,-1
371,0,439,81,70,184,0.4184,-1,-1,-1
372,45,547,573,111,241,0.7392,-1,-1,-1
372,42,1760,97,62,156,0.4719,-1,-1,-1
372,41,1065,433,69,204,0.6487,-1,-1,-1
372,39,790,153,60,172,0.4219,-1,-1,-1
372,38,515,958,118,122,0.7244,-1,-1,-1
372,34,1014,52,58,172,0.4581,-1,-1,-1
372,32,935,43,76,171,0.3918,-1,-1,-1
372,27,851,482,69,227,0.4944,-1,-1,-1
372,25,461,545,66,230,0.6832,-1,-1,-1
372,17,440,311,71,207,0.7585,-1,-1,-1
372,5,1575,632,92,245,0.6264,-1,-1,-1
372,4,909,505,75,202,0.6396,-1,-1,-1
372,3,970,913,77,166,0.7218,-1,-1,-1
372,2,1721,457,77,211,0.7252,-1,-1,-1
372,1,347,522,95,248,0.7660,-1,-1,-1
372,0,440,80,68,184,0.4277,-1,-1,-1
373,45,551,572,111,241,0.7478,-1,-1,-1
373,42,1762,100,61,156,0.4230,-1,-1,-1
373,41,1069,438,69,198,0.5948,-1,-1,-1
373,39,790,153,60,171,0.3809,-1,-1,-1
373,38,518,961,115,119,0.7009,-1,-1,-1
373,34,1017,53,55,165,0.4827,-1,-1,-1
373,32,935,42,79,174,0.3868,-1,-1,-1
373,27,852,485,66,222,0.4783,-1,-1,-1
373,25,459,546,68,227,0.6714,-1,-1,-1
373,17,440,311,72,206,0.7315,-1,-1,-1
373,5,1578,633,92,244,0.6125,-1,-1,-1
373,4,910,505,75,204,0.6425,-1,-1,-1
373,3,973,913,75,165,0.7405,-1,-1,-1
373,2,1721,457,77,210,0.7177,-1,-1,-1
373,1,345,524,96,246,0.7591,-1,-1,-1
373,0,439,80,71,183,0.3924,-1,-1,-1
374,46,1803,454,61,211,0.3464,-1,-1,-1
374,45,555,570,107,244,0.7210,-1,-1,-1
374,42,1766,98,55,159,0.3404,-1,-1,-1
374,41,1071,442,68,200,0.6310,-1,-1,-1
374,39,790,152,60,173,0.4038,-1,-1,-1
374,38,520,965,114,115,0.6639,-1,-1,-1
374,34,1017,53,53,163,0.5050,-1,-1,-1
374,32,936,42,79,174,0.3904,-1,-1,-1
374,27,852,486,67,224,0.5438,-1,-1,-1
374,25,457,546,72,226,0.7129,-1,-1,-1
374,17,442,310,71,207,0.7434,-1,-1,-1
374,5,1579,631,91,247,0.6117,-1,-1,-1
374,4,911,506,72,205,0.6589,-1,-1,-1
374,3,972,913,79,165,0.7038,-1,-1,-1
374,2,1719,456,80,212,0.7102,-1,-1,-1
374,1,343,525,95,246,0.7433,-1,-1,-1
374,0,437,80,71,184,0.4094,-1,-1,-1
375,46,1803,455,61,210,0.3466,-1,-1,-1
375,45,560,569,104,246,0.7315,-1,-1,-1
375,41,1075,443,67,202,0.6714,-1,-1,-1
375,39,788,152,62,172,0.3862,-1,-1,-1
375,38,526,966,110,114,0.7125,-1,-1,-1
375,34,1014,51,55,168,0.4688,-1,-1,-1
375,32,939,44,73,170,0.4067,-1,-1,-1
375,27,853,487,66,222,0.5557,-1,-1,-1
375,25,455,548,72,221,0.7570,-1,-1,-1
375,17,443,309,71,208,0.7479,-1,-1,-1
375,5,1577,632,94,244,0.5610,-1,-1,-1
375,4,910,505,74,207,0.6500,-1,-1,-1
375,3,973,911,79,168,0.7033,-1,-1,-1
375,2,1720,457,78,210,0.7036,-1,-1,-1
375,1,344,526,91,246,0.7447,-1,-1,-1
375,0,438,79,71,185,0.3913,-1,-1,-1
376,46,1802,447,62,217,0.3710,-1,-1,-1
376,45,562,569,106,245,0.6939,-1,-1,-1
376,41,1079,444,66,199,0.7254,-1,-1,-1
376,39,787,154,62,171,0.3927,-1,-1,-1
376,38,529,967,106,113,0.7196,-1,-1,-1
376,34,1016,53,53,165,0.4762,-1,-1,-1
376,32,939,44,72,171,0.3985,-1,-1,-1
376,27,853,490,66,223,0.5895,-1,-1,-1
376,25,454,551,72,220,0.7466,-1,-1,-1
376,17,445,308,70,205,0.6899,-1,-1,-1
376,5,1580,628,91,246,0.4548,-1,-1,-1
376,4,912,506,71,205,0.6654,-1,-1,-1
376,3,974,909,79,170,0.6909,-1,-1,-1
376,2,1721,457,77,211,0.6915,-1,-1,-1
376,1,338,529,95,243,0.7605,-1,-1,-1
376,0,439,79,71,185,0.3292,-1,-1,-1
377,46,1800,449,64,214,0.3871,-1,-1,-1
377,45,566,567,102,245,0.7225,-1,-1,-1
377,41,1081,446,66,198,0.7169,-1,-1,-1
377,39,787,154,63,171,0.3848,-1,-1,-1
377,38,530,968,105,112,0.7038,-1,-1,-1
377,34,1015,52,54,163,0.4784,-1,-1,-1
377,32,940,43,71,171,0.4294,-1,-1,-1
377,27,852,490,66,223,0.6208,-1,-1,-1
377,25,453,550,73,228,0.7661,-1,-1,-1
377,17,446,306,70,207,0.7012,-1,-1,-1
377,5,1579,630,93,244,0.4674,-1,-1,-1
377,4,911,507,72,204,0.6800,-1,-1,-1
377,3,974,907,81,172,0.6757,-1,-1,-1
377,2,1721,456,76,212,0.7088,-1,-1,-1
377,1,335,530,97,243,0.7894,-1,-1,-1
377,0,441,79,69,183,0.3415,-1,-1,-1
378,46,1799,452,63,211,0.3466,-1,-1,-1
378,45,574,566,92,244,0.6375,-1,-1,-1
378,41,1085,449,67,194,0.6837,-1,-1,-1
378,39,786,153,64,172,0.4016,-1,-1,-1
378,38,533,969,101,111,0.6841,-1,-1,-1
378,34,1014,51,54,164,0.4701,-1,-1,-1
378,32,941,42,69,169,0.3917,-1,-1,-1
378,27,852,493,67,226,0.6353,-1,-1,-1
378,25,452,552,74,231,0.7837,-1,-1,-1
378,17,446,305,71,205,0.7002,-1,-1,-1
378,5,1590,635,81,238,0.4370,-1,-1,-1
378,4,911,508,72,204,0.6871,-1,-1,-1
378,3,974,906,82,174,0.7065,-1,-1,-1
378,2,1720,456,77,212,0.6865,-1,-1,-1
378,1,334,530,96,242,0.8164,-1,-1,-1
379,46,1798,450,66,213,0.3185,-1,-1,-1
379,45,584,565,84,238,0.5080,-1,-1,-1
379,42,1769,103,60,158,0.3036,-1,-1,-1
379,41,1091,448,63,196,0.7040,-1,-1,-1
379,39,786,153,64,172,0.4214,-1,-1,-1
379,38,537,969,96,111,0.6822,-1,-1,-1
379,34,1013,50,55,167,0.4662,-1,-1,-1
379,32,942,40,68,169,0.3964,-1,-1,-1
379,27,851,493,68,230,0.6757,-1,-1,-1
379,25,450,552,76,235,0.7762,-1,-1,-1
379,17,445,301,74,208,0.7210,-1,-1,-1
379,5,1576,642,94,234,0.3175,-1,-1,-1
379,4,911,508,72,203,0.7034,-1,-1,-1
379,3,973,906,84,173,0.7360,-1,-1,-1
379,2,1721,456,79,211,0.6894,-1,-1,-1
379,1,334,531,94,243,0.8118,-1,-1,-1
380,45,601,564,69,225,0.3410,-1,-1,-1
380,42,1769,98,59,161,0.3515,-1,-1,-1
380,41,1093,449,64,196,0.6876,-1,-1,-1
380,39,786,155,63,170,0.3504,-1,-1,-1
380,38,538,971,96,109,0.6840,-1,-1,-1
380,34,1013,50,54,166,0.4924,-1,-1,-1
380,32,953,36,58,174,0.3527,-1,-1,-1
380,27,849,493,69,228,0.6476,-1,-1,-1
380,25,448,556,72,232,0.7066,-1,-1,-1
380,17,446,298,74,207,0.7021,-1,-1,-1
380,5,1591,660,78,218,0.3693,-1,-1,-1
380,4,912,508,71,202,0.7009,-1,-1,-1
380,3,975,906,83,173,0.7035,-1,-1,-1
380,2,1720,457,79,210,0.6796,-1,-1,-1
380,1,334,532,91,240,0.7868,-1,-1,-1
381,42,1771,100,59,159,0.4130,-1,-1,-1
381,41,1094,450,64,197,0.7014,-1,-1,-1
381,39,786,155,64,171,0.3785,-1,-1,-1
381,38,540,974,94,106,0.6622,-1,-1,-1
381,34,1013,50,54,164,0.5065,-1,-1,-1
381,32,954,36,57,169,0.3715,-1,-1,-1
381,27,851,494,68,230,0.6484,-1,-1,-1
381,25,448,558,71,234,0.7086,-1,-1,-1
381,17,447,297,73,204,0.7130,-1,-1,-1
381,5,1604,658,62,219,0.3410,-1,-1,-1
381,4,915,509,69,202,0.6689,-1,-1,-1
381,3,976,906,83,172,0.6935,-1,-1,-1
381,2,1720,458,77,209,0.6828,-1,-1,-1
381,1,333,533,90,242,0.7731,-1,-1,-1
382,42,1773,100,58,161,0.4327,-1,-1,-1
382,41,1095,450,66,199,0.7004,-1,-1,-1
382,39,786,155,64,170,0.3563,-1,-1,-1
382,38,544,979,91,101,0.6123,-1,-1,-1
382,34,1013,47,53,172,0.5020,-1,-1,-1
382,32,957,34,54,169,0.3890,-1,-1,-1
382,27,852,495,68,229,0.5997,-1,-1,-1
382,25,445,560,74,237,0.7511,-1,-1,-1
382,17,447,295,73,204,0.7360,-1,-1,-1
382,5,1611,661,56,218,0.3988,-1,-1,-1
382,4,913,512,73,201,0.6758,-1,-1,-1
382,3,977,905,83,173,0.7262,-1,-1,-1
382,2,1720,458,76,209,0.6710,-1,-1,-1
382,1,333,534,88,240,0.7817,-1,-1,-1
383,42,1772,99,59,162,0.4533,-1,-1,-1
383,41,1098,449,66,199,0.6561,-1,-1,-1
383,39,786,154,64,171,0.3784,-1,-1,-1
383,38,547,985,88,94,0.4942,-1,-1,-1
383,34,1013,46,53,172,0.5017,-1,-1,-1
383,32,960,30,51,173,0.4029,-1,-1,-1
383,27,852,497,67,223,0.6102,-1,-1,-1
383,25,443,561,75,237,0.8008,-1,-1,-1
383,17,447,293,74,203,0.7483,-1,-1,-1
383,5,1613,640,55,240,0.3859,-1,-1,-1
383,4,913,512,72,201,0.6873,-1,-1,-1
383,3,978,904,82,174,0.6936,-1,-1,-1
383,2,1721,458,76,209,0.6587,-1,-1,-1
383,1,331,536,89,239,0.8106,-1,-1,-1
384,42,1774,101,58,161,0.5377,-1,-1,-1
384,41,1098,453,71,198,0.6540,-1,-1,-1
384,39,785,153,65,174,0.3802,-1,-1,-1
384,38,549,989,89,91,0.5607,-1,-1,-1
384,34,1012,45,53,170,0.5016,-1,-1,-1
384,32,958,30,52,172,0.4330,-1,-1,-1
384,27,852,497,68,220,0.5852,-1,-1,-1
384,25,441,565,76,233,0.8306,-1,-1,-1
384,17,446,291,75,205,0.7324,-1,-1,-1
384,5,1614,639,54,239,0.4265,-1,-1,-1
384,4,917,514,70,199,0.6923,-1,-1,-1
384,3,980,905,80,174,0.7195,-1,-1,-1
384,2,1722,458,70,208,0.6717,-1,-1,-1
384,1,331,539,88,238,0.8252,-1,-1,-1
385,42,1774,103,57,159,0.5177,-1,-1,-1
385,41,1103,454,72,199,0.5889,-1,-1,-1
385,39,786,153,64,173,0.4100,-1,-1,-1
385,38,552,992,88,88,0.5979,-1,-1,-1
385,34,1013,44,52,173,0.4937,-1,-1,-1
385,32,952,28,59,173,0.4456,-1,-1,-1
385,27,852,498,68,220,0.6300,-1,-1,-1
385,25,441,566,75,232,0.8403,-1,-1,-1
385,17,444,289,77,208,0.7216,-1,-1,-1
385,5,1612,639,57,236,0.3806,-1,-1,-1
385,4,914,516,73,200,0.7041,-1,-1,-1
385,3,981,905,79,174,0.7487,-1,-1,-1
385,2,1721,459,72,207,0.6953,-1,-1,-1
385,1,330,542,90,238,0.8380,-1,-1,-1
386,42,1774,103,60,159,0.4890,-1,-1,-1
386,41,1105,456,75,198,0.5602,-1,-1,-1
386,39,785,152,65,175,0.3695,-1,-1,-1
386,38,556,994,86,86,0.5232,-1,-1,-1
386,34,1013,44,53,171,0.4597,-1,-1,-1
386,32,948,30,64,172,0.4477,-1,-1,-1
386,27,852,499,67,219,0.6413,-1,-1,-1
386,25,440,567,74,231,0.8431,-1,-1,-1
386,17,444,288,78,210,0.7202,-1,-1,-1
386,5,1612,641,57,233,0.3832,-1,-1,-1
386,4,915,518,73,203,0.7161,-1,-1,-1
386,3,982,903,79,175,0.7237,-1,-1,-1
386,2,1722,458,70,207,0.6732,-1,-1,-1
386,1,329,546,91,240,0.8132,-1,-1,-1
387,42,1774,104,58,160,0.4410,-1,-1,-1
387,41,1108,455,78,201,0.6803,-1,-1,-1
387,39,786,152,64,175,0.3884,-1,-1,-1
387,38,558,999,86,80,0.4488,-1,-1,-1
387,34,1012,43,54,173,0.4463,-1,-1,-1
387,32,956,31,55,171,0.4000,-1,-1,-1
387,27,852,500,69,224,0.6395,-1,-1,-1
387,25,440,566,74,233,0.8479,-1,-1,-1
387,17,444,288,78,210,0.7176,-1,-1,-1
387,5,1617,635,50,242,0.3427,-1,-1,-1
387,4,915,520,73,206,0.6936,-1,-1,-1
387,3,983,903,78,175,0.7232,-1,-1,-1
387,2,1721,458,73,208,0.6951,-1,-1,-1
387,1,328,547,92,246,0.8237,-1,-1,-1
388,49,831,0,45,119,0.3686,-1,-1,-1
388,42,1773,104,61,160,0.4140,-1,-1,-1
388,41,1109,459,84,200,0.6441,-1,-1,-1
388,39,786,152,63,174,0.4009,-1,-1,-1
388,38,562,1007,85,72,0.4700,-1,-1,-1
388,34,1012,45,54,166,0.4475,-1,-1,-1
388,32,956,31,53,170,0.3975,-1,-1,-1
388,27,852,501,69,216,0.6259,-1,-1,-1
388,25,440,568,72,232,0.8475,-1,-1,-1
388,17,444,287,79,211,0.7040,-1,-1,-1
388,5,1617,637,50,242,0.3974,-1,-1,-1
388,4,918,521,70,205,0.7143,-1,-1,-1
388,3,982,903,81,175,0.7290,-1,-1,-1
388,2,1721,458,71,208,0.6772,-1,-1,-1
388,1,327,549,94,249,0.8163,-1,-1,-1
389,49,831,0,46,118,0.3528,-1,-1,-1
389,42,1772,100,61,165,0.4304,-1,-1,-1
389,41,1113,465,80,196,0.6093,-1,-1,-1
389,39,787,153,63,173,0.4023,-1,-1,-1
389,38,565,1012,85,68,0.4630,-1,-1,-1
389,34,1012,45,54,168,0.4777,-1,-1,-1
389,32,956,32,54,169,0.4430,-1,-1,-1
389,27,852,503,68,192,0.6428,-1,-1,-1
389,25,439,570,73,230,0.8536,-1,-1,-1
389,17,443,287,80,210,0.7182,-1,-1,-1
389,5,1618,633,49,245,0.4131,-1,-1,-1
389,4,915,523,75,201,0.7351,-1,-1,-1
389,3,982,903,82,175,0.7298,-1,-1,-1
389,2,1721,458,71,209,0.6911,-1,-1,-1
389,1,324,550,94,249,0.8098,-1,-1,-1
390,49,831,0,47,119,0.3703,-1,-1,-1
390,42,1772,100,61,165,0.4269,-1,-1,-1
390,41,1113,466,88,200,0.6572,-1,-1,-1
390,39,787,152,63,175,0.4360,-1,-1,-1
390,38,567,1015,85,65,0.3486,-1,-1,-1
390,34,1010,45,54,173,0.4928,-1,-1,-1
390,32,956,31,54,170,0.4428,-1,-1,-1
390,27,852,504,69,220,0.6760,-1,-1,-1
390,25,438,571,75,229,0.8596,-1,-1,-1
390,17,443,285,80,211,0.6924,-1,-1,-1
390,5,1619,632,49,245,0.4289,-1,-1,-1
390,4,916,524,75,201,0.7294,-1,-1,-1
390,3,982,903,82,175,0.7125,-1,-1,-1
390,2,1722,458,70,209,0.6976,-1,-1,-1
390,1,323,551,95,249,0.8139,-1,-1,-1
391,49,831,0,47,121,0.4010,-1,-1,-1
391,42,1770,100,63,165,0.4336,-1,-1,-1
391,41,1120,466,80,201,0.6240,-1,-1,-1
391,39,786,152,64,174,0.4373,-1,-1,-1
391,38,568,1017,88,63,0.3425,-1,-1,-1
391,34,1010,44,55,173,0.5510,-1,-1,-1
391,32,957,31,54,169,0.4889,-1,-1,-1
391,27,852,504,69,226,0.6948,-1,-1,-1
391,25,437,573,73,228,0.8444,-1,-1,-1
391,17,444,285,78,209,0.6526,-1,-1,-1
391,5,1619,639,50,237,0.3751,-1,-1,-1
391,4,920,525,74,205,0.7148,-1,-1,-1
391,3,980,904,84,174,0.7141,-1,-1,-1
391,2,1722,457,71,209,0.7288,-1,-1,-1
391,1,323,553,93,250,0.7992,-1,-1,-1
391,0,454,69,77,187,0.4087,-1,-1,-1
392,49,831,0,48,122,0.3431,-1,-1,-1
392,42,1769,107,62,161,0.4380,-1,-1,-1
392,41,1130,469,74,200,0.6651,-1,-1,-1
392,39,787,153,63,173,0.4402,-1,-1,-1
392,38,569,1017,91,63,0.3329,-1,-1,-1
392,34,1010,44,55,171,0.5306,-1,-1,-1
392,32,954,33,59,168,0.4821,-1,-1,-1
392,27,853,506,68,231,0.7047,-1,-1,-1
392,25,435,575,75,228,0.8467,-1,-1,-1
392,17,443,282,78,210,0.6881,-1,-1,-1
392,5,1617,639,52,240,0.4089,-1,-1,-1
392,4,921,525,74,206,0.7020,-1,-1,-1
392,3,980,903,83,175,0.7145,-1,-1,-1
392,2,1722,458,74,209,0.7252,-1,-1,-1
392,1,322,555,95,249,0.8107,-1,-1,-1
392,0,454,71,78,185,0.3792,-1,-1,-1
393,49,831,0,48,122,0.3441,-1,-1,-1
393,42,1767,107,65,164,0.4648,-1,-1,-1
393,41,1135,468,71,204,0.7018,-1,-1,-1
393,39,787,153,63,172,0.4600,-1,-1,-1
393,38,573,1018,89,62,0.3838,-1,-1,-1
393,34,1009,43,56,170,0.4812,-1,-1,-1
393,32,953,33,61,168,0.4782,-1,-1,-1
393,27,852,507,71,229,0.7346,-1,-1,-1
393,25,433,576,76,231,0.8371,-1,-1,-1
393,17,446,279,76,212,0.6909,-1,-1,-1
393,4,924,528,72,205,0.6973,-1,-1,-1
393,3,980,904,84,175,0.7239,-1,-1,-1
393,2,1723,458,70,209,0.7179,-1,-1,-1
393,1,321,557,96,249,0.8086,-1,-1,-1
393,0,458,72,73,184,0.3687,-1,-1,-1
394,49,831,0,47,122,0.3697,-1,-1,-1
394,42,1767,111,63,160,0.4448,-1,-1,-1
394,41,1140,471,68,200,0.6722,-1,-1,-1
394,39,787,152,63,174,0.4441,-1,-1,-1
394,38,575,1019,88,61,0.3624,-1,-1,-1
394,34,1012,43,55,164,0.4504,-1,-1,-1
394,32,955,31,57,171,0.4982,-1,-1,-1
394,27,853,509,69,231,0.7281,-1,-1,-1
394,25,432,578,78,233,0.8175,-1,-1,-1
394,17,448,277,74,212,0.7216,-1,-1,-1
394,4,925,528,72,206,0.7107,-1,-1,-1
394,3,978,905,87,173,0.7322,-1,-1,-1
394,2,1722,458,69,209,0.6823,-1,-1,-1
394,1,320,558,95,249,0.8002,-1,-1,-1
394,0,460,72,72,183,0.3624,-1,-1,-1
395,42,1768,111,61,161,0.4071,-1,-1,-1
395,41,1144,473,67,197,0.6694,-1,-1,-1
395,39,787,152,63,174,0.4473,-1,-1,-1
395,34,1009,42,56,171,0.4380,-1,-1,-1
395,32,956,33,56,167,0.5011,-1,-1,-1
395,27,854,515,69,221,0.7299,-1,-1,-1
395,25,430,580,77,237,0.7840,-1,-1,-1
395,17,448,274,74,212,0.7109,-1,-1,-1
395,10,196,282,62,177,0.3157,-1,-1,-1
395,4,926,527,73,206,0.7197,-1,-1,-1
395,3,981,905,83,174,0.7086,-1,-1,-1
395,2,1722,458,71,210,0.6958,-1,-1,-1
395,1,318,559,93,247,0.7849,-1,-1,-1
395,0,462,73,71,181,0.3217,-1,-1,-1
396,42,1770,113,58,157,0.4091,-1,-1,-1
396,41,1148,473,66,194,0.6399,-1,-1,-1
396,39,787,151,63,177,0.4376,-1,-1,-1
396,34,1009,40,58,166,0.4103,-1,-1,-1
396,32,949,32,63,169,0.4933,-1,-1,-1
396,27,854,516,69,224,0.7049,-1,-1,-1
396,25,430,583,72,235,0.7712,-1,-1,-1
396,17,450,274,72,205,0.7121,-1,-1,-1
396,10,195,282,62,178,0.3821,-1,-1,-1
396,4,926,528,73,207,0.7191,-1,-1,-1
396,3,981,906,83,173,0.7135,-1,-1,-1
396,2,1722,459,73,209,0.7186,-1,-1,-1
396,1,317,561,88,246,0.7910,-1,-1,-1
397,42,1768,113,59,159,0.4396,-1,-1,-1
397,41,1146,472,72,196,0.5714,-1,-1,-1
397,39,787,151,63,176,0.4305,-1,-1,-1
397,34,1008,39,59,167,0.4072,-1,-1,-1
397,32,949,31,62,168,0.4727,-1,-1,-1
397,27,856,516,69,224,0.6994,-1,-1,-1
397,25,429,586,72,236,0.7655,-1,-1,-1
397,17,452,272,70,203,0.7091,-1,-1,-1
397,4,927,529,74,207,0.7373,-1,-1,-1
397,3,981,906,83,173,0.7334,-1,-1,-1
397,2,1722,460,74,209,0.7260,-1,-1,-1
397,1,315,562,87,246,0.7968,-1,-1,-1
398,42,1767,115,60,159,0.4346,-1,-1,-1
398,41,1148,467,79,202,0.5231,-1,-1,-1
398,39,787,151,63,175,0.4568,-1,-1,-1
398,34,1006,40,61,163,0.4188,-1,-1,-1
398,32,952,31,59,166,0.4836,-1,-1,-1
398,27,858,517,69,222,0.7296,-1,-1,-1
398,25,428,592,74,235,0.7404,-1,-1,-1
398,17,451,270,73,202,0.7196,-1,-1,-1
398,4,928,530,72,207,0.7242,-1,-1,-1
398,3,981,906,83,172,0.7288,-1,-1,-1
398,2,1722,460,72,208,0.7161,-1,-1,-1
398,1,313,563,86,246,0.8080,-1,-1,-1
399,42,1766,115,60,160,0.4583,-1,-1,-1
399,41,1156,467,71,202,0.5074,-1,-1,-1
399,39,787,151,62,176,0.4590,-1,-1,-1
399,34,1007,39,59,164,0.4615,-1,-1,-1
399,32,950,27,60,169,0.4886,-1,-1,-1
399,27,858,519,71,220,0.7258,-1,-1,-1
399,25,427,593,74,236,0.7535,-1,-1,-1
399,17,452,269,73,205,0.7323,-1,-1,-1
399,5,1616,615,59,259,0.5328,-1,-1,-1
399,4,929,531,71,209,0.7086,-1,-1,-1
399,3,984,908,79,172,0.7357,-1,-1,-1
399,2,1721,461,74,208,0.7370,-1,-1,-1
399,1,310,561,88,248,0.8429,-1,-1,-1
400,42,1767,111,59,165,0.4698,-1,-1,-1
400,41,1160,467,73,204,0.5195,-1,-1,-1
400,39,787,151,62,176,0.4715,-1,-1,-1
400,34,1005,38,62,163,0.4324,-1,-1,-1
400,32,947,24,64,170,0.4656,-1,-1,-1
400,27,859,519,70,217,0.7013,-1,-1,-1
400,25,428,592,69,240,0.7625,-1,-1,-1
400,17,452,269,73,205,0.7170,-1,-1,-1
400,5,1613,618,62,255,0.4520,-1,-1,-1
400,4,925,531,76,210,0.6976,-1,-1,-1
400,3,984,909,79,171,0.7379,-1,-1,-1
400,2,1721,461,74,207,0.6865,-1,-1,-1
400,1,310,563,85,244,0.8346,-1,-1,-1
400,0,466,68,78,188,0.3611,-1,-1,-1
401,42,1769,113,58,164,0.4441,-1,-1,-1
401,41,1164,470,73,201,0.5474,-1,-1,-1
401,39,788,151,61,174,0.4674,-1,-1,-1
401,34,1005,37,62,165,0.4281,-1,-1,-1
401,32,945,22,65,171,0.4518,-1,-1,-1
401,27,859,520,70,217,0.7013,-1,-1,-1
401,25,428,593,68,239,0.7618,-1,-1,-1
401,17,451,268,75,206,0.7450,-1,-1,-1
401,4,928,533,74,210,0.6774,-1,-1,-1
401,3,983,910,79,169,0.7097,-1,-1,-1
401,2,1722,459,72,209,0.6833,-1,-1,-1
401,1,308,566,86,239,0.8282,-1,-1,-1
401,0,468,68,74,185,0.3576,-1,-1,-1
402,42,1768,113,59,167,0.4651,-1,-1,-1
402,41,1167,475,74,198,0.5411,-1,-1,-1
402,39,788,151,61,174,0.5028,-1,-1,-1
402,34,1005,36,62,165,0.4203,-1,-1,-1
402,32,945,22,66,170,0.4958,-1,-1,-1
402,27,859,522,70,217,0.6996,-1,-1,-1
402,25,427,594,68,237,0.7471,-1,-1,-1
402,17,452,268,74,204,0.7434,-1,-1,-1
402,4,928,534,75,212,0.6844,-1,-1,-1
402,3,985,912,76,167,0.7147,-1,-1,-1
402,2,1722,459,74,209,0.6924,-1,-1,-1
402,1,307,569,88,240,0.8318,-1,-1,-1
402,0,469,69,73,185,0.3409,-1,-1,-1
403,42,1769,126,60,156,0.4702,-1,-1,-1
403,41,1169,486,73,185,0.4344,-1,-1,-1
403,39,789,150,61,174,0.4742,-1,-1,-1
403,34,1003,35,63,165,0.4619,-1,-1,-1
403,32,945,22,64,169,0.4981,-1,-1,-1
403,27,859,523,71,215,0.7053,-1,-1,-1
403,25,425,594,69,238,0.7596,-1,-1,-1
403,17,452,268,75,204,0.7256,-1,-1,-1
403,4,929,535,74,216,0.6948,-1,-1,-1
403,3,985,915,76,164,0.7005,-1,-1,-1
403,2,1722,461,75,206,0.6903,-1,-1,-1
403,1,306,571,87,245,0.8213,-1,-1,-1
403,0,469,68,70,186,0.3751,-1,-1,-1
404,47,1642,50,62,166,0.3750,-1,-1,-1
404,42,1770,121,58,163,0.4755,-1,-1,-1
404,41,1171,487,78,198,0.3590,-1,-1,-1
404,39,789,151,61,173,0.4297,-1,-1,-1
404,34,1002,34,61,164,0.4426,-1,-1,-1
404,32,946,23,62,168,0.4774,-1,-1,-1
404,27,857,523,72,218,0.7088,-1,-1,-1
404,25,423,595,70,237,0.7406,-1,-1,-1
404,17,453,268,74,206,0.7115,-1,-1,-1
404,5,1611,628,70,236,0.5580,-1,-1,-1
404,4,927,538,77,218,0.6821,-1,-1,-1
404,3,986,916,74,163,0.7058,-1,-1,-1
404,2,1722,462,74,205,0.6973,-1,-1,-1
404,1,305,574,87,247,0.8127,-1,-1,-1
404,0,469,68,69,186,0.3500,-1,-1,-1
405,47,1644,49,62,167,0.4725,-1,-1,-1
405,42,1770,121,58,164,0.5129,-1,-1,-1
405,41,1179,487,71,170,0.3754,-1,-1,-1
405,39,789,150,61,175,0.4711,-1,-1,-1
405,34,1002,35,60,161,0.4552,-1,-1,-1
405,32,946,22,62,169,0.4953,-1,-1,-1
405,27,858,524,75,226,0.6909,-1,-1,-1
405,25,421,596,71,235,0.7382,-1,-1,-1
405,17,453,266,74,208,0.7227,-1,-1,-1
405,5,1612,631,68,232,0.5597,-1,-1,-1
405,4,928,542,75,215,0.6773,-1,-1,-1
405,3,986,918,74,161,0.6808,-1,-1,-1
405,2,1722,461,75,206,0.6979,-1,-1,-1
405,1,304,576,87,249,0.8088,-1,-1,-1
405,0,469,69,68,185,0.3455,-1,-1,-1
406,47,1646,49,64,169,0.4354,-1,-1,-1
406,42,1770,121,59,165,0.5488,-1,-1,-1
406,41,1180,483,74,204,0.4203,-1,-1,-1
406,39,790,150,60,175,0.4911,-1,-1,-1
406,34,1002,35,59,160,0.4514,-1,-1,-1
406,32,948,24,60,162,0.4891,-1,-1,-1
406,27,858,526,77,227,0.7293,-1,-1,-1
406,25,419,596,72,235,0.7332,-1,-1,-1
406,17,453,264,76,206,0.7138,-1,-1,-1
406,5,1609,626,70,235,0.5616,-1,-1,-1
406,4,930,544,74,218,0.7153,-1,-1,-1
406,3,985,918,75,162,0.7086,-1,-1,-1
406,2,1722,459,75,209,0.7038,-1,-1,-1
406,1,304,577,86,251,0.8064,-1,-1,-1
406,0,468,68,69,186,0.3923,-1,-1,-1
407,47,1647,49,66,170,0.4200,-1,-1,-1
407,42,1769,124,61,165,0.5207,-1,-1,-1
407,41,1184,485,75,206,0.5255,-1,-1,-1
407,39,789,149,60,178,0.4678,-1,-1,-1
407,34,1001,34,60,160,0.4257,-1,-1,-1
407,32,948,20,60,168,0.4776,-1,-1,-1
407,27,858,526,77,237,0.7200,-1,-1,-1
407,25,418,598,71,233,0.7485,-1,-1,-1
407,17,453,263,76,207,0.7214,-1,-1,-1
407,5,1612,624,74,237,0.3897,-1,-1,-1
407,4,931,545,72,219,0.7185,-1,-1,-1
407,3,984,921,75,158,0.6903,-1,-1,-1
407,2,1721,458,77,211,0.6544,-1,-1,-1
407,1,303,580,85,251,0.7914,-1,-1,-1
407,0,468,68,70,185,0.4059,-1,-1,-1
408,47,1647,44,69,173,0.4467,-1,-1,-1
408,42,1769,128,61,162,0.4682,-1,-1,-1
408,41,1189,487,72,205,0.6023,-1,-1,-1
408,39,788,150,61,176,0.4757,-1,-1,-1
408,34,1003,34,58,158,0.3973,-1,-1,-1
408,32,945,23,63,166,0.4446,-1,-1,-1
408,27,860,528,76,236,0.7158,-1,-1,-1
408,25,418,601,72,232,0.7534,-1,-1,-1
408,17,453,261,77,208,0.7054,-1,-1,-1
408,5,1607,624,79,237,0.4354,-1,-1,-1
408,4,930,546,73,217,0.7175,-1,-1,-1
408,3,984,923,74,156,0.6528,-1,-1,-1
408,2,1722,458,76,211,0.6338,-1,-1,-1
408,1,301,581,85,252,0.7807,-1,-1,-1
408,0,469,68,69,185,0.3534,-1,-1,-1
409,47,1649,44,68,173,0.3885,-1,-1,-1
409,42,1768,123,61,167,0.4366,-1,-1,-1
409,41,1196,487,68,203,0.6138,-1,-1,-1
409,39,788,149,62,176,0.4587,-1,-1,-1
409,34,1002,33,59,161,0.3812,-1,-1,-1
409,32,947,22,61,166,0.4383,-1,-1,-1
409,27,861,530,77,237,0.7082,-1,-1,-1
409,25,415,604,72,236,0.7513,-1,-1,-1
409,17,454,261,76,207,0.6858,-1,-1,-1
409,5,1610,622,69,237,0.4589,-1,-1,-1
409,4,935,546,68,216,0.7083,-1,-1,-1
409,3,983,924,75,155,0.6830,-1,-1,-1
409,2,1722,461,74,208,0.6777,-1,-1,-1
409,1,300,583,84,252,0.8084,-1,-1,-1
409,0,468,67,69,186,0.3606,-1,-1,-1
410,47,1651,45,69,178,0.3692,-1,-1,-1
410,42,1769,120,62,171,0.3941,-1,-1,-1
410,41,1204,484,64,207,0.5336,-1,-1,-1
410,39,788,149,62,178,0.4416,-1,-1,-1
410,34,1004,33,56,160,0.4170,-1,-1,-1
410,32,946,21,61,168,0.4634,-1,-1,-1
410,27,862,532,73,238,0.6853,-1,-1,-1
410,25,413,607,72,238,0.7694,-1,-1,-1
410,17,455,260,76,200,0.6868,-1,-1,-1
410,5,1594,625,86,233,0.4773,-1,-1,-1
410,4,937,547,66,215,0.7059,-1,-1,-1
410,3,981,924,77,155,0.6387,-1,-1,-1
410,2,1723,459,72,210,0.7159,-1,-1,-1
410,1,298,584,85,251,0.8005,-1,-1,-1
410,0,464,66,72,190,0.3750,-1,-1,-1
411,47,1651,51,72,174,0.4304,-1,-1,-1
411,42,1769,121,60,168,0.4200,-1,-1,-1
411,41,1210,485,63,205,0.6106,-1,-1,-1
411,39,787,149,63,177,0.4459,-1,-1,-1
411,34,1004,33,55,159,0.4215,-1,-1,-1
411,32,946,24,61,165,0.4213,-1,-1,-1
411,27,863,534,73,240,0.6688,-1,-1,-1
411,25,410,610,73,235,0.7864,-1,-1,-1
411,17,455,257,76,198,0.7027,-1,-1,-1
411,5,1603,621,76,238,0.4230,-1,-1,-1
411,4,935,548,66,212,0.6805,-1,-1,-1
411,3,981,925,78,155,0.6565,-1,-1,-1
411,2,1723,463,71,206,0.7003,-1,-1,-1
411,1,296,586,84,249,0.8004,-1,-1,-1
411,0,463,67,72,190,0.3351,-1,-1,-1
412,47,1651,56,73,170,0.4232,-1,-1,-1
412,42,1769,122,63,168,0.4289,-1,-1,-1
412,41,1213,485,63,206,0.5672,-1,-1,-1
412,39,788,150,62,175,0.4437,-1,-1,-1
412,34,1002,31,57,164,0.4449,-1,-1,-1
412,32,949,26,59,159,0.4412,-1,-1,-1
412,27,862,537,74,237,0.6731,-1,-1,-1
412,25,409,613,72,237,0.7804,-1,-1,-1
412,17,454,253,77,200,0.7174,-1,-1,-1
412,5,1587,627,90,232,0.4415,-1,-1,-1
412,4,934,549,68,211,0.7141,-1,-1,-1
412,3,979,925,81,155,0.6703,-1,-1,-1
412,2,1723,463,71,206,0.6795,-1,-1,-1
412,1,295,586,84,249,0.7954,-1,-1,-1
412,0,467,73,69,183,0.3343,-1,-1,-1
413,47,1652,58,74,172,0.4401,-1,-1,-1
413,42,1770,127,58,162,0.4189,-1,-1,-1
413,41,1215,492,67,201,0.5567,-1,-1,-1
413,39,786,150,64,175,0.4226,-1,-1,-1
413,34,1003,33,54,159,0.4516,-1,-1,-1
413,32,947,20,59,170,0.4448,-1,-1,-1
413,27,863,537,71,238,0.6501,-1,-1,-1
413,25,408,617,72,236,0.7728,-1,-1,-1
413,17,454,252,76,201,0.7109,-1,-1,-1
413,5,1602,627,74,231,0.5023,-1,-1,-1
413,4,933,550,71,212,0.7341,-1,-1,-1
413,3,980,927,81,153,0.6671,-1,-1,-1
413,2,1723,463,70,207,0.6743,-1,-1,-1
413,1,294,587,83,249,0.7811,-1,-1,-1
413,0,467,74,68,183,0.3002,-1,-1,-1
414,52,703,557,91,243,0.5077,-1,-1,-1
414,47,1653,60,74,173,0.5011,-1,-1,-1
414,42,1769,126,58,162,0.3748,-1,-1,-1
414,41,1218,490,69,204,0.6135,-1,-1,-1
414,39,786,149,64,176,0.3918,-1,-1,-1
414,34,1003,33,54,160,0.4415,-1,-1,-1
414,32,947,18,57,169,0.4339,-1,-1,-1
414,27,863,538,71,237,0.6527,-1,-1,-1
414,25,406,621,74,229,0.7666,-1,-1,-1
414,17,449,248,79,203,0.7010,-1,-1,-1
414,5,1598,625,77,233,0.5033,-1,-1,-1
414,4,931,552,77,208,0.7406,-1,-1,-1
414,3,978,927,83,153,0.6721,-1,-1,-1
414,2,1723,464,72,206,0.6805,-1,-1,-1
414,1,292,589,84,246,0.7789,-1,-1,-1
414,0,468,73,67,184,0.3312,-1,-1,-1
415,52,704,557,90,239,0.5846,-1,-1,-1
415,47,1653,62,75,173,0.5333,-1,-1,-1
415,42,1769,126,54,160,0.3557,-1,-1,-1
415,41,1222,490,74,207,0.6435,-1,-1,-1
415,39,786,149,64,175,0.4016,-1,-1,-1
415,34,1004,32,53,161,0.4661,-1,-1,-1
415,32,948,18,55,169,0.4686,-1,-1,-1
415,27,863,542,71,234,0.6603,-1,-1,-1
415,25,403,620,76,239,0.7525,-1,-1,-1
415,17,448,247,81,202,0.7021,-1,-1,-1
415,5,1576,624,98,233,0.5336,-1,-1,-1
415,4,928,555,80,208,0.7462,-1,-1,-1
415,3,978,927,84,152,0.6904,-1,-1,-1
415,2,1722,462,72,208,0.7080,-1,-1,-1
415,1,292,592,84,243,0.7857,-1,-1,-1
415,0,467,71,68,185,0.3799,-1,-1,-1
416,52,709,553,89,239,0.4873,-1,-1,-1
416,47,1653,63,74,174,0.5253,-1,-1,-1
416,41,1226,487,79,212,0.6488,-1,-1,-1
416,39,786,149,64,174,0.4077,-1,-1,-1
416,34,1005,31,52,162,0.4604,-1,-1,-1
416,32,948,18,54,170,0.4957,-1,-1,-1
416,27,864,542,70,234,0.6689,-1,-1,-1
416,25,400,622,76,236,0.7604,-1,-1,-1
416,17,447,245,81,202,0.6996,-1,-1,-1
416,5,1577,621,98,236,0.5102,-1,-1,-1
416,4,930,556,79,210,0.7464,-1,-1,-1
416,3,975,928,88,151,0.7325,-1,-1,-1
416,2,1721,460,73,210,0.7123,-1,-1,-1
416,1,291,593,84,242,0.7978,-1,-1,-1
416,0,462,65,72,191,0.3617,-1,-1,-1
417,52,714,558,81,237,0.5308,-1,-1,-1
417,47,1657,65,72,171,0.3962,-1,-1,-1
417,41,1227,492,85,207,0.6718,-1,-1,-1
417,39,785,150,64,174,0.3789,-1,-1,-1
417,34,1005,30,52,162,0.4486,-1,-1,-1
417,32,947,17,56,171,0.4832,-1,-1,-1
417,27,865,544,69,225,0.6506,-1,-1,-1
417,25,397,621,79,236,0.7834,-1,-1,-1
417,17,446,244,82,203,0.6810,-1,-1,-1
417,5,1601,618,74,239,0.5205,-1,-1,-1
417,4,930,560,79,208,0.7557,-1,-1,-1
417,3,975,928,88,151,0.7283,-1,-1,-1
417,2,1722,460,71,210,0.7260,-1,-1,-1
417,1,287,595,89,243,0.8192,-1,-1,-1
417,0,463,66,71,187,0.3381,-1,-1,-1
418,52,720,557,76,239,0.6006,-1,-1,-1
418,47,1659,66,71,169,0.4677,-1,-1,-1
418,41,1228,492,93,210,0.6562,-1,-1,-1
418,39,785,149,64,175,0.3682,-1,-1,-1
418,34,1006,30,52,160,0.4811,-1,-1,-1
418,32,945,16,58,171,0.5301,-1,-1,-1
418,27,864,545,70,218,0.6254,-1,-1,-1
418,25,393,625,80,233,0.8264,-1,-1,-1
418,17,446,242,82,205,0.6624,-1,-1,-1
418,5,1586,618,89,239,0.5649,-1,-1,-1
418,4,930,562,80,209,0.7569,-1,-1,-1
418,3,972,928,92,151,0.7448,-1,-1,-1
418,2,1721,462,72,208,0.6952,-1,-1,-1
418,1,287,596,90,246,0.8364,-1,-1,-1
418,0,464,67,68,186,0.3053,-1,-1,-1
419,52,724,557,69,238,0.5691,-1,-1,-1
419,47,1660,65,73,171,0.4702,-1,-1,-1
419,42,1765,112,61,176,0.4275,-1,-1,-1
419,41,1229,498,89,203,0.6409,-1,-1,-1
419,39,787,146,65,177,0.3755,-1,-1,-1
419,34,1007,30,51,161,0.4652,-1,-1,-1
419,32,947,12,56,174,0.4811,-1,-1,-1
419,27,865,546,70,217,0.6056,-1,-1,-1
419,25,392,625,80,234,0.8438,-1,-1,-1
419,17,446,247,81,200,0.6802,-1,-1,-1
419,5,1583,617,92,240,0.5115,-1,-1,-1
419,4,940,566,72,211,0.7618,-1,-1,-1
419,3,972,930,93,149,0.7462,-1,-1,-1
419,2,1722,460,71,209,0.7319,-1,-1,-1
419,1,286,598,92,249,0.8372,-1,-1,-1
420,52,728,558,68,237,0.5895,-1,-1,-1
420,47,1661,66,72,171,0.4206,-1,-1,-1
420,42,1764,119,59,171,0.4084,-1,-1,-1
420,41,1230,497,88,206,0.5652,-1,-1,-1
420,39,785,148,65,176,0.3745,-1,-1,-1
420,34,1007,29,51,159,0.4652,-1,-1,-1
420,32,946,13,58,172,0.4787,-1,-1,-1
420,27,866,546,70,221,0.6279,-1,-1,-1
420,25,391,626,79,234,0.8461,-1,-1,-1
420,17,446,245,82,201,0.6425,-1,-1,-1
420,5,1583,623,89,234,0.6186,-1,-1,-1
420,4,943,569,71,210,0.7376,-1,-1,-1
420,3,971,930,95,150,0.7330,-1,-1,-1
420,2,1722,463,71,207,0.7219,-1,-1,-1
420,1,285,599,94,251,0.8316,-1,-1,-1
421,52,731,558,66,233,0.6073,-1,-1,-1
421,47,1660,67,70,169,0.4002,-1,-1,-1
421,42,1762,125,61,169,0.3194,-1,-1,-1
421,41,1233,497,87,202,0.4242,-1,-1,-1
421,39,787,148,63,176,0.3742,-1,-1,-1
421,34,1008,28,50,159,0.4125,-1,-1,-1
421,32,948,13,55,167,0.4309,-1,-1,-1
421,27,864,548,73,211,0.5246,-1,-1,-1
421,25,389,626,82,236,0.8412,-1,-1,-1
421,17,446,242,82,202,0.6426,-1,-1,-1
421,5,1579,630,93,226,0.6433,-1,-1,-1
421,4,944,570,71,211,0.6877,-1,-1,-1
421,3,971,930,96,149,0.7137,-1,-1,-1
421,2,1722,465,71,204,0.7102,-1,-1,-1
421,1,284,600,97,254,0.8323,-1,-1,-1
422,52,733,558,67,229,0.6461,-1,-1,-1
422,47,1662,68,66,169,0.5036,-1,-1,-1
422,42,1761,109,69,187,0.3781,-1,-1,-1
422,41,1250,498,76,211,0.3992,-1,-1,-1
422,39,787,148,63,176,0.3898,-1,-1,-1
422,34,1008,27,50,156,0.4072,-1,-1,-1
422,32,948,12,54,164,0.4626,-1,-1,-1
422,27,865,548,72,223,0.5431,-1,-1,-1
422,25,387,628,80,233,0.8352,-1,-1,-1
422,17,446,241,80,204,0.6856,-1,-1,-1
422,5,1578,637,94,219,0.5272,-1,-1,-1
422,4,944,572,72,212,0.6654,-1,-1,-1
422,3,973,929,94,150,0.7129,-1,-1,-1
422,2,1722,463,72,206,0.7144,-1,-1,-1
422,1,284,602,97,255,0.8281,-1,-1,-1
423,52,733,558,71,234,0.6413,-1,-1,-1
423,47,1665,69,62,171,0.5030,-1,-1,-1
423,42,1761,124,63,172,0.3681,-1,-1,-1
423,41,1247,505,83,202,0.3543,-1,-1,-1
423,39,792,148,59,174,0.3908,-1,-1,-1
423,34,1008,26,51,155,0.4076,-1,-1,-1
423,32,948,12,56,161,0.4635,-1,-1,-1
423,27,864,549,75,203,0.4938,-1,-1,-1
423,25,386,630,83,237,0.8355,-1,-1,-1
423,17,446,240,79,204,0.6512,-1,-1,-1
423,5,1580,632,92,222,0.5450,-1,-1,-1
423,4,944,573,72,212,0.6103,-1,-1,-1
423,3,974,930,95,149,0.7288,-1,-1,-1
423,2,1722,463,72,206,0.7257,-1,-1,-1
423,1,283,605,98,254,0.8275,-1,-1,-1
424,52,737,557,73,237,0.6945,-1,-1,-1
424,47,1665,72,61,172,0.4828,-1,-1,-1
424,42,1761,127,61,170,0.3345,-1,-1,-1
424,41,1275,502,60,163,0.3202,-1,-1,-1
424,39,789,148,60,176,0.4042,-1,-1,-1
424,34,1009,25,51,155,0.4526,-1,-1,-1
424,32,946,11,57,164,0.5257,-1,-1,-1
424,27,864,549,78,211,0.5122,-1,-1,-1
424,25,385,630,85,238,0.8086,-1,-1,-1
424,17,445,238,79,207,0.6657,-1,-1,-1
424,5,1579,637,92,217,0.4964,-1,-1,-1
424,4,948,575,69,210,0.6870,-1,-1,-1
424,3,977,929,92,150,0.7092,-1,-1,-1
424,2,1722,462,72,207,0.7249,-1,-1,-1
424,1,282,608,99,254,0.8301,-1,-1,-1
425,52,739,557,76,236,0.6914,-1,-1,-1
425,47,1667,75,60,169,0.5368,-1,-1,-1
425,41,1274,503,66,178,0.3021,-1,-1,-1
425,39,788,149,61,173,0.4155,-1,-1,-1
425,34,1009,25,51,155,0.4111,-1,-1,-1
425,32,946,10,56,164,0.4997,-1,-1,-1
425,27,865,552,78,177,0.4455,-1,-1,-1
425,25,384,633,84,239,0.7801,-1,-1,-1
425,17,445,238,78,202,0.6879,-1,-1,-1
425,5,1579,638,90,217,0.4595,-1,-1,-1
425,4,948,577,71,209,0.6319,-1,-1,-1
425,3,979,930,92,149,0.6945,-1,-1,-1
425,2,1721,463,73,206,0.7173,-1,-1,-1
425,1,282,612,98,255,0.8249,-1,-1,-1
426,52,741,557,81,239,0.6820,-1,-1,-1
426,47,1667,77,63,168,0.5339,-1,-1,-1
426,41,1285,501,57,194,0.5101,-1,-1,-1
426,39,788,149,61,175,0.4122,-1,-1,-1
426,34,1008,24,53,156,0.4227,-1,-1,-1
426,32,946,9,56,165,0.5015,-1,-1,-1
426,27,865,555,81,210,0.4957,-1,-1,-1
426,25,382,635,80,242,0.7569,-1,-1,-1
426,17,444,237,78,198,0.6552,-1,-1,-1
426,5,1578,642,91,213,0.4310,-1,-1,-1
426,4,949,578,73,207,0.6973,-1,-1,-1
426,3,978,928,94,150,0.7048,-1,-1,-1
426,2,1721,463,74,206,0.7357,-1,-1,-1
426,1,282,614,96,253,0.8003,-1,-1,-1
427,52,745,559,81,241,0.7494,-1,-1,-1
427,47,1668,78,65,170,0.5476,-1,-1,-1
427,41,1287,496,61,182,0.5158,-1,-1,-1
427,39,788,149,62,175,0.4354,-1,-1,-1
427,34,1008,23,54,157,0.4337,-1,-1,-1
427,32,945,8,57,166,0.5053,-1,-1,-1
427,27,864,557,83,223,0.6084,-1,-1,-1
427,25,379,639,92,242,0.7350,-1,-1,-1
427,17,446,236,76,196,0.6977,-1,-1,-1
427,5,1576,639,90,215,0.4530,-1,-1,-1
427,4,951,581,75,208,0.7078,-1,-1,-1
427,3,980,928,93,151,0.7053,-1,-1,-1
427,2,1720,465,74,203,0.7220,-1,-1,-1
427,1,282,616,96,253,0.7988,-1,-1,-1
428,52,746,561,87,246,0.7512,-1,-1,-1
428,47,1669,79,65,170,0.4966,-1,-1,-1
428,42,1761,129,61,173,0.4596,-1,-1,-1
428,41,1286,496,64,212,0.5568,-1,-1,-1
428,39,789,148,61,176,0.4139,-1,-1,-1
428,34,1008,23,54,156,0.3843,-1,-1,-1
428,32,944,9,57,164,0.4605,-1,-1,-1
428,27,867,559,82,227,0.5844,-1,-1,-1
428,25,376,641,81,241,0.7085,-1,-1,-1
428,17,446,233,76,195,0.6752,-1,-1,-1
428,5,1575,639,91,216,0.4638,-1,-1,-1
428,4,951,580,77,210,0.6888,-1,-1,-1
428,3,981,928,93,151,0.7264,-1,-1,-1
428,2,1718,463,74,201,0.7226,-1,-1,-1
428,1,280,616,96,253,0.7894,-1,-1,-1
429,52,747,562,87,246,0.7929,-1,-1,-1
429,47,1672,80,64,172,0.3126,-1,-1,-1
429,42,1762,140,54,161,0.4257,-1,-1,-1
429,41,1285,503,73,209,0.6406,-1,-1,-1
429,39,789,147,61,177,0.4475,-1,-1,-1
429,34,1007,22,55,160,0.4204,-1,-1,-1
429,32,944,7,56,167,0.4741,-1,-1,-1
429,27,868,560,84,226,0.6107,-1,-1,-1
429,25,376,643,84,244,0.7070,-1,-1,-1
429,17,446,231,75,196,0.6841,-1,-1,-1
429,5,1575,635,89,220,0.4875,-1,-1,-1
429,4,953,581,75,207,0.7186,-1,-1,-1
429,3,987,927,88,153,0.7118,-1,-1,-1
429,2,1719,462,75,207,0.7149,-1,-1,-1
429,1,281,618,95,252,0.7914,-1,-1,-1
430,52,748,561,88,247,0.8155,-1,-1,-1
430,47,1675,84,62,170,0.3434,-1,-1,-1
430,42,1760,140,52,162,0.4023,-1,-1,-1
430,41,1291,504,71,208,0.6020,-1,-1,-1
430,39,790,148,59,177,0.4694,-1,-1,-1
430,34,1008,22,54,160,0.4050,-1,-1,-1
430,32,945,9,55,164,0.4795,-1,-1,-1
430,27,869,563,81,221,0.6767,-1,-1,-1
430,25,374,644,79,249,0.7317,-1,-1,-1
430,17,446,229,75,197,0.6948,-1,-1,-1
430,5,1575,636,86,218,0.4732,-1,-1,-1
430,4,954,581,77,207,0.7141,-1,-1,-1
430,3,986,927,89,153,0.7263,-1,-1,-1
430,2,1721,463,73,206,0.7187,-1,-1,-1
430,1,280,619,94,247,0.7919,-1,-1,-1
431,52,751,562,86,242,0.7943,-1,-1,-1
431,47,1679,85,60,171,0.4527,-1,-1,-1
431,42,1758,139,52,164,0.4013,-1,-1,-1
431,41,1292,512,78,208,0.4738,-1,-1,-1
431,39,790,148,60,175,0.4631,-1,-1,-1
431,34,1008,22,55,158,0.4203,-1,-1,-1
431,32,944,8,57,165,0.4710,-1,-1,-1
431,27,869,568,85,220,0.6338,-1,-1,-1
431,25,373,645,77,247,0.7358,-1,-1,-1
431,17,445,229,74,197,0.6939,-1,-1,-1
431,5,1575,636,85,217,0.4736,-1,-1,-1
431,4,957,580,73,207,0.7060,-1,-1,-1
431,3,989,926,87,153,0.7408,-1,-1,-1
431,2,1723,464,71,203,0.7167,-1,-1,-1
431,1,280,620,93,246,0.7947,-1,-1,-1
432,53,1854,410,65,193,0.3574,-1,-1,-1
432,52,753,563,87,242,0.7824,-1,-1,-1
432,47,1678,85,62,172,0.4697,-1,-1,-1
432,42,1756,136,58,166,0.4831,-1,-1,-1
432,41,1296,511,84,203,0.4650,-1,-1,-1
432,39,790,148,59,177,0.5053,-1,-1,-1
432,34,1007,22,55,158,0.4111,-1,-1,-1
432,32,943,10,57,163,0.4493,-1,-1,-1
432,27,869,570,83,217,0.6209,-1,-1,-1
432,25,372,647,78,246,0.7290,-1,-1,-1
432,17,445,228,74,198,0.6919,-1,-1,-1
432,5,1574,635,85,218,0.5233,-1,-1,-1
432,4,955,581,76,208,0.7088,-1,-1,-1
432,3,991,925,85,155,0.7585,-1,-1,-1
432,2,1723,462,71,205,0.7107,-1,-1,-1
432,1,280,621,93,243,0.7779,-1,-1,-1
433,53,1852,410,67,195,0.3674,-1,-1,-1
433,52,753,561,89,245,0.7724,-1,-1,-1
433,47,1679,85,63,173,0.4881,-1,-1,-1
433,42,1755,140,55,166,0.3789,-1,-1,-1
433,41,1300,513,90,202,0.4535,-1,-1,-1
433,39,790,148,60,177,0.4892,-1,-1,-1
433,34,1007,21,56,159,0.3998,-1,-1,-1
433,32,943,7,57,167,0.4846,-1,-1,-1
433,27,873,570,80,221,0.6597,-1,-1,-1
433,25,371,648,78,247,0.7303,-1,-1,-1
433,17,446,227,74,198,0.6722,-1,-1,-1
433,5,1573,633,84,220,0.4833,-1,-1,-1
433,4,959,582,74,210,0.7070,-1,-1,-1
433,3,993,926,85,153,0.7460,-1,-1,-1
433,2,1724,463,70,204,0.6762,-1,-1,-1
433,1,280,622,91,244,0.7671,-1,-1,-1
434,53,1849,410,70,184,0.3923,-1,-1,-1
434,52,755,562,87,249,0.7904,-1,-1,-1
434,47,1681,86,62,174,0.4801,-1,-1,-1
434,42,1754,131,51,179,0.3428,-1,-1,-1
434,41,1305,515,95,198,0.5278,-1,-1,-1
434,39,789,148,61,175,0.4985,-1,-1,-1
434,34,1007,22,56,157,0.4323,-1,-1,-1
434,32,943,7,56,166,0.4717,-1,-1,-1
434,27,876,571,76,219,0.6848,-1,-1,-1
434,25,371,648,77,247,0.7100,-1,-1,-1
434,17,445,227,75,198,0.6932,-1,-1,-1
434,5,1576,637,81,217,0.3300,-1,-1,-1
434,4,959,583,75,212,0.7014,-1,-1,-1
434,3,994,925,85,155,0.7605,-1,-1,-1
434,2,1724,462,70,200,0.6278,-1,-1,-1
434,1,279,623,92,247,0.7650,-1,-1,-1
435,53,1852,410,67,178,0.3957,-1,-1,-1
435,52,757,564,82,248,0.7779,-1,-1,-1
435,47,1681,85,66,173,0.4297,-1,-1,-1
435,42,1753,136,51,173,0.3357,-1,-1,-1
435,41,1308,517,91,188,0.6009,-1,-1,-1
435,39,789,148,60,176,0.5115,-1,-1,-1
435,34,1007,22,56,158,0.4720,-1,-1,-1
435,32,943,8,56,164,0.4636,-1,-1,-1
435,27,877,571,77,217,0.6705,-1,-1,-1
435,25,370,650,74,245,0.6893,-1,-1,-1
435,17,446,227,74,198,0.6851,-1,-1,-1
435,5,1575,637,79,217,0.3735,-1,-1,-1
435,4,960,585,75,214,0.7035,-1,-1,-1
435,3,997,924,83,156,0.7531,-1,-1,-1
435,2,1726,462,69,205,0.6624,-1,-1,-1
435,1,278,624,90,249,0.7928,-1,-1,-1
436,53,1852,409,67,182,0.3595,-1,-1,-1
436,52,759,565,80,247,0.7748,-1,-1,-1
436,47,1685,85,66,176,0.4413,-1,-1,-1
436,42,1751,141,53,171,0.3443,-1,-1,-1
436,41,1316,518,86,184,0.6548,-1,-1,-1
436,39,789,149,60,173,0.4735,-1,-1,-1
436,34,1007,21,56,158,0.4513,-1,-1,-1
436,32,944,6,55,166,0.4819,-1,-1,-1
436,27,876,572,77,207,0.5832,-1,-1,-1
436,25,367,651,76,244,0.6921,-1,-1,-1
436,17,446,227,74,198,0.7007,-1,-1,-1
436,4,960,587,77,223,0.6814,-1,-1,-1
436,3,999,926,84,154,0.7370,-1,-1,-1
436,2,1726,462,68,204,0.6531,-1,-1,-1
436,1,277,624,90,254,0.7799,-1,-1,-1
437,53,1854,408,65,190,0.4287,-1,-1,-1
437,52,759,566,80,246,0.7641,-1,-1,-1
437,47,1685,86,69,175,0.4382,-1,-1,-1
437,42,1752,145,56,166,0.3858,-1,-1,-1
437,41,1329,524,72,178,0.6174,-1,-1,-1
437,39,790,149,59,174,0.4942,-1,-1,-1
437,34,1006,20,55,158,0.4265,-1,-1,-1
437,32,938,3,61,167,0.5047,-1,-1,-1
437,27,879,573,75,211,0.6044,-1,-1,-1
437,25,365,652,76,242,0.6655,-1,-1,-1
437,17,446,226,73,196,0.6935,-1,-1,-1
437,4,962,590,74,220,0.6580,-1,-1,-1
437,3,1001,925,84,155,0.7068,-1,-1,-1
437,2,1726,461,69,205,0.6660,-1,-1,-1
437,1,276,627,88,257,0.7756,-1,-1,-1
438,53,1860,407,59,212,0.3812,-1,-1,-1
438,52,761,566,78,247,0.7547,-1,-1,-1
438,47,1686,88,68,175,0.4243,-1,-1,-1
438,42,1752,148,64,164,0.3692,-1,-1,-1
438,41,1331,530,70,172,0.5970,-1,-1,-1
438,39,790,148,60,174,0.5112,-1,-1,-1
438,34,1006,18,55,158,0.4327,-1,-1,-1
438,32,942,3,56,166,0.4942,-1,-1,-1
438,27,880,573,76,221,0.6453,-1,-1,-1
438,25,363,654,77,241,0.6674,-1,-1,-1
438,17,446,226,73,196,0.7156,-1,-1,-1
438,4,964,591,72,215,0.5690,-1,-1,-1
438,3,1005,925,82,154,0.7065,-1,-1,-1
438,2,1724,458,71,206,0.6817,-1,-1,-1
438,1,275,628,87,262,0.7765,-1,-1,-1
439,53,1861,407,58,195,0.4027,-1,-1,-1
439,52,762,567,77,246,0.7332,-1,-1,-1
439,47,1687,90,68,175,0.4149,-1,-1,-1
439,42,1753,152,55,163,0.3613,-1,-1,-1
439,41,1333,530,70,170,0.5788,-1,-1,-1
439,39,789,147,61,177,0.5020,-1,-1,-1
439,34,1007,17,55,157,0.4468,-1,-1,-1
439,32,940,1,57,166,0.5273,-1,-1,-1
439,27,881,574,79,222,0.6545,-1,-1,-1
439,25,364,657,77,238,0.6966,-1,-1,-1
439,17,447,223,73,199,0.6907,-1,-1,-1
439,4,964,595,73,206,0.5560,-1,-1,-1
439,3,1006,923,83,155,0.6984,-1,-1,-1
439,2,1725,460,69,206,0.6887,-1,-1,-1
439,1,275,630,85,262,0.7823,-1,-1,-1
440,53,1858,401,61,191,0.3896,-1,-1,-1
440,52,767,567,73,248,0.7293,-1,-1,-1
440,47,1689,93,64,174,0.3712,-1,-1,-1
440,42,1754,150,54,168,0.3951,-1,-1,-1
440,41,1345,528,66,157,0.3799,-1,-1,-1
440,39,790,148,60,174,0.5020,-1,-1,-1
440,34,1006,15,56,155,0.5101,-1,-1,-1
440,32,938,0,59,163,0.5437,-1,-1,-1
440,27,882,577,80,212,0.6341,-1,-1,-1
440,25,363,660,77,238,0.7023,-1,-1,-1
440,17,446,222,74,200,0.6888,-1,-1,-1
440,5,1575,638,60,215,0.3876,-1,-1,-1
440,4,964,597,74,220,0.6504,-1,-1,-1
440,3,1007,924,84,154,0.7136,-1,-1,-1
440,2,1724,460,70,207,0.7275,-1,-1,-1
440,1,273,632,87,264,0.7858,-1,-1,-1
441,53,1857,399,62,189,0.3313,-1,-1,-1
441,52,773,569,68,250,0.6995,-1,-1,-1
441,47,1687,96,69,175,0.4251,-1,-1,-1
441,42,1753,152,56,169,0.3891,-1,-1,-1
441,41,1360,525,54,189,0.5100,-1,-1,-1
441,39,789,148,61,173,0.4937,-1,-1,-1
441,34,1007,14,54,155,0.4964,-1,-1,-1
441,32,935,0,61,161,0.5316,-1,-1,-1
441,27,879,577,85,224,0.5908,-1,-1,-1
441,25,364,663,75,242,0.7566,-1,-1,-1
441,17,446,221,72,200,0.6998,-1,-1,-1
441,5,1575,636,58,217,0.3339,-1,-1,-1
441,4,966,599,72,216,0.6269,-1,-1,-1
441,3,1008,923,85,156,0.7232,-1,-1,-1
441,2,1723,459,71,208,0.7183,-1,-1,-1
441,1,273,635,87,262,0.7900,-1,-1,-1
442,52,775,571,67,250,0.6972,-1,-1,-1
442,47,1692,100,61,172,0.5277,-1,-1,-1
442,42,1753,154,52,170,0.4330,-1,-1,-1
442,41,1356,526,62,201,0.4312,-1,-1,-1
442,39,790,148,59,172,0.4801,-1,-1,-1
442,34,1007,13,54,156,0.4927,-1,-1,-1
442,32,933,0,64,161,0.5377,-1,-1,-1
442,27,881,578,84,236,0.6165,-1,-1,-1
442,25,363,665,76,243,0.7617,-1,-1,-1
442,17,446,219,72,196,0.6410,-1,-1,-1
442,4,968,599,70,209,0.5825,-1,-1,-1
442,3,1010,922,85,157,0.7212,-1,-1,-1
442,2,1723,459,71,207,0.7318,-1,-1,-1
442,1,269,639,89,260,0.7852,-1,-1,-1
443,52,777,571,69,252,0.6998,-1,-1,-1
443,47,1693,102,57,174,0.3176,-1,-1,-1
443,42,1752,154,53,169,0.4866,-1,-1,-1
443,41,1354,527,73,206,0.5201,-1,-1,-1
443,39,789,147,60,175,0.4620,-1,-1,-1
443,34,1006,12,55,158,0.4922,-1,-1,-1
443,32,935,0,62,161,0.5406,-1,-1,-1
443,27,885,580,78,238,0.6098,-1,-1,-1
443,25,360,670,77,242,0.7480,-1,-1,-1
443,17,443,219,76,192,0.6085,-1,-1,-1
443,4,968,600,70,217,0.5832,-1,-1,-1
443,3,1013,920,84,159,0.6931,-1,-1,-1
443,2,1723,459,71,207,0.7035,-1,-1,-1
443,1,266,640,90,259,0.7716,-1,-1,-1
444,52,779,570,69,253,0.7086,-1,-1,-1
444,42,1750,153,60,170,0.4046,-1,-1,-1
444,41,1359,530,80,190,0.5142,-1,-1,-1
444,39,790,147,58,174,0.4549,-1,-1,-1
444,34,1006,12,55,157,0.4739,-1,-1,-1
444,32,936,0,61,161,0.5575,-1,-1,-1
444,27,887,582,78,234,0.6129,-1,-1,-1
444,25,359,672,76,243,0.7249,-1,-1,-1
444,17,446,216,71,191,0.6215,-1,-1,-1
444,4,969,603,69,217,0.6139,-1,-1,-1
444,3,1015,922,83,158,0.7188,-1,-1,-1
444,2,1723,458,71,209,0.7078,-1,-1,-1
444,1,262,643,91,257,0.8007,-1,-1,-1
445,53,1857,392,62,201,0.3750,-1,-1,-1
445,52,779,571,70,250,0.6945,-1,-1,-1
445,42,1747,153,64,170,0.3575,-1,-1,-1
445,41,1357,530,93,188,0.3932,-1,-1,-1
445,39,790,148,59,175,0.5075,-1,-1,-1
445,34,1006,12,54,157,0.5067,-1,-1,-1
445,32,937,0,59,161,0.5517,-1,-1,-1
445,27,885,583,79,234,0.6370,-1,-1,-1
445,25,357,673,75,245,0.7337,-1,-1,-1
445,17,445,213,72,194,0.7005,-1,-1,-1
445,4,970,604,70,218,0.6131,-1,-1,-1
445,3,1016,920,83,160,0.7215,-1,-1,-1
445,2,1721,457,74,207,0.7004,-1,-1,-1
445,1,260,643,91,256,0.7995,-1,-1,-1
446,52,781,571,72,246,0.7024,-1,-1,-1
446,42,1748,151,62,172,0.3714,-1,-1,-1
446,41,1365,531,91,173,0.3668,-1,-1,-1
446,39,790,148,58,176,0.4920,-1,-1,-1
446,34,1007,12,53,156,0.5198,-1,-1,-1
446,32,938,0,57,159,0.5054,-1,-1,-1
446,27,885,586,78,231,0.6491,-1,-1,-1
446,25,356,674,74,247,0.7280,-1,-1,-1
446,17,444,211,73,195,0.6662,-1,-1,-1
446,4,968,605,71,215,0.5870,-1,-1,-1
446,3,1019,924,83,155,0.7353,-1,-1,-1
446,2,1721,456,73,208,0.6892,-1,-1,-1
446,1,256,645,94,253,0.7901,-1,-1,-1
447,56,1671,361,61,191,0.5246,-1,-1,-1
447,52,783,572,72,245,0.6937,-1,-1,-1
447,42,1746,152,65,172,0.3792,-1,-1,-1
447,41,1388,533,70,164,0.3371,-1,-1,-1
447,39,791,149,57,176,0.4734,-1,-1,-1
447,34,1007,11,53,155,0.4944,-1,-1,-1
447,32,939,0,54,158,0.4916,-1,-1,-1
447,27,884,590,79,233,0.6370,-1,-1,-1
447,25,354,675,77,245,0.7255,-1,-1,-1
447,17,443,210,74,196,0.6691,-1,-1,-1
447,4,969,603,72,217,0.5843,-1,-1,-1
447,3,1021,922,81,158,0.7166,-1,-1,-1
447,2,1722,458,72,209,0.6909,-1,-1,-1
447,1,254,645,95,253,0.7873,-1,-1,-1
448,56,1669,360,61,191,0.5897,-1,-1,-1
448,52,785,572,75,242,0.6843,-1,-1,-1
448,42,1747,154,60,169,0.4180,-1,-1,-1
448,39,792,149,55,173,0.4510,-1,-1,-1
448,34,1007,11,53,157,0.4649,-1,-1,-1
448,32,937,0,56,158,0.5148,-1,-1,-1
448,27,888,592,75,238,0.7070,-1,-1,-1
448,25,351,676,77,246,0.7106,-1,-1,-1
448,17,440,211,76,194,0.6753,-1,-1,-1
448,4,969,608,73,215,0.6540,-1,-1,-1
448,3,1023,921,80,158,0.7119,-1,-1,-1
448,2,1719,458,75,209,0.7093,-1,-1,-1
448,1,254,646,94,251,0.7783,-1,-1,-1
449,56,1667,360,62,191,0.5628,-1,-1,-1
449,53,1856,389,63,201,0.4168,-1,-1,-1
449,52,786,573,78,245,0.6866,-1,-1,-1
449,42,1744,151,61,170,0.4144,-1,-1,-1
449,39,791,149,56,173,0.4510,-1,-1,-1
449,34,1007,11,52,156,0.5069,-1,-1,-1
449,32,936,0,57,161,0.5186,-1,-1,-1
449,27,885,595,78,238,0.6635,-1,-1,-1
449,25,346,675,78,245,0.7180,-1,-1,-1
449,17,442,210,73,193,0.6870,-1,-1,-1
449,4,969,605,73,217,0.5816,-1,-1,-1
449,3,1024,923,80,157,0.7110,-1,-1,-1
449,2,1721,458,73,209,0.7080,-1,-1,-1
449,1,252,648,96,252,0.7832,-1,-1,-1
450,56,1666,359,62,193,0.5827,-1,-1,-1
450,53,1853,388,66,203,0.3078,-1,-1,-1
450,52,787,575,78,244,0.6514,-1,-1,-1
450,42,1741,142,62,179,0.3911,-1,-1,-1
450,39,792,149,55,173,0.4771,-1,-1,-1
450,34,1007,11,52,157,0.4668,-1,-1,-1
450,32,936,0,57,158,0.5068,-1,-1,-1
450,27,887,596,76,237,0.6628,-1,-1,-1
450,25,344,676,79,246,0.7385,-1,-1,-1
450,17,442,210,73,193,0.6808,-1,-1,-1
450,4,975,612,68,212,0.6577,-1,-1,-1
450,3,1025,921,79,159,0.7128,-1,-1,-1
450,2,1722,459,72,207,0.7095,-1,-1,-1
450,1,250,648,97,253,0.7809,-1,-1,-1
451,56,1666,356,62,198,0.5698,-1,-1,-1
451,53,1845,388,74,201,0.3418,-1,-1,-1
451,52,790,577,77,242,0.6484,-1,-1,-1
451,42,1739,142,62,178,0.3411,-1,-1,-1
451,39,796,149,51,170,0.4220,-1,-1,-1
451,34,1007,10,52,161,0.4926,-1,-1,-1
451,32,936,0,57,160,0.5375,-1,-1,-1
451,27,889,598,77,237,0.6184,-1,-1,-1
451,25,342,678,79,244,0.7098,-1,-1,-1
451,17,440,209,75,193,0.6756,-1,-1,-1
451,4,973,612,72,217,0.6333,-1,-1,-1
451,3,1027,920,78,159,0.6926,-1,-1,-1
451,2,1719,458,75,209,0.7084,-1,-1,-1
451,1,250,648,92,251,0.7718,-1,-1,-1
452,56,1666,357,63,198,0.6120,-1,-1,-1
452,53,1841,388,77,199,0.3509,-1,-1,-1
452,52,792,576,73,241,0.6325,-1,-1,-1
452,42,1736,154,64,167,0.4796,-1,-1,-1
452,41,1414,543,77,152,0.4927,-1,-1,-1
452,39,796,148,51,170,0.4076,-1,-1,-1
452,34,1006,10,53,158,0.5112,-1,-1,-1
452,32,937,0,55,161,0.5334,-1,-1,-1
452,27,888,596,80,240,0.6807,-1,-1,-1
452,25,337,680,83,242,0.7343,-1,-1,-1
452,17,436,208,78,195,0.6458,-1,-1,-1
452,4,974,614,74,221,0.6456,-1,-1,-1
452,3,1027,921,78,158,0.6997,-1,-1,-1
452,2,1721,458,73,209,0.6928,-1,-1,-1
452,1,250,649,92,254,0.7808,-1,-1,-1
453,56,1664,356,64,198,0.6766,-1,-1,-1
453,53,1849,388,69,199,0.3347,-1,-1,-1
453,52,794,577,72,240,0.6539,-1,-1,-1
453,42,1740,157,58,166,0.4663,-1,-1,-1
453,41,1422,545,69,155,0.4711,-1,-1,-1
453,39,796,148,51,170,0.3973,-1,-1,-1
453,34,1007,9,52,157,0.5565,-1,-1,-1
453,32,937,0,54,160,0.5655,-1,-1,-1
453,27,884,598,86,235,0.6546,-1,-1,-1
453,25,336,681,83,242,0.7663,-1,-1,-1
453,17,434,206,79,196,0.6360,-1,-1,-1
453,4,974,617,73,224,0.7000,-1,-1,-1
453,3,1027,920,78,159,0.7044,-1,-1,-1
453,2,1718,459,76,203,0.6911,-1,-1,-1
453,1,248,651,92,258,0.7903,-1,-1,-1
454,56,1664,356,63,197,0.6349,-1,-1,-1
454,53,1851,388,67,197,0.3271,-1,-1,-1
454,52,795,578,74,240,0.6756,-1,-1,-1
454,42,1739,156,58,168,0.4103,-1,-1,-1
454,41,1424,546,70,153,0.4003,-1,-1,-1
454,39,796,147,51,172,0.3823,-1,-1,-1
454,34,1007,9,52,158,0.5409,-1,-1,-1
454,32,937,0,54,160,0.5806,-1,-1,-1
454,27,885,597,87,232,0.7468,-1,-1,-1
454,25,336,683,83,239,0.7642,-1,-1,-1
454,17,437,204,76,199,0.6272,-1,-1,-1
454,4,976,620,73,222,0.6948,-1,-1,-1
454,3,1027,919,78,161,0.7146,-1,-1,-1
454,2,1719,459,75,208,0.6889,-1,-1,-1
454,1,247,652,93,265,0.7872,-1,-1,-1
455,56,1661,356,63,195,0.5802,-1,-1,-1
455,53,1850,387,65,204,0.3282,-1,-1,-1
455,52,796,581,75,238,0.7084,-1,-1,-1
455,42,1735,146,61,177,0.3441,-1,-1,-1
455,41,1425,543,73,160,0.3613,-1,-1,-1
455,39,795,147,52,172,0.3542,-1,-1,-1
455,34,1007,8,52,157,0.5983,-1,-1,-1
455,32,937,0,54,160,0.5779,-1,-1,-1
455,27,883,599,89,234,0.7695,-1,-1,-1
455,25,338,686,79,239,0.7746,-1,-1,-1
455,17,442,204,70,198,0.6156,-1,-1,-1
455,4,977,624,72,219,0.7057,-1,-1,-1
455,3,1028,920,78,159,0.7434,-1,-1,-1
455,2,1719,459,75,209,0.6762,-1,-1,-1
455,1,245,654,93,268,0.8089,-1,-1,-1
456,56,1659,355,65,196,0.5340,-1,-1,-1
456,52,798,580,74,239,0.7091,-1,-1,-1
456,42,1741,125,57,201,0.3457,-1,-1,-1
456,41,1439,545,58,152,0.3229,-1,-1,-1
456,39,795,145,52,173,0.3405,-1,-1,-1
456,34,1008,7,51,155,0.5937,-1,-1,-1
456,32,937,0,54,159,0.5891,-1,-1,-1
456,27,884,599,89,238,0.7385,-1,-1,-1
456,25,337,686,79,246,0.7461,-1,-1,-1
456,17,442,201,70,199,0.6369,-1,-1,-1
456,4,978,624,74,222,0.7267,-1,-1,-1
456,3,1028,919,79,161,0.7317,-1,-1,-1
456,2,1718,461,77,201,0.6620,-1,-1,-1
456,1,245,660,92,266,0.7939,-1,-1,-1
457,56,1657,356,66,194,0.4254,-1,-1,-1
457,52,800,581,74,237,0.7043,-1,-1,-1
457,42,1739,133,58,192,0.3711,-1,-1,-1
457,41,1429,546,75,147,0.3059,-1,-1,-1
457,39,795,145,52,175,0.3639,-1,-1,-1
457,34,1009,7,50,152,0.5558,-1,-1,-1
457,32,937,0,54,155,0.5668,-1,-1,-1
457,27,891,602,80,237,0.7113,-1,-1,-1
457,25,336,690,80,249,0.7416,-1,-1,-1
457,17,444,198,67,198,0.6237,-1,-1,-1
457,5,1548,618,72,235,0.4700,-1,-1,-1
457,4,979,625,73,221,0.7439,-1,-1,-1
457,3,1029,919,79,161,0.7255,-1,-1,-1
457,2,1718,460,77,202,0.7120,-1,-1,-1
457,1,244,663,93,265,0.7820,-1,-1,-1
458,56,1658,352,63,196,0.5671,-1,-1,-1
458,54,864,0,61,136,0.3197,-1,-1,-1
458,52,801,582,75,237,0.7205,-1,-1,-1
458,42,1740,146,56,180,0.3864,-1,-1,-1
458,39,796,145,51,175,0.4011,-1,-1,-1
458,34,1008,6,52,151,0.5707,-1,-1,-1
458,32,936,0,55,155,0.5467,-1,-1,-1
458,27,894,603,78,241,0.7398,-1,-1,-1
458,25,332,691,83,250,0.7496,-1,-1,-1
458,17,444,195,66,198,0.6463,-1,-1,-1
458,5,1547,614,73,238,0.4752,-1,-1,-1
458,4,979,626,77,222,0.7172,-1,-1,-1
458,3,1028,919,81,161,0.7450,-1,-1,-1
458,2,1717,460,78,203,0.7160,-1,-1,-1
458,1,243,666,95,267,0.7726,-1,-1,-1
459,56,1655,351,64,197,0.4961,-1,-1,-1
459,54,868,0,59,136,0.3174,-1,-1,-1
459,53,1833,382,81,194,0.3465,-1,-1,-1
459,52,802,584,77,236,0.6943,-1,-1,-1
459,42,1727,142,68,183,0.4336,-1,-1,-1
459,39,795,145,52,174,0.3641,-1,-1,-1
459,34,1008,5,54,152,0.5819,-1,-1,-1
459,32,937,0,54,154,0.5322,-1,-1,-1
459,27,895,604,78,244,0.7057,-1,-1,-1
459,25,331,693,83,250,0.7518,-1,-1,-1
459,17,445,192,65,195,0.6528,-1,-1,-1
459,5,1551,613,70,240,0.4529,-1,-1,-1
459,4,979,628,80,220,0.6912,-1,-1,-1
459,3,1027,918,82,161,0.7469,-1,-1,-1
459,2,1718,460,77,202,0.7179,-1,-1,-1
459,1,242,669,95,267,0.7582,-1,-1,-1
460,56,1654,351,63,196,0.3919,-1,-1,-1
460,54,872,0,56,135,0.3516,-1,-1,-1
460,53,1830,376,83,205,0.3316,-1,-1,-1
460,52,804,583,79,243,0.6733,-1,-1,-1
460,42,1728,146,67,181,0.3865,-1,-1,-1
460,39,795,145,52,175,0.3572,-1,-1,-1
460,34,1008,4,53,152,0.5548,-1,-1,-1
460,32,937,0,54,152,0.5031,-1,-1,-1
460,27,894,606,80,246,0.7165,-1,-1,-1
460,25,333,696,83,247,0.7596,-1,-1,-1
460,17,444,190,67,194,0.6660,-1,-1,-1
460,5,1553,614,67,239,0.4626,-1,-1,-1
460,4,980,629,79,219,0.6721,-1,-1,-1
460,3,1027,918,82,161,0.7521,-1,-1,-1
460,2,1719,460,76,203,0.7302,-1,-1,-1
460,1,243,669,92,268,0.7639,-1,-1,-1
461,54,872,0,55,135,0.3639,-1,-1,-1
461,52,806,584,82,237,0.6914,-1,-1,-1
461,39,795,146,53,172,0.3301,-1,-1,-1
461,34,1008,3,53,153,0.5150,-1,-1,-1
461,32,937,0,54,148,0.4818,-1,-1,-1
461,27,895,610,81,243,0.6718,-1,-1,-1
461,25,334,699,82,251,0.7696,-1,-1,-1
461,17,443,190,68,193,0.6408,-1,-1,-1
461,5,1551,612,68,241,0.4549,-1,-1,-1
461,4,980,629,81,219,0.6761,-1,-1,-1
461,3,1027,919,82,160,0.7601,-1,-1,-1
461,2,1720,460,75,202,0.7243,-1,-1,-1
461,1,243,672,92,265,0.7824,-1,-1,-1
462,54,874,0,54,134,0.3308,-1,-1,-1
462,52,807,582,83,245,0.6766,-1,-1,-1
462,39,796,146,52,173,0.3126,-1,-1,-1
462,34,1008,3,53,152,0.5105,-1,-1,-1
462,32,936,0,55,149,0.4811,-1,-1,-1
462,27,895,612,81,238,0.6934,-1,-1,-1
462,25,332,704,84,252,0.7637,-1,-1,-1
462,17,443,187,68,196,0.6454,-1,-1,-1
462,5,1552,609,66,243,0.4457,-1,-1,-1
462,4,982,630,80,218,0.6621,-1,-1,-1
462,3,1027,919,83,161,0.7500,-1,-1,-1
462,2,1720,459,75,203,0.7124,-1,-1,-1
462,1,242,671,92,264,0.7796,-1,-1,-1
463,54,877,0,53,135,0.3024,-1,-1,-1
463,52,809,583,84,244,0.7046,-1,-1,-1
463,39,795,143,54,176,0.3092,-1,-1,-1
463,34,1008,2,53,153,0.5189,-1,-1,-1
463,32,936,0,55,147,0.4872,-1,-1,-1
463,27,898,614,78,233,0.7246,-1,-1,-1
463,25,332,706,83,254,0.7670,-1,-1,-1
463,17,444,187,68,197,0.6642,-1,-1,-1
463,5,1552,605,65,247,0.4479,-1,-1,-1
463,4,985,633,77,212,0.6622,-1,-1,-1
463,3,1027,919,82,160,0.7511,-1,-1,-1
463,2,1721,459,74,203,0.7312,-1,-1,-1
463,1,241,674,89,263,0.7791,-1,-1,-1
464,52,810,583,86,242,0.6851,-1,-1,-1
464,42,1728,124,77,207,0.3744,-1,-1,-1
464,39,794,142,55,175,0.3342,-1,-1,-1
464,34,1008,2,53,153,0.5036,-1,-1,-1
464,32,935,0,56,146,0.4879,-1,-1,-1
464,27,899,615,79,229,0.5713,-1,-1,-1
464,25,334,707,79,253,0.7550,-1,-1,-1
464,17,443,187,70,197,0.6466,-1,-1,-1
464,5,1551,611,66,242,0.4004,-1,-1,-1
464,4,983,635,80,213,0.6540,-1,-1,-1
464,3,1027,919,82,161,0.7273,-1,-1,-1
464,2,1720,459,75,204,0.7254,-1,-1,-1
464,1,240,673,91,263,0.7817,-1,-1,-1
465,57,269,120,74,199,0.3282,-1,-1,-1
465,53,1815,370,80,198,0.5214,-1,-1,-1
465,52,810,584,90,241,0.7051,-1,-1,-1
465,42,1729,130,77,199,0.4005,-1,-1,-1
465,39,794,142,56,177,0.3200,-1,-1,-1
465,34,1008,1,53,152,0.4488,-1,-1,-1
465,32,934,0,56,145,0.4791,-1,-1,-1
465,27,903,618,76,212,0.4569,-1,-1,-1
465,25,334,708,77,252,0.7463,-1,-1,-1
465,17,444,189,70,193,0.6314,-1,-1,-1
465,4,986,636,76,214,0.6238,-1,-1,-1
465,3,1027,919,82,161,0.7464,-1,-1,-1
465,2,1722,459,73,204,0.7143,-1,-1,-1
465,1,239,675,93,262,0.7524,-1,-1,-1
466,57,269,120,75,197,0.3182,-1,-1,-1
466,53,1812,369,81,202,0.5936,-1,-1,-1
466,52,809,584,94,241,0.7435,-1,-1,-1
466,42,1729,133,77,197,0.3582,-1,-1,-1
466,39,795,143,56,177,0.3601,-1,-1,-1
466,34,1007,1,54,151,0.4882,-1,-1,-1
466,32,936,0,54,145,0.4879,-1,-1,-1
466,27,904,621,77,230,0.6173,-1,-1,-1
466,25,330,708,80,251,0.7775,-1,-1,-1
466,17,444,190,70,190,0.6107,-1,-1,-1
466,4,988,637,75,218,0.6660,-1,-1,-1
466,3,1026,920,83,159,0.7464,-1,-1,-1
466,2,1721,459,73,203,0.7406,-1,-1,-1
466,1,239,676,90,259,0.7841,-1,-1,-1
467,58,436,40,70,173,0.3227,-1,-1,-1
467,57,271,119,73,197,0.3085,-1,-1,-1
467,54,885,0,48,136,0.4118,-1,-1,-1
467,53,1812,367,78,206,0.5395,-1,-1,-1
467,52,808,584,96,243,0.7587,-1,-1,-1
467,42,1726,131,85,193,0.3367,-1,-1,-1
467,39,794,142,57,176,0.3970,-1,-1,-1
467,34,1007,1,55,151,0.4885,-1,-1,-1
467,32,936,0,54,145,0.5307,-1,-1,-1
467,27,904,622,79,234,0.6765,-1,-1,-1
467,25,332,709,76,250,0.7616,-1,-1,-1
467,17,446,187,69,191,0.5477,-1,-1,-1
467,4,993,639,71,220,0.6568,-1,-1,-1
467,3,1026,920,83,159,0.7421,-1,-1,-1
467,2,1721,457,73,205,0.7207,-1,-1,-1
467,1,237,676,91,257,0.7782,-1,-1,-1
468,58,437,39,70,174,0.3604,-1,-1,-1
468,57,272,118,72,199,0.3502,-1,-1,-1
468,54,886,0,46,136,0.4053,-1,-1,-1
468,53,1801,364,89,208,0.6020,-1,-1,-1
468,52,808,585,98,243,0.7687,-1,-1,-1
468,42,1722,150,75,178,0.3665,-1,-1,-1
468,39,792,141,59,179,0.3553,-1,-1,-1
468,34,1007,0,55,151,0.4650,-1,-1,-1
468,32,936,0,55,145,0.5374,-1,-1,-1
468,27,905,623,81,233,0.6906,-1,-1,-1
468,25,330,710,77,248,0.7241,-1,-1,-1
468,17,447,187,69,190,0.5760,-1,-1,-1
468,4,991,640,73,226,0.6635,-1,-1,-1
468,3,1027,920,82,159,0.7312,-1,-1,-1
468,2,1721,457,73,205,0.7151,-1,-1,-1
468,1,236,677,91,256,0.7714,-1,-1,-1
469,54,886,0,48,136,0.4072,-1,-1,-1
469,53,1799,363,90,208,0.6088,-1,-1,-1
469,52,808,585,98,246,0.7662,-1,-1,-1
469,42,1721,150,68,179,0.4304,-1,-1,-1
469,39,795,142,56,177,0.3491,-1,-1,-1
469,34,1006,0,57,152,0.4400,-1,-1,-1
469,32,935,0,55,144,0.5145,-1,-1,-1
469,27,907,623,78,233,0.6865,-1,-1,-1
469,25,327,711,80,247,0.7465,-1,-1,-1
469,17,448,187,68,187,0.5743,-1,-1,-1
469,4,988,643,77,222,0.6328,-1,-1,-1
469,3,1026,921,82,158,0.7440,-1,-1,-1
469,2,1721,457,72,207,0.7150,-1,-1,-1
469,1,233,679,93,258,0.7752,-1,-1,-1
470,54,886,0,46,134,0.3628,-1,-1,-1
470,53,1801,363,84,209,0.5249,-1,-1,-1
470,52,807,586,101,248,0.7576,-1,-1,-1
470,42,1723,147,62,181,0.3747,-1,-1,-1
470,39,794,141,58,178,0.4051,-1,-1,-1
470,34,1005,0,57,152,0.4781,-1,-1,-1
470,32,936,0,55,144,0.5084,-1,-1,-1
470,27,909,624,78,232,0.6590,-1,-1,-1
470,25,327,714,79,242,0.7356,-1,-1,-1
470,17,448,186,69,190,0.5482,-1,-1,-1
470,4,989,644,77,226,0.5788,-1,-1,-1
470,3,1026,922,82,157,0.7233,-1,-1,-1
470,2,1720,458,74,206,0.7106,-1,-1,-1
470,1,232,683,93,259,0.7948,-1,-1,-1
471,56,1641,336,67,195,0.5497,-1,-1,-1
471,54,886,0,45,134,0.3078,-1,-1,-1
471,53,1801,365,82,205,0.4943,-1,-1,-1
471,52,807,588,101,249,0.7709,-1,-1,-1
471,42,1724,155,62,174,0.3471,-1,-1,-1
471,39,794,140,58,179,0.3811,-1,-1,-1
471,34,1003,0,58,152,0.4595,-1,-1,-1
471,32,935,0,55,144,0.5314,-1,-1,-1
471,27,909,624,80,232,0.6851,-1,-1,-1
471,25,327,716,78,243,0.7793,-1,-1,-1
471,17,449,183,69,195,0.6078,-1,-1,-1
471,4,989,644,76,227,0.6037,-1,-1,-1
471,3,1026,923,80,156,0.7179,-1,-1,-1
471,2,1720,458,74,206,0.7083,-1,-1,-1
471,1,231,685,94,265,0.8034,-1,-1,-1
472,56,1640,340,65,190,0.5727,-1,-1,-1
472,53,1797,364,84,207,0.5752,-1,-1,-1
472,52,807,588,101,254,0.7778,-1,-1,-1
472,42,1724,159,59,173,0.3579,-1,-1,-1
472,39,795,139,57,181,0.4105,-1,-1,-1
472,34,1003,0,57,151,0.4977,-1,-1,-1
472,32,936,0,54,145,0.5078,-1,-1,-1
472,27,909,624,81,232,0.6758,-1,-1,-1
472,25,328,717,76,244,0.8014,-1,-1,-1
472,17,451,187,68,189,0.6340,-1,-1,-1
472,4,989,646,75,221,0.5592,-1,-1,-1
472,3,1027,924,78,155,0.6890,-1,-1,-1
472,2,1719,457,75,207,0.7158,-1,-1,-1
472,1,231,690,94,265,0.7876,-1,-1,-1
473,56,1643,338,61,191,0.5181,-1,-1,-1
473,53,1793,365,87,204,0.6107,-1,-1,-1
473,52,807,589,100,253,0.7891,-1,-1,-1
473,42,1721,168,63,165,0.4029,-1,-1,-1
473,39,797,140,55,179,0.4446,-1,-1,-1
473,34,1002,0,59,151,0.4887,-1,-1,-1
473,32,935,0,55,145,0.5056,-1,-1,-1
473,27,909,626,83,232,0.7375,-1,-1,-1
473,25,325,718,77,252,0.8196,-1,-1,-1
473,17,451,184,68,188,0.6070,-1,-1,-1
473,4,991,649,72,221,0.6216,-1,-1,-1
473,3,1025,925,79,154,0.7048,-1,-1,-1
473,2,1720,457,75,206,0.7201,-1,-1,-1
473,1,229,691,95,268,0.7873,-1,-1,-1
474,56,1643,338,61,191,0.4671,-1,-1,-1
474,53,1790,364,88,204,0.6314,-1,-1,-1
474,52,807,590,98,253,0.7897,-1,-1,-1
474,42,1720,170,69,165,0.3572,-1,-1,-1
474,39,795,140,57,180,0.4700,-1,-1,-1
474,34,1000,0,60,150,0.4555,-1,-1,-1
474,32,935,0,55,144,0.4892,-1,-1,-1
474,27,907,627,86,234,0.7270,-1,-1,-1
474,25,323,721,80,253,0.8174,-1,-1,-1
474,17,452,182,67,186,0.6247,-1,-1,-1
474,4,991,650,73,228,0.6591,-1,-1,-1
474,3,1025,925,78,154,0.7003,-1,-1,-1
474,2,1718,457,77,207,0.7262,-1,-1,-1
474,1,229,694,94,267,0.7868,-1,-1,-1
475,56,1643,340,58,188,0.3988,-1,-1,-1
475,53,1792,364,85,204,0.5867,-1,-1,-1
475,52,807,591,97,252,0.7823,-1,-1,-1
475,42,1721,166,68,171,0.3444,-1,-1,-1
475,39,796,140,56,180,0.4423,-1,-1,-1
475,34,1000,0,57,148,0.4800,-1,-1,-1
475,32,934,0,55,146,0.4391,-1,-1,-1
475,27,909,629,85,236,0.6762,-1,-1,-1
475,25,317,723,84,257,0.8028,-1,-1,-1
475,17,452,181,66,185,0.5917,-1,-1,-1
475,4,992,652,75,227,0.6730,-1,-1,-1
475,3,1024,925,78,154,0.6969,-1,-1,-1
475,2,1713,457,82,206,0.7197,-1,-1,-1
475,1,227,695,93,269,0.7941,-1,-1,-1
476,56,1642,341,58,186,0.3155,-1,-1,-1
476,53,1789,361,85,208,0.5852,-1,-1,-1
476,52,806,590,95,251,0.7688,-1,-1,-1
476,42,1724,170,68,168,0.3935,-1,-1,-1
476,39,794,141,58,178,0.4863,-1,-1,-1
476,34,999,0,57,145,0.4978,-1,-1,-1
476,32,935,0,54,146,0.4361,-1,-1,-1
476,27,909,631,84,231,0.6023,-1,-1,-1
476,25,314,728,85,251,0.7900,-1,-1,-1
476,17,452,179,66,187,0.5980,-1,-1,-1
476,4,993,654,73,225,0.6615,-1,-1,-1
476,3,1024,926,78,153,0.7010,-1,-1,-1
476,2,1711,458,83,205,0.6688,-1,-1,-1
476,1,227,697,91,267,0.7892,-1,-1,-1
477,59,1780,146,56,180,0.4231,-1,-1,-1
477,56,1640,336,60,189,0.3633,-1,-1,-1
477,53,1791,362,82,204,0.5759,-1,-1,-1
477,52,807,592,91,251,0.7717,-1,-1,-1
477,42,1726,175,65,165,0.4748,-1,-1,-1
477,39,795,139,58,180,0.4584,-1,-1,-1
477,34,999,0,57,146,0.5046,-1,-1,-1
477,32,935,0,54,144,0.4455,-1,-1,-1
477,27,907,634,89,229,0.6062,-1,-1,-1
477,25,313,731,84,253,0.7833,-1,-1,-1
477,17,449,178,70,186,0.5834,-1,-1,-1
477,4,995,655,71,224,0.6424,-1,-1,-1
477,3,1025,927,77,153,0.7100,-1,-1,-1
477,2,1713,457,83,205,0.6349,-1,-1,-1
477,1,225,699,91,265,0.7934,-1,-1,-1
478,59,1782,146,55,182,0.4318,-1,-1,-1
478,53,1790,359,81,207,0.5821,-1,-1,-1
478,52,805,592,91,251,0.7772,-1,-1,-1
478,42,1726,177,63,162,0.4916,-1,-1,-1
478,39,794,140,59,179,0.4728,-1,-1,-1
478,34,998,0,58,145,0.5065,-1,-1,-1
478,32,934,0,54,145,0.4616,-1,-1,-1
478,27,906,637,89,227,0.6291,-1,-1,-1
478,25,315,733,81,256,0.7874,-1,-1,-1
478,17,450,177,69,187,0.5621,-1,-1,-1
478,4,997,657,69,221,0.6488,-1,-1,-1
478,3,1024,928,77,152,0.7055,-1,-1,-1
478,2,1710,456,85,206,0.6193,-1,-1,-1
478,1,222,699,90,266,0.7777,-1,-1,-1
479,59,1784,144,59,184,0.4224,-1,-1,-1
479,53,1788,358,81,206,0.6391,-1,-1,-1
479,52,805,593,89,250,0.7929,-1,-1,-1
479,42,1729,175,63,163,0.5210,-1,-1,-1
479,39,796,141,57,178,0.4698,-1,-1,-1
479,34,998,0,57,144,0.5022,-1,-1,-1
479,32,934,0,54,143,0.4649,-1,-1,-1
479,27,905,641,91,231,0.7080,-1,-1,-1
479,25,313,735,82,260,0.7969,-1,-1,-1
479,17,447,176,75,188,0.5441,-1,-1,-1
479,4,996,658,71,222,0.6890,-1,-1,-1
479,3,1023,928,77,152,0.7185,-1,-1,-1
479,2,1712,457,84,205,0.6025,-1,-1,-1
479,1,222,701,91,263,0.7731,-1,-1,-1
480,59,1781,146,67,183,0.4220,-1,-1,-1
480,54,882,0,49,135,0.3188,-1,-1,-1
480,53,1787,357,79,208,0.5853,-1,-1,-1
480,52,805,594,88,251,0.7864,-1,-1,-1
480,42,1729,176,62,162,0.5628,-1,-1,-1
480,39,800,142,53,178,0.4459,-1,-1,-1
480,34,998,0,56,143,0.4805,-1,-1,-1
480,32,934,0,52,141,0.4665,-1,-1,-1
480,27,906,644,90,230,0.6713,-1,-1,-1
480,25,311,737,83,259,0.7690,-1,-1,-1
480,17,444,177,77,187,0.5407,-1,-1,-1
480,4,996,660,70,218,0.6715,-1,-1,-1
480,3,1023,930,76,150,0.7199,-1,-1,-1
480,2,1699,456,100,206,0.5640,-1,-1,-1
480,1,220,702,90,263,0.7802,-1,-1,-1
481,59,1784,145,68,186,0.4026,-1,-1,-1
481,54,881,0,50,136,0.4146,-1,-1,-1
481,53,1787,357,77,205,0.6116,-1,-1,-1
481,52,803,596,88,246,0.7879,-1,-1,-1
481,42,1729,175,62,165,0.5504,-1,-1,-1
481,39,798,141,55,178,0.4798,-1,-1,-1
481,34,997,0,57,143,0.4497,-1,-1,-1
481,32,933,0,52,138,0.4878,-1,-1,-1
481,27,906,645,92,227,0.6234,-1,-1,-1
481,25,310,737,81,258,0.7556,-1,-1,-1
481,17,444,176,77,188,0.5195,-1,-1,-1
481,4,990,661,76,218,0.6366,-1,-1,-1
481,3,1022,929,76,151,0.7304,-1,-1,-1
481,2,1708,456,95,206,0.5733,-1,-1,-1
481,1,221,703,89,262,0.7704,-1,-1,-1
482,59,1786,143,66,190,0.3957,-1,-1,-1
482,54,879,0,51,134,0.3946,-1,-1,-1
482,53,1785,356,76,206,0.6136,-1,-1,-1
482,52,802,596,88,247,0.7993,-1,-1,-1
482,42,1729,176,63,166,0.5903,-1,-1,-1
482,39,798,139,55,178,0.4557,-1,-1,-1
482,34,997,0,58,143,0.3882,-1,-1,-1
482,32,933,0,52,136,0.4528,-1,-1,-1
482,27,911,647,89,237,0.6244,-1,-1,-1
482,25,308,737,82,259,0.7471,-1,-1,-1
482,17,447,174,76,187,0.5304,-1,-1,-1
482,4,994,663,73,222,0.6470,-1,-1,-1
482,3,1022,931,76,149,0.7319,-1,-1,-1
482,2,1705,458,97,211,0.5482,-1,-1,-1
482,1,220,704,90,262,0.7949,-1,-1,-1
483,59,1786,144,70,193,0.3395,-1,-1,-1
483,54,878,0,51,134,0.4146,-1,-1,-1
483,53,1784,355,75,206,0.5819,-1,-1,-1
483,52,800,596,88,247,0.7926,-1,-1,-1
483,47,1700,44,54,164,0.4571,-1,-1,-1
483,42,1728,176,64,167,0.6482,-1,-1,-1
483,39,798,142,55,175,0.4612,-1,-1,-1
483,34,998,0,56,144,0.4488,-1,-1,-1
483,32,933,0,52,135,0.4711,-1,-1,-1
483,27,915,648,82,248,0.6813,-1,-1,-1
483,25,308,737,80,261,0.7348,-1,-1,-1
483,17,448,174,74,186,0.5338,-1,-1,-1
483,4,995,664,73,226,0.6083,-1,-1,-1
483,3,1022,932,76,148,0.7118,-1,-1,-1
483,2,1695,458,107,210,0.5294,-1,-1,-1
483,1,220,706,90,261,0.8014,-1,-1,-1
484,59,1787,144,68,187,0.3141,-1,-1,-1
484,53,1784,353,69,198,0.5708,-1,-1,-1
484,52,799,597,90,247,0.8052,-1,-1,-1
484,47,1697,39,56,172,0.4200,-1,-1,-1
484,42,1729,175,66,167,0.6618,-1,-1,-1
484,39,802,142,51,175,0.4631,-1,-1,-1
484,34,998,0,55,144,0.4709,-1,-1,-1
484,32,932,0,54,133,0.4326,-1,-1,-1
484,27,914,649,83,248,0.6801,-1,-1,-1
484,25,306,738,81,259,0.7624,-1,-1,-1
484,17,450,172,72,188,0.5043,-1,-1,-1
484,4,994,671,76,222,0.6572,-1,-1,-1
484,3,1021,932,78,148,0.6777,-1,-1,-1
484,2,1691,458,111,211,0.5280,-1,-1,-1
484,1,219,708,91,260,0.8041,-1,-1,-1
485,53,1782,350,71,198,0.3803,-1,-1,-1
485,52,798,597,90,248,0.8066,-1,-1,-1
485,47,1695,40,58,168,0.3828,-1,-1,-1
485,42,1729,176,66,168,0.6461,-1,-1,-1
485,39,802,142,51,175,0.4380,-1,-1,-1
485,34,998,0,54,144,0.4505,-1,-1,-1
485,32,932,0,53,132,0.4126,-1,-1,-1
485,27,911,650,86,250,0.6902,-1,-1,-1
485,25,300,740,87,256,0.7659,-1,-1,-1
485,17,451,171,71,188,0.4864,-1,-1,-1
485,4,998,668,74,228,0.7147,-1,-1,-1
485,3,1020,933,80,147,0.6937,-1,-1,-1
485,2,1677,457,121,207,0.5013,-1,-1,-1
485,1,219,712,91,259,0.8151,-1,-1,-1
486,60,1640,35,54,176,0.4008,-1,-1,-1
486,53,1782,349,67,205,0.3669,-1,-1,-1
486,52,798,598,91,248,0.8024,-1,-1,-1
486,47,1695,38,59,171,0.3828,-1,-1,-1
486,42,1728,178,67,168,0.6529,-1,-1,-1
486,39,803,143,50,175,0.4188,-1,-1,-1
486,34,998,0,54,144,0.4214,-1,-1,-1
486,32,931,0,54,132,0.3808,-1,-1,-1
486,27,912,650,85,250,0.6682,-1,-1,-1
486,25,300,741,85,255,0.7752,-1,-1,-1
486,17,452,168,71,192,0.5225,-1,-1,-1
486,4,1000,670,73,225,0.6761,-1,-1,-1
486,3,1020,932,80,148,0.6423,-1,-1,-1
486,2,1689,457,105,206,0.4860,-1,-1,-1
486,1,218,715,92,260,0.8145,-1,-1,-1
487,60,1640,33,53,177,0.3959,-1,-1,-1
487,56,1633,323,56,191,0.7312,-1,-1,-1
487,53,1779,349,68,206,0.3372,-1,-1,-1
487,52,798,598,91,248,0.7863,-1,-1,-1
487,47,1695,39,59,169,0.3728,-1,-1,-1
487,42,1728,177,67,173,0.6302,-1,-1,-1
487,39,805,143,50,175,0.4605,-1,-1,-1
487,34,998,0,54,144,0.4192,-1,-1,-1
487,32,932,0,53,132,0.3818,-1,-1,-1
487,27,915,651,82,248,0.6819,-1,-1,-1
487,25,301,743,83,253,0.7735,-1,-1,-1
487,17,455,169,68,189,0.4943,-1,-1,-1
487,4,1001,672,73,223,0.6697,-1,-1,-1
487,3,1018,933,82,147,0.6398,-1,-1,-1
487,2,1701,458,91,204,0.5361,-1,-1,-1
487,1,217,715,93,265,0.8288,-1,-1,-1
488,60,1635,32,63,178,0.3631,-1,-1,-1
488,56,1632,324,56,189,0.7218,-1,-1,-1
488,52,797,598,95,249,0.7846,-1,-1,-1
488,47,1693,36,60,170,0.3865,-1,-1,-1
488,42,1728,176,69,176,0.6225,-1,-1,-1
488,39,806,142,51,175,0.4550,-1,-1,-1
488,34,998,0,53,144,0.4329,-1,-1,-1
488,32,931,0,54,132,0.3758,-1,-1,-1
488,27,916,652,82,245,0.7012,-1,-1,-1
488,25,298,746,85,249,0.7694,-1,-1,-1
488,17,457,167,65,189,0.4713,-1,-1,-1
488,4,1003,674,72,227,0.7196,-1,-1,-1
488,3,1019,933,81,147,0.6541,-1,-1,-1
488,2,1690,457,102,206,0.4956,-1,-1,-1
488,1,216,719,94,266,0.8225,-1,-1,-1
489,60,1635,32,61,175,0.4221,-1,-1,-1
489,56,1633,325,55,184,0.7356,-1,-1,-1
489,52,798,599,94,253,0.7821,-1,-1,-1
489,47,1692,38,60,167,0.4034,-1,-1,-1
489,42,1732,177,65,173,0.5996,-1,-1,-1
489,39,808,142,50,175,0.4408,-1,-1,-1
489,34,999,0,52,141,0.4217,-1,-1,-1
489,32,931,0,54,133,0.3951,-1,-1,-1
489,27,916,653,83,243,0.6756,-1,-1,-1
489,25,298,749,84,252,0.7810,-1,-1,-1
489,17,460,167,62,182,0.4900,-1,-1,-1
489,4,1005,675,71,228,0.7384,-1,-1,-1
489,3,1016,934,83,146,0.6480,-1,-1,-1
489,2,1707,457,85,206,0.5385,-1,-1,-1
489,1,216,720,93,271,0.8165,-1,-1,-1
490,62,1617,581,55,166,0.3964,-1,-1,-1
490,60,1633,31,62,175,0.4172,-1,-1,-1
490,56,1631,324,56,186,0.7306,-1,-1,-1
490,52,799,600,93,253,0.7849,-1,-1,-1
490,47,1691,38,60,167,0.4065,-1,-1,-1
490,42,1734,179,63,172,0.5957,-1,-1,-1
490,39,809,142,49,175,0.4285,-1,-1,-1
490,34,999,0,52,141,0.4476,-1,-1,-1
490,32,932,0,52,131,0.3855,-1,-1,-1
490,27,916,654,83,241,0.6995,-1,-1,-1
490,25,302,752,77,253,0.7487,-1,-1,-1
490,17,458,159,63,186,0.4311,-1,-1,-1
490,4,1007,675,70,227,0.7426,-1,-1,-1
490,3,1016,934,85,146,0.6430,-1,-1,-1
490,2,1715,457,78,207,0.5407,-1,-1,-1
490,1,215,722,94,272,0.8002,-1,-1,-1
491,62,1619,584,58,212,0.4371,-1,-1,-1
491,60,1632,30,64,172,0.4046,-1,-1,-1
491,56,1628,324,59,187,0.7069,-1,-1,-1
491,52,798,601,95,254,0.7778,-1,-1,-1
491,47,1690,39,61,163,0.4058,-1,-1,-1
491,42,1735,182,63,171,0.6018,-1,-1,-1
491,39,807,141,51,175,0.4296,-1,-1,-1
491,34,1000,0,51,141,0.4257,-1,-1,-1
491,32,931,0,52,130,0.4136,-1,-1,-1
491,27,917,657,83,245,0.7019,-1,-1,-1
491,25,299,756,79,263,0.7493,-1,-1,-1
491,17,458,158,64,186,0.4132,-1,-1,-1
491,4,1008,676,73,229,0.7401,-1,-1,-1
491,3,1017,935,84,145,0.6456,-1,-1,-1
491,2,1708,457,88,209,0.5526,-1,-1,-1
491,1,214,724,96,274,0.7871,-1,-1,-1
492,62,1619,585,68,211,0.4223,-1,-1,-1
492,60,1629,30,66,171,0.3731,-1,-1,-1
492,59,1809,176,64,174,0.4263,-1,-1,-1
492,56,1626,322,60,190,0.7525,-1,-1,-1
492,52,799,602,95,254,0.7568,-1,-1,-1
492,47,1692,38,56,162,0.4343,-1,-1,-1
492,42,1735,184,62,168,0.5953,-1,-1,-1
492,39,807,141,53,175,0.4053,-1,-1,-1
492,34,999,1,52,136,0.4545,-1,-1,-1
492,32,932,0,52,132,0.3978,-1,-1,-1
492,27,917,659,82,246,0.7020,-1,-1,-1
492,25,299,759,77,260,0.7382,-1,-1,-1
492,17,459,154,63,190,0.3646,-1,-1,-1
492,4,1010,678,74,224,0.7227,-1,-1,-1
492,3,1017,935,84,145,0.6653,-1,-1,-1
492,2,1707,458,89,206,0.5474,-1,-1,-1
492,1,215,726,94,275,0.7727,-1,-1,-1
493,62,1622,586,82,216,0.3020,-1,-1,-1
493,60,1627,29,63,171,0.3990,-1,-1,-1
493,59,1813,175,63,181,0.4655,-1,-1,-1
493,56,1627,324,58,184,0.6816,-1,-1,-1
493,52,801,603,94,254,0.7436,-1,-1,-1
493,47,1689,39,61,163,0.4691,-1,-1,-1
493,42,1735,186,62,169,0.5592,-1,-1,-1
493,39,804,142,57,173,0.3691,-1,-1,-1
493,34,999,1,52,136,0.4423,-1,-1,-1
493,32,932,0,52,131,0.4001,-1,-1,-1
493,27,917,662,82,248,0.7097,-1,-1,-1
493,25,299,760,78,254,0.7368,-1,-1,-1
493,17,460,160,61,183,0.3371,-1,-1,-1
493,4,1013,678,73,227,0.6856,-1,-1,-1
493,3,1017,935,86,145,0.6571,-1,-1,-1
493,2,1713,456,87,208,0.5590,-1,-1,-1
493,1,214,727,95,276,0.7563,-1,-1,-1
494,62,1621,592,79,214,0.3378,-1,-1,-1
494,60,1626,29,65,171,0.4083,-1,-1,-1
494,59,1814,174,72,178,0.4076,-1,-1,-1
494,56,1626,323,59,187,0.7037,-1,-1,-1
494,52,802,605,93,250,0.7437,-1,-1,-1
494,47,1689,35,62,165,0.4626,-1,-1,-1
494,42,1733,185,67,176,0.6093,-1,-1,-1
494,39,802,141,60,173,0.3581,-1,-1,-1
494,34,1000,1,51,133,0.4163,-1,-1,-1
494,32,931,0,53,130,0.3720,-1,-1,-1
494,27,919,665,82,249,0.6863,-1,-1,-1
494,25,299,764,77,254,0.7175,-1,-1,-1
494,4,1016,680,74,221,0.6711,-1,-1,-1
494,3,1017,935,86,145,0.6610,-1,-1,-1
494,2,1719,458,77,205,0.5871,-1,-1,-1
494,1,214,728,95,279,0.7577,-1,-1,-1
495,62,1623,589,101,220,0.4986,-1,-1,-1
495,60,1625,29,62,172,0.3782,-1,-1,-1
495,59,1816,169,75,185,0.3826,-1,-1,-1
495,56,1626,322,59,188,0.7143,-1,-1,-1
495,52,805,605,89,249,0.7538,-1,-1,-1
495,47,1688,37,62,161,0.4647,-1,-1,-1
495,42,1732,186,68,176,0.6053,-1,-1,-1
495,39,799,144,62,172,0.3632,-1,-1,-1
495,34,1000,3,52,131,0.3867,-1,-1,-1
495,32,931,0,53,130,0.3581,-1,-1,-1
495,27,919,667,83,247,0.6843,-1,-1,-1
495,25,299,771,77,258,0.7192,-1,-1,-1
495,4,1017,683,75,217,0.6818,-1,-1,-1
495,3,1019,935,84,145,0.6395,-1,-1,-1
495,2,1721,455,77,209,0.5990,-1,-1,-1
495,1,214,730,95,278,0.7613,-1,-1,-1
496,62,1634,589,99,220,0.5763,-1,-1,-1
496,60,1624,28,62,172,0.3928,-1,-1,-1
496,59,1818,169,76,189,0.3396,-1,-1,-1
496,56,1624,323,60,186,0.6774,-1,-1,-1
496,52,809,606,85,247,0.7671,-1,-1,-1
496,47,1686,33,65,165,0.4665,-1,-1,-1
496,42,1732,188,68,177,0.6136,-1,-1,-1
496,39,792,142,70,175,0.3835,-1,-1,-1
496,34,1000,3,52,128,0.3931,-1,-1,-1
496,32,931,0,53,131,0.4003,-1,-1,-1
496,27,921,671,85,240,0.6927,-1,-1,-1
496,25,297,772,79,259,0.7716,-1,-1,-1
496,5,1545,607,85,224,0.4228,-1,-1,-1
496,4,1020,685,74,218,0.7043,-1,-1,-1
496,3,1021,936,82,144,0.6609,-1,-1,-1
496,2,1724,455,75,208,0.6073,-1,-1,-1
496,1,214,734,95,275,0.7752,-1,-1,-1
497,62,1640,592,93,211,0.3776,-1,-1,-1
497,60,1623,27,64,170,0.3554,-1,-1,-1
497,59,1819,171,81,190,0.4740,-1,-1,-1
497,56,1623,322,61,186,0.6081,-1,-1,-1
497,52,813,606,81,247,0.7613,-1,-1,-1
497,47,1687,33,61,163,0.4377,-1,-1,-1
497,42,1732,188,68,177,0.6215,-1,-1,-1
497,39,795,142,66,178,0.3512,-1,-1,-1
497,34,1000,2,52,130,0.4109,-1,-1,-1
497,32,931,0,54,132,0.4024,-1,-1,-1
497,27,923,673,84,242,0.7002,-1,-1,-1
497,25,295,773,81,257,0.7697,-1,-1,-1
497,5,1544,608,86,223,0.4231,-1,-1,-1
497,4,1022,687,74,220,0.6736,-1,-1,-1
497,3,1024,935,79,145,0.6619,-1,-1,-1
497,2,1726,454,73,210,0.5993,-1,-1,-1
497,1,213,735,97,273,0.7875,-1,-1,-1
498,62,1643,594,91,210,0.3622,-1,-1,-1
498,60,1623,27,58,168,0.3755,-1,-1,-1
498,59,1822,174,82,191,0.4825,-1,-1,-1
498,56,1623,320,60,189,0.5610,-1,-1,-1
498,52,814,606,80,247,0.7525,-1,-1,-1
498,47,1685,32,63,166,0.4168,-1,-1,-1
498,42,1732,188,68,176,0.6120,-1,-1,-1
498,39,791,143,69,178,0.3850,-1,-1,-1
498,34,1000,1,52,130,0.3809,-1,-1,-1
498,32,932,0,53,131,0.4262,-1,-1,-1
498,27,924,675,86,244,0.7075,-1,-1,-1
498,25,295,773,80,257,0.7784,-1,-1,-1
498,17,462,153,66,188,0.4248,-1,-1,-1
498,5,1545,606,84,225,0.5268,-1,-1,-1
498,4,1018,691,79,217,0.6342,-1,-1,-1
498,3,1024,937,79,143,0.6167,-1,-1,-1
498,2,1728,454,69,211,0.5311,-1,-1,-1
498,1,214,737,93,265,0.7694,-1,-1,-1
499,62,1649,597,84,194,0.4380,-1,-1,-1
499,60,1622,24,58,173,0.3681,-1,-1,-1
499,59,1822,177,84,188,0.5293,-1,-1,-1
499,56,1624,317,58,185,0.6400,-1,-1,-1
499,52,816,607,78,247,0.7512,-1,-1,-1
499,47,1685,32,60,169,0.3980,-1,-1,-1
499,42,1731,188,70,175,0.5574,-1,-1,-1
499,39,791,143,68,178,0.3796,-1,-1,-1
499,34,999,2,54,128,0.3723,-1,-1,-1
499,32,933,0,52,130,0.4297,-1,-1,-1
499,27,925,678,82,238,0.6816,-1,-1,-1
499,25,293,774,82,257,0.7857,-1,-1,-1
499,17,464,152,65,187,0.4112,-1,-1,-1
499,5,1543,606,85,226,0.5213,-1,-1,-1
499,4,1023,693,72,218,0.4580,-1,-1,-1
499,3,1025,936,78,144,0.5988,-1,-1,-1
499,2,1728,456,69,212,0.4685,-1,-1,-1
499,1,213,739,93,263,0.7725,-1,-1,-1
500,63,409,166,57,181,0.3581,-1,-1,-1
500,62,1658,599,77,208,0.5372,-1,-1,-1
500,60,1621,24,55,171,0.3427,-1,-1,-1
500,59,1823,179,86,189,0.5516,-1,-1,-1
500,56,1624,317,57,178,0.6037,-1,-1,-1
500,52,817,606,77,248,0.7245,-1,-1,-1
500,47,1682,28,65,171,0.3968,-1,-1,-1
500,42,1733,187,67,180,0.5185,-1,-1,-1
500,39,796,143,62,177,0.3508,-1,-1,-1
500,34,999,3,54,128,0.3419,-1,-1,-1
500,32,933,0,52,129,0.3984,-1,-1,-1
500,27,926,678,82,250,0.6937,-1,-1,-1
500,25,293,774,80,257,0.7671,-1,-1,-1
500,17,461,153,69,185,0.4011,-1,-1,-1
500,5,1543,610,83,222,0.4768,-1,-1,-1
500,4,1024,695,73,217,0.5640,-1,-1,-1
500,3,1026,936,77,144,0.6288,-1,-1,-1
500,2,1728,453,67,215,0.5058,-1,-1,-1
500,1,211,739,95,264,0.7568,-1,-1,-1
501,63,409,169,57,178,0.3765,-1,-1,-1
501,62,1663,597,74,216,0.5902,-1,-1,-1
501,59,1824,180,82,194,0.5397,-1,-1,-1
501,56,1623,313,58,179,0.5835,-1,-1,-1
501,53,1746,333,67,195,0.4428,-1,-1,-1
501,52,818,607,76,247,0.7250,-1,-1,-1
501,47,1682,27,60,175,0.3442,-1,-1,-1
501,42,1733,188,68,179,0.5313,-1,-1,-1
501,39,796,143,61,178,0.3928,-1,-1,-1
501,34,999,4,54,124,0.3273,-1,-1,-1
501,32,932,0,53,127,0.3057,-1,-1,-1
501,27,929,680,80,253,0.6651,-1,-1,-1
501,25,291,774,81,258,0.7605,-1,-1,-1
501,17,465,153,65,185,0.4097,-1,-1,-1
501,5,1544,614,83,218,0.5030,-1,-1,-1
501,4,1025,695,72,222,0.6187,-1,-1,-1
501,3,1027,936,77,144,0.5544,-1,-1,-1
501,2,1729,455,64,214,0.5630,-1,-1,-1
501,1,210,741,96,262,0.7721,-1,-1,-1
502,63,408,167,58,180,0.3867,-1,-1,-1
502,62,1662,594,69,221,0.5704,-1,-1,-1
502,59,1828,182,80,194,0.5183,-1,-1,-1
502,56,1622,313,56,171,0.3825,-1,-1,-1
502,53,1744,335,68,192,0.3953,-1,-1,-1
502,52,820,607,74,246,0.7136,-1,-1,-1
502,47,1681,27,62,168,0.3558,-1,-1,-1
502,42,1732,188,69,175,0.5919,-1,-1,-1
502,39,792,143,64,180,0.3610,-1,-1,-1
502,34,999,3,53,123,0.3648,-1,-1,-1
502,27,927,682,82,254,0.6776,-1,-1,-1
502,25,290,774,81,257,0.7591,-1,-1,-1
502,17,470,148,61,186,0.4189,-1,-1,-1
502,5,1541,611,86,222,0.5058,-1,-1,-1
502,4,1025,698,73,211,0.6362,-1,-1,-1
502,3,1028,935,77,145,0.6012,-1,-1,-1
502,2,1729,456,65,213,0.5874,-1,-1,-1
502,1,210,742,94,263,0.7861,-1,-1,-1
503,63,400,167,70,180,0.3917,-1,-1,-1
503,62,1669,604,65,208,0.5598,-1,-1,-1
503,59,1829,183,78,195,0.4746,-1,-1,-1
503,56,1621,308,58,179,0.4677,-1,-1,-1
503,53,1739,331,70,188,0.3320,-1,-1,-1
503,52,821,607,74,247,0.7097,-1,-1,-1
503,47,1679,27,61,165,0.3853,-1,-1,-1
503,42,1734,189,67,174,0.5796,-1,-1,-1
503,39,793,141,60,179,0.3625,-1,-1,-1
503,34,998,3,56,123,0.3584,-1,-1,-1
503,27,930,684,84,251,0.6664,-1,-1,-1
503,25,287,774,83,257,0.7813,-1,-1,-1
503,17,469,148,61,184,0.3728,-1,-1,-1
503,5,1538,614,89,217,0.4789,-1,-1,-1
503,4,1026,701,72,199,0.6198,-1,-1,-1
503,3,1028,934,79,146,0.6515,-1,-1,-1
503,2,1729,451,65,214,0.5688,-1,-1,-1
503,1,210,743,94,267,0.8052,-1,-1,-1
504,63,401,168,68,180,0.4072,-1,-1,-1
504,62,1670,607,66,205,0.3141,-1,-1,-1
504,60,1617,22,55,171,0.4189,-1,-1,-1
504,59,1830,183,85,197,0.5590,-1,-1,-1
504,53,1738,331,71,180,0.4312,-1,-1,-1
504,52,821,608,73,246,0.7240,-1,-1,-1
504,47,1678,26,59,164,0.4761,-1,-1,-1
504,42,1735,190,66,171,0.6211,-1,-1,-1
504,39,792,140,59,180,0.3143,-1,-1,-1
504,34,998,2,55,126,0.3410,-1,-1,-1
504,27,931,686,83,250,0.6795,-1,-1,-1
504,25,285,776,84,253,0.7763,-1,-1,-1
504,17,469,150,61,181,0.4843,-1,-1,-1
504,5,1537,609,90,220,0.5088,-1,-1,-1
504,4,1026,703,72,214,0.6134,-1,-1,-1
504,3,1032,932,76,148,0.6049,-1,-1,-1
504,2,1729,453,65,212,0.5736,-1,-1,-1
504,1,209,744,95,274,0.8385,-1,-1,-1
505,63,400,170,69,180,0.3704,-1,-1,-1
505,60,1616,20,58,171,0.4290,-1,-1,-1
505,59,1830,184,88,199,0.5804,-1,-1,-1
505,53,1735,336,71,164,0.4195,-1,-1,-1
505,52,823,607,72,247,0.7297,-1,-1,-1
505,47,1678,25,58,165,0.4988,-1,-1,-1
505,42,1738,191,63,169,0.6368,-1,-1,-1
505,39,796,143,54,176,0.3643,-1,-1,-1
505,27,933,686,83,249,0.6517,-1,-1,-1
505,25,281,777,88,252,0.7723,-1,-1,-1
505,17,469,150,63,177,0.5288,-1,-1,-1
505,5,1536,612,91,216,0.4792,-1,-1,-1
505,4,1028,705,71,213,0.6084,-1,-1,-1
505,3,1033,933,76,147,0.6337,-1,-1,-1
505,2,1729,454,64,211,0.5796,-1,-1,-1
505,1,208,746,95,278,0.8199,-1,-1,-1
506,63,400,171,69,185,0.3667,-1,-1,-1
506,60,1615,18,59,172,0.4118,-1,-1,-1
506,59,1830,185,87,198,0.6486,-1,-1,-1
506,53,1731,336,74,163,0.3751,-1,-1,-1
506,52,824,608,71,247,0.7143,-1,-1,-1
506,47,1678,24,56,166,0.5699,-1,-1,-1
506,42,1739,192,62,167,0.6432,-1,-1,-1
506,39,795,143,54,177,0.4035,-1,-1,-1
506,27,931,690,86,243,0.6696,-1,-1,-1
506,25,277,779,90,256,0.7820,-1,-1,-1
506,17,468,147,64,183,0.5856,-1,-1,-1
506,5,1532,615,96,215,0.4604,-1,-1,-1
506,4,1028,708,73,238,0.6460,-1,-1,-1
506,3,1035,934,74,146,0.6242,-1,-1,-1
506,2,1728,456,65,206,0.6014,-1,-1,-1
506,1,208,748,92,282,0.8129,-1,-1,-1
507,63,399,170,68,187,0.3416,-1,-1,-1
507,60,1614,17,60,171,0.4235,-1,-1,-1
507,59,1829,185,88,200,0.6287,-1,-1,-1
507,56,1619,304,57,185,0.5204,-1,-1,-1
507,53,1728,337,78,145,0.3126,-1,-1,-1
507,52,824,609,71,248,0.7088,-1,-1,-1
507,47,1678,23,56,166,0.6158,-1,-1,-1
507,42,1742,193,59,165,0.6429,-1,-1,-1
507,39,793,144,55,181,0.3564,-1,-1,-1
507,27,934,689,84,243,0.6733,-1,-1,-1
507,25,279,779,88,263,0.7876,-1,-1,-1
507,17,466,146,64,182,0.5708,-1,-1,-1
507,5,1533,613,96,217,0.4878,-1,-1,-1
507,4,1027,708,74,247,0.6521,-1,-1,-1
507,3,1037,937,74,143,0.6117,-1,-1,-1
507,2,1728,455,62,206,0.5324,-1,-1,-1
507,1,206,751,90,282,0.8022,-1,-1,-1
508,60,1612,15,61,170,0.4026,-1,-1,-1
508,59,1832,187,85,198,0.6635,-1,-1,-1
508,56,1617,304,58,185,0.6594,-1,-1,-1
508,54,882,0,55,122,0.4381,-1,-1,-1
508,53,1725,338,81,143,0.3717,-1,-1,-1
508,52,825,609,71,250,0.7275,-1,-1,-1
508,47,1676,22,58,167,0.5875,-1,-1,-1
508,42,1743,194,58,165,0.6664,-1,-1,-1
508,39,795,144,52,181,0.3846,-1,-1,-1
508,34,996,0,59,127,0.3504,-1,-1,-1
508,27,935,690,84,244,0.6425,-1,-1,-1
508,25,276,781,92,271,0.8102,-1,-1,-1
508,17,463,143,65,185,0.5092,-1,-1,-1
508,5,1532,614,96,217,0.4088,-1,-1,-1
508,4,1025,710,76,242,0.6206,-1,-1,-1
508,3,1038,937,74,143,0.6361,-1,-1,-1
508,2,1727,458,64,203,0.5318,-1,-1,-1
508,1,206,755,93,281,0.7989,-1,-1,-1
509,60,1613,11,61,172,0.4088,-1,-1,-1
509,59,1835,187,83,194,0.5612,-1,-1,-1
509,56,1619,304,55,183,0.5938,-1,-1,-1
509,54,882,0,55,123,0.4877,-1,-1,-1
509,53,1722,338,82,140,0.3503,-1,-1,-1
509,52,826,609,70,251,0.7332,-1,-1,-1
509,47,1676,21,59,166,0.5975,-1,-1,-1
509,42,1745,197,56,162,0.6178,-1,-1,-1
509,39,793,144,53,181,0.3860,-1,-1,-1
509,34,996,1,59,124,0.3387,-1,-1,-1
509,27,935,692,89,244,0.6401,-1,-1,-1
509,25,276,783,91,270,0.8222,-1,-1,-1
509,17,460,145,69,182,0.5142,-1,-1,-1
509,5,1532,613,97,217,0.4202,-1,-1,-1
509,4,1024,711,80,236,0.6603,-1,-1,-1
509,3,1039,937,75,143,0.6677,-1,-1,-1
509,2,1726,457,64,203,0.5311,-1,-1,-1
509,1,205,760,92,276,0.7957,-1,-1,-1
510,60,1612,11,59,171,0.3932,-1,-1,-1
510,59,1838,186,76,200,0.5137,-1,-1,-1
510,56,1620,303,53,188,0.6072,-1,-1,-1
510,54,882,0,55,121,0.4162,-1,-1,-1
510,53,1718,338,86,143,0.3902,-1,-1,-1
510,52,827,609,69,252,0.7229,-1,-1,-1
510,47,1676,21,58,165,0.5923,-1,-1,-1
510,42,1746,198,56,164,0.6156,-1,-1,-1
510,39,790,142,55,183,0.3434,-1,-1,-1
510,34,996,0,59,124,0.3015,-1,-1,-1
510,27,936,693,89,248,0.6937,-1,-1,-1
510,25,276,787,90,266,0.8125,-1,-1,-1
510,17,457,143,73,184,0.5233,-1,-1,-1
510,5,1531,611,102,218,0.3611,-1,-1,-1
510,4,1024,713,81,240,0.6605,-1,-1,-1
510,3,1040,937,77,143,0.7142,-1,-1,-1
510,2,1723,458,67,201,0.5627,-1,-1,-1
510,1,204,760,87,278,0.8074,-1,-1,-1
511,64,1492,0,55,132,0.4295,-1,-1,-1
511,60,1611,10,60,175,0.4253,-1,-1,-1
511,59,1839,190,74,195,0.4725,-1,-1,-1
511,56,1618,301,54,189,0.5874,-1,-1,-1
511,54,882,0,55,121,0.4261,-1,-1,-1
511,53,1717,337,84,139,0.3189,-1,-1,-1
511,52,827,610,70,251,0.7366,-1,-1,-1
511,47,1676,17,63,172,0.6520,-1,-1,-1
511,42,1747,199,56,166,0.5927,-1,-1,-1
511,39,783,143,60,183,0.3555,-1,-1,-1
511,34,995,1,58,120,0.3204,-1,-1,-1
511,27,939,695,91,256,0.7401,-1,-1,-1
511,25,279,792,85,264,0.8107,-1,-1,-1
511,17,457,142,75,185,0.5545,-1,-1,-1
511,5,1532,616,95,215,0.3575,-1,-1,-1
511,4,1028,713,77,218,0.7003,-1,-1,-1
511,3,1041,933,77,147,0.6866,-1,-1,-1
511,2,1724,456,65,204,0.5541,-1,-1,-1
511,1,203,761,87,277,0.8139,-1,-1,-1
512,64,1491,0,57,132,0.4287,-1,-1,-1
512,60,1611,10,61,174,0.4422,-1,-1,-1
512,59,1842,195,75,195,0.5383,-1,-1,-1
512,56,1618,304,53,185,0.6530,-1,-1,-1
512,54,883,0,54,121,0.4200,-1,-1,-1
512,53,1710,336,91,139,0.3646,-1,-1,-1
512,52,827,610,70,252,0.7129,-1,-1,-1
512,47,1674,18,66,171,0.6338,-1,-1,-1
512,42,1749,200,55,167,0.5937,-1,-1,-1
512,39,778,139,64,185,0.3535,-1,-1,-1
512,32,933,1,51,118,0.3112,-1,-1,-1
512,27,933,695,96,256,0.7424,-1,-1,-1
512,25,277,796,86,267,0.8069,-1,-1,-1
512,17,455,141,78,185,0.5607,-1,-1,-1
512,5,1535,615,93,216,0.3494,-1,-1,-1
512,4,1029,714,79,229,0.6988,-1,-1,-1
512,3,1041,928,79,152,0.6760,-1,-1,-1
512,2,1723,456,64,199,0.5646,-1,-1,-1
512,1,202,764,87,274,0.8008,-1,-1,-1
513,64,1491,0,56,133,0.4113,-1,-1,-1
513,60,1611,11,60,172,0.4069,-1,-1,-1
513,59,1843,198,76,193,0.6009,-1,-1,-1
513,56,1618,305,52,184,0.5940,-1,-1,-1
513,54,883,0,55,120,0.3812,-1,-1,-1
513,53,1703,336,95,141,0.3134,-1,-1,-1
513,52,829,610,68,252,0.6976,-1,-1,-1
513,47,1674,19,64,168,0.6003,-1,-1,-1
513,42,1750,201,55,170,0.5937,-1,-1,-1
513,39,778,137,64,185,0.3364,-1,-1,-1
513,32,933,1,51,118,0.3254,-1,-1,-1
513,27,937,697,90,254,0.7427,-1,-1,-1
513,25,276,798,85,270,0.7998,-1,-1,-1
513,17,454,142,78,185,0.4845,-1,-1,-1
513,4,1028,718,80,248,0.7084,-1,-1,-1
513,3,1041,929,79,151,0.7273,-1,-1,-1
513,2,1716,457,69,195,0.5833,-1,-1,-1
513,1,201,766,87,271,0.7875,-1,-1,-1
514,64,1491,0,55,134,0.4226,-1,-1,-1
514,60,1611,10,63,171,0.3501,-1,-1,-1
514,59,1843,200,76,192,0.6218,-1,-1,-1
514,56,1617,304,52,182,0.5769,-1,-1,-1
514,54,883,0,56,119,0.4140,-1,-1,-1
514,53,1703,335,93,142,0.3429,-1,-1,-1
514,52,827,611,70,251,0.6715,-1,-1,-1
514,47,1675,18,62,167,0.5581,-1,-1,-1
514,42,1752,201,54,171,0.5861,-1,-1,-1
514,39,781,134,59,186,0.3042,-1,-1,-1
514,32,933,1,52,118,0.3479,-1,-1,-1
514,27,936,699,92,257,0.7417,-1,-1,-1
514,25,274,799,84,266,0.7933,-1,-1,-1
514,17,454,139,77,188,0.4715,-1,-1,-1
514,4,1022,719,86,248,0.7081,-1,-1,-1
514,3,1042,926,78,154,0.7091,-1,-1,-1
514,2,1718,458,68,194,0.5732,-1,-1,-1
514,1,199,766,91,274,0.7890,-1,-1,-1
515,64,1490,0,56,134,0.4195,-1,-1,-1
515,62,1716,624,73,163,0.3039,-1,-1,-1
515,60,1611,9,63,174,0.3514,-1,-1,-1
515,59,1844,201,75,196,0.5555,-1,-1,-1
515,56,1612,302,54,182,0.5340,-1,-1,-1
515,54,884,0,53,119,0.3701,-1,-1,-1
515,53,1701,333,95,147,0.3465,-1,-1,-1
515,52,829,610,67,252,0.6507,-1,-1,-1
515,47,1675,19,61,167,0.5641,-1,-1,-1
515,42,1753,203,55,170,0.6220,-1,-1,-1
515,27,934,701,93,262,0.7278,-1,-1,-1
515,25,272,801,86,264,0.7955,-1,-1,-1
515,17,455,138,76,187,0.5067,-1,-1,-1
515,4,1015,721,94,244,0.6812,-1,-1,-1
515,3,1043,928,77,152,0.7555,-1,-1,-1
515,2,1722,458,63,198,0.5892,-1,-1,-1
515,1,199,767,92,273,0.8003,-1,-1,-1
516,65,283,122,62,172,0.3420,-1,-1,-1
516,64,1490,0,56,135,0.4715,-1,-1,-1
516,60,1611,8,62,177,0.3481,-1,-1,-1
516,59,1848,203,71,194,0.5194,-1,-1,-1
516,56,1610,300,53,183,0.3549,-1,-1,-1
516,54,885,0,53,119,0.3452,-1,-1,-1
516,53,1701,329,94,148,0.3418,-1,-1,-1
516,52,830,610,66,252,0.6464,-1,-1,-1
516,47,1674,19,59,168,0.5662,-1,-1,-1
516,42,1755,203,56,177,0.6394,-1,-1,-1
516,27,937,705,91,260,0.7365,-1,-1,-1
516,25,271,801,85,264,0.8019,-1,-1,-1
516,17,456,135,74,187,0.5275,-1,-1,-1
516,4,1026,722,82,247,0.6597,-1,-1,-1
516,3,1045,929,75,151,0.7369,-1,-1,-1
516,2,1721,457,65,204,0.6602,-1,-1,-1
516,1,197,771,91,271,0.7939,-1,-1,-1
517,65,283,122,63,172,0.3053,-1,-1,-1
517,64,1490,0,56,135,0.4866,-1,-1,-1
517,63,390,180,62,188,0.4022,-1,-1,-1
517,59,1845,207,74,191,0.5737,-1,-1,-1
517,56,1607,299,55,188,0.5009,-1,-1,-1
517,54,884,0,54,119,0.3308,-1,-1,-1
517,53,1701,313,94,174,0.4133,-1,-1,-1
517,52,830,612,67,248,0.6659,-1,-1,-1
517,47,1674,18,58,169,0.5152,-1,-1,-1
517,42,1755,202,59,183,0.5952,-1,-1,-1
517,27,935,708,94,263,0.7337,-1,-1,-1
517,25,271,803,84,264,0.7957,-1,-1,-1
517,17,457,133,74,188,0.5380,-1,-1,-1
517,4,1039,724,68,244,0.6458,-1,-1,-1
517,3,1045,928,74,152,0.7101,-1,-1,-1
517,2,1724,457,63,207,0.6394,-1,-1,-1
517,1,194,773,93,269,0.7844,-1,-1,-1
518,65,282,122,64,171,0.3159,-1,-1,-1
518,64,1489,0,56,136,0.4511,-1,-1,-1
518,63,390,182,63,187,0.4577,-1,-1,-1
518,59,1846,210,73,188,0.5345,-1,-1,-1
518,54,884,0,53,119,0.3440,-1,-1,-1
518,53,1702,310,91,190,0.3705,-1,-1,-1
518,52,830,614,66,247,0.6740,-1,-1,-1
518,47,1672,17,57,168,0.4877,-1,-1,-1
518,42,1757,203,57,183,0.5944,-1,-1,-1
518,27,940,710,92,264,0.7165,-1,-1,-1
518,25,269,803,85,264,0.8160,-1,-1,-1
518,17,459,135,69,183,0.5664,-1,-1,-1
518,4,1036,726,72,240,0.6549,-1,-1,-1
518,3,1045,927,73,153,0.7374,-1,-1,-1
518,2,1722,456,63,205,0.6781,-1,-1,-1
518,1,192,773,94,270,0.7726,-1,-1,-1
519,64,1488,0,56,136,0.4354,-1,-1,-1
519,63,389,184,64,187,0.3932,-1,-1,-1
519,62,1732,628,78,192,0.3883,-1,-1,-1
519,59,1849,211,70,188,0.4944,-1,-1,-1
519,53,1710,322,84,167,0.4210,-1,-1,-1
519,52,830,612,65,247,0.6729,-1,-1,-1
519,47,1672,15,56,166,0.4864,-1,-1,-1
519,42,1759,203,58,185,0.5519,-1,-1,-1
519,27,939,711,93,264,0.7229,-1,-1,-1
519,25,269,805,84,262,0.8003,-1,-1,-1
519,17,461,133,68,180,0.4914,-1,-1,-1
519,4,1036,730,73,238,0.6437,-1,-1,-1
519,3,1045,925,73,155,0.7420,-1,-1,-1
519,2,1719,457,66,207,0.6663,-1,-1,-1
519,1,189,774,97,270,0.7580,-1,-1,-1
520,64,1487,0,56,136,0.3690,-1,-1,-1
520,63,389,185,63,186,0.4084,-1,-1,-1
520,62,1739,630,75,161,0.3937,-1,-1,-1
520,59,1852,211,67,187,0.4797,-1,-1,-1
520,53,1711,318,85,174,0.4871,-1,-1,-1
520,52,830,612,66,248,0.6749,-1,-1,-1
520,47,1671,14,58,163,0.5462,-1,-1,-1
520,42,1759,201,60,181,0.5273,-1,-1,-1
520,27,943,713,91,265,0.7264,-1,-1,-1
520,25,268,808,83,263,0.8080,-1,-1,-1
520,17,466,129,61,179,0.4348,-1,-1,-1
520,4,1039,732,72,226,0.6335,-1,-1,-1
520,3,1045,923,74,157,0.7272,-1,-1,-1
520,2,1718,456,67,211,0.6841,-1,-1,-1
520,1,189,775,96,271,0.7646,-1,-1,-1
521,64,1487,0,55,135,0.3317,-1,-1,-1
521,62,1739,631,81,224,0.6370,-1,-1,-1
521,59,1858,209,61,192,0.5288,-1,-1,-1
521,56,1608,290,46,170,0.3455,-1,-1,-1
521,53,1711,311,84,181,0.4505,-1,-1,-1
521,52,830,612,65,248,0.6860,-1,-1,-1
521,47,1671,13,58,163,0.5502,-1,-1,-1
521,42,1761,203,60,179,0.5332,-1,-1,-1
521,27,946,716,87,260,0.6946,-1,-1,-1
521,25,268,811,82,263,0.7949,-1,-1,-1
521,17,466,123,60,184,0.4647,-1,-1,-1
521,4,1036,735,76,233,0.6886,-1,-1,-1
521,3,1045,925,74,155,0.7075,-1,-1,-1
521,2,1718,456,67,211,0.6844,-1,-1,-1
521,1,188,776,96,272,0.7689,-1,-1,-1
522,64,1487,0,55,135,0.3328,-1,-1,-1
522,62,1742,631,82,224,0.5664,-1,-1,-1
522,59,1859,207,60,195,0.5239,-1,-1,-1
522,56,1600,288,55,188,0.4479,-1,-1,-1
522,53,1713,312,80,179,0.5314,-1,-1,-1
522,52,828,608,65,253,0.6471,-1,-1,-1
522,47,1670,15,57,160,0.5134,-1,-1,-1
522,42,1763,204,60,176,0.5769,-1,-1,-1
522,27,952,718,83,259,0.7086,-1,-1,-1
522,25,268,812,81,262,0.7969,-1,-1,-1
522,17,465,123,63,186,0.4508,-1,-1,-1
522,4,1040,738,74,226,0.6595,-1,-1,-1
522,3,1045,928,73,152,0.7115,-1,-1,-1
522,2,1717,455,68,210,0.6638,-1,-1,-1
522,1,186,778,97,272,0.7576,-1,-1,-1
523,65,282,119,62,176,0.3511,-1,-1,-1
523,64,1486,0,55,136,0.4396,-1,-1,-1
523,62,1744,635,84,222,0.6092,-1,-1,-1
523,59,1857,206,62,200,0.5430,-1,-1,-1
523,56,1603,287,51,184,0.5360,-1,-1,-1
523,53,1711,313,76,178,0.5302,-1,-1,-1
523,52,827,607,65,254,0.6557,-1,-1,-1
523,47,1670,17,58,159,0.5169,-1,-1,-1
523,42,1766,206,61,174,0.6173,-1,-1,-1
523,27,951,718,86,259,0.6626,-1,-1,-1
523,25,266,816,82,260,0.7949,-1,-1,-1
523,17,467,117,60,188,0.4361,-1,-1,-1
523,4,1043,738,72,229,0.6200,-1,-1,-1
523,3,1045,928,72,152,0.6766,-1,-1,-1
523,2,1718,457,68,208,0.6742,-1,-1,-1
523,1,186,778,99,276,0.7662,-1,-1,-1
524,65,282,118,62,178,0.3604,-1,-1,-1
524,64,1486,0,55,135,0.4916,-1,-1,-1
524,62,1747,642,85,218,0.5523,-1,-1,-1
524,59,1861,207,58,200,0.4941,-1,-1,-1
524,56,1602,284,50,184,0.4640,-1,-1,-1
524,54,883,0,55,115,0.3826,-1,-1,-1
524,53,1711,310,74,190,0.5552,-1,-1,-1
524,52,826,606,66,255,0.6720,-1,-1,-1
524,47,1669,14,60,159,0.4868,-1,-1,-1
524,42,1766,207,63,173,0.6538,-1,-1,-1
524,32,934,0,48,113,0.3736,-1,-1,-1
524,27,951,719,86,256,0.6605,-1,-1,-1
524,25,266,817,83,262,0.8075,-1,-1,-1
524,17,467,119,60,187,0.4157,-1,-1,-1
524,4,1042,741,75,227,0.6414,-1,-1,-1
524,3,1044,936,71,144,0.6749,-1,-1,-1
524,2,1718,457,68,207,0.6997,-1,-1,-1
524,1,189,782,94,275,0.7547,-1,-1,-1
525,65,280,121,65,173,0.3438,-1,-1,-1
525,64,1486,0,55,136,0.4972,-1,-1,-1
525,62,1752,646,79,171,0.5323,-1,-1,-1
525,59,1861,214,58,195,0.4241,-1,-1,-1
525,54,883,0,54,113,0.3658,-1,-1,-1
525,53,1708,308,72,190,0.5454,-1,-1,-1
525,52,825,606,67,256,0.6925,-1,-1,-1
525,47,1669,16,60,156,0.5022,-1,-1,-1
525,42,1768,209,62,175,0.6709,-1,-1,-1
525,32,934,1,47,108,0.3263,-1,-1,-1
525,27,952,719,87,255,0.6263,-1,-1,-1
525,25,266,819,83,261,0.7900,-1,-1,-1
525,17,467,120,60,186,0.4381,-1,-1,-1
525,4,1045,742,74,203,0.6353,-1,-1,-1
525,3,1044,936,71,144,0.6595,-1,-1,-1
525,2,1718,458,69,207,0.6971,-1,-1,-1
525,1,187,784,96,276,0.7546,-1,-1,-1
526,65,281,122,63,172,0.3699,-1,-1,-1
526,64,1484,0,57,136,0.5171,-1,-1,-1
526,62,1759,648,76,158,0.5014,-1,-1,-1
526,59,1868,219,51,192,0.4280,-1,-1,-1
526,54,883,0,54,113,0.4025,-1,-1,-1
526,53,1708,305,71,197,0.4445,-1,-1,-1
526,52,825,605,66,256,0.7006,-1,-1,-1
526,47,1668,13,60,159,0.4951,-1,-1,-1
526,42,1767,209,64,175,0.6842,-1,-1,-1
526,32,934,1,48,106,0.3901,-1,-1,-1
526,27,956,720,84,253,0.4926,-1,-1,-1
526,25,265,821,84,259,0.7855,-1,-1,-1
526,17,467,121,60,185,0.4455,-1,-1,-1
526,4,1046,743,74,223,0.5252,-1,-1,-1
526,3,1044,934,70,146,0.6574,-1,-1,-1
526,2,1715,456,72,207,0.7120,-1,-1,-1
526,1,189,786,93,279,0.7498,-1,-1,-1
527,65,282,122,62,170,0.3868,-1,-1,-1
527,64,1484,0,57,136,0.5460,-1,-1,-1
527,63,381,193,67,191,0.4009,-1,-1,-1
527,62,1761,650,77,158,0.3195,-1,-1,-1
527,59,1870,221,49,192,0.4168,-1,-1,-1
527,54,884,0,53,113,0.4105,-1,-1,-1
527,53,1707,305,72,197,0.3410,-1,-1,-1
527,52,825,605,66,255,0.6930,-1,-1,-1
527,47,1668,10,61,162,0.4434,-1,-1,-1
527,42,1767,210,65,174,0.7070,-1,-1,-1
527,32,934,1,47,105,0.3764,-1,-1,-1
527,27,958,721,83,254,0.5429,-1,-1,-1
527,25,264,823,84,257,0.7791,-1,-1,-1
527,17,467,121,59,185,0.4220,-1,-1,-1
527,4,1046,743,79,224,0.5180,-1,-1,-1
527,3,1044,928,69,152,0.6406,-1,-1,-1
527,2,1715,456,73,207,0.7117,-1,-1,-1
527,1,187,785,97,282,0.7586,-1,-1,-1
528,65,282,123,63,169,0.3752,-1,-1,-1
528,64,1483,0,58,136,0.4835,-1,-1,-1
528,63,386,194,62,191,0.4148,-1,-1,-1
528,59,1869,222,50,193,0.3731,-1,-1,-1
528,54,884,0,52,114,0.3670,-1,-1,-1
528,53,1701,306,75,186,0.4118,-1,-1,-1
528,52,823,603,67,256,0.6770,-1,-1,-1
528,47,1667,9,61,162,0.4605,-1,-1,-1
528,42,1768,212,64,168,0.7006,-1,-1,-1
528,32,934,1,47,106,0.3397,-1,-1,-1
528,27,958,723,84,258,0.5486,-1,-1,-1
528,25,264,826,84,254,0.7693,-1,-1,-1
528,17,467,122,60,185,0.4387,-1,-1,-1
528,4,1048,744,79,223,0.5459,-1,-1,-1
528,3,1043,925,69,155,0.6712,-1,-1,-1
528,2,1715,456,74,208,0.6963,-1,-1,-1
528,1,189,786,92,283,0.7285,-1,-1,-1
529,65,281,120,64,173,0.3599,-1,-1,-1
529,64,1483,0,58,136,0.4875,-1,-1,-1
529,63,377,195,72,195,0.4106,-1,-1,-1
529,61,175,315,56,192,0.3396,-1,-1,-1
529,59,1869,224,50,192,0.4671,-1,-1,-1
529,54,883,0,53,115,0.4106,-1,-1,-1
529,53,1695,302,79,190,0.3626,-1,-1,-1
529,52,823,603,64,254,0.7102,-1,-1,-1
529,47,1667,9,60,160,0.3907,-1,-1,-1
529,42,1768,212,64,169,0.6983,-1,-1,-1
529,32,934,0,47,108,0.3532,-1,-1,-1
529,27,960,724,88,265,0.5562,-1,-1,-1
529,25,264,829,83,251,0.7574,-1,-1,-1
529,17,467,125,60,181,0.3928,-1,-1,-1
529,4,1048,745,81,224,0.6131,-1,-1,-1
529,3,1041,926,71,154,0.6772,-1,-1,-1
529,2,1716,459,73,207,0.7022,-1,-1,-1
529,1,191,788,89,282,0.7132,-1,-1,-1
530,65,282,119,62,173,0.4007,-1,-1,-1
530,64,1484,0,57,136,0.4747,-1,-1,-1
530,63,378,194,71,196,0.4455,-1,-1,-1
530,61,175,312,57,197,0.3687,-1,-1,-1
530,59,1870,221,49,197,0.4408,-1,-1,-1
530,54,882,0,54,114,0.4021,-1,-1,-1
530,53,1693,302,80,185,0.4981,-1,-1,-1
530,52,820,603,68,254,0.7216,-1,-1,-1
530,47,1666,9,61,161,0.4057,-1,-1,-1
530,42,1767,213,67,171,0.6864,-1,-1,-1
530,32,934,0,48,107,0.3588,-1,-1,-1
530,27,961,728,86,261,0.6404,-1,-1,-1
530,25,263,829,84,251,0.7553,-1,-1,-1
530,17,465,123,62,181,0.4076,-1,-1,-1
530,4,1048,747,83,226,0.6126,-1,-1,-1
530,3,1039,929,71,151,0.6387,-1,-1,-1
530,2,1717,459,72,207,0.7094,-1,-1,-1
530,1,191,789,86,283,0.6992,-1,-1,-1
531,65,281,120,63,174,0.4000,-1,-1,-1
531,64,1484,0,57,136,0.4873,-1,-1,-1
531,63,372,193,78,198,0.4601,-1,-1,-1
531,62,1778,654,112,214,0.3873,-1,-1,-1
531,61,174,311,59,200,0.3798,-1,-1,-1
531,59,1869,223,50,199,0.3661,-1,-1,-1
531,54,881,0,55,113,0.3635,-1,-1,-1
531,53,1694,301,79,187,0.5110,-1,-1,-1
531,52,818,601,70,257,0.7466,-1,-1,-1
531,47,1666,7,61,162,0.4288,-1,-1,-1
531,42,1767,215,67,168,0.6748,-1,-1,-1
531,32,934,0,47,105,0.3753,-1,-1,-1
531,27,959,732,89,258,0.6239,-1,-1,-1
531,25,263,830,83,250,0.7562,-1,-1,-1
531,17,466,123,61,180,0.3682,-1,-1,-1
531,4,1052,749,80,222,0.6120,-1,-1,-1
531,3,1037,930,73,150,0.5754,-1,-1,-1
531,2,1716,458,74,209,0.7129,-1,-1,-1
531,1,192,789,86,283,0.6966,-1,-1,-1
532,65,281,118,63,175,0.3898,-1,-1,-1
532,64,1484,0,57,137,0.4814,-1,-1,-1
532,63,372,192,78,197,0.4017,-1,-1,-1
532,61,174,308,59,200,0.4030,-1,-1,-1
532,59,1869,222,50,204,0.3768,-1,-1,-1
532,53,1697,301,74,189,0.5669,-1,-1,-1
532,52,816,601,69,256,0.7437,-1,-1,-1
532,47,1664,6,61,162,0.4629,-1,-1,-1
532,42,1767,217,69,166,0.6832,-1,-1,-1
532,32,934,0,47,105,0.4381,-1,-1,-1
532,27,961,736,92,257,0.7099,-1,-1,-1
532,25,263,830,82,250,0.7864,-1,-1,-1
532,17,466,123,61,179,0.3795,-1,-1,-1
532,4,1057,751,77,206,0.6328,-1,-1,-1
532,3,1038,932,72,148,0.6319,-1,-1,-1
532,2,1715,456,74,208,0.7191,-1,-1,-1
532,1,192,790,90,282,0.7208,-1,-1,-1
533,65,282,117,63,177,0.4104,-1,-1,-1
533,64,1484,0,57,136,0.4719,-1,-1,-1
533,63,374,190,76,200,0.4131,-1,-1,-1
533,61,177,313,56,187,0.3747,-1,-1,-1
533,59,1869,225,50,208,0.3926,-1,-1,-1
533,53,1698,301,72,188,0.5141,-1,-1,-1
533,52,811,602,69,254,0.7612,-1,-1,-1
533,47,1664,8,58,162,0.4943,-1,-1,-1
533,42,1766,219,71,169,0.6819,-1,-1,-1
533,32,933,0,48,105,0.3962,-1,-1,-1
533,27,964,738,91,253,0.6817,-1,-1,-1
533,25,262,830,83,250,0.8019,-1,-1,-1
533,17,467,122,60,178,0.3312,-1,-1,-1
533,4,1053,755,83,207,0.6027,-1,-1,-1
533,3,1039,935,71,145,0.6510,-1,-1,-1
533,2,1718,460,73,205,0.7148,-1,-1,-1
533,1,190,792,89,278,0.7376,-1,-1,-1
534,65,282,117,63,177,0.4039,-1,-1,-1
534,64,1484,0,57,136,0.4722,-1,-1,-1
534,63,377,189,72,201,0.4416,-1,-1,-1
534,61,176,314,57,185,0.3905,-1,-1,-1
534,59,1872,225,47,207,0.3239,-1,-1,-1
534,53,1698,300,68,189,0.5587,-1,-1,-1
534,52,808,601,71,257,0.7811,-1,-1,-1
534,47,1664,3,63,165,0.5041,-1,-1,-1
534,42,1766,220,72,171,0.6404,-1,-1,-1
534,32,934,0,48,104,0.3417,-1,-1,-1
534,27,966,740,93,252,0.6849,-1,-1,-1
534,25,261,832,84,248,0.7834,-1,-1,-1
534,17,467,121,60,177,0.3404,-1,-1,-1
534,4,1062,756,73,199,0.5305,-1,-1,-1
534,3,1038,941,70,139,0.3779,-1,-1,-1
534,2,1714,457,76,208,0.7162,-1,-1,-1
534,1,191,793,89,276,0.7521,-1,-1,-1
535,65,282,117,62,177,0.3921,-1,-1,-1
535,64,1485,0,56,136,0.4812,-1,-1,-1
535,63,386,197,65,196,0.4203,-1,-1,-1
535,61,178,315,56,182,0.3912,-1,-1,-1
535,59,1874,231,45,201,0.3550,-1,-1,-1
535,53,1697,297,67,191,0.4501,-1,-1,-1
535,52,803,600,74,252,0.8089,-1,-1,-1
535,47,1662,3,65,165,0.5055,-1,-1,-1
535,42,1766,223,73,170,0.6580,-1,-1,-1
535,27,971,742,85,251,0.6665,-1,-1,-1
535,25,262,832,82,248,0.7738,-1,-1,-1
535,4,1064,759,73,203,0.4305,-1,-1,-1
535,3,1034,943,75,137,0.4007,-1,-1,-1
535,2,1714,457,76,208,0.7086,-1,-1,-1
535,1,192,794,89,277,0.7629,-1,-1,-1
536,65,281,113,63,181,0.3824,-1,-1,-1
536,64,1485,0,56,136,0.5030,-1,-1,-1
536,63,383,191,71,201,0.4291,-1,-1,-1
536,61,177,311,57,186,0.3716,-1,-1,-1
536,59,1876,237,43,194,0.3018,-1,-1,-1
536,53,1693,296,66,194,0.5221,-1,-1,-1
536,52,801,600,73,249,0.7736,-1,-1,-1
536,47,1662,5,63,160,0.5168,-1,-1,-1
536,42,1767,224,71,169,0.6595,-1,-1,-1
536,27,975,744,82,253,0.6720,-1,-1,-1
536,25,262,834,81,246,0.7632,-1,-1,-1
536,4,1060,762,79,219,0.5676,-1,-1,-1
536,2,1717,459,71,205,0.7046,-1,-1,-1
536,1,192,794,91,282,0.7693,-1,-1,-1
537,65,282,113,62,182,0.3834,-1,-1,-1
537,64,1485,0,56,136,0.5323,-1,-1,-1
537,63,381,187,72,204,0.4481,-1,-1,-1
537,61,178,308,56,190,0.3397,-1,-1,-1
537,53,1692,296,66,192,0.5555,-1,-1,-1
537,52,798,600,75,256,0.7845,-1,-1,-1
537,47,1663,4,59,158,0.4930,-1,-1,-1
537,42,1770,224,69,171,0.6558,-1,-1,-1
537,27,975,745,84,251,0.6787,-1,-1,-1
537,25,262,835,80,244,0.7586,-1,-1,-1
537,4,1058,763,82,221,0.5837,-1,-1,-1
537,2,1716,458,74,210,0.7200,-1,-1,-1
537,1,191,795,92,283,0.7694,-1,-1,-1
538,65,283,112,61,182,0.3505,-1,-1,-1
538,64,1486,0,56,136,0.5075,-1,-1,-1
538,63,386,194,68,197,0.4133,-1,-1,-1
538,61,178,308,57,190,0.4539,-1,-1,-1
538,53,1689,295,66,194,0.5364,-1,-1,-1
538,52,796,599,78,256,0.7779,-1,-1,-1
538,47,1659,2,63,159,0.4537,-1,-1,-1
538,42,1771,225,66,168,0.6539,-1,-1,-1
538,27,978,746,85,249,0.6972,-1,-1,-1
538,25,261,842,80,237,0.7542,-1,-1,-1
538,17,465,116,60,171,0.3275,-1,-1,-1
538,4,1051,763,89,219,0.6170,-1,-1,-1
538,2,1716,457,74,210,0.7234,-1,-1,-1
538,1,191,798,92,282,0.7673,-1,-1,-1
539,65,281,111,63,183,0.3821,-1,-1,-1
539,64,1486,0,57,136,0.5203,-1,-1,-1
539,63,381,180,71,212,0.4267,-1,-1,-1
539,61,178,307,58,192,0.3023,-1,-1,-1
539,54,878,0,55,113,0.3844,-1,-1,-1
539,53,1688,293,64,196,0.4943,-1,-1,-1
539,52,795,600,77,254,0.7592,-1,-1,-1
539,47,1658,2,64,158,0.4222,-1,-1,-1
539,42,1774,225,64,167,0.6357,-1,-1,-1
539,27,981,747,83,244,0.7030,-1,-1,-1
539,25,260,844,80,235,0.7324,-1,-1,-1
539,17,462,111,61,176,0.3508,-1,-1,-1
539,4,1059,764,82,215,0.5832,-1,-1,-1
539,2,1715,457,75,211,0.7048,-1,-1,-1
539,1,193,801,92,279,0.7759,-1,-1,-1
540,65,282,110,61,184,0.3785,-1,-1,-1
540,64,1486,0,57,136,0.4929,-1,-1,-1
540,63,387,186,63,206,0.4508,-1,-1,-1
540,61,177,306,60,193,0.3951,-1,-1,-1
540,54,878,0,55,112,0.4058,-1,-1,-1
540,53,1684,292,69,195,0.4447,-1,-1,-1
540,52,792,599,79,253,0.7803,-1,-1,-1
540,47,1658,2,60,157,0.4500,-1,-1,-1
540,42,1776,222,64,173,0.6301,-1,-1,-1
540,27,981,748,85,241,0.7231,-1,-1,-1
540,25,258,848,81,231,0.7604,-1,-1,-1
540,17,458,108,65,178,0.4481,-1,-1,-1
540,4,1058,766,84,213,0.6532,-1,-1,-1
540,3,1018,937,91,143,0.4646,-1,-1,-1
540,2,1717,458,71,204,0.7268,-1,-1,-1
540,1,193,802,93,278,0.7998,-1,-1,-1
541,65,283,113,61,181,0.3145,-1,-1,-1
541,64,1487,0,56,136,0.3574,-1,-1,-1
541,63,389,190,60,204,0.4463,-1,-1,-1
541,61,179,307,60,188,0.4801,-1,-1,-1
541,54,877,0,54,111,0.3408,-1,-1,-1
541,53,1678,288,73,200,0.4770,-1,-1,-1
541,52,792,599,78,251,0.7727,-1,-1,-1
541,47,1657,3,58,154,0.4015,-1,-1,-1
541,42,1778,223,63,172,0.6165,-1,-1,-1
541,27,981,749,86,238,0.7301,-1,-1,-1
541,25,260,852,80,227,0.7740,-1,-1,-1
541,17,456,111,65,174,0.4325,-1,-1,-1
541,4,1054,766,88,220,0.6508,-1,-1,-1
541,3,1018,935,90,145,0.4566,-1,-1,-1
541,2,1716,458,73,204,0.7165,-1,-1,-1
541,1,197,808,89,272,0.8031,-1,-1,-1
542,65,283,108,61,185,0.3630,-1,-1,-1
542,64,1487,0,56,136,0.4093,-1,-1,-1
542,63,389,197,59,199,0.4690,-1,-1,-1
542,61,180,306,60,189,0.4463,-1,-1,-1
542,54,875,0,55,112,0.3639,-1,-1,-1
542,53,1673,286,78,201,0.5332,-1,-1,-1
542,52,790,598,78,251,0.7795,-1,-1,-1
542,47,1657,1,56,155,0.4774,-1,-1,-1
542,42,1778,226,62,168,0.6044,-1,-1,-1
542,32,933,0,48,101,0.3372,-1,-1,-1
542,27,987,750,79,236,0.6957,-1,-1,-1
542,25,260,856,78,223,0.7655,-1,-1,-1
542,17,456,108,64,176,0.4578,-1,-1,-1
542,4,1063,769,80,210,0.6327,-1,-1,-1
542,3,1017,936,92,144,0.4691,-1,-1,-1
542,2,1714,456,75,212,0.7281,-1,-1,-1
542,1,200,810,86,269,0.7784,-1,-1,-1
543,65,282,109,62,183,0.3503,-1,-1,-1
543,64,1488,0,55,136,0.4338,-1,-1,-1
543,63,391,213,55,183,0.4422,-1,-1,-1
543,61,176,307,65,188,0.4023,-1,-1,-1
543,54,874,0,54,111,0.3830,-1,-1,-1
543,53,1670,285,83,203,0.5901,-1,-1,-1
543,52,786,598,82,252,0.7720,-1,-1,-1
543,47,1657,2,57,155,0.4656,-1,-1,-1
543,42,1781,227,61,170,0.6019,-1,-1,-1
543,32,933,0,49,100,0.3207,-1,-1,-1
543,27,988,751,83,229,0.6514,-1,-1,-1
543,25,261,859,76,221,0.7471,-1,-1,-1
543,17,456,105,65,178,0.4114,-1,-1,-1
543,4,1062,770,83,229,0.6499,-1,-1,-1
543,3,1007,937,102,143,0.3960,-1,-1,-1
543,2,1714,457,76,211,0.7171,-1,-1,-1
543,1,202,810,85,268,0.7868,-1,-1,-1
544,65,282,104,62,189,0.3392,-1,-1,-1
544,64,1488,0,57,136,0.4220,-1,-1,-1
544,63,392,193,54,205,0.4244,-1,-1,-1
544,61,176,303,67,192,0.3356,-1,-1,-1
544,54,874,0,54,110,0.3250,-1,-1,-1
544,53,1669,284,85,204,0.5768,-1,-1,-1
544,52,779,598,88,252,0.7396,-1,-1,-1
544,47,1657,1,58,155,0.4311,-1,-1,-1
544,42,1781,226,62,175,0.6577,-1,-1,-1
544,32,933,0,50,96,0.3086,-1,-1,-1
544,27,987,753,86,236,0.6970,-1,-1,-1
544,25,261,861,76,219,0.7276,-1,-1,-1
544,17,455,104,66,179,0.4269,-1,-1,-1
544,4,1061,770,85,228,0.6753,-1,-1,-1
544,3,1015,937,94,143,0.4186,-1,-1,-1
544,2,1712,456,77,212,0.7203,-1,-1,-1
544,1,204,811,84,267,0.7672,-1,-1,-1
545,65,282,115,62,180,0.3249,-1,-1,-1
545,64,1487,0,58,136,0.4720,-1,-1,-1
545,63,389,213,56,186,0.5299,-1,-1,-1
545,61,177,302,68,194,0.3796,-1,-1,-1
545,54,872,0,55,110,0.3883,-1,-1,-1
545,53,1666,285,85,202,0.5797,-1,-1,-1
545,52,775,598,91,252,0.7483,-1,-1,-1
545,47,1657,1,58,154,0.4642,-1,-1,-1
545,42,1784,227,59,177,0.6826,-1,-1,-1
545,32,934,0,49,97,0.3199,-1,-1,-1
545,27,986,756,90,231,0.7194,-1,-1,-1
545,25,257,863,79,217,0.7259,-1,-1,-1
545,17,453,105,67,179,0.3881,-1,-1,-1
545,4,1062,772,86,229,0.7285,-1,-1,-1
545,3,1014,938,95,142,0.4845,-1,-1,-1
545,2,1711,456,79,212,0.7172,-1,-1,-1
545,1,205,813,84,265,0.7283,-1,-1,-1
546,65,282,110,62,183,0.3361,-1,-1,-1
546,64,1489,0,57,136,0.4970,-1,-1,-1
546,63,391,211,55,192,0.4683,-1,-1,-1
546,61,176,302,71,194,0.4353,-1,-1,-1
546,54,872,0,54,110,0.4251,-1,-1,-1
546,53,1663,285,86,200,0.5809,-1,-1,-1
546,52,771,598,94,252,0.7473,-1,-1,-1
546,47,1656,2,58,152,0.4351,-1,-1,-1
546,42,1786,228,57,177,0.6579,-1,-1,-1
546,32,933,0,52,96,0.3006,-1,-1,-1
546,27,983,758,94,232,0.6808,-1,-1,-1
546,25,254,865,80,215,0.7186,-1,-1,-1
546,4,1064,771,87,236,0.6792,-1,-1,-1
546,3,1018,938,91,142,0.5339,-1,-1,-1
546,2,1711,456,79,212,0.7122,-1,-1,-1
546,1,208,814,80,263,0.6734,-1,-1,-1
547,65,282,116,62,177,0.3551,-1,-1,-1
547,64,1488,0,58,136,0.5114,-1,-1,-1
547,63,388,216,57,192,0.5805,-1,-1,-1
547,61,179,299,68,196,0.3034,-1,-1,-1
547,54,872,0,53,110,0.4693,-1,-1,-1
547,53,1660,284,89,197,0.5587,-1,-1,-1
547,52,769,598,95,253,0.7711,-1,-1,-1
547,47,1657,2,56,152,0.4908,-1,-1,-1
547,42,1788,229,56,175,0.5920,-1,-1,-1
547,32,934,0,50,96,0.3653,-1,-1,-1
547,27,991,762,87,223,0.6953,-1,-1,-1
547,25,253,867,81,213,0.7248,-1,-1,-1
547,4,1068,775,83,235,0.6876,-1,-1,-1
547,3,1026,938,83,142,0.5461,-1,-1,-1
547,2,1711,457,78,210,0.7035,-1,-1,-1
547,1,209,815,79,262,0.6581,-1,-1,-1
548,65,279,102,64,193,0.3533,-1,-1,-1
548,64,1489,1,57,136,0.4982,-1,-1,-1
548,63,386,214,59,195,0.5881,-1,-1,-1
548,61,178,298,70,196,0.3906,-1,-1,-1
548,54,872,0,53,110,0.4400,-1,-1,-1
548,53,1658,285,90,198,0.6168,-1,-1,-1
548,52,767,597,96,253,0.7719,-1,-1,-1
548,47,1657,1,58,155,0.4870,-1,-1,-1
548,42,1789,231,60,177,0.5738,-1,-1,-1
548,27,990,766,89,225,0.7254,-1,-1,-1
548,25,252,869,79,211,0.6978,-1,-1,-1
548,4,1060,780,94,240,0.7491,-1,-1,-1
548,3,1025,938,83,142,0.5522,-1,-1,-1
548,2,1716,457,73,206,0.7090,-1,-1,-1
548,1,210,817,81,259,0.5933,-1,-1,-1
549,65,280,102,63,192,0.3538,-1,-1,-1
549,64,1488,1,58,137,0.5153,-1,-1,-1
549,63,383,216,60,192,0.5984,-1,-1,-1
549,61,182,298,68,197,0.5817,-1,-1,-1
549,60,1586,0,62,148,0.3462,-1,-1,-1
549,54,872,0,52,110,0.4458,-1,-1,-1
549,53,1657,285,91,200,0.6572,-1,-1,-1
549,52,766,597,96,253,0.7970,-1,-1,-1
549,47,1658,0,54,153,0.4785,-1,-1,-1
549,42,1792,233,61,176,0.5574,-1,-1,-1
549,27,994,768,86,223,0.6829,-1,-1,-1
549,25,240,870,90,210,0.6867,-1,-1,-1
549,4,1066,784,89,242,0.7180,-1,-1,-1
549,3,1023,937,84,143,0.5714,-1,-1,-1
549,2,1716,457,73,206,0.7092,-1,-1,-1
549,1,213,818,80,244,0.4285,-1,-1,-1
550,67,782,85,69,241,0.4150,-1,-1,-1
550,65,279,99,63,195,0.3859,-1,-1,-1
550,64,1488,1,58,137,0.5151,-1,-1,-1
550,63,382,220,62,188,0.6029,-1,-1,-1
550,61,183,297,67,198,0.5267,-1,-1,-1
550,60,1590,0,57,148,0.3668,-1,-1,-1
550,54,872,0,52,110,0.4593,-1,-1,-1
550,53,1655,285,92,201,0.6212,-1,-1,-1
550,52,765,597,97,251,0.7964,-1,-1,-1
550,47,1658,0,58,153,0.4853,-1,-1,-1
550,42,1794,234,61,176,0.5631,-1,-1,-1
550,27,999,770,81,203,0.5141,-1,-1,-1
550,25,228,871,101,209,0.6953,-1,-1,-1
550,17,456,99,60,177,0.4129,-1,-1,-1
550,4,1067,785,90,245,0.6742,-1,-1,-1
550,3,1015,937,91,143,0.5500,-1,-1,-1
550,2,1714,457,75,206,0.7259,-1,-1,-1
550,1,216,821,78,205,0.3388,-1,-1,-1
551,67,784,83,68,242,0.3762,-1,-1,-1
551,65,279,104,64,191,0.3935,-1,-1,-1
551,64,1489,2,58,136,0.4964,-1,-1,-1
551,63,383,219,61,188,0.6399,-1,-1,-1
551,61,184,298,67,197,0.5342,-1,-1,-1
551,54,871,0,52,110,0.3949,-1,-1,-1
551,53,1656,284,90,207,0.6125,-1,-1,-1
551,52,763,596,98,252,0.8044,-1,-1,-1
551,47,1659,0,63,149,0.4940,-1,-1,-1
551,42,1796,236,60,173,0.5433,-1,-1,-1
551,27,1001,772,79,164,0.5308,-1,-1,-1
551,25,230,871,99,209,0.7171,-1,-1,-1
551,17,458,98,57,175,0.4034,-1,-1,-1
551,4,1070,787,90,243,0.6298,-1,-1,-1
551,3,1011,936,94,144,0.5850,-1,-1,-1
551,2,1717,457,72,206,0.7016,-1,-1,-1
551,1,222,822,74,179,0.3414,-1,-1,-1
552,67,784,79,72,241,0.3458,-1,-1,-1
552,65,279,107,64,188,0.3986,-1,-1,-1
552,64,1489,2,58,136,0.4808,-1,-1,-1
552,63,380,216,64,193,0.6248,-1,-1,-1
552,61,182,297,69,200,0.5580,-1,-1,-1
552,54,870,0,53,110,0.4119,-1,-1,-1
552,53,1663,284,81,201,0.5528,-1,-1,-1
552,52,763,596,98,250,0.7975,-1,-1,-1
552,47,1660,0,60,149,0.4935,-1,-1,-1
552,42,1797,238,60,170,0.5471,-1,-1,-1
552,27,1003,773,78,193,0.5567,-1,-1,-1
552,25,233,873,94,207,0.7036,-1,-1,-1
552,17,457,96,58,176,0.4647,-1,-1,-1
552,4,1070,789,91,242,0.6180,-1,-1,-1
552,3,1004,935,100,145,0.5793,-1,-1,-1
552,2,1723,458,66,204,0.7007,-1,-1,-1
552,1,225,823,72,175,0.3583,-1,-1,-1
553,67,785,77,74,242,0.3669,-1,-1,-1
553,65,280,92,63,202,0.3740,-1,-1,-1
553,64,1488,2,59,137,0.4994,-1,-1,-1
553,63,381,213,66,195,0.6281,-1,-1,-1
553,61,175,298,78,198,0.4950,-1,-1,-1
553,54,871,0,51,111,0.4647,-1,-1,-1
553,53,1668,279,77,199,0.4690,-1,-1,-1
553,52,760,595,99,250,0.8028,-1,-1,-1
553,47,1659,0,62,145,0.5349,-1,-1,-1
553,42,1799,238,61,171,0.5586,-1,-1,-1
553,27,1006,775,77,178,0.5746,-1,-1,-1
553,17,457,94,58,175,0.4744,-1,-1,-1
553,4,1079,792,87,244,0.5962,-1,-1,-1
553,3,1000,933,103,147,0.4590,-1,-1,-1
553,2,1722,457,67,206,0.7185,-1,-1,-1
553,1,234,877,92,203,0.7073,-1,-1,-1
554,67,787,79,74,240,0.4305,-1,-1,-1
554,65,278,99,65,195,0.4095,-1,-1,-1
554,64,1488,3,59,138,0.4798,-1,-1,-1
554,63,379,211,65,198,0.6843,-1,-1,-1
554,61,181,292,72,195,0.4680,-1,-1,-1
554,54,871,0,51,112,0.4379,-1,-1,-1
554,53,1669,275,76,199,0.5149,-1,-1,-1
554,52,761,594,95,248,0.7794,-1,-1,-1
554,47,1658,0,62,144,0.5658,-1,-1,-1
554,42,1799,237,62,175,0.5499,-1,-1,-1
554,27,1005,777,81,181,0.6053,-1,-1,-1
554,17,457,93,59,175,0.4017,-1,-1,-1
554,4,1081,796,85,241,0.6811,-1,-1,-1
554,3,999,933,103,147,0.4976,-1,-1,-1
554,2,1721,456,69,206,0.7259,-1,-1,-1
555,67,788,79,74,240,0.4140,-1,-1,-1
555,65,280,98,63,197,0.4028,-1,-1,-1
555,64,1488,3,59,139,0.4769,-1,-1,-1
555,63,379,212,64,196,0.6640,-1,-1,-1
555,61,187,290,67,194,0.5883,-1,-1,-1
555,54,870,0,51,112,0.4266,-1,-1,-1
555,53,1667,276,76,195,0.6498,-1,-1,-1
555,52,761,593,94,250,0.7643,-1,-1,-1
555,47,1658,0,60,143,0.5752,-1,-1,-1
555,42,1800,237,63,175,0.5824,-1,-1,-1
555,27,1007,778,85,186,0.5728,-1,-1,-1
555,17,456,91,60,175,0.4177,-1,-1,-1
555,4,1087,797,83,240,0.7189,-1,-1,-1
555,3,999,933,104,147,0.4635,-1,-1,-1
555,2,1722,456,67,207,0.7230,-1,-1,-1
556,68,352,85,69,170,0.3949,-1,-1,-1
556,67,788,83,73,235,0.4063,-1,-1,-1
556,65,279,111,64,182,0.3539,-1,-1,-1
556,64,1486,3,60,140,0.4801,-1,-1,-1
556,63,379,215,64,196,0.6638,-1,-1,-1
556,61,190,286,67,195,0.6382,-1,-1,-1
556,54,871,0,50,113,0.4110,-1,-1,-1
556,53,1668,275,74,194,0.6473,-1,-1,-1
556,52,761,593,90,247,0.7639,-1,-1,-1
556,47,1658,0,59,143,0.5478,-1,-1,-1
556,42,1801,238,65,172,0.6136,-1,-1,-1
556,27,1009,784,83,184,0.5622,-1,-1,-1
556,17,456,93,61,174,0.4349,-1,-1,-1
556,4,1090,797,83,240,0.7060,-1,-1,-1
556,2,1720,455,69,208,0.7289,-1,-1,-1
557,68,354,86,67,168,0.3807,-1,-1,-1
557,67,789,80,71,238,0.4293,-1,-1,-1
557,65,277,97,66,197,0.3432,-1,-1,-1
557,64,1486,3,59,140,0.4544,-1,-1,-1
557,63,376,224,67,186,0.5456,-1,-1,-1
557,61,191,291,66,189,0.5634,-1,-1,-1
557,54,871,0,50,113,0.3893,-1,-1,-1
557,53,1669,273,73,194,0.6902,-1,-1,-1
557,52,759,594,91,244,0.7602,-1,-1,-1
557,47,1657,0,61,143,0.5276,-1,-1,-1
557,42,1806,238,63,175,0.6079,-1,-1,-1
557,27,1014,785,78,178,0.5686,-1,-1,-1
557,17,456,91,62,177,0.4197,-1,-1,-1
557,4,1094,798,82,239,0.7128,-1,-1,-1
557,2,1719,459,70,203,0.7253,-1,-1,-1
558,68,353,87,68,167,0.3468,-1,-1,-1
558,67,790,80,70,239,0.4267,-1,-1,-1
558,65,277,108,67,185,0.3160,-1,-1,-1
558,64,1486,3,58,141,0.4562,-1,-1,-1
558,63,377,222,66,191,0.5923,-1,-1,-1
558,61,190,288,68,190,0.5537,-1,-1,-1
558,54,871,0,49,113,0.3752,-1,-1,-1
558,53,1669,272,73,192,0.7931,-1,-1,-1
558,52,757,595,88,243,0.7455,-1,-1,-1
558,47,1657,0,61,142,0.5002,-1,-1,-1
558,42,1810,238,60,175,0.6161,-1,-1,-1
558,27,1016,785,78,188,0.5802,-1,-1,-1
558,17,456,90,63,180,0.4157,-1,-1,-1
558,4,1095,798,82,237,0.7180,-1,-1,-1
558,2,1720,457,71,212,0.7261,-1,-1,-1
558,1,240,884,98,196,0.6907,-1,-1,-1
559,68,353,89,67,165,0.3627,-1,-1,-1
559,67,792,100,68,222,0.4063,-1,-1,-1
559,65,279,99,64,194,0.3099,-1,-1,-1
559,64,1485,3,59,139,0.4457,-1,-1,-1
559,63,376,224,67,191,0.5902,-1,-1,-1
559,61,192,287,67,192,0.5517,-1,-1,-1
559,54,870,0,49,112,0.3468,-1,-1,-1
559,53,1669,272,73,192,0.7892,-1,-1,-1
559,52,754,593,85,241,0.7229,-1,-1,-1
559,47,1658,0,60,140,0.4350,-1,-1,-1
559,42,1813,237,60,177,0.6532,-1,-1,-1
559,27,1015,786,80,200,0.5993,-1,-1,-1
559,17,458,91,62,177,0.4551,-1,-1,-1
559,4,1097,800,80,235,0.7178,-1,-1,-1
559,2,1722,457,70,212,0.7385,-1,-1,-1
559,1,240,891,94,188,0.7516,-1,-1,-1
560,68,350,88,70,166,0.3503,-1,-1,-1
560,67,792,111,67,210,0.4806,-1,-1,-1
560,65,278,98,65,195,0.3070,-1,-1,-1
560,64,1484,3,60,139,0.4706,-1,-1,-1
560,63,374,225,69,191,0.6111,-1,-1,-1
560,61,195,286,65,192,0.5203,-1,-1,-1
560,54,872,0,48,112,0.3281,-1,-1,-1
560,53,1669,272,73,191,0.7478,-1,-1,-1
560,52,751,592,79,242,0.7353,-1,-1,-1
560,47,1658,0,58,139,0.4691,-1,-1,-1
560,42,1815,238,58,176,0.5894,-1,-1,-1
560,27,1016,786,80,203,0.6347,-1,-1,-1
560,17,460,91,61,180,0.4721,-1,-1,-1
560,4,1095,803,85,234,0.6974,-1,-1,-1
560,2,1722,456,69,213,0.7310,-1,-1,-1
560,1,241,896,88,184,0.7643,-1,-1,-1
561,68,350,87,72,168,0.3277,-1,-1,-1
561,67,793,76,68,242,0.4630,-1,-1,-1
561,65,277,94,65,200,0.3219,-1,-1,-1
561,64,1483,4,62,138,0.4944,-1,-1,-1
561,63,374,226,68,191,0.6246,-1,-1,-1
561,61,196,285,64,193,0.3296,-1,-1,-1
561,54,872,0,47,111,0.3862,-1,-1,-1
561,53,1665,271,74,191,0.7445,-1,-1,-1
561,52,746,595,78,241,0.7432,-1,-1,-1
561,47,1658,0,60,140,0.4685,-1,-1,-1
561,42,1816,239,61,176,0.5984,-1,-1,-1
561,27,1015,786,83,201,0.6255,-1,-1,-1
561,17,460,91,62,178,0.4803,-1,-1,-1
561,4,1094,804,88,234,0.7302,-1,-1,-1
561,2,1722,457,70,212,0.7473,-1,-1,-1
561,1,241,895,96,184,0.7483,-1,-1,-1
562,68,352,90,68,164,0.3157,-1,-1,-1
562,67,794,74,68,244,0.4567,-1,-1,-1
562,65,279,97,64,196,0.3115,-1,-1,-1
562,64,1481,4,64,138,0.4424,-1,-1,-1
562,63,375,229,68,188,0.6815,-1,-1,-1
562,61,197,283,64,195,0.3229,-1,-1,-1
562,54,873,0,47,111,0.3706,-1,-1,-1
562,53,1664,270,75,191,0.7252,-1,-1,-1
562,52,744,597,75,237,0.7629,-1,-1,-1
562,47,1657,0,59,139,0.4671,-1,-1,-1
562,42,1819,241,60,182,0.5612,-1,-1,-1
562,27,1018,788,81,201,0.6526,-1,-1,-1
562,17,462,92,60,175,0.4515,-1,-1,-1
562,4,1096,805,89,234,0.7510,-1,-1,-1
562,2,1721,457,70,213,0.7499,-1,-1,-1
562,1,242,899,96,180,0.7412,-1,-1,-1
563,68,351,85,67,171,0.3716,-1,-1,-1
563,67,794,96,69,226,0.4785,-1,-1,-1
563,65,277,82,64,211,0.3277,-1,-1,-1
563,64,1480,3,62,140,0.4574,-1,-1,-1
563,63,374,232,69,187,0.6292,-1,-1,-1
563,61,199,283,64,193,0.3805,-1,-1,-1
563,54,874,0,45,109,0.3669,-1,-1,-1
563,53,1662,270,75,190,0.7150,-1,-1,-1
563,52,740,590,77,245,0.7564,-1,-1,-1
563,47,1656,0,55,139,0.4640,-1,-1,-1
563,42,1822,243,61,180,0.5580,-1,-1,-1
563,27,1020,792,82,215,0.5905,-1,-1,-1
563,17,464,91,60,178,0.4780,-1,-1,-1
563,4,1098,808,90,244,0.6646,-1,-1,-1
563,2,1719,457,73,212,0.7508,-1,-1,-1
563,1,243,902,86,178,0.7701,-1,-1,-1
564,68,354,89,62,170,0.3772,-1,-1,-1
564,67,795,72,71,247,0.5223,-1,-1,-1
564,65,277,82,64,211,0.3729,-1,-1,-1
564,64,1480,2,61,138,0.5277,-1,-1,-1
564,63,374,233,68,190,0.6640,-1,-1,-1
564,61,199,282,64,194,0.3172,-1,-1,-1
564,54,873,0,47,108,0.3573,-1,-1,-1
564,53,1660,270,75,187,0.7078,-1,-1,-1
564,52,737,588,78,247,0.7203,-1,-1,-1
564,47,1657,0,53,139,0.4936,-1,-1,-1
564,42,1824,244,63,181,0.5943,-1,-1,-1
564,27,1022,795,83,246,0.5434,-1,-1,-1
564,25,275,843,79,233,0.3970,-1,-1,-1
564,17,466,90,58,175,0.5069,-1,-1,-1
564,4,1100,810,91,248,0.6928,-1,-1,-1
564,2,1720,456,71,212,0.7483,-1,-1,-1
564,1,244,905,89,175,0.7727,-1,-1,-1
565,68,354,92,63,166,0.3450,-1,-1,-1
565,67,795,72,71,247,0.5454,-1,-1,-1
565,65,276,83,66,210,0.3914,-1,-1,-1
565,64,1480,2,61,139,0.5095,-1,-1,-1
565,63,375,233,66,192,0.7043,-1,-1,-1
565,61,197,287,65,189,0.4115,-1,-1,-1
565,54,875,0,45,105,0.3382,-1,-1,-1
565,53,1661,270,73,185,0.7271,-1,-1,-1
565,52,734,587,78,248,0.6973,-1,-1,-1
565,47,1657,0,53,140,0.4626,-1,-1,-1
565,42,1824,245,65,179,0.5714,-1,-1,-1
565,27,1022,796,86,268,0.6184,-1,-1,-1
565,25,276,845,86,232,0.5208,-1,-1,-1
565,17,469,89,55,170,0.4419,-1,-1,-1
565,4,1108,812,84,242,0.6466,-1,-1,-1
565,2,1719,457,72,212,0.7397,-1,-1,-1
565,1,246,906,88,174,0.7747,-1,-1,-1
566,68,354,94,64,166,0.3832,-1,-1,-1
566,67,796,72,70,247,0.5191,-1,-1,-1
566,65,278,84,65,209,0.3800,-1,-1,-1
566,64,1479,3,63,139,0.4641,-1,-1,-1
566,63,375,231,66,194,0.7199,-1,-1,-1
566,61,198,286,65,189,0.4310,-1,-1,-1
566,54,875,0,45,102,0.3663,-1,-1,-1
566,53,1663,270,70,184,0.6749,-1,-1,-1
566,52,731,587,80,246,0.6909,-1,-1,-1
566,47,1655,0,52,139,0.4615,-1,-1,-1
566,42,1824,246,66,180,0.5755,-1,-1,-1
566,27,1022,798,85,278,0.6282,-1,-1,-1
566,25,276,846,95,234,0.6322,-1,-1,-1
566,17,470,84,55,171,0.5120,-1,-1,-1
566,4,1110,814,83,241,0.5241,-1,-1,-1
566,2,1719,458,71,212,0.7437,-1,-1,-1
566,1,246,907,89,173,0.7515,-1,-1,-1
567,68,354,92,64,167,0.3641,-1,-1,-1
567,67,795,76,71,243,0.5204,-1,-1,-1
567,65,280,83,63,210,0.3859,-1,-1,-1
567,64,1479,2,62,138,0.4869,-1,-1,-1
567,63,375,231,65,196,0.7033,-1,-1,-1
567,61,198,283,65,191,0.3692,-1,-1,-1
567,54,875,0,45,100,0.3481,-1,-1,-1
567,53,1669,269,62,183,0.6800,-1,-1,-1
567,52,729,588,79,243,0.6688,-1,-1,-1
567,47,1653,0,53,139,0.4887,-1,-1,-1
567,42,1825,247,71,179,0.6218,-1,-1,-1
567,27,1022,806,88,267,0.6251,-1,-1,-1
567,25,279,847,95,233,0.7001,-1,-1,-1
567,17,470,85,55,168,0.5208,-1,-1,-1
567,4,1120,818,77,224,0.4334,-1,-1,-1
567,2,1716,459,75,212,0.7540,-1,-1,-1
567,1,248,908,84,171,0.7643,-1,-1,-1
568,68,355,88,64,173,0.3942,-1,-1,-1
568,67,794,71,73,249,0.5522,-1,-1,-1
568,65,277,81,65,213,0.3688,-1,-1,-1
568,64,1478,3,65,138,0.4990,-1,-1,-1
568,63,376,233,64,193,0.7101,-1,-1,-1
568,61,199,287,66,187,0.3231,-1,-1,-1
568,54,875,0,44,100,0.3600,-1,-1,-1
568,53,1671,269,58,182,0.6848,-1,-1,-1
568,52,728,589,79,244,0.6874,-1,-1,-1
568,47,1653,0,54,139,0.5371,-1,-1,-1
568,42,1825,247,71,181,0.6464,-1,-1,-1
568,27,1028,807,89,265,0.6033,-1,-1,-1
568,25,282,848,93,232,0.7186,-1,-1,-1
568,17,472,84,54,169,0.5320,-1,-1,-1
568,4,1120,820,77,238,0.5547,-1,-1,-1
568,2,1716,458,74,212,0.7556,-1,-1,-1
568,1,247,913,85,167,0.7909,-1,-1,-1
569,68,354,92,63,170,0.3541,-1,-1,-1
569,67,795,70,73,249,0.5393,-1,-1,-1
569,65,279,81,63,213,0.3724,-1,-1,-1
569,64,1478,2,62,138,0.5017,-1,-1,-1
569,63,377,233,64,193,0.7052,-1,-1,-1
569,54,875,0,44,100,0.3227,-1,-1,-1
569,53,1669,267,58,185,0.6736,-1,-1,-1
569,52,724,589,81,246,0.6744,-1,-1,-1
569,47,1651,0,55,138,0.5817,-1,-1,-1
569,42,1826,248,70,181,0.6591,-1,-1,-1
569,27,1029,809,85,266,0.6564,-1,-1,-1
569,25,284,849,94,231,0.7066,-1,-1,-1
569,17,473,86,53,168,0.4589,-1,-1,-1
569,4,1105,823,91,244,0.5636,-1,-1,-1
569,2,1716,459,75,211,0.7442,-1,-1,-1
569,1,247,913,82,167,0.7953,-1,-1,-1
570,68,353,94,64,170,0.3668,-1,-1,-1
570,67,795,70,74,250,0.4820,-1,-1,-1
570,65,279,82,63,211,0.3862,-1,-1,-1
570,64,1478,2,62,138,0.4762,-1,-1,-1
570,63,377,233,64,193,0.7190,-1,-1,-1
570,54,875,0,44,100,0.3243,-1,-1,-1
570,53,1667,264,59,184,0.6627,-1,-1,-1
570,52,721,588,83,246,0.6604,-1,-1,-1
570,47,1650,0,56,136,0.5506,-1,-1,-1
570,42,1826,249,71,180,0.6530,-1,-1,-1
570,27,1034,810,83,264,0.6876,-1,-1,-1
570,25,285,849,97,231,0.6912,-1,-1,-1
570,17,472,83,56,170,0.4145,-1,-1,-1
570,4,1116,824,83,247,0.5636,-1,-1,-1
570,2,1715,459,76,211,0.7600,-1,-1,-1
570,1,247,915,83,165,0.7955,-1,-1,-1
571,68,355,91,62,169,0.3809,-1,-1,-1
571,67,796,70,74,249,0.4613,-1,-1,-1
571,65,280,86,63,207,0.3596,-1,-1,-1
571,64,1477,2,62,138,0.4846,-1,-1,-1
571,63,378,234,64,193,0.7179,-1,-1,-1
571,53,1666,263,59,174,0.6700,-1,-1,-1
571,52,719,590,83,246,0.6576,-1,-1,-1
571,47,1650,0,54,134,0.5556,-1,-1,-1
571,42,1828,248,74,190,0.6251,-1,-1,-1
571,27,1038,813,86,261,0.7136,-1,-1,-1
571,25,288,853,97,227,0.7218,-1,-1,-1
571,17,470,81,57,180,0.4097,-1,-1,-1
571,4,1119,827,81,244,0.5905,-1,-1,-1
571,2,1715,458,75,212,0.7437,-1,-1,-1
571,1,247,918,82,162,0.7943,-1,-1,-1
572,68,352,91,64,169,0.3998,-1,-1,-1
572,67,796,70,74,249,0.3997,-1,-1,-1
572,65,279,85,64,207,0.3989,-1,-1,-1
572,64,1477,2,62,138,0.4835,-1,-1,-1
572,63,378,235,64,190,0.7424,-1,-1,-1
572,53,1664,261,61,173,0.6810,-1,-1,-1
572,52,714,588,87,249,0.6492,-1,-1,-1
572,47,1649,0,55,134,0.5121,-1,-1,-1
572,42,1829,248,71,185,0.6200,-1,-1,-1
572,27,1042,815,83,258,0.6923,-1,-1,-1
572,25,289,856,103,224,0.7075,-1,-1,-1
572,17,469,80,58,181,0.3816,-1,-1,-1
572,4,1110,828,90,242,0.6104,-1,-1,-1
572,3,991,928,87,152,0.6212,-1,-1,-1
572,2,1715,459,76,211,0.7254,-1,-1,-1
572,1,247,923,82,157,0.7832,-1,-1,-1
573,68,354,96,62,162,0.3317,-1,-1,-1
573,67,797,70,75,249,0.4132,-1,-1,-1
573,65,279,93,64,199,0.3607,-1,-1,-1
573,64,1478,2,61,137,0.4727,-1,-1,-1
573,63,378,237,65,187,0.7538,-1,-1,-1
573,53,1661,259,63,178,0.6666,-1,-1,-1
573,52,710,585,89,252,0.6643,-1,-1,-1
573,47,1648,0,55,132,0.4804,-1,-1,-1
573,42,1832,248,70,188,0.6297,-1,-1,-1
573,27,1045,816,82,258,0.6555,-1,-1,-1
573,25,288,858,96,222,0.7092,-1,-1,-1
573,17,470,80,56,180,0.3026,-1,-1,-1
573,4,1114,830,84,243,0.5248,-1,-1,-1
573,3,992,929,85,151,0.6222,-1,-1,-1
573,2,1715,457,75,213,0.7258,-1,-1,-1
573,1,247,927,84,153,0.7552,-1,-1,-1
574,68,353,90,63,171,0.3685,-1,-1,-1
574,67,795,67,77,251,0.4312,-1,-1,-1
574,65,281,108,61,184,0.3701,-1,-1,-1
574,64,1478,3,61,136,0.4609,-1,-1,-1
574,63,378,236,65,191,0.7606,-1,-1,-1
574,53,1660,257,64,182,0.6563,-1,-1,-1
574,52,709,584,90,252,0.7000,-1,-1,-1
574,47,1648,0,55,131,0.4507,-1,-1,-1
574,42,1834,249,68,183,0.6223,-1,-1,-1
574,27,1046,817,82,259,0.6481,-1,-1,-1
574,25,294,860,93,220,0.7236,-1,-1,-1
574,17,456,80,71,186,0.3738,-1,-1,-1
574,4,1126,829,73,214,0.6113,-1,-1,-1
574,3,994,928,83,152,0.6064,-1,-1,-1
574,2,1716,457,75,213,0.7233,-1,-1,-1
574,1,247,927,86,153,0.7395,-1,-1,-1
575,68,353,93,64,174,0.3796,-1,-1,-1
575,67,798,66,74,252,0.4363,-1,-1,-1
575,65,279,97,63,195,0.3897,-1,-1,-1
575,64,1478,2,61,137,0.4700,-1,-1,-1
575,63,377,236,66,193,0.7409,-1,-1,-1
575,53,1657,254,66,189,0.6702,-1,-1,-1
575,52,709,582,89,254,0.7081,-1,-1,-1
575,47,1647,0,55,131,0.4759,-1,-1,-1
575,42,1835,250,70,184,0.6306,-1,-1,-1
575,27,1046,818,83,258,0.6568,-1,-1,-1
575,25,295,862,98,218,0.7298,-1,-1,-1
575,17,464,80,64,186,0.4190,-1,-1,-1
575,4,1120,832,84,242,0.5953,-1,-1,-1
575,3,999,927,77,153,0.5842,-1,-1,-1
575,2,1716,457,79,207,0.7157,-1,-1,-1
575,1,248,929,86,151,0.7391,-1,-1,-1
576,68,353,88,63,179,0.3324,-1,-1,-1
576,67,800,67,73,250,0.3910,-1,-1,-1
576,65,282,118,60,174,0.3331,-1,-1,-1
576,64,1478,2,61,138,0.4470,-1,-1,-1
576,63,378,239,65,192,0.7225,-1,-1,-1
576,53,1656,252,66,188,0.6650,-1,-1,-1
576,52,707,581,90,254,0.7301,-1,-1,-1
576,47,1647,0,55,130,0.4492,-1,-1,-1
576,42,1836,252,68,183,0.5763,-1,-1,-1
576,27,1047,818,83,259,0.5820,-1,-1,-1
576,25,296,866,95,214,0.7209,-1,-1,-1
576,17,469,80,60,184,0.3827,-1,-1,-1
576,4,1131,834,73,240,0.5171,-1,-1,-1
576,3,1004,929,69,151,0.5557,-1,-1,-1
576,2,1716,458,80,207,0.6994,-1,-1,-1
576,1,249,933,85,147,0.7381,-1,-1,-1
577,68,354,90,62,184,0.3524,-1,-1,-1
577,67,803,66,71,251,0.4132,-1,-1,-1
577,65,282,118,60,175,0.3533,-1,-1,-1
577,64,1478,2,61,138,0.4007,-1,-1,-1
577,63,379,244,64,190,0.6813,-1,-1,-1
577,53,1654,250,69,189,0.6505,-1,-1,-1
577,52,704,579,90,255,0.7050,-1,-1,-1
577,47,1647,0,53,130,0.3969,-1,-1,-1
577,42,1835,253,69,181,0.5334,-1,-1,-1
577,27,1047,820,85,256,0.6028,-1,-1,-1
577,25,297,869,98,211,0.7411,-1,-1,-1
577,17,466,79,62,186,0.3574,-1,-1,-1
577,4,1121,835,82,239,0.5191,-1,-1,-1
577,3,1005,926,69,154,0.5987,-1,-1,-1
577,2,1715,457,76,213,0.7299,-1,-1,-1
577,1,248,936,84,144,0.7493,-1,-1,-1
578,68,352,90,64,186,0.3562,-1,-1,-1
578,67,801,65,72,252,0.4190,-1,-1,-1
578,65,281,115,62,178,0.3676,-1,-1,-1
578,64,1478,2,61,138,0.3785,-1,-1,-1
578,63,378,244,65,192,0.6910,-1,-1,-1
578,53,1653,248,70,191,0.6919,-1,-1,-1
578,52,701,576,91,258,0.6607,-1,-1,-1
578,47,1647,0,53,131,0.3683,-1,-1,-1
578,42,1840,254,65,174,0.5618,-1,-1,-1
578,27,1050,822,83,248,0.5033,-1,-1,-1
578,25,296,870,94,210,0.7548,-1,-1,-1
578,17,466,78,63,187,0.3671,-1,-1,-1
578,4,1130,837,77,238,0.5612,-1,-1,-1
578,3,1005,925,70,155,0.5142,-1,-1,-1
578,2,1716,458,75,212,0.7387,-1,-1,-1
578,1,248,939,84,141,0.7377,-1,-1,-1
579,68,352,89,65,189,0.3752,-1,-1,-1
579,67,803,64,70,253,0.4059,-1,-1,-1
579,65,281,107,62,187,0.3862,-1,-1,-1
579,64,1478,2,61,138,0.3828,-1,-1,-1
579,63,377,245,65,192,0.6989,-1,-1,-1
579,53,1650,247,74,194,0.6588,-1,-1,-1
579,52,702,577,85,252,0.5478,-1,-1,-1
579,47,1646,0,53,130,0.3616,-1,-1,-1
579,42,1842,253,64,173,0.5711,-1,-1,-1
579,27,1051,825,82,240,0.5393,-1,-1,-1
579,25,296,872,95,208,0.7706,-1,-1,-1
579,17,473,80,58,174,0.3030,-1,-1,-1
579,4,1130,838,79,238,0.5966,-1,-1,-1
579,3,1006,924,73,156,0.5613,-1,-1,-1
579,2,1717,458,74,212,0.7495,-1,-1,-1
579,1,248,943,84,137,0.7464,-1,-1,-1
580,68,354,87,64,189,0.3720,-1,-1,-1
580,67,800,62,72,257,0.4357,-1,-1,-1
580,65,281,112,61,181,0.4390,-1,-1,-1
580,64,1478,2,61,138,0.3868,-1,-1,-1
580,63,376,248,65,192,0.7235,-1,-1,-1
580,53,1648,246,76,192,0.6295,-1,-1,-1
580,52,702,576,82,252,0.5168,-1,-1,-1
580,47,1646,0,52,128,0.3778,-1,-1,-1
580,42,1841,253,68,177,0.6287,-1,-1,-1
580,27,1051,828,84,245,0.6185,-1,-1,-1
580,25,295,874,95,206,0.7917,-1,-1,-1
580,4,1132,839,83,239,0.6160,-1,-1,-1
580,3,1003,925,78,155,0.6041,-1,-1,-1
580,2,1717,458,74,212,0.7132,-1,-1,-1
580,1,247,946,85,134,0.7286,-1,-1,-1
581,68,352,89,65,188,0.3807,-1,-1,-1
581,67,800,61,71,257,0.4045,-1,-1,-1
581,65,281,115,62,178,0.4354,-1,-1,-1
581,64,1479,2,60,138,0.3655,-1,-1,-1
581,63,376,251,65,190,0.7533,-1,-1,-1
581,53,1647,246,76,191,0.6288,-1,-1,-1
581,52,702,574,76,250,0.4985,-1,-1,-1
581,47,1645,0,53,130,0.3873,-1,-1,-1
581,42,1846,253,68,182,0.5939,-1,-1,-1
581,27,1055,831,84,243,0.6274,-1,-1,-1
581,25,295,875,98,205,0.8032,-1,-1,-1
581,4,1130,842,88,235,0.6257,-1,-1,-1
581,3,1003,924,82,155,0.6145,-1,-1,-1
581,2,1717,456,74,213,0.7158,-1,-1,-1
581,1,246,947,84,133,0.6997,-1,-1,-1
582,71,1563,598,108,228,0.4257,-1,-1,-1
582,68,353,90,64,187,0.4255,-1,-1,-1
582,67,800,61,72,257,0.4496,-1,-1,-1
582,65,281,115,62,178,0.4343,-1,-1,-1
582,64,1479,2,61,138,0.3516,-1,-1,-1
582,63,375,251,65,192,0.7531,-1,-1,-1
582,53,1647,246,76,191,0.6320,-1,-1,-1
582,52,702,572,75,250,0.4536,-1,-1,-1
582,47,1645,0,52,131,0.4169,-1,-1,-1
582,42,1849,254,62,180,0.5646,-1,-1,-1
582,27,1058,834,83,238,0.6274,-1,-1,-1
582,25,296,876,100,204,0.8210,-1,-1,-1
582,4,1127,844,94,234,0.6681,-1,-1,-1
582,3,1001,925,87,154,0.6536,-1,-1,-1
582,2,1718,455,73,215,0.7097,-1,-1,-1
582,1,245,948,83,132,0.7204,-1,-1,-1
583,71,1567,599,105,228,0.4177,-1,-1,-1
583,68,353,91,64,183,0.4247,-1,-1,-1
583,67,802,59,70,258,0.4313,-1,-1,-1
583,65,281,115,63,178,0.4593,-1,-1,-1
583,64,1478,3,64,139,0.3830,-1,-1,-1
583,63,375,251,66,196,0.7590,-1,-1,-1
583,53,1647,246,77,189,0.6437,-1,-1,-1
583,52,703,571,70,240,0.4271,-1,-1,-1
583,47,1645,0,51,127,0.3836,-1,-1,-1
583,42,1850,252,69,187,0.5560,-1,-1,-1
583,27,1061,836,83,242,0.6699,-1,-1,-1
583,25,296,879,100,201,0.8395,-1,-1,-1
583,4,1134,843,92,235,0.6734,-1,-1,-1
583,3,1005,927,72,153,0.6547,-1,-1,-1
583,2,1718,454,74,216,0.6868,-1,-1,-1
583,1,244,946,84,134,0.7294,-1,-1,-1
584,71,1567,600,105,226,0.3751,-1,-1,-1
584,68,353,98,63,178,0.3892,-1,-1,-1
584,67,804,60,67,257,0.3336,-1,-1,-1
584,65,281,116,62,177,0.4723,-1,-1,-1
584,64,1478,3,65,138,0.3923,-1,-1,-1
584,63,373,251,66,198,0.7602,-1,-1,-1
584,53,1644,246,79,187,0.6594,-1,-1,-1
584,52,703,569,64,246,0.4236,-1,-1,-1
584,47,1645,0,50,129,0.4183,-1,-1,-1
584,42,1852,255,65,183,0.4995,-1,-1,-1
584,27,1060,839,85,239,0.7171,-1,-1,-1
584,25,297,881,100,199,0.8490,-1,-1,-1
584,4,1139,846,88,232,0.6457,-1,-1,-1
584,3,1003,927,66,153,0.6512,-1,-1,-1
584,2,1717,455,79,210,0.6933,-1,-1,-1
584,1,244,948,84,132,0.7396,-1,-1,-1
585,71,1567,597,105,229,0.3179,-1,-1,-1
585,68,352,95,64,180,0.3923,-1,-1,-1
585,67,804,58,67,260,0.3949,-1,-1,-1
585,65,281,117,61,176,0.4813,-1,-1,-1
585,64,1478,2,65,140,0.4336,-1,-1,-1
585,63,373,251,65,198,0.7484,-1,-1,-1
585,53,1647,247,77,183,0.7083,-1,-1,-1
585,52,701,568,63,246,0.4823,-1,-1,-1
585,47,1646,1,46,121,0.3469,-1,-1,-1
585,42,1854,256,62,184,0.4707,-1,-1,-1
585,27,1062,842,82,238,0.7427,-1,-1,-1
585,25,297,883,99,197,0.8490,-1,-1,-1
585,4,1141,850,84,229,0.7009,-1,-1,-1
585,3,1002,926,66,154,0.6698,-1,-1,-1
585,2,1719,455,78,210,0.7028,-1,-1,-1
585,1,243,949,86,131,0.7552,-1,-1,-1
586,71,1566,599,103,226,0.3110,-1,-1,-1
586,68,352,95,63,181,0.4187,-1,-1,-1
586,67,803,57,68,260,0.4096,-1,-1,-1
586,65,282,117,61,175,0.5100,-1,-1,-1
586,64,1479,3,64,137,0.4305,-1,-1,-1
586,63,374,253,62,196,0.7341,-1,-1,-1
586,53,1647,246,76,188,0.6922,-1,-1,-1
586,52,702,567,60,254,0.3925,-1,-1,-1
586,47,1645,0,50,120,0.3653,-1,-1,-1
586,42,1854,252,64,192,0.4685,-1,-1,-1
586,27,1061,844,83,236,0.7381,-1,-1,-1
586,25,299,885,97,195,0.8378,-1,-1,-1
586,4,1144,853,85,227,0.7552,-1,-1,-1
586,3,1003,927,61,153,0.6832,-1,-1,-1
586,2,1720,456,77,210,0.7108,-1,-1,-1
586,1,243,951,84,129,0.7750,-1,-1,-1
587,71,1570,600,102,226,0.3478,-1,-1,-1
587,68,353,103,62,177,0.3750,-1,-1,-1
587,67,806,151,63,171,0.4480,-1,-1,-1
587,65,283,118,59,173,0.4864,-1,-1,-1
587,64,1479,3,64,137,0.3924,-1,-1,-1
587,63,373,253,62,198,0.7117,-1,-1,-1
587,53,1649,248,76,184,0.6785,-1,-1,-1
587,47,1645,2,46,117,0.3497,-1,-1,-1
587,42,1854,254,64,190,0.5011,-1,-1,-1
587,27,1064,845,80,234,0.7411,-1,-1,-1
587,25,301,888,96,192,0.8394,-1,-1,-1
587,4,1147,857,83,223,0.7611,-1,-1,-1
587,3,1003,928,60,152,0.6682,-1,-1,-1
587,2,1721,454,76,211,0.7018,-1,-1,-1
587,1,244,953,84,127,0.7857,-1,-1,-1
588,68,351,97,64,185,0.3859,-1,-1,-1
588,67,804,151,65,170,0.4564,-1,-1,-1
588,65,283,116,59,176,0.5074,-1,-1,-1
588,64,1479,3,64,137,0.4162,-1,-1,-1
588,63,373,254,62,196,0.6930,-1,-1,-1
588,53,1651,247,73,182,0.6791,-1,-1,-1
588,47,1645,0,47,120,0.3197,-1,-1,-1
588,42,1853,259,65,185,0.5368,-1,-1,-1
588,27,1065,847,77,231,0.7437,-1,-1,-1
588,25,302,890,95,190,0.8351,-1,-1,-1
588,4,1144,858,91,222,0.7813,-1,-1,-1
588,3,1003,929,60,151,0.6722,-1,-1,-1
588,2,1724,455,70,215,0.7156,-1,-1,-1
588,1,243,958,83,122,0.7770,-1,-1,-1
589,68,347,89,68,193,0.4428,-1,-1,-1
589,67,805,152,64,167,0.4564,-1,-1,-1
589,65,283,117,59,174,0.5372,-1,-1,-1
589,64,1478,3,65,138,0.4528,-1,-1,-1
589,63,370,255,65,193,0.7321,-1,-1,-1
589,53,1652,247,73,177,0.6765,-1,-1,-1
589,47,1643,2,48,116,0.3223,-1,-1,-1
589,42,1855,256,63,188,0.5122,-1,-1,-1
589,27,1066,848,79,228,0.7254,-1,-1,-1
589,25,303,893,94,187,0.8250,-1,-1,-1
589,4,1150,858,90,222,0.7863,-1,-1,-1
589,3,1003,929,60,151,0.6537,-1,-1,-1
589,2,1724,457,69,212,0.7032,-1,-1,-1
589,1,242,960,85,120,0.7835,-1,-1,-1
590,68,348,92,67,191,0.4262,-1,-1,-1
590,67,804,150,65,169,0.3311,-1,-1,-1
590,65,284,117,59,174,0.5371,-1,-1,-1
590,64,1479,3,64,139,0.4260,-1,-1,-1
590,63,369,256,65,193,0.7338,-1,-1,-1
590,53,1654,243,71,175,0.6905,-1,-1,-1
590,42,1860,261,59,181,0.4736,-1,-1,-1
590,27,1066,850,85,221,0.6623,-1,-1,-1
590,25,304,895,94,185,0.8273,-1,-1,-1
590,4,1154,859,90,220,0.7552,-1,-1,-1
590,3,999,930,65,150,0.6596,-1,-1,-1
590,2,1722,455,73,208,0.7037,-1,-1,-1
590,1,242,964,85,116,0.7672,-1,-1,-1
591,71,1604,595,68,229,0.3682,-1,-1,-1
591,69,167,279,52,178,0.3185,-1,-1,-1
591,68,346,90,69,191,0.4143,-1,-1,-1
591,67,804,147,61,172,0.3694,-1,-1,-1
591,65,283,116,60,175,0.5344,-1,-1,-1
591,64,1479,4,66,137,0.3660,-1,-1,-1
591,63,367,257,66,192,0.7366,-1,-1,-1
591,53,1654,240,71,185,0.6882,-1,-1,-1
591,42,1861,266,58,178,0.4822,-1,-1,-1
591,27,1067,851,90,224,0.7145,-1,-1,-1
591,25,304,898,94,182,0.8310,-1,-1,-1
591,4,1157,860,91,218,0.7584,-1,-1,-1
591,3,1002,931,58,149,0.6818,-1,-1,-1
591,2,1722,455,73,209,0.7084,-1,-1,-1
591,1,244,967,84,113,0.7385,-1,-1,-1
592,71,1608,598,65,226,0.3238,-1,-1,-1
592,70,616,764,63,150,0.3294,-1,-1,-1
592,69,168,275,50,172,0.3175,-1,-1,-1
592,68,349,91,66,191,0.3675,-1,-1,-1
592,67,806,145,58,173,0.3862,-1,-1,-1
592,65,285,120,57,170,0.5000,-1,-1,-1
592,64,1479,4,66,137,0.3537,-1,-1,-1
592,63,367,261,66,188,0.7035,-1,-1,-1
592,53,1654,239,72,184,0.6956,-1,-1,-1
592,42,1863,268,56,177,0.5356,-1,-1,-1
592,27,1067,852,86,223,0.6691,-1,-1,-1
592,25,305,901,93,179,0.8135,-1,-1,-1
592,4,1158,861,93,218,0.7310,-1,-1,-1
592,3,997,932,65,148,0.6565,-1,-1,-1
592,2,1723,455,69,212,0.7195,-1,-1,-1
592,1,246,969,87,111,0.7488,-1,-1,-1
593,69,166,272,52,179,0.3417,-1,-1,-1
593,68,349,95,67,186,0.3860,-1,-1,-1
593,67,806,146,58,173,0.3573,-1,-1,-1
593,65,283,120,58,171,0.5367,-1,-1,-1
593,64,1479,4,67,136,0.4033,-1,-1,-1
593,63,366,262,66,189,0.7265,-1,-1,-1
593,53,1654,237,74,186,0.7028,-1,-1,-1
593,42,1868,271,51,174,0.5337,-1,-1,-1
593,27,1068,854,83,221,0.6869,-1,-1,-1
593,25,308,905,90,175,0.8207,-1,-1,-1
593,4,1159,865,92,213,0.6619,-1,-1,-1
593,3,999,934,62,146,0.6655,-1,-1,-1
593,2,1721,455,71,208,0.7326,-1,-1,-1
593,1,247,973,85,107,0.7317,-1,-1,-1
594,72,428,83,48,150,0.3312,-1,-1,-1
594,69,166,273,52,178,0.3918,-1,-1,-1
594,68,347,88,68,194,0.3977,-1,-1,-1
594,67,809,148,54,172,0.3519,-1,-1,-1
594,65,282,118,59,175,0.5273,-1,-1,-1
594,64,1480,4,66,136,0.3815,-1,-1,-1
594,63,366,263,66,191,0.7038,-1,-1,-1
594,53,1656,234,70,188,0.6841,-1,-1,-1
594,42,1871,272,48,173,0.4810,-1,-1,-1
594,27,1069,855,83,221,0.6671,-1,-1,-1
594,25,309,907,91,173,0.8208,-1,-1,-1
594,4,1163,866,88,213,0.6467,-1,-1,-1
594,3,1002,935,59,145,0.6231,-1,-1,-1
594,2,1721,456,70,207,0.7519,-1,-1,-1
594,1,248,976,85,104,0.7558,-1,-1,-1
595,72,427,80,50,152,0.3441,-1,-1,-1
595,69,166,274,53,176,0.3971,-1,-1,-1
595,68,350,94,65,190,0.3909,-1,-1,-1
595,67,806,147,57,174,0.3896,-1,-1,-1
595,65,282,118,59,174,0.5315,-1,-1,-1
595,64,1479,4,67,137,0.3831,-1,-1,-1
595,63,365,268,66,191,0.6894,-1,-1,-1
595,53,1656,232,70,187,0.6988,-1,-1,-1
595,42,1874,269,45,174,0.4835,-1,-1,-1
595,27,1069,858,95,221,0.6988,-1,-1,-1
595,25,310,908,92,172,0.8275,-1,-1,-1
595,4,1162,868,90,212,0.6558,-1,-1,-1
595,3,1001,936,60,144,0.6471,-1,-1,-1
595,2,1721,456,71,207,0.7484,-1,-1,-1
595,1,248,979,85,101,0.7524,-1,-1,-1
596,72,429,80,50,152,0.3617,-1,-1,-1
596,71,1605,596,66,229,0.3066,-1,-1,-1
596,69,167,271,52,181,0.3971,-1,-1,-1
596,68,352,101,62,183,0.3601,-1,-1,-1
596,67,803,146,60,174,0.4319,-1,-1,-1
596,65,282,119,59,173,0.5179,-1,-1,-1
596,64,1479,4,66,136,0.3748,-1,-1,-1
596,63,365,266,66,196,0.6936,-1,-1,-1
596,53,1657,232,67,185,0.6931,-1,-1,-1
596,42,1874,265,45,180,0.4517,-1,-1,-1
596,27,1070,859,86,219,0.7013,-1,-1,-1
596,25,310,910,95,170,0.8011,-1,-1,-1
596,4,1166,876,82,204,0.6640,-1,-1,-1
596,3,1001,937,60,143,0.6425,-1,-1,-1
596,2,1719,457,73,206,0.7611,-1,-1,-1
596,1,250,980,83,100,0.7593,-1,-1,-1
597,72,429,80,51,154,0.3761,-1,-1,-1
597,71,1606,596,65,228,0.3094,-1,-1,-1
597,69,169,273,50,176,0.3534,-1,-1,-1
597,68,351,97,62,194,0.3797,-1,-1,-1
597,67,803,146,60,174,0.3486,-1,-1,-1
597,65,281,117,60,177,0.5186,-1,-1,-1
597,64,1479,4,67,136,0.3986,-1,-1,-1
597,63,364,268,66,195,0.6851,-1,-1,-1
597,53,1657,229,68,186,0.7072,-1,-1,-1
597,42,1876,267,43,182,0.3391,-1,-1,-1
597,27,1071,862,85,216,0.6845,-1,-1,-1
597,25,311,910,98,170,0.7729,-1,-1,-1
597,4,1166,877,87,202,0.6678,-1,-1,-1
597,3,1001,938,60,142,0.6735,-1,-1,-1
597,2,1717,456,76,208,0.7714,-1,-1,-1
597,1,250,982,85,98,0.7442,-1,-1,-1
598,72,429,84,50,151,0.3075,-1,-1,-1
598,71,1565,604,106,222,0.3142,-1,-1,-1
598,69,169,273,51,176,0.3705,-1,-1,-1
598,68,351,93,62,198,0.3749,-1,-1,-1
598,67,804,149,59,171,0.4624,-1,-1,-1
598,65,281,113,61,180,0.5276,-1,-1,-1
598,64,1479,4,65,137,0.4301,-1,-1,-1
598,63,363,271,66,191,0.7031,-1,-1,-1
598,53,1657,228,65,186,0.6718,-1,-1,-1
598,42,1878,268,41,192,0.3448,-1,-1,-1
598,27,1073,864,84,214,0.6498,-1,-1,-1
598,25,312,913,101,165,0.7544,-1,-1,-1
598,4,1165,880,88,200,0.6846,-1,-1,-1
598,3,1000,939,67,141,0.7054,-1,-1,-1
598,2,1716,457,76,207,0.7737,-1,-1,-1
598,1,251,985,86,95,0.7503,-1,-1,-1
599,72,430,78,49,158,0.3360,-1,-1,-1
599,68,352,103,61,189,0.3742,-1,-1,-1
599,67,804,148,60,172,0.4554,-1,-1,-1
599,65,282,112,60,181,0.5217,-1,-1,-1
599,64,1480,4,63,137,0.4403,-1,-1,-1
599,63,363,273,65,189,0.7250,-1,-1,-1
599,53,1653,229,68,186,0.6902,-1,-1,-1
599,42,1878,260,41,209,0.3995,-1,-1,-1
599,27,1077,865,83,213,0.6607,-1,-1,-1
599,25,313,915,102,163,0.7401,-1,-1,-1
599,4,1163,882,91,198,0.7005,-1,-1,-1
599,3,999,940,65,140,0.7252,-1,-1,-1
599,2,1715,457,78,205,0.7828,-1,-1,-1
599,1,252,985,85,95,0.7544,-1,-1,-1
600,72,428,73,54,165,0.3442,-1,-1,-1
600,68,354,104,59,188,0.3449,-1,-1,-1
600,67,806,151,57,169,0.4267,-1,-1,-1
600,65,282,115,59,177,0.4929,-1,-1,-1
600,64,1480,4,63,138,0.4022,-1,-1,-1
600,63,362,276,66,191,0.7131,-1,-1,-1
600,53,1652,228,68,185,0.6747,-1,-1,-1
600,42,1879,257,40,217,0.3586,-1,-1,-1
600,27,1080,868,82,211,0.7121,-1,-1,-1
600,25,314,918,105,159,0.7425,-1,-1,-1
600,4,1171,882,82,198,0.6702,-1,-1,-1
600,3,999,941,65,139,0.7151,-1,-1,-1
600,2,1714,457,80,204,0.7983,-1,-1,-1
600,1,252,986,84,94,0.7563,-1,-1,-1
601,72,429,68,53,171,0.3488,-1,-1,-1
601,68,354,103,59,190,0.3695,-1,-1,-1
601,67,804,150,60,169,0.4140,-1,-1,-1
601,65,282,117,59,175,0.4886,-1,-1,-1
601,64,1480,4,66,136,0.4000,-1,-1,-1
601,63,363,275,65,196,0.7158,-1,-1,-1
601,53,1649,228,70,185,0.6609,-1,-1,-1
601,42,1880,259,39,212,0.3415,-1,-1,-1
601,27,1082,871,82,209,0.7076,-1,-1,-1
601,25,313,920,109,158,0.7577,-1,-1,-1
601,4,1171,886,82,194,0.6843,-1,-1,-1
601,3,997,942,66,138,0.7324,-1,-1,-1
601,2,1714,456,81,206,0.8039,-1,-1,-1
601,1,253,986,85,94,0.7543,-1,-1,-1
602,72,431,61,52,179,0.3954,-1,-1,-1
602,68,354,103,60,190,0.3778,-1,-1,-1
602,67,804,149,60,170,0.4435,-1,-1,-1
602,65,281,118,60,175,0.5199,-1,-1,-1
602,64,1480,3,68,138,0.3432,-1,-1,-1
602,63,363,277,65,194,0.7663,-1,-1,-1
602,53,1648,230,70,181,0.6621,-1,-1,-1
602,27,1082,876,84,204,0.6992,-1,-1,-1
602,25,314,921,105,157,0.7723,-1,-1,-1
602,4,1173,887,81,193,0.6784,-1,-1,-1
602,3,994,942,71,138,0.7425,-1,-1,-1
602,2,1712,456,84,206,0.8114,-1,-1,-1
602,1,253,989,84,91,0.7438,-1,-1,-1
603,72,431,62,53,179,0.3842,-1,-1,-1
603,68,354,106,59,186,0.3484,-1,-1,-1
603,67,805,148,59,170,0.4607,-1,-1,-1
603,65,281,120,60,173,0.5101,-1,-1,-1
603,64,1480,3,70,137,0.3724,-1,-1,-1
603,63,363,278,65,193,0.7611,-1,-1,-1
603,53,1648,230,69,182,0.6646,-1,-1,-1
603,27,1083,877,88,203,0.7376,-1,-1,-1
603,25,314,924,105,154,0.7765,-1,-1,-1
603,17,483,45,55,208,0.3646,-1,-1,-1
603,4,1169,889,85,191,0.6935,-1,-1,-1
603,3,994,942,66,138,0.7606,-1,-1,-1
603,2,1711,457,85,204,0.8070,-1,-1,-1
603,1,254,991,83,89,0.7408,-1,-1,-1
604,72,432,74,53,168,0.3154,-1,-1,-1
604,68,355,105,58,188,0.3014,-1,-1,-1
604,67,804,150,60,169,0.4604,-1,-1,-1
604,65,279,113,62,180,0.5107,-1,-1,-1
604,64,1480,3,68,139,0.3808,-1,-1,-1
604,63,363,278,65,195,0.7631,-1,-1,-1
604,53,1649,230,65,180,0.6650,-1,-1,-1
604,27,1086,881,87,199,0.7205,-1,-1,-1
604,25,316,927,104,151,0.7874,-1,-1,-1
604,17,484,44,54,209,0.3845,-1,-1,-1
604,4,1175,893,77,187,0.6932,-1,-1,-1
604,3,995,944,64,136,0.7453,-1,-1,-1
604,2,1709,457,87,204,0.7929,-1,-1,-1
604,1,254,993,83,87,0.7354,-1,-1,-1
605,72,433,74,54,170,0.3218,-1,-1,-1
605,69,173,265,53,184,0.3850,-1,-1,-1
605,68,354,103,60,190,0.3007,-1,-1,-1
605,67,803,150,61,170,0.4552,-1,-1,-1
605,65,279,118,62,175,0.4650,-1,-1,-1
605,64,1480,3,68,138,0.3999,-1,-1,-1
605,63,363,278,67,195,0.7434,-1,-1,-1
605,53,1650,229,62,177,0.6635,-1,-1,-1
605,27,1086,882,89,196,0.6884,-1,-1,-1
605,25,320,930,101,148,0.7859,-1,-1,-1
605,17,485,44,53,208,0.4441,-1,-1,-1
605,4,1174,895,80,185,0.6861,-1,-1,-1
605,3,995,944,64,136,0.6955,-1,-1,-1
605,2,1709,457,88,204,0.7838,-1,-1,-1
605,1,253,995,84,85,0.7146,-1,-1,-1
606,72,432,72,55,171,0.3264,-1,-1,-1
606,69,174,266,55,184,0.3935,-1,-1,-1
606,67,803,149,61,170,0.5142,-1,-1,-1
606,65,277,103,65,191,0.4652,-1,-1,-1
606,64,1480,3,69,138,0.3839,-1,-1,-1
606,63,362,277,67,197,0.7435,-1,-1,-1
606,53,1648,228,63,179,0.6479,-1,-1,-1
606,27,1088,885,86,191,0.6333,-1,-1,-1
606,25,317,932,103,148,0.8029,-1,-1,-1
606,17,485,44,53,206,0.4724,-1,-1,-1
606,4,1166,896,90,184,0.6821,-1,-1,-1
606,3,995,945,63,135,0.6904,-1,-1,-1
606,2,1709,457,88,204,0.7892,-1,-1,-1
606,1,252,997,84,83,0.7085,-1,-1,-1
607,72,432,73,55,171,0.3871,-1,-1,-1
607,69,175,264,54,184,0.4040,-1,-1,-1
607,67,804,146,60,173,0.5074,-1,-1,-1
607,65,276,102,66,194,0.4629,-1,-1,-1
607,64,1479,3,68,138,0.4463,-1,-1,-1
607,63,362,276,68,198,0.7453,-1,-1,-1
607,53,1647,226,62,177,0.6320,-1,-1,-1
607,27,1092,885,83,189,0.6193,-1,-1,-1
607,25,317,934,101,146,0.7905,-1,-1,-1
607,17,485,44,52,203,0.4877,-1,-1,-1
607,4,1173,897,81,183,0.6394,-1,-1,-1
607,3,995,944,62,136,0.6671,-1,-1,-1
607,2,1708,457,89,205,0.7992,-1,-1,-1
607,1,252,1000,83,80,0.7222,-1,-1,-1
608,72,434,76,53,169,0.3586,-1,-1,-1
608,69,175,265,55,177,0.3777,-1,-1,-1
608,67,804,142,61,176,0.5699,-1,-1,-1
608,65,275,106,67,190,0.4821,-1,-1,-1
608,64,1480,4,68,137,0.4150,-1,-1,-1
608,63,362,276,68,196,0.7446,-1,-1,-1
608,53,1644,224,63,180,0.6152,-1,-1,-1
608,27,1097,890,77,181,0.6151,-1,-1,-1
608,25,321,939,96,141,0.7722,-1,-1,-1
608,17,485,42,53,205,0.4570,-1,-1,-1
608,4,1172,900,83,180,0.6583,-1,-1,-1
608,3,994,945,62,135,0.7113,-1,-1,-1
608,2,1706,457,91,205,0.8038,-1,-1,-1
608,1,253,1005,82,75,0.7000,-1,-1,-1
609,72,436,70,56,175,0.3691,-1,-1,-1
609,69,175,266,54,174,0.3705,-1,-1,-1
609,67,804,139,61,177,0.5367,-1,-1,-1
609,65,277,109,65,186,0.4700,-1,-1,-1
609,64,1479,4,69,136,0.4024,-1,-1,-1
609,63,362,275,68,197,0.7570,-1,-1,-1
609,53,1641,222,66,187,0.6163,-1,-1,-1
609,27,1098,888,79,188,0.6340,-1,-1,-1
609,25,317,942,101,138,0.7918,-1,-1,-1
609,17,485,41,53,204,0.4362,-1,-1,-1
609,4,1174,900,84,180,0.6427,-1,-1,-1
609,3,994,945,62,135,0.7175,-1,-1,-1
609,2,1707,457,90,204,0.8082,-1,-1,-1
609,1,253,1009,82,71,0.6967,-1,-1,-1
610,72,434,75,55,170,0.3916,-1,-1,-1
610,69,175,266,55,171,0.3267,-1,-1,-1
610,67,806,139,59,177,0.4993,-1,-1,-1
610,65,277,108,65,187,0.4691,-1,-1,-1
610,64,1479,4,69,137,0.4004,-1,-1,-1
610,63,360,276,69,198,0.7530,-1,-1,-1
610,53,1640,221,64,183,0.6278,-1,-1,-1
610,27,1096,889,84,188,0.6009,-1,-1,-1
610,25,318,945,100,135,0.8146,-1,-1,-1
610,17,483,42,55,201,0.4194,-1,-1,-1
610,4,1181,901,79,179,0.6258,-1,-1,-1
610,3,993,945,62,135,0.7075,-1,-1,-1
610,2,1707,457,90,205,0.8126,-1,-1,-1
610,1,253,1012,81,67,0.6902,-1,-1,-1
611,72,435,76,54,169,0.3610,-1,-1,-1
611,69,175,263,57,174,0.3363,-1,-1,-1
611,67,805,137,60,180,0.5243,-1,-1,-1
611,65,276,105,66,188,0.5030,-1,-1,-1
611,64,1480,4,65,137,0.3842,-1,-1,-1
611,63,360,278,68,196,0.7410,-1,-1,-1
611,53,1638,220,66,180,0.6244,-1,-1,-1
611,27,1101,890,80,186,0.5612,-1,-1,-1
611,25,319,946,96,134,0.8130,-1,-1,-1
611,17,484,41,53,203,0.3317,-1,-1,-1
611,4,1181,901,81,179,0.5966,-1,-1,-1
611,3,992,944,62,136,0.6786,-1,-1,-1
611,2,1705,456,92,207,0.8172,-1,-1,-1
611,1,253,1015,79,65,0.6556,-1,-1,-1
612,73,581,550,95,232,0.5985,-1,-1,-1
612,72,435,79,54,168,0.3296,-1,-1,-1
612,69,176,263,58,176,0.3271,-1,-1,-1
612,68,356,100,65,190,0.3664,-1,-1,-1
612,67,806,139,60,181,0.5247,-1,-1,-1
612,65,277,113,65,180,0.4915,-1,-1,-1
612,64,1480,3,66,138,0.3852,-1,-1,-1
612,63,358,280,70,196,0.7230,-1,-1,-1
612,53,1637,215,65,185,0.6459,-1,-1,-1
612,27,1105,891,79,186,0.5773,-1,-1,-1
612,25,319,948,97,132,0.8298,-1,-1,-1
612,4,1184,904,78,175,0.5213,-1,-1,-1
612,3,991,945,64,135,0.6766,-1,-1,-1
612,2,1705,456,93,207,0.8195,-1,-1,-1
612,1,251,1018,80,62,0.6464,-1,-1,-1
613,73,576,548,100,234,0.7176,-1,-1,-1
613,71,1562,621,106,205,0.3847,-1,-1,-1
613,68,356,98,65,190,0.4171,-1,-1,-1
613,67,807,140,59,179,0.5501,-1,-1,-1
613,65,276,116,65,177,0.4478,-1,-1,-1
613,64,1480,3,68,137,0.3658,-1,-1,-1
613,63,358,281,69,199,0.7244,-1,-1,-1
613,53,1635,214,66,186,0.6564,-1,-1,-1
613,27,1104,892,80,185,0.5736,-1,-1,-1
613,25,318,952,97,128,0.8239,-1,-1,-1
613,4,1187,906,79,174,0.5514,-1,-1,-1
613,3,991,946,63,134,0.6644,-1,-1,-1
613,2,1710,456,87,206,0.8150,-1,-1,-1
613,1,251,1021,71,59,0.6245,-1,-1,-1
614,73,576,548,101,234,0.7222,-1,-1,-1
614,71,1563,617,104,209,0.3466,-1,-1,-1
614,68,357,99,65,185,0.3950,-1,-1,-1
614,67,806,139,60,179,0.5544,-1,-1,-1
614,65,279,123,62,169,0.4271,-1,-1,-1
614,64,1479,3,71,138,0.3650,-1,-1,-1
614,63,358,282,68,200,0.7212,-1,-1,-1
614,53,1633,212,68,185,0.6838,-1,-1,-1
614,27,1105,897,83,180,0.5988,-1,-1,-1
614,25,319,953,96,127,0.8283,-1,-1,-1
614,4,1186,907,80,173,0.5602,-1,-1,-1
614,3,990,944,63,136,0.6843,-1,-1,-1
614,2,1710,457,87,205,0.8159,-1,-1,-1
614,1,250,1023,67,57,0.6461,-1,-1,-1
615,73,576,548,97,234,0.6708,-1,-1,-1
615,71,1562,623,106,203,0.3786,-1,-1,-1
615,68,358,96,64,192,0.3769,-1,-1,-1
615,67,804,140,61,177,0.5949,-1,-1,-1
615,65,279,127,64,163,0.4054,-1,-1,-1
615,64,1479,3,72,138,0.3085,-1,-1,-1
615,63,356,284,68,199,0.7136,-1,-1,-1
615,53,1630,211,70,186,0.7046,-1,-1,-1
615,27,1104,899,82,181,0.6027,-1,-1,-1
615,25,320,956,96,124,0.8317,-1,-1,-1
615,4,1188,910,80,169,0.5239,-1,-1,-1
615,3,987,945,65,135,0.7111,-1,-1,-1
615,2,1712,457,85,206,0.7931,-1,-1,-1
615,1,250,1024,65,56,0.6445,-1,-1,-1
616,73,576,547,86,234,0.6527,-1,-1,-1
616,71,1561,621,107,205,0.3048,-1,-1,-1
616,68,358,100,63,181,0.4275,-1,-1,-1
616,67,804,141,61,180,0.6397,-1,-1,-1
616,65,281,127,62,164,0.4302,-1,-1,-1
616,64,1479,3,72,138,0.3385,-1,-1,-1
616,63,356,286,67,198,0.7297,-1,-1,-1
616,53,1628,210,71,186,0.7357,-1,-1,-1
616,27,1105,901,89,178,0.6970,-1,-1,-1
616,25,322,959,93,121,0.8319,-1,-1,-1
616,4,1191,912,81,167,0.5873,-1,-1,-1
616,3,986,946,65,134,0.7272,-1,-1,-1
616,2,1713,457,84,206,0.7992,-1,-1,-1
616,1,251,1025,66,55,0.6255,-1,-1,-1
617,73,575,545,82,234,0.6235,-1,-1,-1
617,71,1561,607,108,218,0.3667,-1,-1,-1
617,68,359,101,62,180,0.4131,-1,-1,-1
617,67,803,140,62,178,0.6210,-1,-1,-1
617,65,281,127,63,165,0.4253,-1,-1,-1
617,64,1480,3,68,137,0.3495,-1,-1,-1
617,63,356,287,65,199,0.7124,-1,-1,-1
617,53,1627,210,72,187,0.7091,-1,-1,-1
617,27,1107,903,83,176,0.6779,-1,-1,-1
617,25,322,960,94,120,0.8181,-1,-1,-1
617,4,1191,917,81,161,0.5223,-1,-1,-1
617,3,983,945,67,135,0.7459,-1,-1,-1
617,2,1712,457,85,205,0.8005,-1,-1,-1
617,1,252,1026,63,54,0.6202,-1,-1,-1
618,73,576,542,75,235,0.6477,-1,-1,-1
618,72,444,85,50,164,0.3572,-1,-1,-1
618,68,359,102,62,181,0.3869,-1,-1,-1
618,67,804,142,61,177,0.6065,-1,-1,-1
618,65,279,132,63,159,0.4354,-1,-1,-1
618,64,1479,2,70,140,0.3735,-1,-1,-1
618,63,354,288,67,200,0.6735,-1,-1,-1
618,53,1627,209,72,189,0.7219,-1,-1,-1
618,27,1109,907,80,173,0.6738,-1,-1,-1
618,25,321,962,95,118,0.8071,-1,-1,-1
618,4,1190,920,80,157,0.4962,-1,-1,-1
618,3,982,945,65,135,0.7550,-1,-1,-1
618,2,1714,456,83,207,0.7913,-1,-1,-1
618,1,255,1027,57,53,0.5675,-1,-1,-1
619,73,573,542,77,235,0.6686,-1,-1,-1
619,72,444,86,51,163,0.3422,-1,-1,-1
619,68,357,101,64,181,0.3974,-1,-1,-1
619,67,805,142,60,178,0.6166,-1,-1,-1
619,65,279,130,64,163,0.4538,-1,-1,-1
619,64,1479,2,69,139,0.3832,-1,-1,-1
619,63,351,289,69,201,0.6499,-1,-1,-1
619,53,1626,209,74,188,0.6652,-1,-1,-1
619,27,1109,910,81,169,0.6710,-1,-1,-1
619,25,321,964,96,116,0.7940,-1,-1,-1
619,4,1192,922,82,155,0.4860,-1,-1,-1
619,3,979,945,65,135,0.7570,-1,-1,-1
619,2,1715,456,81,206,0.8016,-1,-1,-1
619,1,256,1028,57,52,0.5528,-1,-1,-1
620,73,570,539,74,239,0.6895,-1,-1,-1
620,72,445,83,51,165,0.3160,-1,-1,-1
620,68,357,100,64,184,0.4081,-1,-1,-1
620,67,804,142,62,176,0.6264,-1,-1,-1
620,65,278,131,65,159,0.4490,-1,-1,-1
620,64,1479,3,66,137,0.4144,-1,-1,-1
620,63,351,290,67,202,0.6477,-1,-1,-1
620,53,1622,210,77,185,0.6786,-1,-1,-1
620,27,1111,911,80,169,0.6945,-1,-1,-1
620,25,321,965,97,115,0.7836,-1,-1,-1
620,4,1192,924,79,154,0.5108,-1,-1,-1
620,3,976,945,65,135,0.7551,-1,-1,-1
620,2,1715,456,81,207,0.7774,-1,-1,-1
620,1,258,1030,54,50,0.5477,-1,-1,-1
621,73,568,539,71,238,0.7005,-1,-1,-1
621,71,1561,604,108,221,0.4061,-1,-1,-1
621,68,358,105,62,176,0.3538,-1,-1,-1
621,67,803,142,62,176,0.6250,-1,-1,-1
621,65,279,131,65,158,0.4398,-1,-1,-1
621,64,1479,3,65,138,0.3805,-1,-1,-1
621,63,349,291,69,200,0.6519,-1,-1,-1
621,53,1620,210,79,185,0.6632,-1,-1,-1
621,27,1112,913,76,166,0.6764,-1,-1,-1
621,25,320,970,97,110,0.7677,-1,-1,-1
621,4,1193,926,81,153,0.5383,-1,-1,-1
621,3,974,942,63,138,0.7728,-1,-1,-1
621,2,1715,455,80,207,0.7751,-1,-1,-1
621,1,259,1032,52,48,0.5599,-1,-1,-1
622,73,564,539,68,238,0.7332,-1,-1,-1
622,71,1563,621,104,204,0.3064,-1,-1,-1
622,68,358,110,61,171,0.3573,-1,-1,-1
622,67,803,142,62,177,0.6594,-1,-1,-1
622,65,279,131,64,164,0.4434,-1,-1,-1
622,64,1479,3,66,138,0.4306,-1,-1,-1
622,63,348,290,69,202,0.6639,-1,-1,-1
622,53,1621,210,78,183,0.6768,-1,-1,-1
622,27,1113,917,74,162,0.6961,-1,-1,-1
622,25,319,975,97,105,0.7799,-1,-1,-1
622,4,1196,926,60,153,0.5286,-1,-1,-1
622,3,970,943,65,137,0.7678,-1,-1,-1
622,2,1717,455,78,206,0.7678,-1,-1,-1
622,1,261,1035,49,44,0.5316,-1,-1,-1
623,73,561,539,65,241,0.7029,-1,-1,-1
623,71,1562,610,106,216,0.4113,-1,-1,-1
623,68,358,109,62,172,0.3217,-1,-1,-1
623,67,803,142,62,176,0.6349,-1,-1,-1
623,65,280,133,64,156,0.3967,-1,-1,-1
623,64,1479,4,63,138,0.4484,-1,-1,-1
623,63,346,291,69,200,0.6877,-1,-1,-1
623,53,1621,210,77,182,0.6536,-1,-1,-1
623,27,1113,919,77,160,0.7227,-1,-1,-1
623,25,321,978,96,102,0.7804,-1,-1,-1
623,4,1193,928,88,151,0.5985,-1,-1,-1
623,3,967,942,65,138,0.7335,-1,-1,-1
623,2,1717,456,78,206,0.7885,-1,-1,-1
623,1,262,1038,45,40,0.4624,-1,-1,-1
624,73,557,539,66,241,0.7124,-1,-1,-1
624,71,1563,610,105,216,0.3140,-1,-1,-1
624,68,357,97,65,184,0.3020,-1,-1,-1
624,67,804,141,61,179,0.5739,-1,-1,-1
624,65,280,135,62,159,0.3733,-1,-1,-1
624,64,1479,3,64,138,0.4196,-1,-1,-1
624,63,344,291,70,200,0.6929,-1,-1,-1
624,53,1621,209,75,182,0.6678,-1,-1,-1
624,27,1114,920,76,160,0.7291,-1,-1,-1
624,25,323,982,94,98,0.7957,-1,-1,-1
624,4,1193,928,87,150,0.5410,-1,-1,-1
624,3,964,943,65,137,0.6982,-1,-1,-1
624,2,1717,456,78,206,0.7793,-1,-1,-1
624,1,261,1040,44,38,0.3453,-1,-1,-1
625,73,552,537,67,242,0.7388,-1,-1,-1
625,67,804,142,60,176,0.6151,-1,-1,-1
625,65,281,136,61,157,0.4037,-1,-1,-1
625,64,1480,3,65,137,0.3903,-1,-1,-1
625,63,344,291,70,200,0.6907,-1,-1,-1
625,53,1621,207,75,182,0.6473,-1,-1,-1
625,27,1114,921,77,159,0.7362,-1,-1,-1
625,25,324,984,93,96,0.7964,-1,-1,-1
625,4,1196,931,90,147,0.6169,-1,-1,-1
625,3,962,940,63,140,0.6866,-1,-1,-1
625,2,1717,456,77,208,0.7825,-1,-1,-1
626,75,1464,1017,57,63,0.4543,-1,-1,-1
626,74,1528,993,88,87,0.5072,-1,-1,-1
626,73,545,536,73,242,0.7314,-1,-1,-1
626,67,803,141,61,177,0.6432,-1,-1,-1
626,65,281,133,62,160,0.4050,-1,-1,-1
626,64,1479,3,66,138,0.4194,-1,-1,-1
626,63,343,292,70,200,0.6927,-1,-1,-1
626,53,1621,205,74,184,0.6559,-1,-1,-1
626,27,1114,920,79,160,0.7832,-1,-1,-1
626,25,324,988,93,92,0.7567,-1,-1,-1
626,4,1195,931,89,148,0.6373,-1,-1,-1
626,3,959,939,62,141,0.7169,-1,-1,-1
626,2,1718,457,76,206,0.7855,-1,-1,-1
627,75,1453,1013,69,67,0.5845,-1,-1,-1
627,74,1525,992,90,88,0.4661,-1,-1,-1
627,73,538,542,81,237,0.6875,-1,-1,-1
627,67,803,141,62,177,0.6511,-1,-1,-1
627,65,280,133,63,159,0.3894,-1,-1,-1
627,64,1478,2,68,139,0.4242,-1,-1,-1
627,63,343,293,69,199,0.6992,-1,-1,-1
627,53,1623,202,74,186,0.6074,-1,-1,-1
627,27,1114,922,79,158,0.8029,-1,-1,-1
627,25,324,989,95,91,0.7585,-1,-1,-1
627,4,1194,932,93,147,0.6513,-1,-1,-1
627,3,959,937,60,143,0.7309,-1,-1,-1
627,2,1718,457,76,206,0.7780,-1,-1,-1
628,75,1448,1011,73,69,0.6208,-1,-1,-1
628,74,1521,990,93,90,0.5666,-1,-1,-1
628,73,510,538,108,240,0.7833,-1,-1,-1
628,67,804,141,61,175,0.6234,-1,-1,-1
628,65,280,133,62,159,0.4272,-1,-1,-1
628,64,1478,3,67,137,0.4325,-1,-1,-1
628,63,341,293,71,199,0.7045,-1,-1,-1
628,53,1622,200,74,193,0.6449,-1,-1,-1
628,27,1113,922,83,158,0.8073,-1,-1,-1
628,25,324,990,95,90,0.7478,-1,-1,-1
628,4,1195,933,90,147,0.6487,-1,-1,-1
628,3,957,934,58,146,0.7448,-1,-1,-1
628,2,1718,455,76,209,0.7703,-1,-1,-1
629,75,1446,1009,74,71,0.6384,-1,-1,-1
629,74,1520,987,91,92,0.4715,-1,-1,-1
629,73,506,539,112,238,0.8206,-1,-1,-1
629,71,1565,597,104,229,0.3708,-1,-1,-1
629,67,803,141,62,176,0.6407,-1,-1,-1
629,65,279,133,64,162,0.4174,-1,-1,-1
629,64,1479,3,67,136,0.4277,-1,-1,-1
629,63,340,294,71,199,0.7239,-1,-1,-1
629,53,1622,200,73,193,0.6691,-1,-1,-1
629,27,1113,923,83,157,0.8010,-1,-1,-1
629,25,324,994,95,86,0.7623,-1,-1,-1
629,4,1196,936,92,143,0.6483,-1,-1,-1
629,3,955,932,58,148,0.7786,-1,-1,-1
629,2,1719,454,75,210,0.7786,-1,-1,-1
630,75,1442,1006,77,73,0.6184,-1,-1,-1
630,74,1517,986,92,92,0.4971,-1,-1,-1
630,73,501,540,116,237,0.8361,-1,-1,-1
630,71,1562,604,106,222,0.3693,-1,-1,-1
630,67,804,142,60,175,0.6083,-1,-1,-1
630,65,279,135,63,161,0.3453,-1,-1,-1
630,64,1478,3,66,136,0.4276,-1,-1,-1
630,63,339,294,73,203,0.7329,-1,-1,-1
630,53,1623,199,71,191,0.6516,-1,-1,-1
630,27,1113,925,86,155,0.8035,-1,-1,-1
630,25,324,996,96,84,0.7614,-1,-1,-1
630,4,1196,939,91,141,0.6275,-1,-1,-1
630,3,953,930,58,150,0.7894,-1,-1,-1
630,2,1717,454,78,209,0.7815,-1,-1,-1
631,75,1439,998,78,81,0.5306,-1,-1,-1
631,74,1514,984,92,94,0.5633,-1,-1,-1
631,73,498,538,120,239,0.8400,-1,-1,-1
631,69,195,255,59,177,0.3254,-1,-1,-1
631,67,808,141,57,174,0.5807,-1,-1,-1
631,65,278,134,64,160,0.4086,-1,-1,-1
631,64,1478,3,65,137,0.4005,-1,-1,-1
631,63,339,295,71,206,0.7223,-1,-1,-1
631,53,1624,199,69,184,0.6508,-1,-1,-1
631,27,1114,926,89,154,0.7988,-1,-1,-1
631,25,323,996,98,84,0.7694,-1,-1,-1
631,4,1196,944,92,136,0.6379,-1,-1,-1
631,3,950,929,59,151,0.7943,-1,-1,-1
631,2,1718,453,77,210,0.7872,-1,-1,-1
632,75,1437,992,78,87,0.5668,-1,-1,-1
632,74,1510,982,89,96,0.5533,-1,-1,-1
632,73,494,540,124,237,0.8419,-1,-1,-1
632,67,807,142,58,175,0.5726,-1,-1,-1
632,65,279,133,64,159,0.3883,-1,-1,-1
632,64,1479,3,64,137,0.3772,-1,-1,-1
632,63,338,296,72,208,0.7414,-1,-1,-1
632,53,1624,197,69,180,0.6814,-1,-1,-1
632,27,1113,928,97,152,0.7890,-1,-1,-1
632,25,324,999,97,81,0.7283,-1,-1,-1
632,4,1196,946,91,134,0.6087,-1,-1,-1
632,3,949,928,58,152,0.7700,-1,-1,-1
632,2,1718,454,78,209,0.7906,-1,-1,-1
633,75,1435,989,76,91,0.6970,-1,-1,-1
633,74,1507,976,92,104,0.5209,-1,-1,-1
633,73,494,539,124,239,0.8536,-1,-1,-1
633,67,805,142,59,174,0.5852,-1,-1,-1
633,65,279,133,64,156,0.3875,-1,-1,-1
633,64,1479,3,64,137,0.4033,-1,-1,-1
633,63,337,299,72,205,0.7289,-1,-1,-1
633,53,1625,196,67,180,0.6787,-1,-1,-1
633,27,1114,933,87,147,0.7355,-1,-1,-1
633,25,323,1002,98,78,0.7045,-1,-1,-1
633,4,1197,950,89,129,0.4832,-1,-1,-1
633,3,947,929,58,151,0.7600,-1,-1,-1
633,2,1716,453,81,212,0.7850,-1,-1,-1
634,75,1432,990,76,90,0.6423,-1,-1,-1
634,74,1504,971,90,109,0.3954,-1,-1,-1
634,73,494,538,122,239,0.8710,-1,-1,-1
634,71,1562,605,106,221,0.3320,-1,-1,-1
634,67,806,141,59,176,0.6022,-1,-1,-1
634,65,278,131,65,158,0.4162,-1,-1,-1
634,64,1479,4,64,135,0.4507,-1,-1,-1
634,63,337,302,70,203,0.7315,-1,-1,-1
634,53,1624,195,68,181,0.6897,-1,-1,-1
634,27,1113,935,100,145,0.7938,-1,-1,-1
634,25,324,1007,97,72,0.6970,-1,-1,-1
634,4,1201,952,83,127,0.4953,-1,-1,-1
634,3,945,926,60,154,0.7601,-1,-1,-1
634,2,1717,452,80,211,0.7954,-1,-1,-1
635,75,1431,989,75,91,0.6128,-1,-1,-1
635,74,1500,968,92,112,0.5915,-1,-1,-1
635,73,494,539,120,238,0.8635,-1,-1,-1
635,67,806,142,59,174,0.5983,-1,-1,-1
635,65,279,132,64,157,0.3865,-1,-1,-1
635,64,1479,4,60,136,0.4351,-1,-1,-1
635,63,338,304,69,203,0.7136,-1,-1,-1
635,53,1623,194,68,180,0.6549,-1,-1,-1
635,27,1113,940,100,140,0.7904,-1,-1,-1
635,25,326,1011,94,68,0.7079,-1,-1,-1
635,4,1199,955,86,125,0.5908,-1,-1,-1
635,3,943,928,60,152,0.7379,-1,-1,-1
635,2,1717,453,80,210,0.8032,-1,-1,-1
636,75,1429,983,76,97,0.6675,-1,-1,-1
636,74,1497,964,92,116,0.5920,-1,-1,-1
636,73,494,538,116,239,0.8457,-1,-1,-1
636,67,807,142,57,177,0.5994,-1,-1,-1
636,65,278,131,65,159,0.3907,-1,-1,-1
636,64,1480,4,59,136,0.4546,-1,-1,-1
636,63,337,308,69,203,0.7358,-1,-1,-1
636,53,1621,193,68,182,0.6511,-1,-1,-1
636,27,1113,942,100,138,0.7830,-1,-1,-1
636,25,326,1013,93,66,0.7056,-1,-1,-1
636,4,1202,956,80,124,0.5797,-1,-1,-1
636,3,942,929,56,151,0.7212,-1,-1,-1
636,2,1717,454,80,209,0.7973,-1,-1,-1
637,75,1427,982,78,98,0.6348,-1,-1,-1
637,74,1495,961,92,119,0.6022,-1,-1,-1
637,73,494,536,114,242,0.8195,-1,-1,-1
637,69,204,245,57,179,0.3898,-1,-1,-1
637,67,809,142,56,177,0.5880,-1,-1,-1
637,65,278,131,65,161,0.3764,-1,-1,-1
637,64,1480,3,59,137,0.4694,-1,-1,-1
637,63,337,310,69,205,0.7386,-1,-1,-1
637,53,1623,190,66,184,0.6413,-1,-1,-1
637,27,1114,944,102,135,0.7770,-1,-1,-1
637,25,327,1016,91,63,0.6821,-1,-1,-1
637,4,1203,958,77,122,0.6445,-1,-1,-1
637,3,938,928,59,152,0.7162,-1,-1,-1
637,2,1716,453,81,210,0.7973,-1,-1,-1
638,75,1423,981,76,99,0.7212,-1,-1,-1
638,74,1495,956,92,124,0.7105,-1,-1,-1
638,73,495,537,107,241,0.7754,-1,-1,-1
638,69,206,244,58,178,0.3695,-1,-1,-1
638,67,805,142,60,175,0.6230,-1,-1,-1
638,65,279,129,63,182,0.4143,-1,-1,-1
638,64,1480,3,59,137,0.4667,-1,-1,-1
638,63,338,310,68,207,0.7437,-1,-1,-1
638,53,1623,190,64,183,0.6561,-1,-1,-1
638,27,1115,946,101,133,0.7310,-1,-1,-1
638,25,328,1019,85,61,0.6452,-1,-1,-1
638,4,1202,961,75,119,0.5751,-1,-1,-1
638,3,936,927,60,153,0.7030,-1,-1,-1
638,2,1716,454,80,210,0.7905,-1,-1,-1
639,75,1419,984,76,96,0.7127,-1,-1,-1
639,74,1491,952,96,128,0.7577,-1,-1,-1
639,73,497,538,99,239,0.7488,-1,-1,-1
639,69,207,245,58,176,0.3630,-1,-1,-1
639,67,805,142,59,176,0.6036,-1,-1,-1
639,65,278,129,63,191,0.4550,-1,-1,-1
639,64,1479,3,59,138,0.5032,-1,-1,-1
639,63,338,311,68,206,0.7483,-1,-1,-1
639,53,1623,189,63,185,0.6737,-1,-1,-1
639,27,1116,948,101,132,0.6557,-1,-1,-1
639,25,330,1026,82,54,0.5819,-1,-1,-1
639,4,1199,962,77,118,0.5474,-1,-1,-1
639,3,936,928,56,152,0.7046,-1,-1,-1
639,2,1716,455,80,210,0.7992,-1,-1,-1
640,75,1417,982,74,98,0.6494,-1,-1,-1
640,74,1490,949,96,131,0.7447,-1,-1,-1
640,73,497,538,92,239,0.7593,-1,-1,-1
640,69,208,246,59,175,0.4467,-1,-1,-1
640,67,808,142,57,178,0.5905,-1,-1,-1
640,65,278,128,63,197,0.4678,-1,-1,-1
640,64,1479,2,62,139,0.4592,-1,-1,-1
640,63,337,311,69,207,0.7582,-1,-1,-1
640,53,1623,191,63,182,0.6714,-1,-1,-1
640,27,1119,952,100,128,0.6361,-1,-1,-1
640,25,334,1029,69,50,0.5155,-1,-1,-1
640,4,1193,965,81,115,0.5497,-1,-1,-1
640,3,934,928,57,152,0.6893,-1,-1,-1
640,2,1716,455,80,209,0.7905,-1,-1,-1
641,75,1413,979,77,101,0.6463,-1,-1,-1
641,74,1488,948,96,132,0.7037,-1,-1,-1
641,73,497,538,84,239,0.7401,-1,-1,-1
641,71,1563,605,105,221,0.3199,-1,-1,-1
641,69,210,248,58,174,0.4498,-1,-1,-1
641,68,352,88,67,197,0.3805,-1,-1,-1
641,67,805,142,60,178,0.6400,-1,-1,-1
641,65,277,128,65,201,0.4646,-1,-1,-1
641,64,1479,1,63,141,0.4653,-1,-1,-1
641,63,337,312,68,205,0.7637,-1,-1,-1
641,53,1623,191,62,181,0.6650,-1,-1,-1
641,27,1122,954,94,126,0.6879,-1,-1,-1
641,25,340,1033,49,47,0.4044,-1,-1,-1
641,4,1191,966,82,114,0.5745,-1,-1,-1
641,3,933,927,58,153,0.7130,-1,-1,-1
641,2,1715,455,81,209,0.7952,-1,-1,-1
642,75,1409,975,77,105,0.6747,-1,-1,-1
642,74,1487,947,94,133,0.6165,-1,-1,-1
642,73,496,538,75,238,0.7610,-1,-1,-1
642,69,211,247,56,174,0.4804,-1,-1,-1
642,68,353,90,67,195,0.3539,-1,-1,-1
642,67,804,142,61,178,0.6318,-1,-1,-1
642,65,278,125,65,207,0.3885,-1,-1,-1
642,64,1479,0,62,141,0.4607,-1,-1,-1
642,63,336,312,70,205,0.7656,-1,-1,-1
642,53,1623,192,61,176,0.6273,-1,-1,-1
642,27,1124,955,95,125,0.6780,-1,-1,-1
642,25,344,1035,44,45,0.4377,-1,-1,-1
642,4,1196,967,77,113,0.5953,-1,-1,-1
642,3,932,927,58,153,0.7187,-1,-1,-1
642,2,1715,455,81,210,0.7899,-1,-1,-1
643,75,1404,971,80,109,0.7234,-1,-1,-1
643,74,1482,947,96,133,0.7269,-1,-1,-1
643,73,491,538,70,235,0.7964,-1,-1,-1
643,69,212,249,56,171,0.4505,-1,-1,-1
643,68,352,83,69,202,0.3052,-1,-1,-1
643,67,808,143,57,178,0.5698,-1,-1,-1
643,65,277,124,67,209,0.3513,-1,-1,-1
643,64,1479,1,63,141,0.4294,-1,-1,-1
643,63,336,312,69,205,0.7697,-1,-1,-1
643,53,1623,191,59,177,0.6057,-1,-1,-1
643,27,1125,956,93,124,0.6663,-1,-1,-1
643,25,345,1038,40,42,0.3588,-1,-1,-1
643,4,1198,969,75,111,0.5539,-1,-1,-1
643,3,929,926,59,154,0.7229,-1,-1,-1
643,2,1716,455,80,208,0.7844,-1,-1,-1
644,75,1402,967,80,113,0.6600,-1,-1,-1
644,74,1478,946,96,134,0.7246,-1,-1,-1
644,73,484,538,69,236,0.8047,-1,-1,-1
644,69,211,247,58,174,0.4827,-1,-1,-1
644,67,808,142,57,180,0.5929,-1,-1,-1
644,65,278,125,66,188,0.3314,-1,-1,-1
644,64,1478,1,64,141,0.4670,-1,-1,-1
644,63,335,314,70,203,0.7596,-1,-1,-1
644,53,1622,188,59,175,0.5874,-1,-1,-1
644,27,1125,957,94,123,0.6475,-1,-1,-1
644,4,1197,970,76,110,0.4645,-1,-1,-1
644,3,926,927,60,153,0.7028,-1,-1,-1
644,2,1714,455,83,209,0.7863,-1,-1,-1
645,75,1399,965,80,115,0.6309,-1,-1,-1
645,74,1476,944,95,136,0.5694,-1,-1,-1
645,73,477,538,72,240,0.7829,-1,-1,-1
645,69,212,245,56,176,0.4098,-1,-1,-1
645,67,806,142,59,180,0.5885,-1,-1,-1
645,65,279,126,65,186,0.3180,-1,-1,-1
645,64,1479,2,63,140,0.4122,-1,-1,-1
645,63,336,314,69,202,0.7449,-1,-1,-1
645,53,1622,189,58,171,0.6522,-1,-1,-1
645,27,1125,958,97,122,0.6503,-1,-1,-1
645,4,1198,971,74,109,0.4951,-1,-1,-1
645,3,921,926,65,154,0.6569,-1,-1,-1
645,2,1716,455,81,208,0.7845,-1,-1,-1
646,75,1393,961,83,119,0.6647,-1,-1,-1
646,73,472,537,73,240,0.7736,-1,-1,-1
646,69,214,243,54,175,0.3439,-1,-1,-1
646,67,810,142,55,181,0.6029,-1,-1,-1
646,65,278,129,66,170,0.3087,-1,-1,-1
646,64,1479,0,63,143,0.4292,-1,-1,-1
646,63,336,316,69,200,0.7253,-1,-1,-1
646,53,1621,187,59,170,0.6870,-1,-1,-1
646,27,1126,959,91,121,0.6048,-1,-1,-1
646,4,1196,972,75,108,0.5125,-1,-1,-1
646,3,918,927,65,153,0.6576,-1,-1,-1
646,2,1717,456,81,207,0.7879,-1,-1,-1
647,75,1390,956,85,122,0.6591,-1,-1,-1
647,73,467,537,76,241,0.7667,-1,-1,-1
647,69,214,244,54,175,0.3703,-1,-1,-1
647,67,807,142,58,179,0.5873,-1,-1,-1
647,64,1479,1,62,141,0.3423,-1,-1,-1
647,63,336,318,68,199,0.7367,-1,-1,-1
647,53,1620,186,59,172,0.6591,-1,-1,-1
647,27,1127,962,82,118,0.5870,-1,-1,-1
647,4,1190,974,81,106,0.4696,-1,-1,-1
647,3,912,927,69,152,0.6282,-1,-1,-1
647,2,1717,456,81,207,0.8001,-1,-1,-1
648,75,1388,953,85,127,0.6822,-1,-1,-1
648,73,465,539,76,239,0.7341,-1,-1,-1
648,69,214,244,54,174,0.3731,-1,-1,-1
648,67,807,142,58,178,0.6049,-1,-1,-1
648,64,1479,0,63,143,0.3673,-1,-1,-1
648,63,335,319,67,201,0.7359,-1,-1,-1
648,53,1619,185,59,170,0.6678,-1,-1,-1
648,27,1127,963,89,117,0.5795,-1,-1,-1
648,4,1194,978,76,102,0.4193,-1,-1,-1
648,3,909,928,70,151,0.6390,-1,-1,-1
648,2,1717,456,80,207,0.8002,-1,-1,-1
649,75,1383,951,88,129,0.7600,-1,-1,-1
649,74,1466,935,90,145,0.6194,-1,-1,-1
649,73,460,538,79,240,0.7438,-1,-1,-1
649,69,215,245,53,173,0.3481,-1,-1,-1
649,67,807,142,58,179,0.6002,-1,-1,-1
649,64,1479,0,61,141,0.3843,-1,-1,-1
649,63,335,319,66,203,0.7312,-1,-1,-1
649,53,1618,183,61,174,0.6718,-1,-1,-1
649,27,1126,966,86,114,0.5716,-1,-1,-1
649,4,1195,982,74,98,0.4448,-1,-1,-1
649,3,906,928,71,152,0.6171,-1,-1,-1
649,2,1717,456,81,207,0.7999,-1,-1,-1
650,75,1380,949,86,131,0.7777,-1,-1,-1
650,74,1460,930,92,150,0.5914,-1,-1,-1
650,73,456,538,82,239,0.7725,-1,-1,-1
650,69,216,245,53,173,0.3054,-1,-1,-1
650,67,807,142,58,180,0.6205,-1,-1,-1
650,65,278,128,66,175,0.3122,-1,-1,-1
650,64,1478,0,61,141,0.4105,-1,-1,-1
650,63,334,321,66,204,0.7195,-1,-1,-1
650,53,1617,181,62,176,0.7187,-1,-1,-1
650,27,1125,970,84,109,0.5781,-1,-1,-1
650,4,1191,985,78,95,0.4499,-1,-1,-1
650,3,906,928,66,152,0.7213,-1,-1,-1
650,2,1718,456,80,207,0.7985,-1,-1,-1
651,75,1373,947,88,133,0.7856,-1,-1,-1
651,74,1457,925,92,155,0.7011,-1,-1,-1
651,73,454,540,83,236,0.7977,-1,-1,-1
651,67,805,142,60,179,0.5968,-1,-1,-1
651,64,1478,0,61,141,0.4189,-1,-1,-1
651,63,334,322,66,204,0.7291,-1,-1,-1
651,53,1616,180,64,176,0.6557,-1,-1,-1
651,27,1126,972,88,108,0.5520,-1,-1,-1
651,4,1196,986,70,94,0.4755,-1,-1,-1
651,3,903,929,68,151,0.7735,-1,-1,-1
651,2,1718,456,80,207,0.7881,-1,-1,-1
652,75,1370,944,89,136,0.7039,-1,-1,-1
652,74,1453,921,92,158,0.7166,-1,-1,-1
652,73,453,540,84,235,0.8020,-1,-1,-1
652,67,807,142,58,178,0.5630,-1,-1,-1
652,64,1479,0,60,141,0.3450,-1,-1,-1
652,63,332,327,66,200,0.7040,-1,-1,-1
652,53,1616,178,64,176,0.6472,-1,-1,-1
652,27,1126,975,74,104,0.4970,-1,-1,-1
652,4,1189,989,77,91,0.4505,-1,-1,-1
652,3,901,928,67,152,0.7675,-1,-1,-1
652,2,1717,456,80,208,0.7741,-1,-1,-1
653,75,1366,940,87,138,0.7206,-1,-1,-1
653,74,1450,916,91,164,0.7209,-1,-1,-1
653,73,452,539,84,236,0.8011,-1,-1,-1
653,67,806,142,59,180,0.5911,-1,-1,-1
653,64,1479,0,62,142,0.4116,-1,-1,-1
653,63,332,328,66,201,0.7394,-1,-1,-1
653,53,1616,175,64,178,0.6566,-1,-1,-1
653,27,1126,977,66,103,0.5207,-1,-1,-1
653,4,1187,991,79,89,0.5719,-1,-1,-1
653,3,898,928,68,152,0.7550,-1,-1,-1
653,2,1718,455,79,208,0.7898,-1,-1,-1
654,75,1364,939,88,140,0.7044,-1,-1,-1
654,74,1447,913,91,166,0.7052,-1,-1,-1
654,73,454,538,82,237,0.7711,-1,-1,-1
654,67,804,142,61,177,0.5953,-1,-1,-1
654,64,1479,0,62,142,0.4440,-1,-1,-1
654,63,332,329,65,202,0.7611,-1,-1,-1
654,53,1616,173,65,179,0.6478,-1,-1,-1
654,27,1125,981,67,99,0.5646,-1,-1,-1
654,4,1197,992,70,87,0.5692,-1,-1,-1
654,3,898,930,66,150,0.7441,-1,-1,-1
654,2,1720,456,78,207,0.7981,-1,-1,-1
655,75,1362,937,90,142,0.7079,-1,-1,-1
655,74,1445,913,90,166,0.6932,-1,-1,-1
655,73,454,537,82,238,0.7680,-1,-1,-1
655,71,1568,602,104,225,0.3276,-1,-1,-1
655,69,221,247,52,171,0.3548,-1,-1,-1
655,67,804,142,61,177,0.6331,-1,-1,-1
655,64,1479,0,62,142,0.4373,-1,-1,-1
655,63,330,330,66,200,0.7517,-1,-1,-1
655,53,1615,173,67,177,0.5951,-1,-1,-1
655,27,1123,983,71,97,0.6377,-1,-1,-1
655,4,1197,995,70,84,0.5403,-1,-1,-1
655,3,894,929,66,151,0.7251,-1,-1,-1
655,2,1719,455,78,208,0.7910,-1,-1,-1
656,77,467,110,58,167,0.4679,-1,-1,-1
656,75,1358,936,91,143,0.7264,-1,-1,-1
656,74,1439,912,94,167,0.7095,-1,-1,-1
656,73,453,535,83,240,0.7707,-1,-1,-1
656,69,221,241,52,177,0.3824,-1,-1,-1
656,67,804,142,61,179,0.6238,-1,-1,-1
656,64,1478,0,63,142,0.4229,-1,-1,-1
656,63,329,331,66,203,0.7586,-1,-1,-1
656,53,1616,172,67,176,0.5842,-1,-1,-1
656,27,1120,986,65,93,0.6195,-1,-1,-1
656,4,1198,997,71,83,0.5561,-1,-1,-1
656,3,890,931,67,149,0.7267,-1,-1,-1
656,2,1719,455,78,208,0.8073,-1,-1,-1
657,77,467,111,58,168,0.4440,-1,-1,-1
657,75,1360,933,88,146,0.7141,-1,-1,-1
657,74,1437,907,95,172,0.7561,-1,-1,-1
657,73,453,534,82,241,0.7509,-1,-1,-1
657,69,219,242,53,174,0.3909,-1,-1,-1
657,67,804,142,61,179,0.5946,-1,-1,-1
657,64,1479,0,63,142,0.4151,-1,-1,-1
657,63,329,331,65,203,0.7419,-1,-1,-1
657,53,1614,172,70,174,0.5376,-1,-1,-1
657,27,1121,987,66,93,0.6238,-1,-1,-1
657,4,1195,998,76,82,0.5944,-1,-1,-1
657,3,889,929,67,151,0.6576,-1,-1,-1
657,2,1720,455,77,208,0.7928,-1,-1,-1
658,77,468,112,58,168,0.4717,-1,-1,-1
658,75,1357,929,88,150,0.6844,-1,-1,-1
658,74,1434,905,95,175,0.7720,-1,-1,-1
658,73,452,533,82,240,0.7075,-1,-1,-1
658,69,221,238,52,178,0.3463,-1,-1,-1
658,67,804,142,61,179,0.5977,-1,-1,-1
658,64,1479,0,65,142,0.3576,-1,-1,-1
658,63,327,332,66,202,0.7416,-1,-1,-1
658,53,1613,172,71,172,0.4736,-1,-1,-1
658,27,1118,989,81,90,0.6889,-1,-1,-1
658,4,1196,1000,76,80,0.6607,-1,-1,-1
658,3,887,930,65,150,0.6570,-1,-1,-1
658,2,1720,455,76,208,0.7875,-1,-1,-1
659,77,469,107,58,174,0.5028,-1,-1,-1
659,75,1354,925,87,154,0.6864,-1,-1,-1
659,74,1430,905,97,175,0.7538,-1,-1,-1
659,73,450,531,81,241,0.7232,-1,-1,-1
659,71,1617,605,54,215,0.3094,-1,-1,-1
659,69,222,242,49,171,0.3633,-1,-1,-1
659,67,803,142,62,178,0.6353,-1,-1,-1
659,64,1477,0,65,141,0.3990,-1,-1,-1
659,63,325,331,68,202,0.7468,-1,-1,-1
659,53,1613,170,72,174,0.5110,-1,-1,-1
659,27,1117,989,81,91,0.7223,-1,-1,-1
659,4,1194,1001,79,79,0.6605,-1,-1,-1
659,3,885,930,64,150,0.6784,-1,-1,-1
659,2,1718,455,79,208,0.8071,-1,-1,-1
660,77,470,111,57,171,0.4933,-1,-1,-1
660,75,1351,921,87,157,0.6820,-1,-1,-1
660,74,1429,903,99,176,0.7405,-1,-1,-1
660,73,448,530,77,240,0.7312,-1,-1,-1
660,69,223,240,47,171,0.3051,-1,-1,-1
660,67,806,142,59,177,0.5862,-1,-1,-1
660,64,1477,0,66,140,0.3635,-1,-1,-1
660,63,324,333,67,200,0.7512,-1,-1,-1
660,53,1614,169,73,175,0.4878,-1,-1,-1
660,27,1114,992,82,87,0.6717,-1,-1,-1
660,4,1193,1002,83,78,0.6578,-1,-1,-1
660,3,884,929,63,151,0.6457,-1,-1,-1
660,2,1719,455,78,208,0.8058,-1,-1,-1
661,77,470,109,58,178,0.4758,-1,-1,-1
661,75,1349,917,86,162,0.6637,-1,-1,-1
661,74,1426,901,103,178,0.7187,-1,-1,-1
661,73,446,528,71,242,0.7313,-1,-1,-1
661,67,805,141,60,177,0.5664,-1,-1,-1
661,64,1475,0,68,142,0.3635,-1,-1,-1
661,63,321,332,69,201,0.7396,-1,-1,-1
661,53,1615,169,74,171,0.4644,-1,-1,-1
661,27,1111,994,79,85,0.6100,-1,-1,-1
661,4,1191,1005,85,75,0.6279,-1,-1,-1
661,3,882,929,62,151,0.6472,-1,-1,-1
661,2,1718,455,79,208,0.7916,-1,-1,-1
662,79,1568,599,104,227,0.3620,-1,-1,-1
662,77,470,111,60,177,0.4996,-1,-1,-1
662,75,1346,915,84,162,0.6449,-1,-1,-1
662,74,1424,901,94,177,0.5714,-1,-1,-1
662,73,442,528,69,242,0.7201,-1,-1,-1
662,67,805,141,60,176,0.5913,-1,-1,-1
662,64,1475,0,69,141,0.3804,-1,-1,-1
662,63,318,333,71,201,0.7573,-1,-1,-1
662,53,1614,169,76,170,0.5104,-1,-1,-1
662,27,1110,996,79,83,0.5804,-1,-1,-1
662,4,1191,1005,85,74,0.6230,-1,-1,-1
662,3,879,928,61,152,0.6903,-1,-1,-1
662,2,1718,455,80,208,0.8053,-1,-1,-1
663,79,1563,601,108,224,0.3298,-1,-1,-1
663,77,470,112,61,176,0.5254,-1,-1,-1
663,75,1344,911,83,167,0.6572,-1,-1,-1
663,74,1419,896,82,183,0.6016,-1,-1,-1
663,73,438,527,66,241,0.7281,-1,-1,-1
663,67,806,142,59,173,0.5717,-1,-1,-1
663,64,1474,0,69,141,0.3726,-1,-1,-1
663,63,317,333,72,203,0.7583,-1,-1,-1
663,53,1618,167,70,168,0.5279,-1,-1,-1
663,27,1110,999,77,80,0.5960,-1,-1,-1
663,4,1192,1008,82,70,0.6330,-1,-1,-1
663,3,875,927,63,153,0.6586,-1,-1,-1
663,2,1717,454,79,209,0.7938,-1,-1,-1
664,79,1567,601,105,225,0.3255,-1,-1,-1
664,78,428,127,47,149,0.4356,-1,-1,-1
664,77,473,114,58,174,0.5304,-1,-1,-1
664,75,1340,908,84,170,0.7265,-1,-1,-1
664,74,1416,891,96,188,0.6576,-1,-1,-1
664,73,432,527,66,239,0.7262,-1,-1,-1
664,67,804,141,61,176,0.5813,-1,-1,-1
664,65,282,131,61,165,0.3404,-1,-1,-1
664,64,1475,0,67,140,0.3651,-1,-1,-1
664,63,313,334,75,203,0.7549,-1,-1,-1
664,53,1616,164,76,170,0.6281,-1,-1,-1
664,27,1109,1001,72,79,0.5719,-1,-1,-1
664,4,1192,1009,80,70,0.5672,-1,-1,-1
664,3,872,928,64,152,0.6408,-1,-1,-1
664,2,1719,455,79,207,0.8095,-1,-1,-1
665,79,1570,597,101,229,0.3399,-1,-1,-1
665,78,431,127,45,149,0.4310,-1,-1,-1
665,77,474,115,59,172,0.4808,-1,-1,-1
665,75,1338,904,81,175,0.7403,-1,-1,-1
665,74,1415,886,99,194,0.6957,-1,-1,-1
665,73,429,527,64,239,0.7072,-1,-1,-1
665,67,805,141,60,176,0.5846,-1,-1,-1
665,65,282,131,61,168,0.3186,-1,-1,-1
665,64,1475,0,67,141,0.3541,-1,-1,-1
665,63,312,333,76,205,0.7344,-1,-1,-1
665,53,1618,163,74,169,0.6244,-1,-1,-1
665,27,1107,1003,71,77,0.5687,-1,-1,-1
665,4,1193,1012,73,68,0.5835,-1,-1,-1
665,3,867,929,67,149,0.6532,-1,-1,-1
665,2,1718,455,80,207,0.8103,-1,-1,-1
666,78,431,126,45,150,0.4029,-1,-1,-1
666,77,474,112,57,176,0.4756,-1,-1,-1
666,75,1336,902,81,177,0.7699,-1,-1,-1
666,74,1414,882,99,197,0.7366,-1,-1,-1
666,73,426,528,64,247,0.7359,-1,-1,-1
666,67,805,142,60,173,0.6115,-1,-1,-1
666,65,281,130,62,170,0.3344,-1,-1,-1
666,64,1476,0,65,140,0.3705,-1,-1,-1
666,63,312,335,76,206,0.7403,-1,-1,-1
666,53,1619,162,74,174,0.6177,-1,-1,-1
666,27,1106,1005,73,75,0.5521,-1,-1,-1
666,4,1191,1014,74,66,0.5756,-1,-1,-1
666,3,865,928,66,150,0.6514,-1,-1,-1
666,2,1717,455,80,208,0.7868,-1,-1,-1
667,78,430,125,45,153,0.3807,-1,-1,-1
667,77,476,115,57,172,0.4143,-1,-1,-1
667,75,1335,900,80,180,0.7788,-1,-1,-1
667,74,1408,877,103,203,0.7267,-1,-1,-1
667,73,425,527,63,245,0.7167,-1,-1,-1
667,67,804,141,61,174,0.5663,-1,-1,-1
667,65,283,131,61,165,0.3103,-1,-1,-1
667,64,1477,0,65,139,0.3297,-1,-1,-1
667,63,311,336,76,210,0.7199,-1,-1,-1
667,53,1620,161,74,180,0.6509,-1,-1,-1
667,27,1105,1007,75,73,0.5426,-1,-1,-1
667,4,1192,1017,71,63,0.5506,-1,-1,-1
667,3,866,927,63,153,0.6712,-1,-1,-1
667,2,1716,455,81,207,0.7735,-1,-1,-1
668,78,431,127,45,152,0.3486,-1,-1,-1
668,77,479,115,53,173,0.4228,-1,-1,-1
668,75,1334,900,78,180,0.7773,-1,-1,-1
668,74,1403,872,103,207,0.7064,-1,-1,-1
668,73,422,529,65,245,0.7319,-1,-1,-1
668,67,806,141,58,174,0.5563,-1,-1,-1
668,63,309,338,77,211,0.7025,-1,-1,-1
668,53,1621,160,73,178,0.6765,-1,-1,-1
668,27,1104,1010,75,68,0.5798,-1,-1,-1
668,4,1192,1022,67,58,0.5045,-1,-1,-1
668,3,862,926,64,154,0.6762,-1,-1,-1
668,2,1717,456,81,206,0.7696,-1,-1,-1
669,79,1608,597,64,226,0.3334,-1,-1,-1
669,78,431,127,45,152,0.3205,-1,-1,-1
669,77,479,115,53,173,0.4579,-1,-1,-1
669,75,1331,898,78,182,0.7644,-1,-1,-1
669,74,1401,872,101,206,0.7245,-1,-1,-1
669,73,415,530,72,243,0.7268,-1,-1,-1
669,67,805,141,60,175,0.5593,-1,-1,-1
669,63,312,342,73,209,0.6945,-1,-1,-1
669,53,1621,157,73,178,0.6723,-1,-1,-1
669,27,1102,1012,72,66,0.5516,-1,-1,-1
669,4,1194,1027,62,53,0.4780,-1,-1,-1
669,3,861,928,62,152,0.6644,-1,-1,-1
669,2,1717,456,81,206,0.7710,-1,-1,-1
670,79,1611,598,61,225,0.3664,-1,-1,-1
670,78,430,127,44,153,0.3552,-1,-1,-1
670,77,479,114,53,175,0.4684,-1,-1,-1
670,75,1327,896,78,184,0.7666,-1,-1,-1
670,74,1401,870,99,209,0.7252,-1,-1,-1
670,73,409,530,77,242,0.7643,-1,-1,-1
670,67,804,141,61,177,0.5370,-1,-1,-1
670,63,313,343,71,207,0.7007,-1,-1,-1
670,53,1624,156,71,179,0.6620,-1,-1,-1
670,27,1101,1017,69,62,0.5261,-1,-1,-1
670,4,1196,1029,58,51,0.4743,-1,-1,-1
670,3,859,928,63,152,0.6461,-1,-1,-1
670,2,1717,456,81,207,0.7613,-1,-1,-1
671,79,1609,598,63,225,0.3676,-1,-1,-1
671,78,429,128,45,155,0.3568,-1,-1,-1
671,77,480,114,53,175,0.5041,-1,-1,-1
671,75,1323,896,80,184,0.7722,-1,-1,-1
671,74,1399,866,102,213,0.7619,-1,-1,-1
671,73,404,529,81,243,0.8253,-1,-1,-1
671,67,803,141,62,178,0.5991,-1,-1,-1
671,63,311,345,73,212,0.7051,-1,-1,-1
671,53,1625,155,70,178,0.6529,-1,-1,-1
671,27,1103,1022,57,57,0.5527,-1,-1,-1
671,4,1196,1032,55,48,0.5811,-1,-1,-1
671,3,856,929,63,151,0.7136,-1,-1,-1
671,2,1717,455,81,208,0.7776,-1,-1,-1
672,79,1610,596,62,226,0.3611,-1,-1,-1
672,78,429,130,44,155,0.3509,-1,-1,-1
672,77,480,115,53,175,0.4593,-1,-1,-1
672,75,1319,893,82,187,0.7648,-1,-1,-1
672,74,1399,863,106,217,0.7323,-1,-1,-1
672,73,401,530,84,242,0.8034,-1,-1,-1
672,67,803,140,61,178,0.6021,-1,-1,-1
672,63,312,346,72,211,0.6983,-1,-1,-1
672,53,1626,155,69,177,0.6559,-1,-1,-1
672,27,1104,1026,54,54,0.5110,-1,-1,-1
672,4,1197,1035,52,45,0.5751,-1,-1,-1
672,3,855,928,63,152,0.7383,-1,-1,-1
672,2,1717,455,81,208,0.7838,-1,-1,-1
673,79,1567,600,105,226,0.4074,-1,-1,-1
673,78,429,129,46,158,0.3193,-1,-1,-1
673,77,481,116,52,175,0.4386,-1,-1,-1
673,75,1314,891,87,189,0.7537,-1,-1,-1
673,74,1397,864,98,216,0.7332,-1,-1,-1
673,73,400,530,85,241,0.7741,-1,-1,-1
673,67,805,141,59,177,0.5847,-1,-1,-1
673,63,311,350,72,210,0.6851,-1,-1,-1
673,53,1625,154,70,177,0.6480,-1,-1,-1
673,27,1106,1029,49,51,0.5856,-1,-1,-1
673,4,1197,1036,46,43,0.5867,-1,-1,-1
673,3,855,928,61,152,0.7801,-1,-1,-1
673,2,1716,456,83,207,0.7855,-1,-1,-1
674,81,1116,0,46,102,0.4639,-1,-1,-1
674,78,428,131,47,159,0.3311,-1,-1,-1
674,77,481,118,53,179,0.4478,-1,-1,-1
674,75,1310,887,84,193,0.7730,-1,-1,-1
674,74,1392,864,95,216,0.7302,-1,-1,-1
674,73,398,530,88,241,0.7761,-1,-1,-1
674,67,803,141,61,181,0.5849,-1,-1,-1
674,63,310,352,72,210,0.7013,-1,-1,-1
674,53,1626,154,70,176,0.6455,-1,-1,-1
674,27,1107,1031,47,49,0.5980,-1,-1,-1
674,4,1197,1038,44,41,0.5641,-1,-1,-1
674,3,852,928,61,152,0.8160,-1,-1,-1
674,2,1717,455,83,208,0.7916,-1,-1,-1
675,81,1113,0,47,103,0.3629,-1,-1,-1
675,78,429,132,46,160,0.3912,-1,-1,-1
675,77,480,121,54,178,0.4779,-1,-1,-1
675,75,1308,885,82,195,0.7637,-1,-1,-1
675,74,1388,862,100,218,0.7082,-1,-1,-1
675,73,393,531,92,241,0.8019,-1,-1,-1
675,67,804,141,60,179,0.5905,-1,-1,-1
675,63,310,352,73,212,0.7205,-1,-1,-1
675,53,1624,153,71,178,0.6408,-1,-1,-1
675,27,1108,1034,44,46,0.6243,-1,-1,-1
675,4,1197,1041,42,38,0.5824,-1,-1,-1
675,3,852,929,60,151,0.8016,-1,-1,-1
675,2,1716,456,85,207,0.7958,-1,-1,-1
676,78,428,135,47,159,0.4092,-1,-1,-1
676,77,481,125,55,177,0.5413,-1,-1,-1
676,75,1301,882,86,198,0.7506,-1,-1,-1
676,74,1381,861,108,218,0.7190,-1,-1,-1
676,73,389,530,98,241,0.8186,-1,-1,-1
676,67,803,142,61,178,0.5908,-1,-1,-1
676,63,310,353,72,211,0.7166,-1,-1,-1
676,53,1624,153,71,180,0.6173,-1,-1,-1
676,27,1110,1037,41,43,0.5589,-1,-1,-1
676,4,1196,1043,47,37,0.5553,-1,-1,-1
676,3,849,928,62,152,0.7853,-1,-1,-1
676,2,1717,456,82,207,0.7924,-1,-1,-1
677,78,428,134,45,163,0.4444,-1,-1,-1
677,77,480,126,56,178,0.5756,-1,-1,-1
677,75,1295,879,90,201,0.7788,-1,-1,-1
677,74,1375,860,108,220,0.7457,-1,-1,-1
677,73,382,530,104,242,0.8237,-1,-1,-1
677,67,802,142,62,176,0.6338,-1,-1,-1
677,64,1477,3,67,139,0.3366,-1,-1,-1
677,63,310,353,72,211,0.7397,-1,-1,-1
677,53,1622,153,71,179,0.5622,-1,-1,-1
677,27,1109,1040,41,40,0.4985,-1,-1,-1
677,4,1195,1046,51,34,0.5630,-1,-1,-1
677,3,849,927,61,153,0.7359,-1,-1,-1
677,2,1716,457,85,206,0.7911,-1,-1,-1
678,78,428,136,44,160,0.3936,-1,-1,-1
678,77,481,126,56,180,0.5786,-1,-1,-1
678,75,1291,875,87,205,0.7770,-1,-1,-1
678,74,1374,860,106,220,0.7065,-1,-1,-1
678,73,375,529,111,243,0.8283,-1,-1,-1
678,67,802,142,62,175,0.5996,-1,-1,-1
678,64,1477,3,66,139,0.3356,-1,-1,-1
678,63,310,355,71,215,0.7312,-1,-1,-1
678,53,1620,153,73,176,0.5766,-1,-1,-1
678,27,1108,1042,42,38,0.4547,-1,-1,-1
678,4,1194,1047,54,33,0.5705,-1,-1,-1
678,3,848,928,61,152,0.7206,-1,-1,-1
678,2,1716,456,85,207,0.7842,-1,-1,-1
679,78,427,141,45,155,0.3796,-1,-1,-1
679,77,481,127,56,180,0.5620,-1,-1,-1
679,75,1287,872,89,208,0.7954,-1,-1,-1
679,74,1368,859,107,221,0.7117,-1,-1,-1
679,73,369,529,115,243,0.8422,-1,-1,-1
679,67,802,142,61,176,0.6199,-1,-1,-1
679,64,1479,4,63,138,0.3510,-1,-1,-1
679,63,311,354,72,211,0.7281,-1,-1,-1
679,53,1619,152,73,176,0.5451,-1,-1,-1
679,27,1106,1043,44,37,0.4510,-1,-1,-1
679,4,1194,1048,55,32,0.5942,-1,-1,-1
679,3,846,927,63,153,0.7232,-1,-1,-1
679,2,1715,457,86,206,0.7844,-1,-1,-1
680,78,427,143,44,153,0.3210,-1,-1,-1
680,77,479,128,58,179,0.5823,-1,-1,-1
680,75,1284,868,91,212,0.8043,-1,-1,-1
680,74,1365,855,104,224,0.7262,-1,-1,-1
680,73,364,529,118,244,0.8352,-1,-1,-1
680,67,803,142,59,175,0.6182,-1,-1,-1
680,64,1478,2,64,140,0.3298,-1,-1,-1
680,63,310,355,73,209,0.7478,-1,-1,-1
680,53,1620,152,70,175,0.5582,-1,-1,-1
680,27,1106,1044,41,36,0.4386,-1,-1,-1
680,4,1194,1049,54,31,0.5050,-1,-1,-1
680,3,845,927,64,152,0.7290,-1,-1,-1
680,2,1716,456,84,207,0.7938,-1,-1,-1
681,77,481,127,56,180,0.5752,-1,-1,-1
681,75,1280,866,92,214,0.8067,-1,-1,-1
681,74,1367,852,97,227,0.7748,-1,-1,-1
681,73,360,528,121,245,0.8411,-1,-1,-1
681,69,237,231,58,170,0.3589,-1,-1,-1
681,67,803,142,59,173,0.6109,-1,-1,-1
681,63,312,355,70,209,0.7286,-1,-1,-1
681,53,1620,153,68,175,0.5798,-1,-1,-1
681,27,1104,1044,42,36,0.4623,-1,-1,-1
681,4,1194,1051,52,29,0.4110,-1,-1,-1
681,3,843,926,66,153,0.7525,-1,-1,-1
681,2,1716,457,85,208,0.7832,-1,-1,-1
682,81,1074,0,79,99,0.4024,-1,-1,-1
682,77,481,127,56,180,0.5549,-1,-1,-1
682,75,1278,863,90,217,0.8054,-1,-1,-1
682,74,1373,848,89,232,0.7335,-1,-1,-1
682,73,357,529,122,245,0.8387,-1,-1,-1
682,69,242,226,59,179,0.3270,-1,-1,-1
682,67,802,142,59,174,0.6179,-1,-1,-1
682,63,310,356,72,207,0.7353,-1,-1,-1
682,53,1621,153,66,176,0.5562,-1,-1,-1
682,27,1102,1047,42,33,0.4254,-1,-1,-1
682,3,840,925,68,155,0.7595,-1,-1,-1
682,2,1715,456,86,208,0.7773,-1,-1,-1
683,81,1074,0,79,99,0.4168,-1,-1,-1
683,77,481,127,56,181,0.5430,-1,-1,-1
683,75,1273,863,93,217,0.7910,-1,-1,-1
683,74,1368,845,92,235,0.7582,-1,-1,-1
683,73,354,529,123,245,0.8004,-1,-1,-1
683,67,803,142,58,174,0.5983,-1,-1,-1
683,63,308,355,73,209,0.7446,-1,-1,-1
683,53,1618,153,68,177,0.5232,-1,-1,-1
683,27,1101,1049,40,31,0.3769,-1,-1,-1
683,3,837,924,71,156,0.7705,-1,-1,-1
683,2,1715,457,86,206,0.7998,-1,-1,-1
684,81,1075,0,72,97,0.4162,-1,-1,-1
684,77,483,130,55,177,0.5178,-1,-1,-1
684,75,1268,863,94,217,0.7844,-1,-1,-1
684,74,1362,840,93,240,0.7572,-1,-1,-1
684,73,351,528,121,246,0.7441,-1,-1,-1
684,67,802,142,58,175,0.5772,-1,-1,-1
684,64,1479,1,60,140,0.3124,-1,-1,-1
684,63,308,357,71,208,0.7354,-1,-1,-1
684,53,1618,153,67,177,0.5986,-1,-1,-1
684,27,1099,1051,39,29,0.3565,-1,-1,-1
684,3,836,924,71,155,0.7536,-1,-1,-1
684,2,1717,457,83,207,0.7754,-1,-1,-1
685,81,1074,0,69,96,0.4915,-1,-1,-1
685,77,481,130,58,177,0.5034,-1,-1,-1
685,75,1267,859,90,221,0.7713,-1,-1,-1
685,74,1358,836,94,244,0.7837,-1,-1,-1
685,73,351,528,118,247,0.7750,-1,-1,-1
685,67,801,142,58,172,0.5612,-1,-1,-1
685,63,308,358,70,210,0.7279,-1,-1,-1
685,53,1616,153,66,176,0.5968,-1,-1,-1
685,3,828,923,78,156,0.7679,-1,-1,-1
685,2,1717,456,84,207,0.7903,-1,-1,-1
686,81,1074,0,59,93,0.3734,-1,-1,-1
686,77,481,130,57,177,0.5307,-1,-1,-1
686,75,1264,858,92,221,0.7691,-1,-1,-1
686,74,1356,834,92,246,0.7890,-1,-1,-1
686,73,351,529,116,246,0.7711,-1,-1,-1
686,67,801,142,57,172,0.5507,-1,-1,-1
686,63,310,361,67,209,0.7039,-1,-1,-1
686,53,1616,152,65,177,0.5941,-1,-1,-1
686,3,826,920,81,158,0.7684,-1,-1,-1
686,2,1717,455,84,208,0.7853,-1,-1,-1
687,81,1073,0,50,92,0.4340,-1,-1,-1
687,79,1608,595,64,230,0.3907,-1,-1,-1
687,77,481,129,57,178,0.5738,-1,-1,-1
687,75,1261,859,93,221,0.7724,-1,-1,-1
687,74,1351,829,91,251,0.8132,-1,-1,-1
687,73,352,529,111,246,0.7864,-1,-1,-1
687,67,802,142,57,172,0.5041,-1,-1,-1
687,63,310,364,66,208,0.7065,-1,-1,-1
687,53,1615,151,65,178,0.5936,-1,-1,-1
687,3,826,920,79,159,0.7586,-1,-1,-1
687,2,1717,455,85,208,0.7844,-1,-1,-1
688,81,1071,0,47,91,0.3657,-1,-1,-1
688,79,1606,594,66,232,0.3044,-1,-1,-1
688,78,423,141,49,159,0.3434,-1,-1,-1
688,77,482,128,56,178,0.5752,-1,-1,-1
688,75,1260,856,90,224,0.8037,-1,-1,-1
688,74,1344,825,94,255,0.8567,-1,-1,-1
688,73,355,529,106,244,0.8012,-1,-1,-1
688,69,244,219,58,180,0.4468,-1,-1,-1
688,67,803,141,55,172,0.4755,-1,-1,-1
688,63,307,364,68,211,0.6968,-1,-1,-1
688,53,1614,149,65,178,0.5903,-1,-1,-1
688,3,825,920,80,158,0.7591,-1,-1,-1
688,2,1717,455,85,208,0.7880,-1,-1,-1
689,78,426,144,47,156,0.4272,-1,-1,-1
689,77,481,126,58,180,0.5457,-1,-1,-1
689,75,1259,853,89,227,0.8124,-1,-1,-1
689,74,1343,823,94,257,0.8441,-1,-1,-1
689,73,357,529,104,246,0.8009,-1,-1,-1
689,69,245,219,58,180,0.4373,-1,-1,-1
689,67,803,140,55,171,0.4761,-1,-1,-1
689,63,308,366,66,209,0.6610,-1,-1,-1
689,53,1612,145,66,179,0.5740,-1,-1,-1
689,3,823,921,82,157,0.7637,-1,-1,-1
689,2,1716,455,85,208,0.7733,-1,-1,-1
690,78,426,146,48,157,0.5178,-1,-1,-1
690,77,480,126,60,181,0.5608,-1,-1,-1
690,75,1257,850,88,230,0.7963,-1,-1,-1
690,74,1339,822,97,258,0.8230,-1,-1,-1
690,73,360,528,98,249,0.8050,-1,-1,-1
690,69,247,214,57,187,0.3961,-1,-1,-1
690,67,805,140,52,171,0.4367,-1,-1,-1
690,65,291,219,60,163,0.3017,-1,-1,-1
690,63,308,370,65,208,0.6964,-1,-1,-1
690,53,1611,142,66,180,0.6316,-1,-1,-1
690,3,823,924,82,155,0.7659,-1,-1,-1
690,2,1717,454,84,209,0.7700,-1,-1,-1
691,78,425,144,49,160,0.5300,-1,-1,-1
691,77,480,127,61,182,0.5907,-1,-1,-1
691,75,1258,847,83,232,0.7722,-1,-1,-1
691,74,1335,820,100,260,0.7839,-1,-1,-1
691,73,365,529,90,249,0.7933,-1,-1,-1
691,71,1572,598,101,229,0.4071,-1,-1,-1
691,69,248,213,56,187,0.3370,-1,-1,-1
691,67,802,140,55,171,0.4581,-1,-1,-1
691,63,305,371,67,209,0.7451,-1,-1,-1
691,53,1610,140,66,181,0.6207,-1,-1,-1
691,3,822,924,83,154,0.7723,-1,-1,-1
691,2,1717,455,83,208,0.7909,-1,-1,-1
692,78,426,148,48,158,0.5098,-1,-1,-1
692,77,480,130,59,181,0.5808,-1,-1,-1
692,75,1256,842,80,238,0.7785,-1,-1,-1
692,74,1332,820,98,260,0.7898,-1,-1,-1
692,73,370,530,84,250,0.7886,-1,-1,-1
692,71,1569,600,103,227,0.3549,-1,-1,-1
692,69,250,211,56,186,0.3190,-1,-1,-1
692,67,804,139,53,173,0.5076,-1,-1,-1
692,63,305,372,67,210,0.7289,-1,-1,-1
692,53,1610,138,65,182,0.6902,-1,-1,-1
692,3,821,924,83,154,0.7667,-1,-1,-1
692,2,1717,456,83,207,0.7877,-1,-1,-1
693,78,426,150,48,157,0.5564,-1,-1,-1
693,77,479,127,61,186,0.6148,-1,-1,-1
693,75,1250,838,86,242,0.8027,-1,-1,-1
693,74,1332,821,93,259,0.7821,-1,-1,-1
693,73,375,530,78,252,0.8015,-1,-1,-1
693,67,804,140,52,173,0.4920,-1,-1,-1
693,63,305,373,66,210,0.7202,-1,-1,-1
693,53,1609,137,65,182,0.6848,-1,-1,-1
693,3,821,925,84,153,0.7819,-1,-1,-1
693,2,1717,455,82,208,0.7873,-1,-1,-1
694,78,426,153,48,155,0.5653,-1,-1,-1
694,77,480,130,60,185,0.5982,-1,-1,-1
694,75,1249,835,84,245,0.7760,-1,-1,-1
694,74,1326,820,97,260,0.7806,-1,-1,-1
694,73,378,530,75,252,0.7801,-1,-1,-1
694,67,803,139,52,174,0.4708,-1,-1,-1
694,63,304,374,66,211,0.7169,-1,-1,-1
694,53,1606,136,67,182,0.6707,-1,-1,-1
694,3,822,926,83,152,0.7838,-1,-1,-1
694,2,1717,455,82,208,0.7912,-1,-1,-1
695,81,1034,0,68,90,0.3246,-1,-1,-1
695,78,426,154,49,154,0.5579,-1,-1,-1
695,77,479,134,62,182,0.5964,-1,-1,-1
695,75,1247,831,83,247,0.7680,-1,-1,-1
695,74,1323,818,98,262,0.7684,-1,-1,-1
695,73,380,531,73,252,0.7767,-1,-1,-1
695,67,800,138,54,176,0.4373,-1,-1,-1
695,63,303,373,66,216,0.7055,-1,-1,-1
695,53,1606,136,66,180,0.6769,-1,-1,-1
695,3,821,928,84,150,0.7608,-1,-1,-1
695,2,1718,455,82,208,0.7832,-1,-1,-1
696,81,1032,0,70,91,0.3121,-1,-1,-1
696,78,426,155,48,153,0.5597,-1,-1,-1
696,77,480,139,61,179,0.5730,-1,-1,-1
696,75,1243,828,84,249,0.7623,-1,-1,-1
696,74,1322,815,95,265,0.7785,-1,-1,-1
696,73,382,532,69,252,0.7536,-1,-1,-1
696,71,1565,601,106,225,0.3835,-1,-1,-1
696,67,801,138,51,175,0.4216,-1,-1,-1
696,63,301,375,67,215,0.6827,-1,-1,-1
696,53,1606,136,65,181,0.6414,-1,-1,-1
696,3,823,929,83,150,0.7405,-1,-1,-1
696,2,1718,455,82,208,0.7926,-1,-1,-1
697,81,1031,0,69,89,0.3940,-1,-1,-1
697,78,425,156,51,152,0.6160,-1,-1,-1
697,77,480,142,61,179,0.6035,-1,-1,-1
697,75,1240,827,84,250,0.7759,-1,-1,-1
697,74,1320,812,95,268,0.7817,-1,-1,-1
697,73,383,533,67,251,0.7405,-1,-1,-1
697,71,1565,600,106,225,0.3508,-1,-1,-1
697,67,800,138,51,177,0.4576,-1,-1,-1
697,63,300,375,67,214,0.6616,-1,-1,-1
697,53,1605,135,65,181,0.6576,-1,-1,-1
697,3,823,929,82,150,0.7437,-1,-1,-1
697,2,1717,455,82,208,0.7999,-1,-1,-1
698,81,1031,0,67,89,0.3863,-1,-1,-1
698,78,424,152,52,156,0.6198,-1,-1,-1
698,77,479,143,60,177,0.5692,-1,-1,-1
698,75,1238,825,84,252,0.7699,-1,-1,-1
698,74,1318,808,96,272,0.8138,-1,-1,-1
698,73,383,534,67,249,0.7356,-1,-1,-1
698,71,1564,597,108,229,0.4297,-1,-1,-1
698,67,800,139,51,175,0.4257,-1,-1,-1
698,63,298,376,68,213,0.6491,-1,-1,-1
698,53,1604,135,66,182,0.5849,-1,-1,-1
698,3,825,928,80,151,0.7571,-1,-1,-1
698,2,1719,456,80,207,0.7979,-1,-1,-1
699,81,1030,0,65,88,0.4361,-1,-1,-1
699,78,425,151,51,158,0.6284,-1,-1,-1
699,77,479,145,60,176,0.5996,-1,-1,-1
699,75,1238,821,81,259,0.7713,-1,-1,-1
699,74,1316,804,95,273,0.8507,-1,-1,-1
699,73,384,534,65,250,0.7395,-1,-1,-1
699,67,804,138,48,175,0.4009,-1,-1,-1
699,63,298,375,69,213,0.6806,-1,-1,-1
699,53,1602,136,66,180,0.5664,-1,-1,-1
699,3,826,929,82,149,0.7657,-1,-1,-1
699,2,1719,456,80,207,0.7985,-1,-1,-1
700,81,1027,0,65,88,0.3658,-1,-1,-1
700,78,427,151,49,157,0.5637,-1,-1,-1
700,77,479,145,61,176,0.5930,-1,-1,-1
700,75,1234,819,82,255,0.7573,-1,-1,-1
700,74,1316,799,91,275,0.8456,-1,-1,-1
700,73,384,537,65,247,0.7326,-1,-1,-1
700,67,802,136,50,178,0.3922,-1,-1,-1
700,63,297,378,70,205,0.6983,-1,-1,-1
700,53,1602,136,66,177,0.5557,-1,-1,-1
700,3,826,929,84,150,0.7664,-1,-1,-1
700,2,1717,457,83,206,0.7959,-1,-1,-1
701,78,430,150,45,158,0.5566,-1,-1,-1
701,77,480,145,59,176,0.5857,-1,-1,-1
701,75,1227,816,88,255,0.7731,-1,-1,-1
701,74,1314,797,90,275,0.8264,-1,-1,-1
701,73,385,539,64,246,0.7281,-1,-1,-1
701,67,802,137,49,177,0.4423,-1,-1,-1
701,63,296,378,72,209,0.7192,-1,-1,-1
701,53,1602,136,66,177,0.5505,-1,-1,-1
701,3,828,929,85,149,0.7735,-1,-1,-1
701,2,1718,456,81,207,0.7918,-1,-1,-1
702,78,429,149,46,159,0.5423,-1,-1,-1
702,77,480,146,59,174,0.5916,-1,-1,-1
702,75,1220,815,91,255,0.7723,-1,-1,-1
702,74,1312,791,91,271,0.8089,-1,-1,-1
702,73,385,538,63,247,0.7269,-1,-1,-1
702,67,800,136,50,177,0.4294,-1,-1,-1
702,63,296,378,72,210,0.7094,-1,-1,-1
702,53,1601,135,67,178,0.4956,-1,-1,-1
702,3,834,931,78,149,0.7612,-1,-1,-1
702,2,1718,455,81,207,0.8051,-1,-1,-1
703,78,429,148,45,160,0.4994,-1,-1,-1
703,77,481,146,58,174,0.6007,-1,-1,-1
703,75,1218,814,92,257,0.7755,-1,-1,-1
703,74,1308,787,94,269,0.8161,-1,-1,-1
703,73,388,540,60,245,0.7076,-1,-1,-1
703,67,800,136,50,177,0.4178,-1,-1,-1
703,63,295,378,73,214,0.7162,-1,-1,-1
703,53,1601,134,67,179,0.5046,-1,-1,-1
703,3,836,932,79,148,0.7584,-1,-1,-1
703,2,1718,455,83,208,0.8071,-1,-1,-1
704,78,428,153,46,157,0.4838,-1,-1,-1
704,77,480,145,60,175,0.5857,-1,-1,-1
704,75,1218,813,91,263,0.7754,-1,-1,-1
704,74,1305,785,96,267,0.8229,-1,-1,-1
704,73,387,540,62,246,0.7003,-1,-1,-1
704,67,799,136,52,175,0.4466,-1,-1,-1
704,63,294,378,74,218,0.6809,-1,-1,-1
704,53,1601,133,67,187,0.5331,-1,-1,-1
704,3,838,933,79,147,0.7825,-1,-1,-1
704,2,1717,455,84,207,0.8099,-1,-1,-1
705,78,427,153,47,158,0.4486,-1,-1,-1
705,77,480,147,59,174,0.6043,-1,-1,-1
705,75,1219,812,88,262,0.7783,-1,-1,-1
705,74,1306,784,92,267,0.8349,-1,-1,-1
705,73,389,540,61,246,0.6879,-1,-1,-1
705,67,797,137,54,173,0.4248,-1,-1,-1
705,63,294,379,74,221,0.6835,-1,-1,-1
705,53,1603,133,65,188,0.5609,-1,-1,-1
705,3,839,932,81,148,0.8247,-1,-1,-1
705,2,1718,455,82,207,0.8005,-1,-1,-1
706,81,1017,0,42,84,0.4016,-1,-1,-1
706,78,425,156,51,160,0.4216,-1,-1,-1
706,77,480,149,58,172,0.6125,-1,-1,-1
706,75,1218,809,88,263,0.7952,-1,-1,-1
706,74,1304,783,90,267,0.8168,-1,-1,-1
706,73,389,540,61,246,0.6733,-1,-1,-1
706,69,258,199,53,186,0.4031,-1,-1,-1
706,67,796,136,54,174,0.4584,-1,-1,-1
706,63,293,384,75,217,0.7063,-1,-1,-1
706,53,1603,132,65,187,0.5723,-1,-1,-1
706,3,842,932,78,148,0.8305,-1,-1,-1
706,2,1717,455,84,208,0.7878,-1,-1,-1
707,78,426,159,50,161,0.5411,-1,-1,-1
707,77,480,149,58,173,0.6346,-1,-1,-1
707,75,1214,808,91,261,0.8135,-1,-1,-1
707,74,1304,779,88,271,0.7940,-1,-1,-1
707,73,389,540,62,245,0.6875,-1,-1,-1
707,69,258,200,54,184,0.4254,-1,-1,-1
707,67,795,137,54,172,0.4468,-1,-1,-1
707,63,294,386,73,217,0.7357,-1,-1,-1
707,53,1602,130,66,185,0.5977,-1,-1,-1
707,3,844,932,79,148,0.8158,-1,-1,-1
707,2,1718,455,82,207,0.7937,-1,-1,-1
708,78,427,162,50,160,0.5292,-1,-1,-1
708,77,480,148,57,176,0.6397,-1,-1,-1
708,75,1210,805,92,263,0.8166,-1,-1,-1
708,74,1300,777,90,272,0.7671,-1,-1,-1
708,73,389,541,62,245,0.6786,-1,-1,-1
708,69,257,200,55,184,0.4497,-1,-1,-1
708,67,795,135,54,175,0.4183,-1,-1,-1
708,63,293,388,74,217,0.7442,-1,-1,-1
708,53,1602,128,65,179,0.5388,-1,-1,-1
708,3,844,933,83,147,0.7789,-1,-1,-1
708,2,1718,455,83,207,0.7907,-1,-1,-1
709,78,427,159,49,164,0.5290,-1,-1,-1
709,77,480,149,57,177,0.6817,-1,-1,-1
709,75,1208,801,87,265,0.8113,-1,-1,-1
709,74,1287,779,100,268,0.7830,-1,-1,-1
709,73,389,541,64,245,0.6815,-1,-1,-1
709,69,259,203,53,180,0.4456,-1,-1,-1
709,67,794,139,52,171,0.4028,-1,-1,-1
709,63,293,391,73,217,0.7402,-1,-1,-1
709,53,1602,127,65,177,0.5521,-1,-1,-1
709,3,843,934,85,146,0.7542,-1,-1,-1
709,2,1718,454,82,209,0.7875,-1,-1,-1
710,78,426,154,47,170,0.4642,-1,-1,-1
710,77,480,149,57,180,0.6585,-1,-1,-1
710,75,1204,798,85,257,0.8079,-1,-1,-1
710,74,1282,778,103,270,0.7646,-1,-1,-1
710,73,390,542,65,243,0.6906,-1,-1,-1
710,69,259,202,54,181,0.4452,-1,-1,-1
710,67,793,138,52,171,0.4810,-1,-1,-1
710,63,294,393,72,217,0.7346,-1,-1,-1
710,53,1602,126,65,176,0.6008,-1,-1,-1
710,3,844,934,84,146,0.7980,-1,-1,-1
710,2,1719,454,80,209,0.7907,-1,-1,-1
711,78,423,166,51,159,0.3421,-1,-1,-1
711,77,481,150,55,180,0.5607,-1,-1,-1
711,75,1200,795,86,256,0.7918,-1,-1,-1
711,74,1274,777,107,268,0.7758,-1,-1,-1
711,73,390,543,68,242,0.7007,-1,-1,-1
711,71,1566,604,103,221,0.3308,-1,-1,-1
711,69,259,201,54,181,0.4485,-1,-1,-1
711,67,792,139,52,173,0.4205,-1,-1,-1
711,63,295,394,71,219,0.7216,-1,-1,-1
711,53,1601,124,65,177,0.5857,-1,-1,-1
711,3,845,933,84,147,0.7628,-1,-1,-1
711,2,1719,455,81,208,0.7954,-1,-1,-1
712,78,421,167,53,159,0.4360,-1,-1,-1
712,77,481,152,56,179,0.6371,-1,-1,-1
712,75,1196,792,88,255,0.7993,-1,-1,-1
712,74,1273,776,107,269,0.7743,-1,-1,-1
712,73,391,544,70,239,0.6758,-1,-1,-1
712,71,1568,601,104,224,0.3267,-1,-1,-1
712,69,259,202,54,180,0.4710,-1,-1,-1
712,67,792,139,51,168,0.4107,-1,-1,-1
712,63,295,395,71,219,0.7104,-1,-1,-1
712,53,1601,123,65,178,0.5793,-1,-1,-1
712,3,845,933,85,147,0.8004,-1,-1,-1
712,2,1718,454,83,209,0.7812,-1,-1,-1
713,78,424,175,47,152,0.4692,-1,-1,-1
713,77,480,154,55,179,0.6249,-1,-1,-1
713,75,1193,790,87,255,0.8171,-1,-1,-1
713,74,1274,776,103,263,0.7512,-1,-1,-1
713,73,391,544,75,238,0.6813,-1,-1,-1
713,71,1569,598,103,227,0.4192,-1,-1,-1
713,69,260,204,53,177,0.4524,-1,-1,-1
713,67,791,139,51,172,0.4637,-1,-1,-1
713,63,296,399,70,215,0.6879,-1,-1,-1
713,53,1600,121,65,179,0.5949,-1,-1,-1
713,3,847,934,85,146,0.7738,-1,-1,-1
713,2,1719,455,80,207,0.7901,-1,-1,-1
714,78,420,169,51,158,0.4412,-1,-1,-1
714,77,480,154,55,181,0.6638,-1,-1,-1
714,75,1191,788,88,259,0.8207,-1,-1,-1
714,74,1274,773,98,262,0.6439,-1,-1,-1
714,73,391,545,78,239,0.6954,-1,-1,-1
714,71,1585,598,88,227,0.4302,-1,-1,-1
714,69,259,202,55,181,0.4631,-1,-1,-1
714,67,791,139,50,174,0.3999,-1,-1,-1
714,63,296,400,71,213,0.6847,-1,-1,-1
714,53,1600,120,64,180,0.5554,-1,-1,-1
714,3,851,932,82,148,0.7732,-1,-1,-1
714,2,1719,454,80,208,0.7909,-1,-1,-1
715,78,420,170,51,156,0.4613,-1,-1,-1
715,77,480,150,55,187,0.6030,-1,-1,-1
715,75,1191,786,85,262,0.8172,-1,-1,-1
715,74,1271,770,96,263,0.8095,-1,-1,-1
715,73,391,545,83,241,0.7297,-1,-1,-1
715,71,1589,597,84,229,0.4606,-1,-1,-1
715,69,259,201,56,181,0.4551,-1,-1,-1
715,67,790,138,51,176,0.4310,-1,-1,-1
715,63,296,402,73,211,0.6551,-1,-1,-1
715,53,1599,120,65,178,0.4554,-1,-1,-1
715,3,851,933,81,147,0.7850,-1,-1,-1
715,2,1719,455,81,207,0.7855,-1,-1,-1
716,78,421,167,49,159,0.4820,-1,-1,-1
716,77,479,147,57,190,0.5935,-1,-1,-1
716,75,1188,784,86,263,0.7987,-1,-1,-1
716,74,1271,766,93,259,0.8476,-1,-1,-1
716,73,391,546,86,240,0.7481,-1,-1,-1
716,71,1577,599,95,226,0.4112,-1,-1,-1
716,69,261,200,54,182,0.3973,-1,-1,-1
716,67,790,138,51,172,0.4272,-1,-1,-1
716,63,296,402,74,210,0.6709,-1,-1,-1
716,53,1598,119,65,180,0.4598,-1,-1,-1
716,3,852,933,81,147,0.7918,-1,-1,-1
716,2,1718,455,80,207,0.7811,-1,-1,-1
717,78,424,168,46,158,0.4179,-1,-1,-1
717,77,478,149,57,189,0.6074,-1,-1,-1
717,75,1185,786,85,260,0.8108,-1,-1,-1
717,74,1271,762,91,261,0.8378,-1,-1,-1
717,73,391,546,89,241,0.7696,-1,-1,-1
717,71,1580,598,93,228,0.4529,-1,-1,-1
717,69,262,199,54,183,0.4147,-1,-1,-1
717,67,789,139,51,172,0.4494,-1,-1,-1
717,63,296,403,75,209,0.6908,-1,-1,-1
717,53,1596,118,65,181,0.4452,-1,-1,-1
717,3,852,934,81,146,0.8176,-1,-1,-1
717,2,1720,455,80,207,0.7865,-1,-1,-1
718,78,423,168,47,158,0.4389,-1,-1,-1
718,77,476,156,59,183,0.6637,-1,-1,-1
718,75,1184,785,83,264,0.8109,-1,-1,-1
718,74,1268,759,89,258,0.8317,-1,-1,-1
718,73,391,545,93,243,0.7834,-1,-1,-1
718,71,1583,598,90,228,0.4784,-1,-1,-1
718,69,261,198,55,185,0.4089,-1,-1,-1
718,67,789,138,50,171,0.4415,-1,-1,-1
718,63,297,403,74,208,0.7110,-1,-1,-1
718,53,1595,119,65,180,0.4658,-1,-1,-1
718,3,852,934,82,146,0.8228,-1,-1,-1
718,2,1719,454,81,208,0.7933,-1,-1,-1
719,78,422,164,48,165,0.4210,-1,-1,-1
719,77,476,157,58,182,0.6370,-1,-1,-1
719,75,1182,782,83,266,0.8012,-1,-1,-1
719,74,1265,755,87,259,0.8232,-1,-1,-1
719,73,390,547,98,242,0.8013,-1,-1,-1
719,71,1580,597,94,229,0.4940,-1,-1,-1
719,69,261,196,51,182,0.3418,-1,-1,-1
719,67,789,139,48,168,0.3819,-1,-1,-1
719,63,296,404,76,209,0.7016,-1,-1,-1
719,53,1597,118,63,181,0.4678,-1,-1,-1
719,3,851,935,83,145,0.8354,-1,-1,-1
719,2,1718,454,82,209,0.7905,-1,-1,-1
720,78,420,162,51,166,0.4429,-1,-1,-1
720,77,477,157,56,182,0.6202,-1,-1,-1
720,75,1180,776,82,271,0.7783,-1,-1,-1
720,74,1262,752,88,262,0.7976,-1,-1,-1
720,73,390,547,98,241,0.7928,-1,-1,-1
720,71,1575,598,98,228,0.4474,-1,-1,-1
720,69,262,196,50,181,0.3417,-1,-1,-1
720,67,788,138,49,171,0.3909,-1,-1,-1
720,63,297,405,76,209,0.7147,-1,-1,-1
720,53,1599,118,60,181,0.5253,-1,-1,-1
720,3,850,936,83,144,0.8603,-1,-1,-1
720,2,1719,455,81,208,0.7931,-1,-1,-1
721,78,418,165,53,164,0.4632,-1,-1,-1
721,77,477,159,57,179,0.6057,-1,-1,-1
721,75,1180,777,80,270,0.7781,-1,-1,-1
721,74,1259,746,89,268,0.7959,-1,-1,-1
721,73,392,548,100,243,0.8075,-1,-1,-1
721,71,1576,597,98,229,0.4187,-1,-1,-1
721,69,262,206,50,171,0.3715,-1,-1,-1
721,67,788,136,48,173,0.3123,-1,-1,-1
721,63,297,406,75,213,0.7267,-1,-1,-1
721,53,1599,118,60,178,0.4477,-1,-1,-1
721,3,851,937,82,143,0.8526,-1,-1,-1
721,2,1719,455,81,208,0.7858,-1,-1,-1
722,78,419,178,53,150,0.4553,-1,-1,-1
722,77,474,159,59,178,0.6069,-1,-1,-1
722,75,1175,774,79,261,0.7510,-1,-1,-1
722,74,1253,746,91,268,0.8237,-1,-1,-1
722,73,393,549,101,242,0.7924,-1,-1,-1
722,71,1584,597,89,229,0.4428,-1,-1,-1
722,69,261,203,51,175,0.3541,-1,-1,-1
722,63,297,406,76,216,0.7319,-1,-1,-1
722,53,1600,118,57,178,0.4909,-1,-1,-1
722,3,850,937,83,143,0.8205,-1,-1,-1
722,2,1719,455,83,207,0.7847,-1,-1,-1
723,78,419,185,51,144,0.5322,-1,-1,-1
723,77,474,159,59,178,0.6050,-1,-1,-1
723,75,1173,770,79,255,0.7657,-1,-1,-1
723,74,1248,744,94,272,0.8333,-1,-1,-1
723,73,395,551,97,240,0.7934,-1,-1,-1
723,71,1579,600,93,226,0.4558,-1,-1,-1
723,69,261,206,55,173,0.3603,-1,-1,-1
723,63,297,407,76,221,0.7365,-1,-1,-1
723,53,1599,116,58,179,0.3942,-1,-1,-1
723,3,850,938,81,142,0.8206,-1,-1,-1
723,2,1720,454,80,208,0.7745,-1,-1,-1
724,78,419,183,51,150,0.5414,-1,-1,-1
724,77,474,161,60,176,0.6012,-1,-1,-1
724,75,1172,768,79,248,0.7890,-1,-1,-1
724,74,1247,743,92,273,0.8385,-1,-1,-1
724,73,396,551,97,242,0.7868,-1,-1,-1
724,71,1591,598,81,228,0.4697,-1,-1,-1
724,69,261,205,54,175,0.3779,-1,-1,-1
724,63,297,409,76,221,0.7540,-1,-1,-1
724,53,1599,115,57,178,0.4571,-1,-1,-1
724,3,848,940,83,140,0.7970,-1,-1,-1
724,2,1720,455,82,208,0.7709,-1,-1,-1
725,81,960,2,45,78,0.3586,-1,-1,-1
725,78,418,186,51,149,0.5145,-1,-1,-1
725,77,473,164,61,174,0.5927,-1,-1,-1
725,75,1171,764,77,253,0.8005,-1,-1,-1
725,74,1244,743,93,270,0.8482,-1,-1,-1
725,73,399,552,95,242,0.7930,-1,-1,-1
725,71,1589,600,83,226,0.4363,-1,-1,-1
725,69,261,205,51,171,0.3826,-1,-1,-1
725,63,298,411,75,220,0.7571,-1,-1,-1
725,53,1598,113,58,180,0.4543,-1,-1,-1
725,3,848,943,81,137,0.8202,-1,-1,-1
725,2,1719,455,81,207,0.7687,-1,-1,-1
726,81,949,2,54,78,0.3198,-1,-1,-1
726,78,417,177,53,166,0.5238,-1,-1,-1
726,77,473,165,60,179,0.6093,-1,-1,-1
726,75,1170,760,74,250,0.8207,-1,-1,-1
726,74,1240,741,97,274,0.8490,-1,-1,-1
726,73,401,552,95,243,0.7975,-1,-1,-1
726,71,1589,599,83,227,0.4495,-1,-1,-1
726,69,261,203,52,179,0.4100,-1,-1,-1
726,63,298,414,74,219,0.7764,-1,-1,-1
726,53,1597,113,58,181,0.4978,-1,-1,-1
726,3,847,944,81,136,0.8224,-1,-1,-1
726,2,1719,455,81,207,0.7612,-1,-1,-1
727,81,939,2,66,78,0.3120,-1,-1,-1
727,78,416,177,54,165,0.5181,-1,-1,-1
727,77,473,165,60,181,0.5823,-1,-1,-1
727,75,1167,758,75,243,0.7985,-1,-1,-1
727,74,1237,740,98,274,0.8395,-1,-1,-1
727,73,402,553,95,244,0.8083,-1,-1,-1
727,71,1583,599,89,228,0.4294,-1,-1,-1
727,69,260,201,54,179,0.4263,-1,-1,-1
727,65,312,207,64,170,0.3981,-1,-1,-1
727,63,298,416,75,219,0.7939,-1,-1,-1
727,53,1596,112,58,181,0.5261,-1,-1,-1
727,3,844,944,83,136,0.7920,-1,-1,-1
727,2,1720,455,80,208,0.7660,-1,-1,-1
728,81,935,2,70,78,0.3209,-1,-1,-1
728,78,417,177,53,169,0.5220,-1,-1,-1
728,77,471,161,61,187,0.5753,-1,-1,-1
728,75,1164,756,76,251,0.8004,-1,-1,-1
728,74,1237,740,95,270,0.8306,-1,-1,-1
728,73,404,552,91,245,0.7910,-1,-1,-1
728,71,1587,599,85,227,0.4476,-1,-1,-1
728,69,259,205,54,176,0.4724,-1,-1,-1
728,65,313,204,64,173,0.4918,-1,-1,-1
728,63,297,417,75,224,0.7887,-1,-1,-1
728,53,1596,112,58,177,0.5270,-1,-1,-1
728,3,843,944,82,136,0.8021,-1,-1,-1
728,2,1720,455,80,208,0.7525,-1,-1,-1
729,81,933,1,73,79,0.3244,-1,-1,-1
729,78,418,180,51,165,0.5221,-1,-1,-1
729,77,471,159,62,190,0.5537,-1,-1,-1
729,75,1163,754,76,252,0.8114,-1,-1,-1
729,74,1235,739,96,266,0.8148,-1,-1,-1
729,73,405,552,89,244,0.7590,-1,-1,-1
729,71,1591,600,81,226,0.4596,-1,-1,-1
729,69,258,209,55,171,0.4506,-1,-1,-1
729,65,315,205,62,171,0.4456,-1,-1,-1
729,63,298,418,74,227,0.7846,-1,-1,-1
729,53,1597,109,56,175,0.4992,-1,-1,-1
729,3,842,945,82,135,0.7815,-1,-1,-1
729,2,1718,455,82,208,0.7584,-1,-1,-1
730,81,930,1,75,79,0.3809,-1,-1,-1
730,78,416,184,53,162,0.5381,-1,-1,-1
730,77,470,163,62,188,0.5710,-1,-1,-1
730,75,1157,751,80,258,0.8027,-1,-1,-1
730,74,1234,737,90,267,0.7961,-1,-1,-1
730,73,407,552,87,244,0.7251,-1,-1,-1
730,71,1591,598,81,228,0.4787,-1,-1,-1
730,69,257,204,57,179,0.5135,-1,-1,-1
730,65,316,200,62,175,0.5575,-1,-1,-1
730,63,298,419,73,226,0.7797,-1,-1,-1
730,53,1596,108,56,175,0.4506,-1,-1,-1
730,3,840,945,82,135,0.8307,-1,-1,-1
730,2,1719,455,83,208,0.7643,-1,-1,-1
731,81,930,0,71,79,0.3394,-1,-1,-1
731,78,416,183,52,163,0.5055,-1,-1,-1
731,77,470,166,62,187,0.5361,-1,-1,-1
731,75,1152,750,83,259,0.7572,-1,-1,-1
731,74,1230,735,89,267,0.7777,-1,-1,-1
731,73,408,554,89,243,0.7237,-1,-1,-1
731,71,1589,598,83,228,0.4665,-1,-1,-1
731,69,258,205,56,174,0.4592,-1,-1,-1
731,65,317,199,62,176,0.4861,-1,-1,-1
731,63,296,419,75,226,0.7770,-1,-1,-1
731,53,1595,105,58,178,0.5273,-1,-1,-1
731,3,840,945,81,135,0.8260,-1,-1,-1
731,2,1719,456,81,207,0.7795,-1,-1,-1
732,81,928,0,71,78,0.3288,-1,-1,-1
732,78,415,181,53,165,0.4773,-1,-1,-1
732,77,467,168,66,187,0.5984,-1,-1,-1
732,75,1149,748,84,261,0.7432,-1,-1,-1
732,74,1227,731,91,268,0.7970,-1,-1,-1
732,73,414,552,86,245,0.7130,-1,-1,-1
732,71,1589,598,83,228,0.4623,-1,-1,-1
732,69,258,205,54,176,0.4295,-1,-1,-1
732,65,318,199,62,177,0.4296,-1,-1,-1
732,63,295,420,76,225,0.7547,-1,-1,-1
732,53,1595,104,58,177,0.5054,-1,-1,-1
732,3,840,945,81,135,0.8162,-1,-1,-1
732,2,1718,456,83,207,0.7530,-1,-1,-1
733,78,415,178,52,169,0.4248,-1,-1,-1
733,77,468,165,65,192,0.5698,-1,-1,-1
733,75,1147,746,81,264,0.7550,-1,-1,-1
733,74,1226,726,89,256,0.7885,-1,-1,-1
733,73,418,553,82,244,0.7239,-1,-1,-1
733,71,1590,596,83,231,0.4974,-1,-1,-1
733,69,258,204,55,176,0.3766,-1,-1,-1
733,65,319,196,61,178,0.3958,-1,-1,-1
733,63,295,421,75,222,0.7556,-1,-1,-1
733,53,1597,103,57,176,0.4575,-1,-1,-1
733,3,839,945,81,135,0.8225,-1,-1,-1
733,2,1718,455,84,208,0.7545,-1,-1,-1
734,78,414,180,53,166,0.4135,-1,-1,-1
734,77,469,166,64,191,0.5568,-1,-1,-1
734,75,1147,746,78,258,0.7420,-1,-1,-1
734,74,1225,722,86,255,0.8130,-1,-1,-1
734,73,424,554,78,243,0.7390,-1,-1,-1
734,71,1591,596,83,230,0.4633,-1,-1,-1
734,69,258,205,54,171,0.3662,-1,-1,-1
734,65,320,196,60,179,0.4510,-1,-1,-1
734,63,295,422,75,220,0.7605,-1,-1,-1
734,53,1597,103,57,175,0.4144,-1,-1,-1
734,3,837,945,82,135,0.7992,-1,-1,-1
734,2,1719,456,82,207,0.7591,-1,-1,-1
735,78,413,181,53,163,0.4206,-1,-1,-1
735,77,466,171,67,186,0.5390,-1,-1,-1
735,75,1147,744,76,260,0.7324,-1,-1,-1
735,74,1224,719,86,250,0.8077,-1,-1,-1
735,73,428,554,76,244,0.7377,-1,-1,-1
735,71,1591,595,82,231,0.4761,-1,-1,-1
735,69,257,201,57,180,0.3799,-1,-1,-1
735,65,322,193,59,182,0.4795,-1,-1,-1
735,63,295,425,74,217,0.7321,-1,-1,-1
735,53,1596,102,59,175,0.3711,-1,-1,-1
735,3,835,945,84,135,0.8123,-1,-1,-1
735,2,1719,456,81,206,0.7575,-1,-1,-1
736,78,412,180,55,166,0.4428,-1,-1,-1
736,77,466,175,67,182,0.5574,-1,-1,-1
736,75,1145,743,78,253,0.7441,-1,-1,-1
736,74,1223,715,83,247,0.8286,-1,-1,-1
736,73,431,555,75,244,0.7445,-1,-1,-1
736,71,1588,597,86,228,0.4856,-1,-1,-1
736,69,259,203,55,175,0.3101,-1,-1,-1
736,65,323,198,59,179,0.4555,-1,-1,-1
736,63,295,426,74,217,0.7392,-1,-1,-1
736,53,1596,102,59,175,0.3804,-1,-1,-1
736,3,835,946,83,134,0.8129,-1,-1,-1
736,2,1720,454,80,208,0.7535,-1,-1,-1
737,78,414,182,53,165,0.4419,-1,-1,-1
737,77,466,175,67,180,0.5411,-1,-1,-1
737,75,1143,742,79,253,0.7641,-1,-1,-1
737,74,1223,712,82,256,0.8404,-1,-1,-1
737,73,434,555,76,243,0.7750,-1,-1,-1
737,71,1591,596,83,230,0.5302,-1,-1,-1
737,65,324,192,57,183,0.3707,-1,-1,-1
737,63,296,428,73,214,0.7322,-1,-1,-1
737,53,1595,102,60,175,0.3142,-1,-1,-1
737,3,834,947,84,133,0.8060,-1,-1,-1
737,2,1719,455,80,207,0.7769,-1,-1,-1
738,78,415,182,53,167,0.4368,-1,-1,-1
738,77,464,177,68,178,0.4944,-1,-1,-1
738,75,1139,738,80,253,0.7638,-1,-1,-1
738,74,1223,710,80,258,0.8281,-1,-1,-1
738,73,438,555,72,244,0.7918,-1,-1,-1
738,71,1589,599,85,227,0.5235,-1,-1,-1
738,65,325,199,57,177,0.3464,-1,-1,-1
738,63,296,429,73,215,0.7337,-1,-1,-1
738,53,1594,102,61,175,0.3362,-1,-1,-1
738,3,834,947,84,133,0.8197,-1,-1,-1
738,2,1720,455,78,207,0.7751,-1,-1,-1
739,78,413,180,54,170,0.3743,-1,-1,-1
739,77,463,170,70,186,0.5073,-1,-1,-1
739,75,1134,735,82,249,0.7630,-1,-1,-1
739,74,1219,709,81,257,0.8227,-1,-1,-1
739,73,441,556,70,247,0.8047,-1,-1,-1
739,71,1587,597,87,229,0.5364,-1,-1,-1
739,65,325,201,59,176,0.3397,-1,-1,-1
739,63,295,430,74,216,0.7358,-1,-1,-1
739,53,1594,102,61,174,0.3552,-1,-1,-1
739,3,835,947,84,133,0.8242,-1,-1,-1
739,2,1720,454,82,208,0.7728,-1,-1,-1
740,78,410,185,58,167,0.3930,-1,-1,-1
740,77,460,161,73,195,0.5113,-1,-1,-1
740,75,1131,730,83,250,0.7733,-1,-1,-1
740,74,1217,708,81,261,0.7823,-1,-1,-1
740,73,444,555,70,250,0.7851,-1,-1,-1
740,71,1589,598,84,228,0.4923,-1,-1,-1
740,63,295,431,74,217,0.7522,-1,-1,-1
740,53,1593,102,63,173,0.3080,-1,-1,-1
740,3,835,947,84,133,0.8283,-1,-1,-1
740,2,1719,455,83,207,0.7947,-1,-1,-1
741,78,408,188,60,168,0.4802,-1,-1,-1
741,77,460,168,72,189,0.5161,-1,-1,-1
741,75,1127,728,85,248,0.8063,-1,-1,-1
741,74,1211,708,85,260,0.7705,-1,-1,-1
741,73,446,557,69,251,0.7820,-1,-1,-1
741,71,1587,598,86,228,0.4673,-1,-1,-1
741,64,1477,2,63,141,0.3145,-1,-1,-1
741,63,296,432,74,219,0.7559,-1,-1,-1
741,53,1594,102,62,172,0.3155,-1,-1,-1
741,3,836,947,83,133,0.8299,-1,-1,-1
741,2,1719,455,82,207,0.7878,-1,-1,-1
742,78,413,198,52,154,0.5503,-1,-1,-1
742,77,463,178,66,179,0.5005,-1,-1,-1
742,75,1125,725,84,249,0.8267,-1,-1,-1
742,74,1203,704,92,263,0.7946,-1,-1,-1
742,73,448,556,71,251,0.7371,-1,-1,-1
742,71,1582,597,92,229,0.5451,-1,-1,-1
742,63,296,433,74,222,0.7753,-1,-1,-1
742,53,1596,102,59,169,0.3177,-1,-1,-1
742,3,836,947,84,133,0.8280,-1,-1,-1
742,2,1720,455,80,207,0.7809,-1,-1,-1
743,78,412,196,53,158,0.5429,-1,-1,-1
743,77,462,181,63,177,0.4636,-1,-1,-1
743,75,1124,721,82,250,0.8239,-1,-1,-1
743,74,1198,704,95,261,0.7887,-1,-1,-1
743,73,450,559,80,247,0.7963,-1,-1,-1
743,71,1583,597,91,229,0.5320,-1,-1,-1
743,63,296,435,74,222,0.7769,-1,-1,-1
743,53,1592,102,63,169,0.3137,-1,-1,-1
743,3,838,947,82,133,0.8200,-1,-1,-1
743,2,1720,455,80,207,0.7745,-1,-1,-1
744,78,407,194,59,166,0.4729,-1,-1,-1
744,77,460,192,63,165,0.4678,-1,-1,-1
744,75,1123,719,79,251,0.8156,-1,-1,-1
744,74,1192,702,98,261,0.7952,-1,-1,-1
744,73,451,560,86,245,0.8345,-1,-1,-1
744,71,1581,598,93,228,0.5015,-1,-1,-1
744,63,296,437,74,223,0.7705,-1,-1,-1
744,3,839,948,82,132,0.8309,-1,-1,-1
744,2,1719,456,80,207,0.7978,-1,-1,-1
745,78,410,201,54,158,0.5345,-1,-1,-1
745,77,459,181,68,180,0.4757,-1,-1,-1
745,75,1122,717,77,257,0.8109,-1,-1,-1
745,74,1187,702,99,261,0.7915,-1,-1,-1
745,73,452,561,92,244,0.8225,-1,-1,-1
745,71,1579,598,95,228,0.5122,-1,-1,-1
745,63,296,438,73,222,0.7601,-1,-1,-1
745,3,840,948,82,132,0.8224,-1,-1,-1
745,2,1719,455,80,208,0.7871,-1,-1,-1
746,78,410,200,53,158,0.4502,-1,-1,-1
746,77,459,178,71,184,0.5172,-1,-1,-1
746,75,1120,717,77,257,0.8063,-1,-1,-1
746,74,1188,702,96,258,0.7942,-1,-1,-1
746,73,452,562,98,242,0.8007,-1,-1,-1
746,71,1583,598,91,228,0.4990,-1,-1,-1
746,63,297,440,72,223,0.7258,-1,-1,-1
746,3,841,948,83,132,0.8213,-1,-1,-1
746,2,1719,456,82,206,0.7851,-1,-1,-1
747,78,410,202,53,156,0.4680,-1,-1,-1
747,77,461,179,67,182,0.4915,-1,-1,-1
747,75,1119,714,74,260,0.7934,-1,-1,-1
747,74,1187,700,95,261,0.8012,-1,-1,-1
747,73,455,563,97,243,0.8085,-1,-1,-1
747,71,1581,597,93,229,0.5147,-1,-1,-1
747,63,298,441,72,225,0.7254,-1,-1,-1
747,53,1594,94,59,176,0.3723,-1,-1,-1
747,3,842,948,85,132,0.8159,-1,-1,-1
747,2,1719,456,81,206,0.7865,-1,-1,-1
748,78,410,202,51,159,0.4052,-1,-1,-1
748,77,459,188,68,175,0.4895,-1,-1,-1
748,75,1115,715,76,257,0.7978,-1,-1,-1
748,74,1186,698,90,254,0.7852,-1,-1,-1
748,73,455,565,101,244,0.8071,-1,-1,-1
748,71,1580,597,93,229,0.5238,-1,-1,-1
748,63,299,445,72,222,0.7166,-1,-1,-1
748,53,1592,94,61,174,0.4069,-1,-1,-1
748,3,845,949,82,131,0.8019,-1,-1,-1
748,2,1719,456,80,206,0.7957,-1,-1,-1
749,78,409,202,50,157,0.3317,-1,-1,-1
749,77,460,174,67,193,0.5219,-1,-1,-1
749,75,1113,714,75,257,0.7874,-1,-1,-1
749,74,1186,694,87,251,0.7816,-1,-1,-1
749,73,456,566,104,245,0.7934,-1,-1,-1
749,71,1579,595,95,231,0.4838,-1,-1,-1
749,63,300,445,71,224,0.7309,-1,-1,-1
749,53,1592,93,60,176,0.4297,-1,-1,-1
749,3,847,949,83,131,0.7877,-1,-1,-1
749,2,1719,456,81,207,0.7939,-1,-1,-1
750,78,409,201,51,160,0.3561,-1,-1,-1
750,77,457,171,70,200,0.5054,-1,-1,-1
750,75,1112,713,75,257,0.7771,-1,-1,-1
750,74,1185,691,85,252,0.7806,-1,-1,-1
750,73,457,565,105,245,0.7820,-1,-1,-1
750,71,1579,595,95,230,0.5322,-1,-1,-1
750,63,299,447,73,221,0.7307,-1,-1,-1
750,53,1590,92,62,177,0.4470,-1,-1,-1
750,3,848,950,83,130,0.8027,-1,-1,-1
750,2,1718,456,82,207,0.7971,-1,-1,-1
751,78,410,206,49,153,0.3998,-1,-1,-1
751,77,456,192,70,181,0.5044,-1,-1,-1
751,75,1109,711,75,259,0.7680,-1,-1,-1
751,74,1180,687,87,249,0.7910,-1,-1,-1
751,73,460,565,102,245,0.7735,-1,-1,-1
751,71,1576,595,98,231,0.5341,-1,-1,-1
751,63,300,447,74,221,0.7442,-1,-1,-1
751,53,1590,92,62,175,0.4470,-1,-1,-1
751,3,851,951,83,129,0.7850,-1,-1,-1
751,2,1718,457,83,206,0.7907,-1,-1,-1
752,78,410,207,48,153,0.4066,-1,-1,-1
752,77,456,196,69,178,0.5609,-1,-1,-1
752,75,1107,710,75,255,0.7907,-1,-1,-1
752,74,1176,681,87,251,0.8155,-1,-1,-1
752,73,464,564,99,247,0.7893,-1,-1,-1
752,71,1574,594,100,232,0.5301,-1,-1,-1
752,63,300,448,75,221,0.7645,-1,-1,-1
752,53,1591,91,61,176,0.3890,-1,-1,-1
752,3,852,951,84,129,0.8163,-1,-1,-1
752,2,1719,456,80,207,0.7967,-1,-1,-1
753,78,409,208,49,150,0.4251,-1,-1,-1
753,77,454,194,67,180,0.5122,-1,-1,-1
753,75,1106,706,73,252,0.7919,-1,-1,-1
753,74,1177,676,82,255,0.8337,-1,-1,-1
753,73,467,563,98,250,0.7723,-1,-1,-1
753,71,1575,594,99,231,0.5513,-1,-1,-1
753,63,299,448,78,220,0.7763,-1,-1,-1
753,53,1590,91,61,173,0.3246,-1,-1,-1
753,3,854,950,82,130,0.8230,-1,-1,-1
753,2,1719,457,80,205,0.7879,-1,-1,-1
754,78,407,208,50,153,0.4442,-1,-1,-1
754,77,453,194,67,181,0.5629,-1,-1,-1
754,75,1103,704,73,248,0.7765,-1,-1,-1
754,74,1174,673,83,257,0.8215,-1,-1,-1
754,73,473,565,92,247,0.7489,-1,-1,-1
754,71,1574,594,99,232,0.5182,-1,-1,-1
754,63,299,450,78,218,0.7786,-1,-1,-1
754,53,1590,90,61,173,0.3289,-1,-1,-1
754,3,855,951,84,129,0.8322,-1,-1,-1
754,2,1717,456,81,206,0.7831,-1,-1,-1
755,78,407,209,50,152,0.3340,-1,-1,-1
755,77,451,196,68,178,0.5133,-1,-1,-1
755,75,1102,700,72,250,0.7485,-1,-1,-1
755,74,1173,671,83,259,0.8260,-1,-1,-1
755,73,488,566,76,247,0.7408,-1,-1,-1
755,71,1574,591,100,235,0.5092,-1,-1,-1
755,63,299,450,78,220,0.7808,-1,-1,-1
755,53,1589,89,61,165,0.3255,-1,-1,-1
755,3,858,951,82,129,0.8124,-1,-1,-1
755,2,1718,455,80,207,0.7914,-1,-1,-1
756,78,405,206,53,156,0.3478,-1,-1,-1
756,77,452,198,66,176,0.5635,-1,-1,-1
756,75,1102,696,69,246,0.7561,-1,-1,-1
756,74,1167,671,84,260,0.8133,-1,-1,-1
756,73,494,566,70,248,0.7117,-1,-1,-1
756,71,1573,591,100,235,0.5486,-1,-1,-1
756,63,300,452,79,218,0.7817,-1,-1,-1
756,3,858,950,84,130,0.8260,-1,-1,-1
756,2,1718,455,79,207,0.7880,-1,-1,-1
757,78,405,206,53,158,0.3250,-1,-1,-1
757,77,452,195,67,178,0.5726,-1,-1,-1
757,75,1098,694,73,243,0.7889,-1,-1,-1
757,74,1164,670,86,259,0.8137,-1,-1,-1
757,73,498,566,72,246,0.7282,-1,-1,-1
757,71,1571,591,102,234,0.5277,-1,-1,-1
757,64,1495,4,55,132,0.3543,-1,-1,-1
757,63,300,453,79,220,0.7867,-1,-1,-1
757,3,861,951,82,129,0.8070,-1,-1,-1
757,2,1718,456,78,206,0.7770,-1,-1,-1
758,78,405,203,51,164,0.3241,-1,-1,-1
758,77,451,193,68,181,0.5499,-1,-1,-1
758,75,1094,692,75,234,0.7819,-1,-1,-1
758,74,1163,670,86,260,0.8317,-1,-1,-1
758,73,501,566,73,243,0.7400,-1,-1,-1
758,71,1571,591,102,234,0.5378,-1,-1,-1
758,69,268,192,55,179,0.3387,-1,-1,-1
758,64,1494,2,58,142,0.4043,-1,-1,-1
758,63,299,455,80,223,0.7673,-1,-1,-1
758,3,863,951,82,129,0.8044,-1,-1,-1
758,2,1719,457,75,205,0.7873,-1,-1,-1
759,78,405,200,50,170,0.3187,-1,-1,-1
759,77,452,193,67,182,0.5834,-1,-1,-1
759,75,1091,689,76,241,0.7600,-1,-1,-1
759,74,1161,671,88,259,0.8276,-1,-1,-1
759,73,506,566,72,243,0.7237,-1,-1,-1
759,71,1573,592,100,233,0.5075,-1,-1,-1
759,69,269,194,56,177,0.4045,-1,-1,-1
759,64,1494,2,57,142,0.3494,-1,-1,-1
759,63,300,457,80,226,0.7724,-1,-1,-1
759,3,864,952,84,128,0.8039,-1,-1,-1
759,2,1719,456,76,211,0.7825,-1,-1,-1
760,78,405,197,49,174,0.3126,-1,-1,-1
760,77,449,187,68,189,0.5184,-1,-1,-1
760,75,1089,685,77,246,0.7750,-1,-1,-1
760,74,1161,670,88,258,0.8258,-1,-1,-1
760,73,511,565,70,247,0.7324,-1,-1,-1
760,71,1577,592,96,234,0.5150,-1,-1,-1
760,69,271,194,54,177,0.4094,-1,-1,-1
760,64,1494,2,57,140,0.3775,-1,-1,-1
760,63,300,459,80,227,0.7915,-1,-1,-1
760,3,864,952,88,128,0.7927,-1,-1,-1
760,2,1719,456,76,212,0.7851,-1,-1,-1
761,77,450,195,69,179,0.5471,-1,-1,-1
761,75,1085,682,80,248,0.7940,-1,-1,-1
761,74,1158,670,90,258,0.8334,-1,-1,-1
761,73,514,565,70,247,0.7522,-1,-1,-1
761,71,1584,591,89,235,0.4648,-1,-1,-1
761,69,271,193,53,177,0.3768,-1,-1,-1
761,64,1493,2,58,141,0.4474,-1,-1,-1
761,63,300,462,80,225,0.8069,-1,-1,-1
761,3,865,952,88,128,0.7942,-1,-1,-1
761,2,1718,455,76,213,0.7887,-1,-1,-1
762,77,452,194,68,185,0.5589,-1,-1,-1
762,75,1083,681,80,249,0.7950,-1,-1,-1
762,74,1156,668,90,258,0.8291,-1,-1,-1
762,73,516,567,74,244,0.7306,-1,-1,-1
762,71,1580,591,93,235,0.5141,-1,-1,-1
762,69,272,192,55,177,0.4441,-1,-1,-1
762,64,1492,4,56,137,0.4003,-1,-1,-1
762,63,300,464,78,224,0.8107,-1,-1,-1
762,3,865,953,87,127,0.7483,-1,-1,-1
762,2,1718,455,77,213,0.7898,-1,-1,-1
763,83,458,46,59,149,0.3223,-1,-1,-1
763,77,453,192,65,190,0.5811,-1,-1,-1
763,75,1079,680,82,250,0.8123,-1,-1,-1
763,74,1154,665,89,259,0.8376,-1,-1,-1
763,73,517,569,78,242,0.7118,-1,-1,-1
763,71,1582,592,91,234,0.4983,-1,-1,-1
763,69,273,191,54,177,0.5253,-1,-1,-1
763,64,1491,3,57,139,0.3362,-1,-1,-1
763,63,299,465,79,227,0.8223,-1,-1,-1
763,3,866,954,87,126,0.7388,-1,-1,-1
763,2,1718,457,77,212,0.8022,-1,-1,-1
764,78,403,201,52,173,0.4170,-1,-1,-1
764,77,454,193,63,191,0.5219,-1,-1,-1
764,75,1078,677,79,255,0.8042,-1,-1,-1
764,74,1151,660,91,266,0.8514,-1,-1,-1
764,73,519,569,80,243,0.6953,-1,-1,-1
764,71,1580,593,93,233,0.4840,-1,-1,-1
764,69,274,187,53,182,0.5112,-1,-1,-1
764,63,298,466,79,229,0.8199,-1,-1,-1
764,3,867,954,86,126,0.7061,-1,-1,-1
764,2,1718,456,77,213,0.8113,-1,-1,-1
765,78,403,206,52,169,0.4183,-1,-1,-1
765,77,455,197,61,188,0.5130,-1,-1,-1
765,75,1077,676,79,256,0.7994,-1,-1,-1
765,74,1150,657,91,266,0.8487,-1,-1,-1
765,73,519,571,87,243,0.7165,-1,-1,-1
765,71,1580,593,93,232,0.4867,-1,-1,-1
765,69,275,183,52,186,0.5165,-1,-1,-1
765,63,299,468,76,229,0.8022,-1,-1,-1
765,3,868,954,85,126,0.7280,-1,-1,-1
765,2,1719,456,76,213,0.8054,-1,-1,-1
766,78,401,205,54,169,0.5026,-1,-1,-1
766,77,455,194,61,192,0.5619,-1,-1,-1
766,75,1075,678,79,252,0.7809,-1,-1,-1
766,74,1148,653,89,257,0.8025,-1,-1,-1
766,73,520,572,95,243,0.7624,-1,-1,-1
766,71,1582,593,91,233,0.5109,-1,-1,-1
766,69,275,185,51,184,0.4735,-1,-1,-1
766,65,324,189,60,177,0.3904,-1,-1,-1
766,63,297,470,76,228,0.7800,-1,-1,-1
766,3,868,953,86,127,0.7355,-1,-1,-1
766,2,1720,456,75,212,0.8122,-1,-1,-1
767,78,401,206,54,168,0.4992,-1,-1,-1
767,77,454,198,61,189,0.5473,-1,-1,-1
767,75,1074,675,79,255,0.7825,-1,-1,-1
767,74,1145,650,88,255,0.7918,-1,-1,-1
767,73,521,572,96,245,0.7675,-1,-1,-1
767,71,1582,594,91,232,0.5263,-1,-1,-1
767,69,274,186,51,182,0.4546,-1,-1,-1
767,65,324,189,61,175,0.4076,-1,-1,-1
767,63,295,473,77,225,0.7671,-1,-1,-1
767,3,868,953,87,127,0.7184,-1,-1,-1
767,2,1721,456,75,213,0.8071,-1,-1,-1
768,78,400,202,53,172,0.5315,-1,-1,-1
768,77,452,194,62,197,0.6015,-1,-1,-1
768,75,1074,673,77,257,0.7677,-1,-1,-1
768,74,1141,648,89,247,0.7632,-1,-1,-1
768,73,521,571,96,245,0.8053,-1,-1,-1
768,71,1584,594,89,232,0.5246,-1,-1,-1
768,69,276,185,49,182,0.4677,-1,-1,-1
768,65,321,189,65,176,0.3841,-1,-1,-1
768,63,295,474,75,223,0.7503,-1,-1,-1
768,3,868,954,87,126,0.7432,-1,-1,-1
768,2,1721,456,74,211,0.7958,-1,-1,-1
769,78,400,200,54,175,0.4962,-1,-1,-1
769,77,453,192,61,201,0.6088,-1,-1,-1
769,75,1070,671,81,252,0.7898,-1,-1,-1
769,74,1141,645,85,246,0.7629,-1,-1,-1
769,73,523,572,97,243,0.8099,-1,-1,-1
769,71,1582,593,91,233,0.4262,-1,-1,-1
769,69,277,186,48,180,0.4437,-1,-1,-1
769,65,321,189,64,173,0.3837,-1,-1,-1
769,63,295,475,75,222,0.7495,-1,-1,-1
769,3,870,955,87,125,0.7538,-1,-1,-1
769,2,1721,455,74,213,0.7998,-1,-1,-1
770,78,403,204,50,170,0.5311,-1,-1,-1
770,77,452,195,62,198,0.6317,-1,-1,-1
770,75,1067,669,82,246,0.7879,-1,-1,-1
770,74,1139,642,81,249,0.7812,-1,-1,-1
770,73,525,571,99,244,0.8130,-1,-1,-1
770,71,1584,591,89,234,0.5439,-1,-1,-1
770,69,277,187,47,178,0.4665,-1,-1,-1
770,65,318,189,68,174,0.4046,-1,-1,-1
770,63,293,475,77,222,0.7711,-1,-1,-1
770,3,871,954,87,126,0.7822,-1,-1,-1
770,2,1722,456,74,212,0.7995,-1,-1,-1
771,78,403,205,50,170,0.4861,-1,-1,-1
771,77,451,198,63,195,0.6352,-1,-1,-1
771,75,1063,667,84,247,0.7986,-1,-1,-1
771,74,1139,641,80,250,0.7751,-1,-1,-1
771,73,528,573,94,240,0.7987,-1,-1,-1
771,71,1579,592,95,234,0.5610,-1,-1,-1
771,69,277,187,46,169,0.4204,-1,-1,-1
771,65,317,189,67,173,0.3754,-1,-1,-1
771,63,292,475,77,222,0.7574,-1,-1,-1
771,3,871,955,88,125,0.7865,-1,-1,-1
771,2,1722,456,74,213,0.7962,-1,-1,-1
772,78,402,206,52,170,0.4879,-1,-1,-1
772,77,452,199,62,194,0.6428,-1,-1,-1
772,75,1060,664,81,242,0.7956,-1,-1,-1
772,74,1134,640,82,253,0.7585,-1,-1,-1
772,73,532,572,92,242,0.7880,-1,-1,-1
772,71,1577,591,97,234,0.5941,-1,-1,-1
772,69,278,190,44,160,0.4227,-1,-1,-1
772,65,318,190,67,171,0.3723,-1,-1,-1
772,63,292,477,76,219,0.7222,-1,-1,-1
772,3,872,956,87,124,0.7969,-1,-1,-1
772,2,1723,455,73,215,0.7922,-1,-1,-1
773,78,403,205,52,174,0.5052,-1,-1,-1
773,77,452,197,61,196,0.6082,-1,-1,-1
773,75,1059,660,78,242,0.8081,-1,-1,-1
773,74,1133,638,82,258,0.7633,-1,-1,-1
773,73,536,571,85,243,0.7448,-1,-1,-1
773,71,1578,594,95,231,0.5739,-1,-1,-1
773,69,278,188,46,167,0.4088,-1,-1,-1
773,65,319,189,65,173,0.3235,-1,-1,-1
773,63,292,478,76,219,0.7149,-1,-1,-1
773,3,872,956,87,124,0.7847,-1,-1,-1
773,2,1722,455,74,214,0.8019,-1,-1,-1
774,78,399,206,57,178,0.4067,-1,-1,-1
774,77,451,196,61,198,0.5402,-1,-1,-1
774,75,1058,660,76,239,0.8346,-1,-1,-1
774,74,1131,637,84,257,0.7717,-1,-1,-1
774,73,536,571,84,243,0.7453,-1,-1,-1
774,71,1578,592,95,232,0.6005,-1,-1,-1
774,69,278,187,46,167,0.3997,-1,-1,-1
774,63,291,480,77,218,0.7377,-1,-1,-1
774,3,872,956,88,124,0.7942,-1,-1,-1
774,2,1724,455,73,214,0.7952,-1,-1,-1
775,78,399,205,56,183,0.4438,-1,-1,-1
775,77,450,195,61,198,0.5661,-1,-1,-1
775,75,1056,657,75,243,0.8371,-1,-1,-1
775,74,1127,635,85,258,0.7861,-1,-1,-1
775,73,540,572,81,242,0.7338,-1,-1,-1
775,71,1579,592,94,232,0.5634,-1,-1,-1
775,69,279,186,45,168,0.3479,-1,-1,-1
775,63,290,480,78,219,0.7393,-1,-1,-1
775,3,873,956,87,124,0.7987,-1,-1,-1
775,2,1723,456,73,212,0.7909,-1,-1,-1
776,78,400,206,54,179,0.4303,-1,-1,-1
776,77,450,195,60,198,0.5229,-1,-1,-1
776,75,1054,655,75,244,0.8120,-1,-1,-1
776,74,1125,634,86,257,0.7851,-1,-1,-1
776,73,546,573,77,242,0.7806,-1,-1,-1
776,71,1578,594,95,230,0.5639,-1,-1,-1
776,69,279,186,46,169,0.3748,-1,-1,-1
776,63,289,480,78,222,0.7673,-1,-1,-1
776,3,873,957,87,123,0.7972,-1,-1,-1
776,2,1723,456,73,212,0.7954,-1,-1,-1
777,78,396,211,56,176,0.3808,-1,-1,-1
777,77,448,201,62,190,0.4998,-1,-1,-1
777,75,1053,651,73,249,0.7825,-1,-1,-1
777,74,1123,634,85,257,0.7850,-1,-1,-1
777,73,551,572,74,244,0.7778,-1,-1,-1
777,71,1576,594,97,231,0.5480,-1,-1,-1
777,69,279,185,47,172,0.3528,-1,-1,-1
777,63,290,482,77,228,0.7554,-1,-1,-1
777,3,874,958,86,122,0.7843,-1,-1,-1
777,2,1723,456,73,211,0.8016,-1,-1,-1
778,78,396,211,55,177,0.3671,-1,-1,-1
778,77,447,202,63,190,0.5125,-1,-1,-1
778,75,1052,650,72,247,0.7852,-1,-1,-1
778,74,1123,632,82,256,0.7731,-1,-1,-1
778,73,560,573,68,243,0.7547,-1,-1,-1
778,71,1575,593,99,232,0.5877,-1,-1,-1
778,63,290,483,77,229,0.7549,-1,-1,-1
778,3,874,957,87,123,0.7933,-1,-1,-1
778,2,1724,456,72,212,0.8004,-1,-1,-1
779,78,394,216,55,175,0.3904,-1,-1,-1
779,77,447,202,62,193,0.4328,-1,-1,-1
779,75,1051,649,71,250,0.7947,-1,-1,-1
779,74,1120,629,82,259,0.7693,-1,-1,-1
779,73,566,573,65,245,0.7325,-1,-1,-1
779,71,1574,592,99,233,0.5695,-1,-1,-1
779,63,290,484,77,230,0.7685,-1,-1,-1
779,3,875,958,86,122,0.7895,-1,-1,-1
779,2,1723,456,73,211,0.7926,-1,-1,-1
780,78,396,219,53,175,0.4351,-1,-1,-1
780,77,446,205,62,190,0.3845,-1,-1,-1
780,75,1050,648,71,250,0.7815,-1,-1,-1
780,74,1115,628,84,256,0.7704,-1,-1,-1
780,73,569,572,65,243,0.6934,-1,-1,-1
780,71,1572,592,101,233,0.5705,-1,-1,-1
780,63,290,487,76,228,0.7734,-1,-1,-1
780,3,874,958,87,122,0.7936,-1,-1,-1
780,2,1723,455,73,212,0.7782,-1,-1,-1
781,78,398,222,52,172,0.3962,-1,-1,-1
781,77,446,206,61,190,0.3856,-1,-1,-1
781,75,1048,646,71,248,0.7772,-1,-1,-1
781,74,1113,626,85,251,0.7817,-1,-1,-1
781,73,570,572,68,240,0.6925,-1,-1,-1
781,71,1573,592,100,232,0.5985,-1,-1,-1
781,63,289,490,77,225,0.7715,-1,-1,-1
781,3,876,957,84,123,0.7901,-1,-1,-1
781,2,1723,455,73,212,0.7878,-1,-1,-1
782,78,399,221,52,173,0.3497,-1,-1,-1
782,77,444,206,62,190,0.3753,-1,-1,-1
782,75,1046,646,71,249,0.7748,-1,-1,-1
782,74,1111,623,83,247,0.7788,-1,-1,-1
782,73,569,574,70,247,0.6951,-1,-1,-1
782,71,1572,596,101,229,0.5375,-1,-1,-1
782,63,289,492,77,231,0.7669,-1,-1,-1
782,3,876,956,84,124,0.7880,-1,-1,-1
782,2,1722,455,74,213,0.7906,-1,-1,-1
783,78,400,221,51,172,0.3965,-1,-1,-1
783,77,441,211,63,192,0.3733,-1,-1,-1
783,75,1044,646,71,248,0.7795,-1,-1,-1
783,74,1110,621,80,245,0.7849,-1,-1,-1
783,73,569,574,73,254,0.6617,-1,-1,-1
783,71,1574,593,99,232,0.5666,-1,-1,-1
783,63,289,495,76,231,0.7503,-1,-1,-1
783,3,876,956,84,124,0.7898,-1,-1,-1
783,2,1723,455,74,213,0.7935,-1,-1,-1
784,78,400,226,50,168,0.3888,-1,-1,-1
784,77,441,214,64,192,0.4218,-1,-1,-1
784,75,1043,642,70,248,0.7766,-1,-1,-1
784,74,1108,619,80,246,0.7990,-1,-1,-1
784,73,570,574,76,244,0.6331,-1,-1,-1
784,71,1576,595,96,230,0.5748,-1,-1,-1
784,63,289,496,77,231,0.7485,-1,-1,-1
784,3,877,956,83,124,0.7718,-1,-1,-1
784,2,1722,455,74,213,0.7903,-1,-1,-1
785,78,400,223,50,171,0.3720,-1,-1,-1
785,77,444,218,61,192,0.4124,-1,-1,-1
785,75,1041,642,69,247,0.7723,-1,-1,-1
785,74,1105,616,81,246,0.8029,-1,-1,-1
785,73,573,575,75,246,0.6419,-1,-1,-1
785,71,1574,594,99,231,0.5724,-1,-1,-1
785,63,289,498,77,231,0.7465,-1,-1,-1
785,3,876,954,84,126,0.7582,-1,-1,-1
785,2,1722,455,74,213,0.8022,-1,-1,-1
786,78,400,222,50,171,0.3737,-1,-1,-1
786,77,442,217,62,193,0.4275,-1,-1,-1
786,75,1039,640,67,241,0.7693,-1,-1,-1
786,74,1102,614,80,244,0.8000,-1,-1,-1
786,73,577,575,79,244,0.6397,-1,-1,-1
786,71,1576,593,97,231,0.5998,-1,-1,-1
786,63,288,498,78,231,0.7484,-1,-1,-1
786,3,877,953,82,127,0.7499,-1,-1,-1
786,2,1723,455,73,213,0.7954,-1,-1,-1
787,78,399,225,50,169,0.4454,-1,-1,-1
787,77,442,221,63,189,0.4713,-1,-1,-1
787,75,1037,639,69,241,0.7902,-1,-1,-1
787,74,1101,608,79,249,0.7916,-1,-1,-1
787,73,582,575,80,244,0.6838,-1,-1,-1
787,71,1577,592,96,233,0.5747,-1,-1,-1
787,63,288,499,79,227,0.7529,-1,-1,-1
787,3,877,953,80,127,0.7346,-1,-1,-1
787,2,1723,455,73,213,0.7848,-1,-1,-1
788,78,399,224,51,170,0.4052,-1,-1,-1
788,77,443,227,61,182,0.4739,-1,-1,-1
788,75,1035,636,69,236,0.7824,-1,-1,-1
788,74,1099,606,77,252,0.7822,-1,-1,-1
788,73,584,578,78,248,0.6572,-1,-1,-1
788,71,1583,594,90,231,0.5929,-1,-1,-1
788,63,287,500,80,224,0.7426,-1,-1,-1
788,3,877,953,78,127,0.7276,-1,-1,-1
788,2,1723,456,72,212,0.7965,-1,-1,-1
789,78,398,222,52,174,0.4467,-1,-1,-1
789,77,444,223,59,184,0.4743,-1,-1,-1
789,75,1032,633,70,237,0.7768,-1,-1,-1
789,74,1096,604,79,256,0.7963,-1,-1,-1
789,73,587,578,79,243,0.6411,-1,-1,-1
789,71,1580,595,93,231,0.5717,-1,-1,-1
789,63,287,502,81,222,0.7543,-1,-1,-1
789,3,879,954,75,126,0.7161,-1,-1,-1
789,2,1723,456,72,212,0.7862,-1,-1,-1
790,78,399,226,51,172,0.3677,-1,-1,-1
790,77,442,226,61,182,0.4591,-1,-1,-1
790,75,1031,629,69,227,0.7943,-1,-1,-1
790,74,1094,605,81,254,0.8001,-1,-1,-1
790,73,592,578,74,245,0.6118,-1,-1,-1
790,71,1585,594,88,231,0.5890,-1,-1,-1
790,63,287,502,82,222,0.7504,-1,-1,-1
790,3,879,952,76,128,0.7102,-1,-1,-1
790,2,1723,456,72,212,0.7951,-1,-1,-1
791,83,470,69,62,187,0.3533,-1,-1,-1
791,78,399,224,51,175,0.3874,-1,-1,-1
791,77,442,225,61,184,0.4876,-1,-1,-1
791,75,1027,627,73,232,0.7769,-1,-1,-1
791,74,1093,606,83,251,0.7829,-1,-1,-1
791,73,594,580,73,248,0.6554,-1,-1,-1
791,71,1583,593,90,233,0.5959,-1,-1,-1
791,63,287,503,82,223,0.7570,-1,-1,-1
791,3,880,952,74,127,0.7204,-1,-1,-1
791,2,1723,456,73,212,0.7981,-1,-1,-1
792,83,470,71,63,184,0.3209,-1,-1,-1
792,78,397,228,53,178,0.3909,-1,-1,-1
792,77,442,227,61,182,0.4894,-1,-1,-1
792,75,1026,622,73,235,0.7701,-1,-1,-1
792,74,1094,606,82,251,0.7823,-1,-1,-1
792,73,594,581,75,259,0.6624,-1,-1,-1
792,71,1584,593,89,233,0.6309,-1,-1,-1
792,63,287,505,82,221,0.7531,-1,-1,-1
792,3,882,952,71,128,0.7063,-1,-1,-1
792,2,1722,456,72,206,0.7988,-1,-1,-1
793,78,398,235,51,169,0.4193,-1,-1,-1
793,77,440,227,62,182,0.4779,-1,-1,-1
793,75,1024,620,74,243,0.7830,-1,-1,-1
793,74,1091,605,85,254,0.7941,-1,-1,-1
793,73,596,582,75,267,0.6209,-1,-1,-1
793,71,1582,595,91,230,0.6039,-1,-1,-1
793,63,287,508,81,224,0.7562,-1,-1,-1
793,3,881,952,72,127,0.7079,-1,-1,-1
793,2,1723,456,71,212,0.7996,-1,-1,-1
794,78,398,232,51,170,0.4143,-1,-1,-1
794,77,441,229,60,180,0.5243,-1,-1,-1
794,75,1023,619,74,244,0.7952,-1,-1,-1
794,74,1087,604,88,254,0.8020,-1,-1,-1
794,73,598,582,77,281,0.6534,-1,-1,-1
794,71,1579,594,94,232,0.6111,-1,-1,-1
794,63,287,508,80,229,0.7672,-1,-1,-1
794,3,882,951,67,129,0.7554,-1,-1,-1
794,2,1722,455,72,207,0.8081,-1,-1,-1
795,78,398,229,51,179,0.3462,-1,-1,-1
795,77,439,228,62,181,0.5071,-1,-1,-1
795,75,1021,617,74,247,0.7847,-1,-1,-1
795,74,1087,603,85,255,0.8000,-1,-1,-1
795,73,602,582,74,285,0.5902,-1,-1,-1
795,71,1579,594,93,232,0.5936,-1,-1,-1
795,63,287,511,79,231,0.7657,-1,-1,-1
795,3,882,949,65,131,0.7659,-1,-1,-1
795,2,1722,456,72,206,0.8080,-1,-1,-1
796,78,397,237,52,173,0.4265,-1,-1,-1
796,77,440,228,61,182,0.5705,-1,-1,-1
796,75,1017,618,76,246,0.7729,-1,-1,-1
796,74,1084,601,86,255,0.8035,-1,-1,-1
796,73,604,583,74,285,0.4888,-1,-1,-1
796,71,1575,595,98,231,0.5686,-1,-1,-1
796,63,286,513,80,233,0.7795,-1,-1,-1
796,3,882,948,63,132,0.7726,-1,-1,-1
796,2,1723,456,73,212,0.8063,-1,-1,-1
797,78,398,239,52,174,0.4370,-1,-1,-1
797,77,441,231,60,182,0.5723,-1,-1,-1
797,75,1016,617,75,248,0.7744,-1,-1,-1
797,74,1083,599,84,253,0.8041,-1,-1,-1
797,73,607,584,72,288,0.5634,-1,-1,-1
797,71,1576,594,97,231,0.5304,-1,-1,-1
797,63,285,515,81,234,0.7865,-1,-1,-1
797,3,883,948,61,132,0.7690,-1,-1,-1
797,2,1725,454,69,209,0.7930,-1,-1,-1
798,78,398,234,52,180,0.4466,-1,-1,-1
798,77,441,230,61,187,0.5996,-1,-1,-1
798,75,1016,616,72,246,0.7794,-1,-1,-1
798,74,1082,596,83,251,0.8010,-1,-1,-1
798,73,609,583,71,288,0.4711,-1,-1,-1
798,71,1576,594,97,231,0.5485,-1,-1,-1
798,63,286,516,79,236,0.8009,-1,-1,-1
798,3,883,947,60,133,0.7933,-1,-1,-1
798,2,1723,456,74,212,0.8003,-1,-1,-1
799,78,395,245,54,167,0.4880,-1,-1,-1
799,77,440,230,61,189,0.6376,-1,-1,-1
799,75,1014,615,71,245,0.7891,-1,-1,-1
799,74,1078,591,86,248,0.8028,-1,-1,-1
799,71,1576,595,97,231,0.5792,-1,-1,-1
799,63,285,519,79,232,0.7970,-1,-1,-1
799,3,883,946,58,134,0.8015,-1,-1,-1
799,2,1724,456,72,212,0.8000,-1,-1,-1
800,78,393,245,56,167,0.4907,-1,-1,-1
800,77,439,231,62,191,0.6399,-1,-1,-1
800,75,1013,615,71,245,0.7981,-1,-1,-1
800,74,1078,588,85,245,0.7980,-1,-1,-1
800,71,1575,597,97,229,0.5940,-1,-1,-1
800,63,284,522,78,236,0.7972,-1,-1,-1
800,3,884,945,57,135,0.7871,-1,-1,-1
800,2,1723,457,73,210,0.8020,-1,-1,-1
801,85,1611,0,49,126,0.4328,-1,-1,-1
801,78,393,246,56,166,0.5458,-1,-1,-1
801,77,440,233,60,191,0.6382,-1,-1,-1
801,75,1010,613,72,244,0.8273,-1,-1,-1
801,74,1077,586,84,242,0.8133,-1,-1,-1
801,71,1575,598,97,228,0.5675,-1,-1,-1
801,63,283,523,77,236,0.7774,-1,-1,-1
801,3,884,944,57,136,0.7875,-1,-1,-1
801,2,1724,455,69,208,0.8025,-1,-1,-1
802,85,1611,0,50,129,0.4538,-1,-1,-1
802,78,396,244,52,168,0.4801,-1,-1,-1
802,77,439,235,62,192,0.6353,-1,-1,-1
802,75,1009,611,72,242,0.8202,-1,-1,-1
802,74,1077,584,82,240,0.8181,-1,-1,-1
802,71,1574,594,99,232,0.6188,-1,-1,-1
802,63,282,525,76,233,0.7856,-1,-1,-1
802,3,884,943,56,137,0.7807,-1,-1,-1
802,2,1723,456,71,207,0.7976,-1,-1,-1
803,85,1610,0,51,131,0.4561,-1,-1,-1
803,78,393,246,54,166,0.4705,-1,-1,-1
803,77,438,236,61,191,0.6405,-1,-1,-1
803,75,1007,608,72,240,0.7956,-1,-1,-1
803,74,1076,582,78,243,0.8074,-1,-1,-1
803,71,1575,597,97,228,0.5940,-1,-1,-1
803,63,281,525,76,233,0.7951,-1,-1,-1
803,3,883,943,57,137,0.7726,-1,-1,-1
803,2,1723,456,73,212,0.8046,-1,-1,-1
804,85,1613,0,50,132,0.4805,-1,-1,-1
804,78,394,248,53,164,0.5161,-1,-1,-1
804,77,438,238,62,190,0.6381,-1,-1,-1
804,75,1006,604,72,238,0.7645,-1,-1,-1
804,74,1077,579,76,241,0.8217,-1,-1,-1
804,71,1575,595,98,230,0.5968,-1,-1,-1
804,63,280,527,76,231,0.7919,-1,-1,-1
804,3,883,941,57,139,0.7780,-1,-1,-1
804,2,1722,457,71,206,0.8014,-1,-1,-1
805,85,1614,0,55,135,0.5590,-1,-1,-1
805,83,474,80,61,183,0.3097,-1,-1,-1
805,78,390,246,56,166,0.5448,-1,-1,-1
805,77,439,238,61,189,0.6761,-1,-1,-1
805,75,1002,605,73,226,0.7739,-1,-1,-1
805,74,1076,576,75,244,0.8105,-1,-1,-1
805,71,1577,594,96,231,0.5984,-1,-1,-1
805,63,279,527,76,232,0.7870,-1,-1,-1
805,3,881,938,59,142,0.7703,-1,-1,-1
805,2,1722,456,74,212,0.8098,-1,-1,-1
806,85,1615,0,54,135,0.5620,-1,-1,-1
806,78,389,244,58,170,0.5684,-1,-1,-1
806,77,440,238,61,190,0.6438,-1,-1,-1
806,75,1001,601,70,230,0.7858,-1,-1,-1
806,74,1073,575,76,245,0.7972,-1,-1,-1
806,71,1575,595,98,231,0.5681,-1,-1,-1
806,63,278,527,77,233,0.7953,-1,-1,-1
806,3,881,936,59,144,0.7476,-1,-1,-1
806,2,1723,456,72,213,0.8114,-1,-1,-1
807,85,1617,0,53,133,0.5799,-1,-1,-1
807,78,391,244,56,172,0.5305,-1,-1,-1
807,77,442,240,59,187,0.6080,-1,-1,-1
807,75,998,597,70,230,0.7941,-1,-1,-1
807,74,1074,573,75,247,0.7876,-1,-1,-1
807,71,1576,595,96,231,0.5775,-1,-1,-1
807,63,279,528,74,230,0.7939,-1,-1,-1
807,3,880,936,59,144,0.7260,-1,-1,-1
807,2,1722,457,73,212,0.8113,-1,-1,-1
808,85,1619,0,50,135,0.5016,-1,-1,-1
808,78,391,243,57,177,0.5693,-1,-1,-1
808,77,441,240,60,188,0.6169,-1,-1,-1
808,75,997,596,70,228,0.8007,-1,-1,-1
808,74,1070,573,79,244,0.7758,-1,-1,-1
808,71,1575,592,97,234,0.5926,-1,-1,-1
808,63,279,529,73,229,0.8028,-1,-1,-1
808,3,880,935,59,145,0.7378,-1,-1,-1
808,2,1723,456,71,212,0.7987,-1,-1,-1
809,85,1618,0,54,136,0.4614,-1,-1,-1
809,78,391,243,55,180,0.5468,-1,-1,-1
809,77,440,241,61,187,0.6577,-1,-1,-1
809,75,996,593,70,237,0.7886,-1,-1,-1
809,74,1065,572,82,247,0.7535,-1,-1,-1
809,71,1575,596,97,229,0.5932,-1,-1,-1
809,64,1476,30,55,152,0.3845,-1,-1,-1
809,63,278,530,74,229,0.8133,-1,-1,-1
809,3,879,936,60,144,0.7411,-1,-1,-1
809,2,1722,456,73,212,0.8061,-1,-1,-1
810,85,1621,0,51,137,0.4545,-1,-1,-1
810,78,392,245,54,181,0.5304,-1,-1,-1
810,77,439,243,62,186,0.6563,-1,-1,-1
810,75,993,589,70,242,0.7884,-1,-1,-1
810,74,1063,572,81,241,0.7610,-1,-1,-1
810,71,1575,593,98,233,0.6205,-1,-1,-1
810,64,1476,32,55,144,0.3528,-1,-1,-1
810,63,278,530,74,232,0.8003,-1,-1,-1
810,3,878,935,61,145,0.7551,-1,-1,-1
810,2,1722,456,73,212,0.7986,-1,-1,-1
811,85,1621,0,51,137,0.4342,-1,-1,-1
811,78,392,246,55,181,0.5087,-1,-1,-1
811,77,438,243,63,186,0.6605,-1,-1,-1
811,75,992,591,70,240,0.7859,-1,-1,-1
811,74,1064,571,79,241,0.7914,-1,-1,-1
811,71,1575,595,97,230,0.5851,-1,-1,-1
811,64,1475,31,55,151,0.4279,-1,-1,-1
811,63,276,532,77,234,0.7950,-1,-1,-1
811,3,877,934,63,146,0.7703,-1,-1,-1
811,2,1722,455,73,213,0.8025,-1,-1,-1
812,85,1623,1,49,134,0.4607,-1,-1,-1
812,78,389,252,53,173,0.5032,-1,-1,-1
812,77,438,244,62,184,0.6369,-1,-1,-1
812,75,990,590,70,242,0.7861,-1,-1,-1
812,74,1064,571,77,239,0.7921,-1,-1,-1
812,71,1576,596,96,229,0.5854,-1,-1,-1
812,64,1475,32,56,150,0.4475,-1,-1,-1
812,63,275,533,78,237,0.7898,-1,-1,-1
812,3,876,933,64,147,0.7458,-1,-1,-1
812,2,1723,456,73,212,0.8122,-1,-1,-1
813,87,1072,0,37,63,0.3463,-1,-1,-1
813,85,1623,2,50,133,0.4500,-1,-1,-1
813,78,388,256,55,173,0.4868,-1,-1,-1
813,77,438,243,62,185,0.6117,-1,-1,-1
813,75,987,589,70,240,0.7920,-1,-1,-1
813,74,1064,568,76,243,0.8079,-1,-1,-1
813,71,1574,596,98,229,0.5682,-1,-1,-1
813,64,1474,31,58,152,0.4909,-1,-1,-1
813,63,274,536,76,238,0.7768,-1,-1,-1
813,3,876,933,64,147,0.7645,-1,-1,-1
813,2,1724,455,72,214,0.8050,-1,-1,-1
814,87,1072,0,36,63,0.3119,-1,-1,-1
814,85,1624,4,50,133,0.4069,-1,-1,-1
814,78,389,252,54,179,0.5188,-1,-1,-1
814,77,439,246,62,182,0.6428,-1,-1,-1
814,75,987,587,67,228,0.8064,-1,-1,-1
814,74,1063,566,76,239,0.8010,-1,-1,-1
814,71,1573,597,99,229,0.5816,-1,-1,-1
814,69,282,183,53,168,0.4018,-1,-1,-1
814,64,1475,32,57,152,0.4853,-1,-1,-1
814,63,273,539,78,237,0.7883,-1,-1,-1
814,3,877,933,62,147,0.7523,-1,-1,-1
814,2,1724,456,71,212,0.7966,-1,-1,-1
815,87,1071,0,38,65,0.3677,-1,-1,-1
815,85,1625,4,50,132,0.4133,-1,-1,-1
815,78,388,255,54,179,0.5086,-1,-1,-1
815,77,436,245,65,186,0.5565,-1,-1,-1
815,75,986,586,67,229,0.8305,-1,-1,-1
815,74,1063,563,72,236,0.7876,-1,-1,-1
815,71,1575,597,97,228,0.5555,-1,-1,-1
815,69,281,179,55,174,0.4510,-1,-1,-1
815,64,1476,34,57,160,0.4706,-1,-1,-1
815,63,273,544,78,235,0.8023,-1,-1,-1
815,3,875,933,65,147,0.7482,-1,-1,-1
815,2,1724,456,72,213,0.8122,-1,-1,-1
816,87,1071,0,37,68,0.3884,-1,-1,-1
816,85,1626,3,49,134,0.3559,-1,-1,-1
816,83,470,91,65,157,0.3423,-1,-1,-1
816,78,387,262,55,173,0.5729,-1,-1,-1
816,77,438,246,62,191,0.6070,-1,-1,-1
816,75,984,585,67,230,0.8188,-1,-1,-1
816,74,1061,561,70,235,0.7835,-1,-1,-1
816,71,1572,598,100,228,0.5705,-1,-1,-1
816,69,282,180,54,173,0.4142,-1,-1,-1
816,64,1476,33,55,151,0.4745,-1,-1,-1
816,63,272,546,78,236,0.8042,-1,-1,-1
816,3,876,931,63,149,0.7352,-1,-1,-1
816,2,1724,456,71,212,0.7978,-1,-1,-1
817,87,1070,0,38,72,0.3271,-1,-1,-1
817,85,1627,0,48,139,0.3567,-1,-1,-1
817,83,471,91,62,189,0.3470,-1,-1,-1
817,78,384,265,56,168,0.5656,-1,-1,-1
817,77,435,243,66,194,0.6367,-1,-1,-1
817,75,981,585,67,228,0.7986,-1,-1,-1
817,74,1059,559,67,235,0.7842,-1,-1,-1
817,71,1572,599,99,226,0.5323,-1,-1,-1
817,69,282,180,56,175,0.4404,-1,-1,-1
817,64,1475,36,55,157,0.5003,-1,-1,-1
817,63,273,548,77,235,0.8067,-1,-1,-1
817,3,874,932,65,148,0.7293,-1,-1,-1
817,2,1722,456,72,206,0.8006,-1,-1,-1
818,78,383,265,57,167,0.5751,-1,-1,-1
818,77,435,247,66,193,0.6408,-1,-1,-1
818,75,979,582,68,225,0.8019,-1,-1,-1
818,74,1056,556,68,237,0.7708,-1,-1,-1
818,71,1572,595,100,231,0.5729,-1,-1,-1
818,69,282,180,58,174,0.4396,-1,-1,-1
818,64,1474,37,56,156,0.4890,-1,-1,-1
818,63,273,551,77,237,0.8051,-1,-1,-1
818,3,874,932,65,148,0.7244,-1,-1,-1
818,2,1723,456,71,207,0.7993,-1,-1,-1
819,88,1424,43,55,159,0.4284,-1,-1,-1
819,78,383,263,57,170,0.5722,-1,-1,-1
819,77,434,253,66,190,0.6922,-1,-1,-1
819,75,977,579,68,226,0.7642,-1,-1,-1
819,74,1053,552,71,237,0.7668,-1,-1,-1
819,71,1574,597,98,228,0.5694,-1,-1,-1
819,69,282,180,59,175,0.3911,-1,-1,-1
819,64,1474,39,55,154,0.4798,-1,-1,-1
819,63,274,551,77,239,0.7972,-1,-1,-1
819,3,873,933,67,147,0.7289,-1,-1,-1
819,2,1724,456,71,212,0.8091,-1,-1,-1
820,88,1426,42,53,157,0.4365,-1,-1,-1
820,78,380,261,61,174,0.5575,-1,-1,-1
820,77,437,258,64,188,0.6740,-1,-1,-1
820,75,977,578,66,225,0.7623,-1,-1,-1
820,74,1049,549,74,243,0.7760,-1,-1,-1
820,71,1574,596,99,230,0.5600,-1,-1,-1
820,69,284,176,61,180,0.3452,-1,-1,-1
820,64,1475,39,51,144,0.4451,-1,-1,-1
820,63,274,552,77,238,0.8045,-1,-1,-1
820,3,872,933,66,147,0.7089,-1,-1,-1
820,2,1724,456,71,212,0.8181,-1,-1,-1
821,88,1424,42,54,153,0.4513,-1,-1,-1
821,83,472,88,60,199,0.4548,-1,-1,-1
821,78,381,264,57,169,0.5849,-1,-1,-1
821,77,438,256,62,192,0.6674,-1,-1,-1
821,75,975,575,68,226,0.7693,-1,-1,-1
821,74,1044,548,80,245,0.8049,-1,-1,-1
821,71,1576,596,96,230,0.5661,-1,-1,-1
821,64,1474,42,54,142,0.5298,-1,-1,-1
821,63,274,553,77,238,0.8136,-1,-1,-1
821,3,872,932,65,148,0.7242,-1,-1,-1
821,2,1724,457,71,212,0.8178,-1,-1,-1
822,89,789,135,63,174,0.4084,-1,-1,-1
822,88,1420,40,57,155,0.3733,-1,-1,-1
822,83,472,88,59,199,0.3770,-1,-1,-1
822,78,379,265,59,168,0.5817,-1,-1,-1
822,77,438,257,60,189,0.6703,-1,-1,-1
822,75,972,573,69,219,0.7539,-1,-1,-1
822,74,1042,547,82,244,0.8188,-1,-1,-1
822,71,1574,597,100,229,0.5707,-1,-1,-1
822,64,1474,42,55,143,0.5739,-1,-1,-1
822,63,275,554,77,237,0.8181,-1,-1,-1
822,3,872,933,66,147,0.7197,-1,-1,-1
822,2,1723,458,72,210,0.8121,-1,-1,-1
823,89,789,134,63,176,0.3913,-1,-1,-1
823,83,469,90,62,198,0.3369,-1,-1,-1
823,78,378,265,62,167,0.6185,-1,-1,-1
823,77,437,256,63,193,0.6766,-1,-1,-1
823,75,971,572,67,225,0.7721,-1,-1,-1
823,74,1040,547,85,245,0.8027,-1,-1,-1
823,71,1574,597,99,228,0.5752,-1,-1,-1
823,64,1473,42,56,144,0.5209,-1,-1,-1
823,63,275,555,78,237,0.8140,-1,-1,-1
823,3,869,935,67,145,0.7381,-1,-1,-1
823,2,1722,457,74,211,0.8111,-1,-1,-1
824,89,789,134,64,177,0.4020,-1,-1,-1
824,83,469,87,63,202,0.3676,-1,-1,-1
824,78,380,267,59,167,0.6032,-1,-1,-1
824,77,436,258,63,191,0.6813,-1,-1,-1
824,75,968,568,68,233,0.8014,-1,-1,-1
824,74,1035,547,89,244,0.8068,-1,-1,-1
824,71,1575,596,98,229,0.5409,-1,-1,-1
824,64,1472,43,60,144,0.4949,-1,-1,-1
824,63,274,555,79,236,0.8071,-1,-1,-1
824,3,870,936,67,144,0.7256,-1,-1,-1
824,2,1723,457,72,212,0.8192,-1,-1,-1
825,89,791,134,62,177,0.4245,-1,-1,-1
825,83,470,92,63,198,0.3384,-1,-1,-1
825,78,379,268,58,169,0.6192,-1,-1,-1
825,77,435,259,65,190,0.6716,-1,-1,-1
825,75,966,566,67,235,0.8405,-1,-1,-1
825,74,1034,547,92,245,0.8086,-1,-1,-1
825,71,1576,597,97,229,0.5958,-1,-1,-1
825,64,1473,43,58,143,0.4593,-1,-1,-1
825,63,274,556,79,235,0.8132,-1,-1,-1
825,3,867,937,69,143,0.7335,-1,-1,-1
825,2,1723,457,72,212,0.8198,-1,-1,-1
826,89,791,134,61,177,0.4100,-1,-1,-1
826,87,1063,0,52,80,0.3122,-1,-1,-1
826,85,1637,4,51,146,0.3240,-1,-1,-1
826,83,471,94,62,194,0.3430,-1,-1,-1
826,78,379,271,57,166,0.6387,-1,-1,-1
826,77,434,262,66,187,0.7162,-1,-1,-1
826,75,963,565,69,234,0.8413,-1,-1,-1
826,74,1031,546,95,245,0.7971,-1,-1,-1
826,71,1578,595,96,231,0.5828,-1,-1,-1
826,64,1474,43,55,141,0.4075,-1,-1,-1
826,63,273,557,80,234,0.7974,-1,-1,-1
826,3,869,939,67,141,0.7498,-1,-1,-1
826,2,1722,456,73,213,0.8253,-1,-1,-1
827,89,790,133,63,179,0.4291,-1,-1,-1
827,87,1065,0,50,82,0.3738,-1,-1,-1
827,85,1637,3,51,148,0.4880,-1,-1,-1
827,83,471,96,59,189,0.3833,-1,-1,-1
827,78,376,274,61,167,0.6324,-1,-1,-1
827,77,434,263,66,187,0.7028,-1,-1,-1
827,75,962,564,68,234,0.8466,-1,-1,-1
827,74,1031,543,96,247,0.8050,-1,-1,-1
827,71,1575,597,98,229,0.5345,-1,-1,-1
827,64,1474,43,56,142,0.4519,-1,-1,-1
827,63,273,557,80,235,0.7898,-1,-1,-1
827,3,868,940,68,140,0.7439,-1,-1,-1
827,2,1723,457,72,212,0.8215,-1,-1,-1
828,89,791,134,63,179,0.4365,-1,-1,-1
828,87,1066,0,49,82,0.3787,-1,-1,-1
828,85,1639,0,46,153,0.4322,-1,-1,-1
828,83,470,99,63,189,0.4306,-1,-1,-1
828,78,376,275,59,170,0.6514,-1,-1,-1
828,77,432,262,67,188,0.7366,-1,-1,-1
828,75,960,563,69,234,0.8224,-1,-1,-1
828,74,1031,542,98,248,0.8147,-1,-1,-1
828,71,1575,595,98,231,0.5497,-1,-1,-1
828,64,1475,44,56,141,0.4806,-1,-1,-1
828,63,272,560,81,232,0.7942,-1,-1,-1
828,3,868,940,68,140,0.7606,-1,-1,-1
828,2,1722,456,73,213,0.8360,-1,-1,-1
829,89,792,134,63,179,0.4368,-1,-1,-1
829,87,1067,0,48,82,0.3675,-1,-1,-1
829,85,1639,1,47,149,0.4478,-1,-1,-1
829,83,471,100,63,191,0.4276,-1,-1,-1
829,78,375,272,60,174,0.6079,-1,-1,-1
829,77,432,260,66,190,0.7120,-1,-1,-1
829,75,960,563,69,235,0.8199,-1,-1,-1
829,74,1031,541,93,246,0.7976,-1,-1,-1
829,71,1575,595,99,230,0.5141,-1,-1,-1
829,69,297,181,53,174,0.3943,-1,-1,-1
829,64,1476,44,55,141,0.4750,-1,-1,-1
829,63,273,561,80,237,0.7998,-1,-1,-1
829,3,867,940,69,140,0.7506,-1,-1,-1
829,2,1723,456,72,213,0.8221,-1,-1,-1
830,89,792,135,64,179,0.4366,-1,-1,-1
830,87,1069,0,46,84,0.3338,-1,-1,-1
830,85,1640,2,50,148,0.4355,-1,-1,-1
830,83,473,103,58,180,0.4151,-1,-1,-1
830,78,372,272,62,177,0.6629,-1,-1,-1
830,77,431,262,67,188,0.7289,-1,-1,-1
830,75,958,562,69,235,0.8099,-1,-1,-1
830,74,1032,537,92,248,0.8069,-1,-1,-1
830,71,1574,594,99,231,0.5404,-1,-1,-1
830,64,1476,45,57,144,0.5083,-1,-1,-1
830,63,272,564,81,240,0.8067,-1,-1,-1
830,3,868,941,68,139,0.7480,-1,-1,-1
830,2,1723,456,72,213,0.8226,-1,-1,-1
831,89,792,135,65,179,0.4593,-1,-1,-1
831,85,1641,5,53,150,0.3109,-1,-1,-1
831,83,470,104,64,189,0.4000,-1,-1,-1
831,78,372,273,60,178,0.6649,-1,-1,-1
831,77,431,260,67,190,0.7020,-1,-1,-1
831,75,959,560,67,237,0.8036,-1,-1,-1
831,74,1030,534,92,251,0.8208,-1,-1,-1
831,71,1575,595,98,231,0.5365,-1,-1,-1
831,64,1476,44,55,145,0.4645,-1,-1,-1
831,63,273,567,78,241,0.7856,-1,-1,-1
831,3,868,942,68,138,0.7730,-1,-1,-1
831,2,1723,456,72,213,0.8206,-1,-1,-1
832,89,795,135,63,179,0.4875,-1,-1,-1
832,85,1641,3,56,158,0.3608,-1,-1,-1
832,83,472,106,63,156,0.3521,-1,-1,-1
832,78,373,276,60,175,0.6359,-1,-1,-1
832,77,432,260,67,192,0.7242,-1,-1,-1
832,75,956,560,67,228,0.7953,-1,-1,-1
832,74,1029,531,90,250,0.8250,-1,-1,-1
832,71,1577,595,96,230,0.5792,-1,-1,-1
832,64,1476,45,53,146,0.4606,-1,-1,-1
832,63,273,571,79,242,0.7882,-1,-1,-1
832,3,867,942,70,138,0.7480,-1,-1,-1
832,2,1722,456,74,212,0.8281,-1,-1,-1
833,89,794,135,64,179,0.5171,-1,-1,-1
833,85,1642,2,55,163,0.3394,-1,-1,-1
833,83,474,106,62,146,0.3394,-1,-1,-1
833,78,375,276,58,175,0.6150,-1,-1,-1
833,77,433,263,65,191,0.7288,-1,-1,-1
833,75,955,557,65,233,0.7939,-1,-1,-1
833,74,1030,530,88,241,0.8326,-1,-1,-1
833,71,1576,594,98,231,0.5779,-1,-1,-1
833,69,301,178,54,177,0.3731,-1,-1,-1
833,64,1476,45,53,150,0.4279,-1,-1,-1
833,63,273,574,79,240,0.7778,-1,-1,-1
833,3,867,943,70,137,0.7576,-1,-1,-1
833,2,1722,456,74,213,0.8167,-1,-1,-1
834,89,797,136,62,178,0.5462,-1,-1,-1
834,87,1071,0,52,93,0.4304,-1,-1,-1
834,85,1642,3,57,165,0.3048,-1,-1,-1
834,83,474,107,62,144,0.3203,-1,-1,-1
834,78,375,276,55,176,0.5850,-1,-1,-1
834,77,435,261,61,195,0.7138,-1,-1,-1
834,75,951,556,68,229,0.8001,-1,-1,-1
834,74,1032,527,84,234,0.8526,-1,-1,-1
834,71,1576,597,97,228,0.5481,-1,-1,-1
834,69,302,182,55,173,0.3924,-1,-1,-1
834,64,1476,46,52,151,0.4219,-1,-1,-1
834,63,272,576,78,240,0.7888,-1,-1,-1
834,3,867,944,73,136,0.7701,-1,-1,-1
834,2,1722,456,74,213,0.8177,-1,-1,-1
835,89,796,136,64,177,0.5561,-1,-1,-1
835,87,1072,0,52,93,0.4644,-1,-1,-1
835,78,374,282,55,169,0.6434,-1,-1,-1
835,77,436,263,61,197,0.7258,-1,-1,-1
835,75,948,552,69,231,0.7865,-1,-1,-1
835,74,1033,525,80,234,0.8416,-1,-1,-1
835,71,1575,596,98,229,0.5724,-1,-1,-1
835,69,302,182,58,175,0.3893,-1,-1,-1
835,64,1474,46,54,151,0.4200,-1,-1,-1
835,63,271,576,79,245,0.8030,-1,-1,-1
835,3,865,944,76,136,0.7621,-1,-1,-1
835,2,1720,456,76,213,0.8242,-1,-1,-1
836,89,799,136,62,177,0.5372,-1,-1,-1
836,87,1072,0,53,92,0.4541,-1,-1,-1
836,78,376,281,52,171,0.6386,-1,-1,-1
836,77,438,271,60,192,0.7144,-1,-1,-1
836,75,948,549,69,227,0.7878,-1,-1,-1
836,74,1033,522,77,234,0.8245,-1,-1,-1
836,71,1575,596,97,230,0.5230,-1,-1,-1
836,69,302,181,60,174,0.3868,-1,-1,-1
836,64,1473,47,56,151,0.3826,-1,-1,-1
836,63,270,578,80,246,0.7923,-1,-1,-1
836,3,865,943,76,137,0.7512,-1,-1,-1
836,2,1720,457,76,212,0.8220,-1,-1,-1
837,89,795,136,67,177,0.5939,-1,-1,-1
837,87,1072,0,52,94,0.5092,-1,-1,-1
837,78,375,279,51,173,0.6385,-1,-1,-1
837,77,439,278,59,188,0.7243,-1,-1,-1
837,75,947,547,67,224,0.8062,-1,-1,-1
837,74,1034,520,73,235,0.8137,-1,-1,-1
837,71,1574,596,99,230,0.5667,-1,-1,-1
837,69,304,182,57,173,0.4276,-1,-1,-1
837,64,1471,47,59,152,0.3818,-1,-1,-1
837,63,269,579,79,244,0.7830,-1,-1,-1
837,3,865,943,77,137,0.7390,-1,-1,-1
837,2,1721,456,75,213,0.8232,-1,-1,-1
838,89,799,136,64,178,0.5949,-1,-1,-1
838,87,1072,0,50,95,0.4672,-1,-1,-1
838,78,374,277,52,174,0.5595,-1,-1,-1
838,77,436,269,62,198,0.6700,-1,-1,-1
838,75,945,545,68,226,0.8585,-1,-1,-1
838,74,1034,520,71,233,0.7966,-1,-1,-1
838,71,1574,598,99,228,0.5393,-1,-1,-1
838,69,304,177,59,177,0.4056,-1,-1,-1
838,64,1472,49,59,152,0.4349,-1,-1,-1
838,63,269,580,78,241,0.7742,-1,-1,-1
838,3,865,944,77,136,0.7482,-1,-1,-1
838,2,1719,457,77,211,0.8264,-1,-1,-1
839,89,802,136,63,181,0.6218,-1,-1,-1
839,87,1073,0,49,96,0.4552,-1,-1,-1
839,78,373,279,51,172,0.5375,-1,-1,-1
839,77,436,271,62,197,0.6731,-1,-1,-1
839,75,944,541,68,228,0.8546,-1,-1,-1
839,74,1032,519,73,234,0.7865,-1,-1,-1
839,71,1574,597,99,228,0.5742,-1,-1,-1
839,69,306,178,59,176,0.4536,-1,-1,-1
839,64,1470,51,58,151,0.4045,-1,-1,-1
839,63,267,582,81,240,0.7857,-1,-1,-1
839,3,865,943,77,137,0.7324,-1,-1,-1
839,2,1720,456,75,213,0.8156,-1,-1,-1
840,89,802,136,63,179,0.6495,-1,-1,-1
840,88,1405,31,62,150,0.3887,-1,-1,-1
840,87,1072,0,51,95,0.5027,-1,-1,-1
840,78,374,281,49,170,0.5499,-1,-1,-1
840,77,437,268,62,201,0.6521,-1,-1,-1
840,75,941,538,69,230,0.8571,-1,-1,-1
840,74,1031,520,76,235,0.7880,-1,-1,-1
840,71,1574,597,99,229,0.5781,-1,-1,-1
840,69,308,174,57,181,0.4428,-1,-1,-1
840,63,264,582,82,240,0.7991,-1,-1,-1
840,3,866,944,77,136,0.7419,-1,-1,-1
840,2,1720,456,76,211,0.8224,-1,-1,-1
841,89,801,136,66,178,0.6241,-1,-1,-1
841,88,1405,31,61,148,0.3354,-1,-1,-1
841,87,1072,0,52,97,0.5151,-1,-1,-1
841,78,371,284,52,170,0.6156,-1,-1,-1
841,77,437,269,59,200,0.6784,-1,-1,-1
841,75,940,535,69,231,0.8332,-1,-1,-1
841,74,1028,519,77,235,0.7830,-1,-1,-1
841,71,1573,598,100,228,0.5798,-1,-1,-1
841,69,309,175,54,180,0.3666,-1,-1,-1
841,63,264,583,81,239,0.8025,-1,-1,-1
841,3,866,944,78,136,0.7527,-1,-1,-1
841,2,1719,455,77,212,0.8166,-1,-1,-1
842,89,797,136,71,179,0.6339,-1,-1,-1
842,87,1073,0,51,99,0.4441,-1,-1,-1
842,83,469,111,64,176,0.3218,-1,-1,-1
842,78,368,287,55,169,0.6412,-1,-1,-1
842,77,439,268,57,201,0.6584,-1,-1,-1
842,75,939,534,66,234,0.8138,-1,-1,-1
842,74,1024,518,79,234,0.7622,-1,-1,-1
842,71,1574,597,99,229,0.5913,-1,-1,-1
842,69,309,175,56,181,0.3753,-1,-1,-1
842,63,263,584,82,239,0.8154,-1,-1,-1
842,3,866,944,78,136,0.7535,-1,-1,-1
842,2,1719,456,78,212,0.8101,-1,-1,-1
843,89,800,137,69,179,0.6436,-1,-1,-1
843,87,1070,0,55,104,0.4838,-1,-1,-1
843,83,468,110,65,191,0.3231,-1,-1,-1
843,78,365,288,58,168,0.6585,-1,-1,-1
843,77,438,267,59,202,0.6559,-1,-1,-1
843,75,938,533,66,234,0.8239,-1,-1,-1
843,74,1022,517,81,235,0.7716,-1,-1,-1
843,71,1575,596,98,230,0.5969,-1,-1,-1
843,69,310,178,55,175,0.3848,-1,-1,-1
843,63,263,585,82,237,0.8011,-1,-1,-1
843,3,867,944,79,136,0.7641,-1,-1,-1
843,2,1719,457,78,211,0.8183,-1,-1,-1
844,89,800,137,69,177,0.6404,-1,-1,-1
844,87,1070,0,56,104,0.5153,-1,-1,-1
844,83,467,111,66,185,0.3303,-1,-1,-1
844,78,364,288,57,170,0.6425,-1,-1,-1
844,77,437,270,60,199,0.6761,-1,-1,-1
844,75,938,533,64,234,0.8066,-1,-1,-1
844,74,1022,516,80,233,0.7934,-1,-1,-1
844,71,1573,595,100,230,0.5798,-1,-1,-1
844,69,310,174,57,178,0.3972,-1,-1,-1
844,63,264,587,81,235,0.7890,-1,-1,-1
844,3,866,944,81,136,0.7603,-1,-1,-1
844,2,1719,457,76,211,0.8204,-1,-1,-1
845,89,801,137,69,178,0.6550,-1,-1,-1
845,87,1069,0,57,105,0.5248,-1,-1,-1
845,78,359,282,62,184,0.6212,-1,-1,-1
845,77,437,273,59,196,0.6857,-1,-1,-1
845,75,936,535,66,236,0.7901,-1,-1,-1
845,74,1020,515,79,232,0.7883,-1,-1,-1
845,71,1575,595,98,230,0.5891,-1,-1,-1
845,69,309,171,60,182,0.3751,-1,-1,-1
845,63,263,588,83,235,0.8077,-1,-1,-1
845,3,866,944,80,136,0.7644,-1,-1,-1
845,2,1719,457,76,211,0.8277,-1,-1,-1
846,89,802,137,68,178,0.6127,-1,-1,-1
846,87,1069,0,59,107,0.5091,-1,-1,-1
846,78,360,291,62,172,0.6701,-1,-1,-1
846,77,439,278,56,192,0.6839,-1,-1,-1
846,75,934,535,67,235,0.7876,-1,-1,-1
846,74,1018,513,78,232,0.7978,-1,-1,-1
846,71,1572,596,101,230,0.5903,-1,-1,-1
846,69,310,174,59,179,0.3505,-1,-1,-1
846,64,1468,51,60,154,0.4077,-1,-1,-1
846,63,262,590,83,236,0.8024,-1,-1,-1
846,3,865,944,81,136,0.7636,-1,-1,-1
846,2,1719,457,77,212,0.8120,-1,-1,-1
847,89,802,136,68,178,0.6342,-1,-1,-1
847,87,1070,0,58,109,0.4792,-1,-1,-1
847,78,359,289,64,178,0.7096,-1,-1,-1
847,77,439,277,57,191,0.6506,-1,-1,-1
847,75,933,530,65,236,0.7870,-1,-1,-1
847,74,1018,509,76,240,0.7780,-1,-1,-1
847,71,1574,594,99,231,0.5984,-1,-1,-1
847,69,310,179,61,174,0.3560,-1,-1,-1
847,63,263,592,82,238,0.8216,-1,-1,-1
847,3,866,944,82,136,0.7701,-1,-1,-1
847,2,1718,457,78,211,0.8058,-1,-1,-1
848,89,802,137,68,176,0.6221,-1,-1,-1
848,87,1070,0,59,112,0.4937,-1,-1,-1
848,78,357,294,63,174,0.6792,-1,-1,-1
848,77,436,276,59,191,0.6697,-1,-1,-1
848,75,931,530,67,229,0.7850,-1,-1,-1
848,74,1015,508,74,230,0.7770,-1,-1,-1
848,71,1574,594,99,231,0.5961,-1,-1,-1
848,69,310,176,64,177,0.3522,-1,-1,-1
848,63,262,593,83,241,0.7990,-1,-1,-1
848,3,865,945,82,135,0.7658,-1,-1,-1
848,2,1717,457,78,206,0.8174,-1,-1,-1
849,89,804,138,66,175,0.6468,-1,-1,-1
849,87,1069,0,60,114,0.4714,-1,-1,-1
849,78,358,297,63,173,0.7224,-1,-1,-1
849,77,436,277,58,191,0.6555,-1,-1,-1
849,75,930,528,66,228,0.7605,-1,-1,-1
849,74,1015,506,69,226,0.7496,-1,-1,-1
849,71,1576,594,98,232,0.6236,-1,-1,-1
849,69,310,175,65,178,0.3362,-1,-1,-1
849,63,262,595,83,248,0.7726,-1,-1,-1
849,3,865,944,84,136,0.7561,-1,-1,-1
849,2,1717,457,78,205,0.8066,-1,-1,-1
850,89,805,138,66,176,0.6231,-1,-1,-1
850,87,1070,0,58,114,0.4724,-1,-1,-1
850,78,355,297,66,174,0.7188,-1,-1,-1
850,77,435,276,60,196,0.6836,-1,-1,-1
850,75,931,529,65,230,0.7638,-1,-1,-1
850,74,1011,503,69,229,0.7544,-1,-1,-1
850,71,1576,595,97,231,0.6058,-1,-1,-1
850,69,310,177,64,176,0.3653,-1,-1,-1
850,63,263,597,83,247,0.7709,-1,-1,-1
850,3,867,945,82,135,0.7658,-1,-1,-1
850,2,1718,456,78,211,0.8242,-1,-1,-1
851,89,803,138,68,174,0.6261,-1,-1,-1
851,87,1071,0,58,116,0.4562,-1,-1,-1
851,78,353,297,66,172,0.6661,-1,-1,-1
851,77,436,280,59,195,0.6680,-1,-1,-1
851,75,929,527,65,222,0.7599,-1,-1,-1
851,74,1009,500,70,231,0.7724,-1,-1,-1
851,71,1578,594,95,232,0.6035,-1,-1,-1
851,69,311,178,63,174,0.3551,-1,-1,-1
851,63,265,600,81,245,0.7868,-1,-1,-1
851,3,867,945,85,135,0.7564,-1,-1,-1
851,2,1718,457,78,211,0.8035,-1,-1,-1
852,89,803,138,68,175,0.6246,-1,-1,-1
852,87,1070,0,59,117,0.4703,-1,-1,-1
852,78,351,295,69,175,0.6101,-1,-1,-1
852,77,435,283,59,193,0.6230,-1,-1,-1
852,75,928,525,64,209,0.7443,-1,-1,-1
852,74,1006,498,71,232,0.7572,-1,-1,-1
852,71,1586,592,88,233,0.6112,-1,-1,-1
852,69,310,178,64,176,0.3407,-1,-1,-1
852,63,265,602,82,245,0.7818,-1,-1,-1
852,3,868,943,84,136,0.7443,-1,-1,-1
852,2,1718,457,78,210,0.8083,-1,-1,-1
853,89,802,137,68,176,0.6270,-1,-1,-1
853,88,1403,25,60,152,0.3720,-1,-1,-1
853,87,1073,0,60,116,0.4820,-1,-1,-1
853,78,347,295,73,175,0.6539,-1,-1,-1
853,77,436,286,59,195,0.6327,-1,-1,-1
853,75,926,520,64,212,0.7632,-1,-1,-1
853,74,1003,496,72,233,0.7675,-1,-1,-1
853,71,1583,595,90,231,0.5923,-1,-1,-1
853,69,311,178,63,174,0.3764,-1,-1,-1
853,63,267,605,83,244,0.7888,-1,-1,-1
853,3,869,943,83,136,0.7408,-1,-1,-1
853,2,1719,457,78,211,0.8089,-1,-1,-1
854,89,802,137,69,176,0.6160,-1,-1,-1
854,88,1402,22,59,164,0.3798,-1,-1,-1
854,87,1073,0,60,117,0.4330,-1,-1,-1
854,78,347,293,72,177,0.6314,-1,-1,-1
854,77,435,284,61,199,0.6466,-1,-1,-1
854,75,925,517,65,223,0.7960,-1,-1,-1
854,74,998,493,77,237,0.7946,-1,-1,-1
854,71,1582,594,92,232,0.5964,-1,-1,-1
854,69,310,176,65,177,0.3480,-1,-1,-1
854,64,1469,54,61,160,0.3714,-1,-1,-1
854,63,267,605,83,245,0.7793,-1,-1,-1
854,3,867,945,86,135,0.7408,-1,-1,-1
854,2,1718,457,78,210,0.8004,-1,-1,-1
855,89,801,137,70,177,0.6211,-1,-1,-1
855,88,1403,21,57,163,0.3770,-1,-1,-1
855,87,1075,0,57,118,0.5500,-1,-1,-1
855,78,344,295,74,175,0.5856,-1,-1,-1
855,77,434,286,62,201,0.6581,-1,-1,-1
855,75,924,515,65,224,0.7960,-1,-1,-1
855,74,996,493,79,237,0.7949,-1,-1,-1
855,71,1582,594,93,232,0.6046,-1,-1,-1
855,69,311,175,63,178,0.3688,-1,-1,-1
855,63,269,607,82,244,0.7934,-1,-1,-1
855,3,869,945,84,135,0.7351,-1,-1,-1
855,2,1719,457,77,211,0.8054,-1,-1,-1
856,89,801,137,70,176,0.5945,-1,-1,-1
856,88,1402,21,57,159,0.3277,-1,-1,-1
856,87,1076,0,55,118,0.4360,-1,-1,-1
856,78,346,296,68,174,0.5247,-1,-1,-1
856,77,436,289,61,201,0.6454,-1,-1,-1
856,75,923,511,65,226,0.7751,-1,-1,-1
856,74,996,491,80,239,0.7826,-1,-1,-1
856,71,1582,595,92,231,0.5929,-1,-1,-1
856,69,308,173,63,180,0.3029,-1,-1,-1
856,63,270,609,82,243,0.7890,-1,-1,-1
856,3,871,944,82,135,0.7543,-1,-1,-1
856,2,1718,457,79,212,0.8127,-1,-1,-1
857,89,802,138,68,175,0.5654,-1,-1,-1
857,88,1403,18,56,162,0.3440,-1,-1,-1
857,87,1077,0,53,116,0.3251,-1,-1,-1
857,78,345,295,69,177,0.5985,-1,-1,-1
857,77,433,289,64,201,0.6594,-1,-1,-1
857,75,920,508,66,231,0.7885,-1,-1,-1
857,74,992,490,86,241,0.7812,-1,-1,-1
857,71,1577,595,97,231,0.5993,-1,-1,-1
857,69,310,175,65,178,0.3052,-1,-1,-1
857,63,269,609,85,244,0.8052,-1,-1,-1
857,3,873,943,80,136,0.7421,-1,-1,-1
857,2,1719,457,77,212,0.8062,-1,-1,-1
858,89,801,137,70,176,0.5897,-1,-1,-1
858,88,1402,16,57,161,0.3081,-1,-1,-1
858,87,1078,0,54,118,0.3669,-1,-1,-1
858,78,345,299,69,173,0.5632,-1,-1,-1
858,77,434,294,64,196,0.5751,-1,-1,-1
858,75,919,508,68,228,0.7843,-1,-1,-1
858,74,988,490,90,241,0.7886,-1,-1,-1
858,71,1579,595,95,231,0.6070,-1,-1,-1
858,63,270,611,85,242,0.7892,-1,-1,-1
858,3,875,943,78,137,0.7637,-1,-1,-1
858,2,1719,458,77,211,0.8010,-1,-1,-1
859,89,802,137,69,175,0.5793,-1,-1,-1
859,88,1403,15,56,157,0.3003,-1,-1,-1
859,78,346,301,68,171,0.5527,-1,-1,-1
859,77,437,296,58,193,0.6282,-1,-1,-1
859,75,919,509,65,225,0.7848,-1,-1,-1
859,74,988,490,91,241,0.7861,-1,-1,-1
859,71,1578,596,95,229,0.6034,-1,-1,-1
859,63,269,611,86,241,0.7908,-1,-1,-1
859,3,876,943,78,137,0.7736,-1,-1,-1
859,2,1718,457,78,211,0.8108,-1,-1,-1
860,90,1400,1017,74,62,0.5151,-1,-1,-1
860,89,802,137,69,175,0.5721,-1,-1,-1
860,78,346,299,66,178,0.5495,-1,-1,-1
860,77,435,294,60,197,0.6565,-1,-1,-1
860,75,918,509,65,223,0.7719,-1,-1,-1
860,74,986,489,92,241,0.7880,-1,-1,-1
860,71,1578,597,95,228,0.5857,-1,-1,-1
860,63,271,612,85,240,0.7950,-1,-1,-1
860,3,875,942,79,138,0.7556,-1,-1,-1
860,2,1718,457,78,212,0.7947,-1,-1,-1
861,90,1397,1015,78,65,0.6110,-1,-1,-1
861,89,802,137,69,176,0.5583,-1,-1,-1
861,78,348,300,64,178,0.5374,-1,-1,-1
861,77,434,294,61,197,0.6938,-1,-1,-1
861,75,916,508,66,225,0.7550,-1,-1,-1
861,74,986,489,92,239,0.7782,-1,-1,-1
861,71,1577,598,96,227,0.5589,-1,-1,-1
861,63,271,613,86,241,0.8058,-1,-1,-1
861,3,876,943,79,137,0.7837,-1,-1,-1
861,2,1718,457,80,211,0.7996,-1,-1,-1
862,90,1393,1012,80,67,0.5778,-1,-1,-1
862,89,803,137,68,176,0.5686,-1,-1,-1
862,78,347,295,65,186,0.4720,-1,-1,-1
862,77,433,294,61,197,0.7120,-1,-1,-1
862,75,915,508,66,225,0.7470,-1,-1,-1
862,74,986,486,86,241,0.7854,-1,-1,-1
862,71,1575,598,98,227,0.5635,-1,-1,-1
862,63,272,613,84,240,0.8197,-1,-1,-1
862,3,878,943,77,137,0.7827,-1,-1,-1
862,2,1717,456,80,212,0.7831,-1,-1,-1
863,90,1389,1009,86,71,0.6524,-1,-1,-1
863,89,801,137,70,176,0.5676,-1,-1,-1
863,78,348,302,66,180,0.5547,-1,-1,-1
863,77,433,295,61,196,0.7237,-1,-1,-1
863,75,912,506,68,224,0.7594,-1,-1,-1
863,74,986,485,88,239,0.7836,-1,-1,-1
863,71,1575,596,98,229,0.5469,-1,-1,-1
863,63,271,614,85,241,0.8257,-1,-1,-1
863,3,881,942,77,138,0.7557,-1,-1,-1
863,2,1717,456,79,212,0.7789,-1,-1,-1
864,90,1387,1005,86,75,0.7144,-1,-1,-1
864,89,803,137,68,175,0.5551,-1,-1,-1
864,78,347,305,67,178,0.5608,-1,-1,-1
864,77,433,295,60,195,0.7034,-1,-1,-1
864,75,912,503,67,225,0.7534,-1,-1,-1
864,74,982,483,90,241,0.8038,-1,-1,-1
864,71,1575,596,98,229,0.5723,-1,-1,-1
864,63,273,614,83,243,0.8196,-1,-1,-1
864,3,882,943,77,137,0.7426,-1,-1,-1
864,2,1717,457,81,212,0.7792,-1,-1,-1
865,90,1383,1002,90,78,0.7490,-1,-1,-1
865,89,802,136,68,177,0.5394,-1,-1,-1
865,78,347,310,68,178,0.5631,-1,-1,-1
865,77,432,295,61,195,0.6978,-1,-1,-1
865,75,910,502,68,223,0.7615,-1,-1,-1
865,74,983,481,88,240,0.8116,-1,-1,-1
865,71,1573,595,101,230,0.5546,-1,-1,-1
865,69,313,171,61,179,0.3404,-1,-1,-1
865,63,275,617,82,244,0.8121,-1,-1,-1
865,3,884,943,75,137,0.7317,-1,-1,-1
865,2,1718,456,79,213,0.7932,-1,-1,-1
866,90,1380,998,93,82,0.8046,-1,-1,-1
866,89,801,137,69,176,0.5738,-1,-1,-1
866,78,346,312,68,177,0.5992,-1,-1,-1
866,77,431,296,62,195,0.6745,-1,-1,-1
866,75,909,501,67,222,0.7699,-1,-1,-1
866,74,981,479,88,240,0.8048,-1,-1,-1
866,71,1574,596,100,229,0.5710,-1,-1,-1
866,69,312,170,63,179,0.3259,-1,-1,-1
866,63,275,620,82,247,0.8228,-1,-1,-1
866,3,885,943,78,137,0.7377,-1,-1,-1
866,2,1718,456,79,212,0.7926,-1,-1,-1
867,90,1380,992,92,88,0.7996,-1,-1,-1
867,89,802,137,68,175,0.5657,-1,-1,-1
867,78,343,316,70,173,0.6059,-1,-1,-1
867,77,430,295,62,198,0.6372,-1,-1,-1
867,75,907,499,66,219,0.8116,-1,-1,-1
867,74,983,478,85,228,0.7862,-1,-1,-1
867,71,1575,595,98,230,0.5758,-1,-1,-1
867,69,313,169,59,178,0.3026,-1,-1,-1
867,63,275,621,83,251,0.8324,-1,-1,-1
867,3,886,941,79,139,0.7390,-1,-1,-1
867,2,1718,458,80,211,0.7769,-1,-1,-1
868,90,1380,987,92,93,0.7814,-1,-1,-1
868,89,803,137,67,176,0.5506,-1,-1,-1
868,78,340,316,74,173,0.5864,-1,-1,-1
868,77,431,295,62,201,0.6014,-1,-1,-1
868,75,904,496,69,217,0.8050,-1,-1,-1
868,74,987,474,78,226,0.7835,-1,-1,-1
868,71,1576,593,98,232,0.5852,-1,-1,-1
868,69,314,170,60,178,0.3139,-1,-1,-1
868,63,276,622,82,254,0.8381,-1,-1,-1
868,3,889,942,77,138,0.7699,-1,-1,-1
868,2,1719,457,77,211,0.7854,-1,-1,-1
869,90,1381,983,91,97,0.7482,-1,-1,-1
869,89,803,136,68,178,0.5442,-1,-1,-1
869,78,342,312,72,176,0.5566,-1,-1,-1
869,77,432,294,62,208,0.5804,-1,-1,-1
869,75,904,492,68,215,0.8250,-1,-1,-1
869,74,988,472,74,226,0.7784,-1,-1,-1
869,71,1577,594,96,231,0.5849,-1,-1,-1
869,69,314,168,60,180,0.3101,-1,-1,-1
869,63,276,624,83,252,0.8308,-1,-1,-1
869,3,893,940,75,140,0.7755,-1,-1,-1
869,2,1719,457,78,211,0.7722,-1,-1,-1
870,90,1381,980,90,100,0.8059,-1,-1,-1
870,89,804,137,66,176,0.5546,-1,-1,-1
870,78,349,312,64,176,0.5352,-1,-1,-1
870,77,433,301,62,205,0.5939,-1,-1,-1
870,75,901,488,70,222,0.8078,-1,-1,-1
870,74,990,470,70,227,0.7755,-1,-1,-1
870,71,1579,596,95,229,0.6014,-1,-1,-1
870,63,276,626,84,254,0.8345,-1,-1,-1
870,3,894,940,76,140,0.7783,-1,-1,-1
870,2,1718,457,79,211,0.7714,-1,-1,-1
871,90,1379,976,92,104,0.8193,-1,-1,-1
871,89,806,137,64,176,0.5335,-1,-1,-1
871,78,353,311,59,178,0.5496,-1,-1,-1
871,77,433,301,61,205,0.5790,-1,-1,-1
871,75,899,484,72,224,0.7949,-1,-1,-1
871,74,990,468,68,230,0.8065,-1,-1,-1
871,71,1584,596,91,230,0.5755,-1,-1,-1
871,63,277,628,84,259,0.8461,-1,-1,-1
871,3,896,942,75,138,0.8202,-1,-1,-1
871,2,1718,457,79,211,0.7663,-1,-1,-1
872,90,1378,974,92,106,0.8331,-1,-1,-1
872,89,804,136,66,178,0.5596,-1,-1,-1
872,78,354,312,57,177,0.5346,-1,-1,-1
872,77,431,295,61,214,0.5835,-1,-1,-1
872,75,898,481,72,228,0.7706,-1,-1,-1
872,74,988,468,70,230,0.7914,-1,-1,-1
872,71,1585,596,89,230,0.5526,-1,-1,-1
872,63,277,632,84,257,0.8377,-1,-1,-1
872,3,898,941,75,139,0.8165,-1,-1,-1
872,2,1718,457,79,211,0.7715,-1,-1,-1
873,92,1576,21,57,120,0.3119,-1,-1,-1
873,90,1375,972,95,108,0.8400,-1,-1,-1
873,89,802,137,67,175,0.5285,-1,-1,-1
873,87,1088,0,53,142,0.3118,-1,-1,-1
873,78,353,313,58,175,0.5357,-1,-1,-1
873,77,431,302,61,207,0.6151,-1,-1,-1
873,75,898,486,69,215,0.7896,-1,-1,-1
873,74,989,467,68,229,0.7843,-1,-1,-1
873,71,1583,596,91,230,0.5255,-1,-1,-1
873,63,276,631,85,258,0.8303,-1,-1,-1
873,3,898,941,78,139,0.8113,-1,-1,-1
873,2,1718,457,79,211,0.7749,-1,-1,-1
874,92,1574,21,60,124,0.3166,-1,-1,-1
874,90,1373,972,96,108,0.8519,-1,-1,-1
874,89,802,137,67,175,0.5206,-1,-1,-1
874,87,1087,0,55,139,0.3577,-1,-1,-1
874,78,351,318,60,171,0.5012,-1,-1,-1
874,77,431,306,60,204,0.5931,-1,-1,-1
874,75,897,483,70,217,0.7951,-1,-1,-1
874,74,988,467,68,227,0.7594,-1,-1,-1
874,71,1579,598,95,228,0.5172,-1,-1,-1
874,63,277,634,85,255,0.8161,-1,-1,-1
874,3,898,940,80,140,0.8127,-1,-1,-1
874,2,1719,457,78,212,0.7884,-1,-1,-1
875,90,1372,971,95,109,0.8338,-1,-1,-1
875,89,802,137,66,175,0.5018,-1,-1,-1
875,87,1086,0,56,141,0.4138,-1,-1,-1
875,78,350,319,61,171,0.4523,-1,-1,-1
875,77,431,303,61,208,0.5898,-1,-1,-1
875,75,896,483,70,217,0.8009,-1,-1,-1
875,74,987,466,69,227,0.7551,-1,-1,-1
875,71,1577,596,98,230,0.5341,-1,-1,-1
875,63,278,635,85,253,0.8095,-1,-1,-1
875,3,901,940,78,140,0.8108,-1,-1,-1
875,2,1719,458,77,210,0.7819,-1,-1,-1
876,90,1369,970,97,110,0.8226,-1,-1,-1
876,89,802,136,66,176,0.4966,-1,-1,-1
876,87,1087,0,56,143,0.3703,-1,-1,-1
876,78,347,318,65,174,0.4088,-1,-1,-1
876,77,433,304,59,205,0.5630,-1,-1,-1
876,75,895,482,70,222,0.7552,-1,-1,-1
876,74,987,466,68,229,0.7406,-1,-1,-1
876,71,1575,598,99,228,0.5033,-1,-1,-1
876,63,278,635,86,255,0.7857,-1,-1,-1
876,3,900,940,80,140,0.7900,-1,-1,-1
876,2,1720,457,76,211,0.7708,-1,-1,-1
877,90,1367,966,98,114,0.7969,-1,-1,-1
877,89,801,136,66,176,0.4997,-1,-1,-1
877,87,1086,0,58,147,0.4390,-1,-1,-1
877,78,347,319,64,177,0.5025,-1,-1,-1
877,77,430,309,62,201,0.5685,-1,-1,-1
877,75,895,481,69,222,0.7591,-1,-1,-1
877,74,986,466,69,227,0.7361,-1,-1,-1
877,71,1575,596,100,229,0.5021,-1,-1,-1
877,63,280,637,84,253,0.7746,-1,-1,-1
877,3,903,939,78,141,0.7429,-1,-1,-1
877,2,1719,457,77,211,0.7579,-1,-1,-1
878,90,1363,964,101,116,0.8071,-1,-1,-1
878,89,801,137,66,174,0.4802,-1,-1,-1
878,87,1084,0,61,149,0.4452,-1,-1,-1
878,78,351,325,61,176,0.5517,-1,-1,-1
878,77,430,306,61,203,0.5473,-1,-1,-1
878,75,894,479,69,225,0.7426,-1,-1,-1
878,74,986,465,68,228,0.7278,-1,-1,-1
878,71,1576,598,99,228,0.5420,-1,-1,-1
878,63,281,639,86,251,0.7667,-1,-1,-1
878,3,904,940,79,140,0.7456,-1,-1,-1
878,2,1720,457,76,211,0.7590,-1,-1,-1
879,93,1767,679,68,238,0.3977,-1,-1,-1
879,90,1362,960,100,120,0.8097,-1,-1,-1
879,89,800,136,67,176,0.4899,-1,-1,-1
879,87,1085,0,62,153,0.4046,-1,-1,-1
879,78,349,325,62,176,0.5117,-1,-1,-1
879,77,430,308,61,201,0.5078,-1,-1,-1
879,75,893,478,68,226,0.7546,-1,-1,-1
879,74,985,464,68,227,0.7427,-1,-1,-1
879,71,1577,599,97,228,0.5248,-1,-1,-1
879,63,283,640,85,250,0.7641,-1,-1,-1
879,3,903,939,81,141,0.7229,-1,-1,-1
879,2,1721,457,75,211,0.7486,-1,-1,-1
880,93,1766,679,68,235,0.3509,-1,-1,-1
880,90,1363,958,99,122,0.8240,-1,-1,-1
880,89,800,137,67,176,0.4844,-1,-1,-1
880,87,1086,0,63,154,0.4219,-1,-1,-1
880,78,346,324,64,181,0.5288,-1,-1,-1
880,77,431,306,60,204,0.5719,-1,-1,-1
880,75,893,476,67,224,0.7650,-1,-1,-1
880,74,984,462,68,226,0.7259,-1,-1,-1
880,71,1576,597,98,228,0.5133,-1,-1,-1
880,63,284,642,84,249,0.7627,-1,-1,-1
880,3,906,938,79,142,0.6870,-1,-1,-1
880,2,1722,458,74,210,0.7593,-1,-1,-1
881,93,1762,680,73,233,0.4621,-1,-1,-1
881,90,1360,953,100,127,0.8339,-1,-1,-1
881,89,799,136,67,176,0.4894,-1,-1,-1
881,87,1088,0,62,155,0.4066,-1,-1,-1
881,78,348,328,60,182,0.4809,-1,-1,-1
881,77,429,308,61,201,0.5276,-1,-1,-1
881,75,893,475,65,219,0.7516,-1,-1,-1
881,74,980,459,70,227,0.7163,-1,-1,-1
881,71,1575,598,99,227,0.4366,-1,-1,-1
881,63,284,643,85,247,0.7784,-1,-1,-1
881,3,905,937,80,143,0.6755,-1,-1,-1
881,2,1721,458,76,210,0.7596,-1,-1,-1
882,93,1762,678,72,237,0.5142,-1,-1,-1
882,90,1359,946,100,134,0.8380,-1,-1,-1
882,89,800,137,65,175,0.4689,-1,-1,-1
882,87,1089,0,63,155,0.3028,-1,-1,-1
882,78,347,329,61,183,0.4977,-1,-1,-1
882,77,429,311,60,197,0.5316,-1,-1,-1
882,75,893,472,64,213,0.7326,-1,-1,-1
882,74,977,456,71,224,0.7115,-1,-1,-1
882,71,1576,597,97,228,0.4474,-1,-1,-1
882,63,285,645,85,244,0.7708,-1,-1,-1
882,3,905,935,81,145,0.6722,-1,-1,-1
882,2,1723,457,73,210,0.7646,-1,-1,-1
883,93,1761,679,73,234,0.5601,-1,-1,-1
883,90,1359,941,98,139,0.8257,-1,-1,-1
883,89,798,137,67,173,0.5084,-1,-1,-1
883,87,1091,0,61,156,0.3213,-1,-1,-1
883,78,339,331,67,182,0.5841,-1,-1,-1
883,77,428,304,61,202,0.5716,-1,-1,-1
883,75,892,469,66,206,0.7455,-1,-1,-1
883,74,973,454,74,221,0.7309,-1,-1,-1
883,71,1578,597,96,228,0.4547,-1,-1,-1
883,69,315,168,59,180,0.3074,-1,-1,-1
883,63,286,647,85,242,0.7807,-1,-1,-1
883,3,904,935,83,145,0.6854,-1,-1,-1
883,2,1723,459,73,208,0.7772,-1,-1,-1
884,93,1760,678,73,231,0.6049,-1,-1,-1
884,90,1356,938,97,142,0.7930,-1,-1,-1
884,89,798,136,67,175,0.4812,-1,-1,-1
884,87,1090,0,64,158,0.3450,-1,-1,-1
884,78,337,333,71,181,0.5731,-1,-1,-1
884,77,427,314,62,194,0.6378,-1,-1,-1
884,75,891,466,66,218,0.7411,-1,-1,-1
884,74,972,451,73,220,0.7508,-1,-1,-1
884,71,1578,599,95,226,0.4539,-1,-1,-1
884,63,287,650,85,241,0.7948,-1,-1,-1
884,3,904,936,83,144,0.6926,-1,-1,-1
884,2,1724,458,72,210,0.7781,-1,-1,-1
885,93,1759,679,73,231,0.5947,-1,-1,-1
885,90,1356,937,94,143,0.7968,-1,-1,-1
885,89,800,137,65,175,0.4782,-1,-1,-1
885,87,1092,0,62,159,0.3700,-1,-1,-1
885,78,337,332,73,182,0.5678,-1,-1,-1
885,77,427,313,62,201,0.6365,-1,-1,-1
885,75,891,465,65,222,0.7683,-1,-1,-1
885,74,971,449,73,221,0.7627,-1,-1,-1
885,71,1576,600,97,225,0.4585,-1,-1,-1
885,63,288,651,85,242,0.7862,-1,-1,-1
885,3,905,935,82,145,0.6844,-1,-1,-1
885,2,1724,459,73,209,0.7696,-1,-1,-1
886,93,1758,679,75,232,0.5871,-1,-1,-1
886,90,1355,932,92,147,0.7981,-1,-1,-1
886,89,800,137,65,174,0.4582,-1,-1,-1
886,87,1095,0,60,158,0.3695,-1,-1,-1
886,78,334,331,77,185,0.5700,-1,-1,-1
886,77,426,314,63,201,0.6401,-1,-1,-1
886,75,891,462,65,223,0.7663,-1,-1,-1
886,74,970,444,74,226,0.7696,-1,-1,-1
886,71,1577,597,97,229,0.4696,-1,-1,-1
886,63,288,653,85,243,0.7814,-1,-1,-1
886,3,905,935,83,145,0.6719,-1,-1,-1
886,2,1724,458,73,210,0.7591,-1,-1,-1
887,93,1758,680,74,232,0.6182,-1,-1,-1
887,90,1352,929,95,150,0.8396,-1,-1,-1
887,89,801,137,64,176,0.4673,-1,-1,-1
887,87,1097,2,59,156,0.3879,-1,-1,-1
887,78,331,333,78,182,0.5319,-1,-1,-1
887,77,425,317,63,202,0.6009,-1,-1,-1
887,75,890,462,65,217,0.7688,-1,-1,-1
887,74,969,443,75,226,0.7795,-1,-1,-1
887,71,1578,599,96,227,0.4390,-1,-1,-1
887,63,288,654,85,245,0.7786,-1,-1,-1
887,3,905,936,84,144,0.6620,-1,-1,-1
887,2,1723,457,74,210,0.7577,-1,-1,-1
888,93,1758,680,74,232,0.6350,-1,-1,-1
888,90,1352,926,95,153,0.8241,-1,-1,-1
888,89,801,137,64,176,0.4711,-1,-1,-1
888,87,1099,3,58,156,0.3835,-1,-1,-1
888,78,333,333,75,182,0.5879,-1,-1,-1
888,77,424,319,65,201,0.6469,-1,-1,-1
888,75,890,459,65,222,0.7870,-1,-1,-1
888,74,968,443,77,225,0.7931,-1,-1,-1
888,71,1581,599,92,227,0.3894,-1,-1,-1
888,63,289,656,84,246,0.7735,-1,-1,-1
888,3,905,936,84,144,0.6537,-1,-1,-1
888,2,1723,458,75,209,0.7608,-1,-1,-1
889,93,1756,679,76,232,0.6063,-1,-1,-1
889,90,1347,924,98,156,0.7984,-1,-1,-1
889,89,802,137,63,175,0.4700,-1,-1,-1
889,87,1102,3,55,158,0.3719,-1,-1,-1
889,83,467,159,70,202,0.3606,-1,-1,-1
889,78,333,334,74,181,0.5916,-1,-1,-1
889,77,421,319,69,203,0.6777,-1,-1,-1
889,75,888,458,67,221,0.7853,-1,-1,-1
889,74,966,442,80,228,0.7900,-1,-1,-1
889,71,1586,600,87,225,0.4526,-1,-1,-1
889,63,291,657,83,244,0.7840,-1,-1,-1
889,3,906,936,84,144,0.6762,-1,-1,-1
889,2,1723,458,74,209,0.7368,-1,-1,-1
890,93,1755,680,76,233,0.6042,-1,-1,-1
890,90,1345,923,99,156,0.7784,-1,-1,-1
890,89,804,136,62,176,0.4307,-1,-1,-1
890,87,1102,5,56,156,0.4322,-1,-1,-1
890,83,467,158,70,205,0.3764,-1,-1,-1
890,78,334,339,73,174,0.6009,-1,-1,-1
890,77,421,328,66,197,0.6686,-1,-1,-1
890,75,887,458,67,221,0.7803,-1,-1,-1
890,74,963,442,82,227,0.7855,-1,-1,-1
890,71,1584,600,89,225,0.4377,-1,-1,-1
890,63,292,660,81,246,0.7742,-1,-1,-1
890,3,911,937,77,143,0.6795,-1,-1,-1
890,2,1722,458,76,209,0.7605,-1,-1,-1
891,93,1755,681,77,230,0.6390,-1,-1,-1
891,90,1344,922,99,158,0.7829,-1,-1,-1
891,89,802,136,63,175,0.4253,-1,-1,-1
891,87,1103,7,57,154,0.4300,-1,-1,-1
891,83,467,160,71,201,0.4320,-1,-1,-1
891,78,337,340,68,174,0.5444,-1,-1,-1
891,77,421,326,66,199,0.6283,-1,-1,-1
891,75,887,457,67,221,0.7666,-1,-1,-1
891,74,960,441,87,228,0.7941,-1,-1,-1
891,71,1582,597,90,228,0.4294,-1,-1,-1
891,63,295,663,78,246,0.7726,-1,-1,-1
891,3,909,936,80,144,0.6686,-1,-1,-1
891,2,1723,458,73,209,0.7631,-1,-1,-1
892,93,1755,679,78,231,0.6317,-1,-1,-1
892,90,1341,921,103,159,0.7850,-1,-1,-1
892,89,804,137,61,174,0.4399,-1,-1,-1
892,87,1104,8,58,156,0.4082,-1,-1,-1
892,83,469,163,70,205,0.4300,-1,-1,-1
892,78,338,342,66,172,0.5600,-1,-1,-1
892,77,420,328,66,196,0.6544,-1,-1,-1
892,75,886,456,68,222,0.7583,-1,-1,-1
892,74,960,440,87,231,0.7976,-1,-1,-1
892,71,1584,599,90,226,0.4317,-1,-1,-1
892,63,297,665,77,250,0.7438,-1,-1,-1
892,3,911,937,77,143,0.6679,-1,-1,-1
892,2,1722,457,75,210,0.7508,-1,-1,-1
893,93,1753,678,81,236,0.6548,-1,-1,-1
893,90,1337,920,105,160,0.7927,-1,-1,-1
893,89,804,136,61,176,0.4183,-1,-1,-1
893,87,1105,10,57,154,0.3773,-1,-1,-1
893,83,470,169,69,196,0.4411,-1,-1,-1
893,78,340,342,65,173,0.5039,-1,-1,-1
893,77,421,332,64,192,0.6545,-1,-1,-1
893,75,885,456,66,220,0.7514,-1,-1,-1
893,74,961,439,87,229,0.8034,-1,-1,-1
893,71,1581,599,93,227,0.4737,-1,-1,-1
893,63,299,666,77,254,0.7592,-1,-1,-1
893,3,913,937,77,143,0.6514,-1,-1,-1
893,2,1723,458,74,210,0.7569,-1,-1,-1
894,93,1753,679,82,235,0.6590,-1,-1,-1
894,90,1334,916,104,164,0.8014,-1,-1,-1
894,89,805,137,60,177,0.4038,-1,-1,-1
894,87,1105,11,58,155,0.3558,-1,-1,-1
894,83,469,165,70,202,0.4259,-1,-1,-1
894,78,342,345,62,171,0.5065,-1,-1,-1
894,77,420,332,65,193,0.6399,-1,-1,-1
894,75,884,454,66,221,0.7467,-1,-1,-1
894,74,960,438,89,230,0.8012,-1,-1,-1
894,71,1580,601,93,225,0.4920,-1,-1,-1
894,63,299,667,80,252,0.7686,-1,-1,-1
894,3,913,939,75,141,0.6635,-1,-1,-1
894,2,1722,458,75,209,0.7609,-1,-1,-1
895,93,1752,677,82,236,0.6661,-1,-1,-1
895,90,1331,914,104,166,0.7914,-1,-1,-1
895,89,803,137,62,176,0.4177,-1,-1,-1
895,87,1105,12,59,157,0.3835,-1,-1,-1
895,83,470,167,71,199,0.4823,-1,-1,-1
895,78,341,344,63,177,0.5071,-1,-1,-1
895,77,419,333,65,192,0.6578,-1,-1,-1
895,75,883,455,63,215,0.7496,-1,-1,-1
895,74,962,437,86,230,0.7959,-1,-1,-1
895,71,1580,602,93,223,0.4866,-1,-1,-1
895,63,300,668,80,252,0.7304,-1,-1,-1
895,3,913,939,76,141,0.6601,-1,-1,-1
895,2,1723,458,73,209,0.7430,-1,-1,-1
896,93,1751,677,82,238,0.6734,-1,-1,-1
896,90,1329,911,104,169,0.8569,-1,-1,-1
896,89,802,136,63,178,0.4305,-1,-1,-1
896,87,1107,14,57,158,0.3864,-1,-1,-1
896,83,470,170,71,197,0.4912,-1,-1,-1
896,78,339,345,65,176,0.5289,-1,-1,-1
896,77,419,333,65,195,0.6612,-1,-1,-1
896,75,883,453,61,211,0.7756,-1,-1,-1
896,74,961,436,87,228,0.7979,-1,-1,-1
896,71,1576,600,97,225,0.4919,-1,-1,-1
896,63,299,669,83,251,0.7004,-1,-1,-1
896,3,914,939,74,141,0.6632,-1,-1,-1
896,2,1723,458,74,209,0.7489,-1,-1,-1
897,93,1751,676,83,238,0.6686,-1,-1,-1
897,90,1328,908,102,172,0.8798,-1,-1,-1
897,89,802,137,62,176,0.4434,-1,-1,-1
897,83,471,166,68,199,0.4880,-1,-1,-1
897,78,339,347,65,176,0.5278,-1,-1,-1
897,77,420,335,64,193,0.6577,-1,-1,-1
897,75,881,449,63,215,0.7443,-1,-1,-1
897,74,961,435,87,228,0.7993,-1,-1,-1
897,71,1575,600,99,225,0.4698,-1,-1,-1
897,69,316,168,58,182,0.3061,-1,-1,-1
897,63,298,670,86,251,0.7182,-1,-1,-1
897,3,911,940,77,140,0.6434,-1,-1,-1
897,2,1723,457,74,211,0.7604,-1,-1,-1
898,93,1751,676,83,238,0.6876,-1,-1,-1
898,90,1326,904,101,176,0.8788,-1,-1,-1
898,89,804,137,61,175,0.4493,-1,-1,-1
898,83,470,167,72,198,0.4409,-1,-1,-1
898,78,341,354,62,174,0.5429,-1,-1,-1
898,77,419,334,64,194,0.6869,-1,-1,-1
898,75,879,449,66,210,0.7461,-1,-1,-1
898,74,961,432,85,224,0.7974,-1,-1,-1
898,71,1575,599,98,226,0.4160,-1,-1,-1
898,63,297,672,90,248,0.7318,-1,-1,-1
898,3,914,940,72,140,0.6417,-1,-1,-1
898,2,1723,458,73,210,0.7584,-1,-1,-1
899,93,1750,675,82,241,0.6567,-1,-1,-1
899,90,1326,897,98,183,0.8503,-1,-1,-1
899,89,802,136,63,176,0.4542,-1,-1,-1
899,83,471,170,72,196,0.3851,-1,-1,-1
899,78,341,356,62,175,0.5390,-1,-1,-1
899,77,414,335,68,192,0.6013,-1,-1,-1
899,75,878,447,66,209,0.7345,-1,-1,-1
899,74,962,431,84,226,0.7986,-1,-1,-1
899,71,1575,599,98,226,0.3989,-1,-1,-1
899,63,297,672,93,249,0.7464,-1,-1,-1
899,3,912,941,73,139,0.6534,-1,-1,-1
899,2,1722,458,73,209,0.7589,-1,-1,-1
900,93,1751,676,81,236,0.6553,-1,-1,-1
900,90,1326,892,96,188,0.8362,-1,-1,-1
900,89,802,136,63,176,0.4382,-1,-1,-1
900,87,1111,15,51,161,0.4493,-1,-1,-1
900,78,337,355,64,177,0.5390,-1,-1,-1
900,77,417,334,64,195,0.5905,-1,-1,-1
900,75,876,443,65,213,0.7295,-1,-1,-1
900,74,964,427,80,227,0.8307,-1,-1,-1
900,71,1577,601,97,224,0.4021,-1,-1,-1
900,63,297,674,95,248,0.7877,-1,-1,-1
900,3,914,942,70,138,0.6428,-1,-1,-1
900,2,1723,457,73,210,0.7508,-1,-1,-1
901,93,1750,676,78,236,0.6591,-1,-1,-1
901,90,1323,893,98,187,0.8056,-1,-1,-1
901,89,800,136,65,174,0.4504,-1,-1,-1
901,87,1111,15,52,162,0.3890,-1,-1,-1
901,78,335,356,69,177,0.5196,-1,-1,-1
901,77,417,337,63,196,0.6043,-1,-1,-1
901,75,876,441,64,208,0.7423,-1,-1,-1
901,74,965,424,79,224,0.8099,-1,-1,-1
901,71,1584,616,86,210,0.4263,-1,-1,-1
901,63,298,674,98,246,0.7866,-1,-1,-1
901,3,914,943,70,137,0.6337,-1,-1,-1
901,2,1723,457,73,210,0.7245,-1,-1,-1
902,93,1750,676,80,236,0.6636,-1,-1,-1
902,90,1322,888,96,192,0.8315,-1,-1,-1
902,89,799,137,65,175,0.4842,-1,-1,-1
902,87,1111,15,51,165,0.3737,-1,-1,-1
902,78,332,354,72,178,0.5297,-1,-1,-1
902,77,417,336,63,203,0.5966,-1,-1,-1
902,75,875,440,63,208,0.7738,-1,-1,-1
902,74,966,418,76,225,0.7870,-1,-1,-1
902,71,1587,609,83,216,0.3978,-1,-1,-1
902,63,298,676,99,249,0.8271,-1,-1,-1
902,3,914,944,69,136,0.6494,-1,-1,-1
902,2,1723,458,72,209,0.7503,-1,-1,-1
903,93,1751,676,80,238,0.6535,-1,-1,-1
903,90,1320,884,96,194,0.8370,-1,-1,-1
903,89,799,137,65,174,0.4885,-1,-1,-1
903,87,1112,17,50,163,0.3582,-1,-1,-1
903,78,330,352,76,179,0.4889,-1,-1,-1
903,77,416,341,65,203,0.6022,-1,-1,-1
903,75,875,437,62,209,0.7730,-1,-1,-1
903,74,967,417,74,224,0.7757,-1,-1,-1
903,71,1581,600,92,225,0.4167,-1,-1,-1
903,63,299,677,97,253,0.8115,-1,-1,-1
903,3,912,945,71,135,0.6594,-1,-1,-1
903,2,1723,459,72,208,0.7498,-1,-1,-1
904,93,1750,675,83,241,0.6751,-1,-1,-1
904,90,1319,882,94,196,0.8441,-1,-1,-1
904,89,801,137,63,175,0.4894,-1,-1,-1
904,87,1111,19,52,163,0.3683,-1,-1,-1
904,78,328,354,78,177,0.5318,-1,-1,-1
904,77,417,345,64,200,0.6040,-1,-1,-1
904,75,873,435,63,213,0.7607,-1,-1,-1
904,74,967,416,71,222,0.7536,-1,-1,-1
904,71,1588,606,84,219,0.4214,-1,-1,-1
904,63,299,679,99,255,0.8481,-1,-1,-1
904,3,912,946,71,134,0.6717,-1,-1,-1
904,2,1724,458,71,209,0.7678,-1,-1,-1
905,93,1752,677,80,240,0.6613,-1,-1,-1
905,90,1316,879,97,201,0.8467,-1,-1,-1
905,89,799,137,65,174,0.4748,-1,-1,-1
905,87,1111,22,53,162,0.3836,-1,-1,-1
905,78,347,353,58,177,0.5695,-1,-1,-1
905,77,415,342,65,204,0.6121,-1,-1,-1
905,75,873,433,62,213,0.7667,-1,-1,-1
905,74,967,415,71,221,0.7419,-1,-1,-1
905,71,1583,599,92,227,0.4481,-1,-1,-1
905,63,300,680,97,259,0.8329,-1,-1,-1
905,3,912,947,71,133,0.6917,-1,-1,-1
905,2,1723,458,73,209,0.7678,-1,-1,-1
906,93,1752,678,80,238,0.6579,-1,-1,-1
906,90,1314,878,95,202,0.8473,-1,-1,-1
906,89,801,137,64,174,0.4694,-1,-1,-1
906,87,1110,25,54,160,0.4059,-1,-1,-1
906,78,331,353,73,179,0.5798,-1,-1,-1
906,77,414,346,66,205,0.6036,-1,-1,-1
906,75,873,432,61,216,0.7564,-1,-1,-1
906,74,967,415,68,218,0.6958,-1,-1,-1
906,71,1585,599,89,227,0.4308,-1,-1,-1
906,63,302,682,96,261,0.8351,-1,-1,-1
906,3,911,948,72,132,0.6925,-1,-1,-1
906,2,1723,458,72,209,0.7540,-1,-1,-1
907,93,1752,679,81,240,0.6692,-1,-1,-1
907,90,1310,877,98,203,0.8371,-1,-1,-1
907,89,800,137,65,174,0.4630,-1,-1,-1
907,87,1108,26,56,157,0.3780,-1,-1,-1
907,78,331,354,72,180,0.5646,-1,-1,-1
907,77,414,342,65,210,0.6218,-1,-1,-1
907,75,872,432,63,217,0.7251,-1,-1,-1
907,74,967,414,68,221,0.6817,-1,-1,-1
907,71,1580,602,93,224,0.3811,-1,-1,-1
907,63,303,686,95,254,0.8248,-1,-1,-1
907,3,910,948,74,132,0.7113,-1,-1,-1
907,2,1723,458,72,209,0.7571,-1,-1,-1
908,93,1753,678,80,243,0.6569,-1,-1,-1
908,90,1307,876,99,204,0.8341,-1,-1,-1
908,89,801,136,64,175,0.4940,-1,-1,-1
908,78,331,356,70,177,0.5421,-1,-1,-1
908,77,414,346,65,208,0.6266,-1,-1,-1
908,75,871,431,63,220,0.7453,-1,-1,-1
908,74,967,415,67,219,0.6817,-1,-1,-1
908,71,1579,599,94,227,0.4197,-1,-1,-1
908,63,306,687,93,257,0.8361,-1,-1,-1
908,3,910,949,73,131,0.7354,-1,-1,-1
908,2,1724,458,71,209,0.7564,-1,-1,-1
909,93,1754,678,79,242,0.6554,-1,-1,-1
909,90,1307,874,96,206,0.8325,-1,-1,-1
909,89,801,137,64,173,0.4543,-1,-1,-1
909,83,468,176,71,201,0.3282,-1,-1,-1
909,78,334,359,65,181,0.5476,-1,-1,-1
909,77,413,348,65,206,0.6325,-1,-1,-1
909,75,870,431,62,220,0.7396,-1,-1,-1
909,74,966,415,68,217,0.6607,-1,-1,-1
909,71,1577,600,96,225,0.3727,-1,-1,-1
909,63,306,689,93,261,0.8417,-1,-1,-1
909,3,910,949,73,131,0.7299,-1,-1,-1
909,2,1723,458,72,209,0.7475,-1,-1,-1
910,93,1755,679,76,241,0.6521,-1,-1,-1
910,90,1306,872,95,208,0.8385,-1,-1,-1
910,89,801,137,65,174,0.4611,-1,-1,-1
910,83,467,177,72,199,0.3073,-1,-1,-1
910,78,334,360,66,184,0.5805,-1,-1,-1
910,77,413,348,65,206,0.6420,-1,-1,-1
910,75,870,428,61,218,0.7241,-1,-1,-1
910,74,966,414,68,223,0.6763,-1,-1,-1
910,71,1585,612,84,214,0.3722,-1,-1,-1
910,63,306,692,92,262,0.8368,-1,-1,-1
910,3,909,950,75,130,0.7441,-1,-1,-1
910,2,1724,458,72,208,0.7318,-1,-1,-1
911,93,1756,679,75,242,0.6538,-1,-1,-1
911,90,1304,868,95,212,0.8452,-1,-1,-1
911,89,801,137,65,175,0.4334,-1,-1,-1
911,78,335,364,64,183,0.6212,-1,-1,-1
911,77,413,347,65,207,0.6486,-1,-1,-1
911,75,868,429,64,218,0.7316,-1,-1,-1
911,74,966,414,66,220,0.6463,-1,-1,-1
911,71,1574,599,97,226,0.3527,-1,-1,-1
911,63,306,693,91,263,0.8358,-1,-1,-1
911,3,910,950,74,130,0.7538,-1,-1,-1
911,2,1724,458,72,209,0.7452,-1,-1,-1
912,93,1756,678,76,242,0.6516,-1,-1,-1
912,90,1302,865,93,215,0.8460,-1,-1,-1
912,89,802,137,64,175,0.4385,-1,-1,-1
912,78,329,367,69,180,0.6174,-1,-1,-1
912,77,413,349,63,204,0.6470,-1,-1,-1
912,75,870,427,61,206,0.6861,-1,-1,-1
912,74,965,412,65,219,0.6365,-1,-1,-1
912,71,1574,598,99,227,0.4145,-1,-1,-1
912,63,306,695,90,263,0.8402,-1,-1,-1
912,3,910,951,73,129,0.7393,-1,-1,-1
912,2,1724,457,72,210,0.7463,-1,-1,-1
913,93,1756,678,76,243,0.6635,-1,-1,-1
913,90,1299,861,93,219,0.8518,-1,-1,-1
913,89,801,137,65,174,0.4830,-1,-1,-1
913,78,330,367,68,182,0.6481,-1,-1,-1
913,77,412,347,65,206,0.6361,-1,-1,-1
913,75,868,427,63,217,0.7127,-1,-1,-1
913,74,962,410,68,215,0.6340,-1,-1,-1
913,71,1575,599,97,226,0.4209,-1,-1,-1
913,63,306,695,90,262,0.8334,-1,-1,-1
913,3,910,951,72,129,0.7369,-1,-1,-1
913,2,1723,457,73,210,0.7492,-1,-1,-1
914,94,1716,89,57,169,0.3393,-1,-1,-1
914,93,1757,677,75,243,0.6604,-1,-1,-1
914,90,1298,857,94,223,0.8428,-1,-1,-1
914,89,800,137,66,174,0.4788,-1,-1,-1
914,78,330,367,69,182,0.6400,-1,-1,-1
914,77,411,348,66,205,0.6317,-1,-1,-1
914,75,869,425,61,209,0.7248,-1,-1,-1
914,74,960,406,69,220,0.6339,-1,-1,-1
914,71,1576,599,96,226,0.4109,-1,-1,-1
914,63,306,696,89,261,0.8237,-1,-1,-1
914,3,909,952,74,128,0.7541,-1,-1,-1
914,2,1724,457,72,209,0.7466,-1,-1,-1
915,94,1719,91,54,167,0.3605,-1,-1,-1
915,93,1757,676,75,243,0.6686,-1,-1,-1
915,90,1296,854,95,226,0.8399,-1,-1,-1
915,89,802,137,63,172,0.4829,-1,-1,-1
915,87,1113,29,58,166,0.3309,-1,-1,-1
915,78,331,368,68,184,0.6738,-1,-1,-1
915,77,410,349,67,204,0.6515,-1,-1,-1
915,75,869,423,61,205,0.7142,-1,-1,-1
915,74,959,406,68,214,0.6437,-1,-1,-1
915,71,1575,597,96,228,0.4272,-1,-1,-1
915,63,305,697,89,258,0.8198,-1,-1,-1
915,3,909,951,73,129,0.7545,-1,-1,-1
915,2,1724,457,71,209,0.7576,-1,-1,-1
916,94,1719,95,52,163,0.3349,-1,-1,-1
916,93,1755,674,77,247,0.6442,-1,-1,-1
916,90,1296,849,94,231,0.8374,-1,-1,-1
916,89,801,137,65,176,0.5158,-1,-1,-1
916,87,1114,32,57,164,0.4291,-1,-1,-1
916,78,330,371,67,183,0.6199,-1,-1,-1
916,77,408,349,69,205,0.6540,-1,-1,-1
916,75,868,421,61,212,0.7271,-1,-1,-1
916,74,959,408,66,206,0.6959,-1,-1,-1
916,71,1572,597,100,229,0.4494,-1,-1,-1
916,63,305,698,87,259,0.7989,-1,-1,-1
916,3,908,952,74,128,0.7545,-1,-1,-1
916,2,1724,456,71,211,0.7448,-1,-1,-1
917,94,1721,96,51,163,0.3636,-1,-1,-1
917,93,1757,673,76,249,0.6453,-1,-1,-1
917,90,1295,844,94,236,0.8367,-1,-1,-1
917,89,800,137,66,175,0.5050,-1,-1,-1
917,87,1116,33,57,164,0.4196,-1,-1,-1
917,78,335,372,64,184,0.5797,-1,-1,-1
917,77,408,350,70,203,0.6570,-1,-1,-1
917,75,867,419,62,208,0.7188,-1,-1,-1
917,74,958,404,65,209,0.6953,-1,-1,-1
917,71,1571,599,102,227,0.4347,-1,-1,-1
917,63,304,700,87,255,0.7935,-1,-1,-1
917,3,908,952,74,128,0.7618,-1,-1,-1
917,2,1723,457,72,211,0.7692,-1,-1,-1
918,95,1607,69,51,151,0.4425,-1,-1,-1
918,94,1722,96,51,165,0.3838,-1,-1,-1
918,93,1757,673,76,250,0.6429,-1,-1,-1
918,90,1293,840,94,240,0.8315,-1,-1,-1
918,89,800,137,66,175,0.5242,-1,-1,-1
918,87,1117,33,57,166,0.4453,-1,-1,-1
918,78,329,371,68,183,0.5938,-1,-1,-1
918,77,405,350,73,203,0.6320,-1,-1,-1
918,75,867,417,61,209,0.7276,-1,-1,-1
918,74,955,402,65,209,0.7215,-1,-1,-1
918,71,1572,594,99,232,0.4236,-1,-1,-1
918,63,304,701,87,254,0.7992,-1,-1,-1
918,3,908,953,74,127,0.7491,-1,-1,-1
918,2,1723,456,71,211,0.7522,-1,-1,-1
919,95,1608,69,52,156,0.3618,-1,-1,-1
919,94,1724,96,49,166,0.3194,-1,-1,-1
919,93,1757,674,75,249,0.6574,-1,-1,-1
919,90,1294,837,92,243,0.8362,-1,-1,-1
919,89,800,136,66,176,0.5058,-1,-1,-1
919,87,1119,34,55,163,0.3594,-1,-1,-1
919,83,456,182,71,206,0.3480,-1,-1,-1
919,78,329,374,69,180,0.6132,-1,-1,-1
919,77,406,351,71,207,0.6677,-1,-1,-1
919,75,866,414,63,208,0.7524,-1,-1,-1
919,74,954,399,66,212,0.7052,-1,-1,-1
919,71,1575,596,97,229,0.4135,-1,-1,-1
919,63,305,703,86,252,0.7930,-1,-1,-1
919,3,908,953,74,127,0.7331,-1,-1,-1
919,2,1723,456,72,211,0.7464,-1,-1,-1
920,95,1609,72,52,155,0.3849,-1,-1,-1
920,93,1757,675,76,246,0.6431,-1,-1,-1
920,90,1289,833,94,247,0.8361,-1,-1,-1
920,89,800,137,66,174,0.5154,-1,-1,-1
920,87,1119,36,59,160,0.3553,-1,-1,-1
920,83,458,183,70,208,0.3679,-1,-1,-1
920,78,327,374,70,180,0.6353,-1,-1,-1
920,77,406,351,70,208,0.6380,-1,-1,-1
920,75,867,412,61,207,0.7856,-1,-1,-1
920,74,948,393,71,221,0.7404,-1,-1,-1
920,71,1574,597,98,228,0.4549,-1,-1,-1
920,63,305,705,86,251,0.7799,-1,-1,-1
920,3,907,953,75,127,0.7522,-1,-1,-1
920,2,1722,456,73,211,0.7542,-1,-1,-1
921,95,1610,73,52,156,0.4420,-1,-1,-1
921,93,1757,675,75,246,0.6587,-1,-1,-1
921,90,1288,833,94,247,0.8353,-1,-1,-1
921,89,800,137,65,175,0.5243,-1,-1,-1
921,87,1120,39,60,160,0.3461,-1,-1,-1
921,83,457,186,71,209,0.4171,-1,-1,-1
921,78,330,373,67,181,0.6072,-1,-1,-1
921,77,406,352,69,209,0.6297,-1,-1,-1
921,75,867,410,61,214,0.7920,-1,-1,-1
921,74,947,392,72,220,0.7251,-1,-1,-1
921,71,1573,598,100,227,0.4155,-1,-1,-1
921,63,305,707,86,252,0.8016,-1,-1,-1
921,3,907,954,76,126,0.7472,-1,-1,-1
921,2,1722,457,73,210,0.7394,-1,-1,-1
922,95,1611,73,51,156,0.4509,-1,-1,-1
922,93,1757,675,76,246,0.6762,-1,-1,-1
922,90,1285,832,94,248,0.8380,-1,-1,-1
922,89,800,137,65,177,0.4914,-1,-1,-1
922,87,1121,40,59,160,0.4012,-1,-1,-1
922,83,458,186,69,202,0.4791,-1,-1,-1
922,78,327,373,71,181,0.6555,-1,-1,-1
922,77,404,356,70,208,0.6268,-1,-1,-1
922,75,865,407,60,216,0.7935,-1,-1,-1
922,74,945,391,74,220,0.7479,-1,-1,-1
922,71,1575,598,97,228,0.4429,-1,-1,-1
922,63,305,709,87,254,0.7950,-1,-1,-1
922,3,907,954,75,126,0.7462,-1,-1,-1
922,2,1722,456,72,211,0.7604,-1,-1,-1
923,95,1612,73,52,158,0.4625,-1,-1,-1
923,93,1757,676,76,245,0.6832,-1,-1,-1
923,90,1284,829,94,251,0.8299,-1,-1,-1
923,89,800,136,65,176,0.4970,-1,-1,-1
923,87,1123,41,58,164,0.4973,-1,-1,-1
923,83,457,188,70,198,0.4402,-1,-1,-1
923,78,327,372,70,180,0.6386,-1,-1,-1
923,77,403,356,69,210,0.6156,-1,-1,-1
923,75,865,408,60,214,0.7997,-1,-1,-1
923,74,943,391,78,220,0.7600,-1,-1,-1
923,71,1575,597,99,229,0.4012,-1,-1,-1
923,63,305,711,87,254,0.7795,-1,-1,-1
923,3,908,954,75,126,0.7589,-1,-1,-1
923,2,1721,456,74,212,0.7616,-1,-1,-1
924,95,1613,72,54,161,0.4796,-1,-1,-1
924,93,1756,674,76,246,0.6817,-1,-1,-1
924,90,1281,828,97,251,0.8272,-1,-1,-1
924,89,800,137,65,176,0.5059,-1,-1,-1
924,87,1124,43,57,159,0.5028,-1,-1,-1
924,83,456,192,71,194,0.4130,-1,-1,-1
924,78,329,372,68,181,0.6335,-1,-1,-1
924,77,400,360,72,209,0.6270,-1,-1,-1
924,75,865,407,60,214,0.7658,-1,-1,-1
924,74,941,390,82,222,0.7546,-1,-1,-1
924,71,1575,597,98,228,0.3974,-1,-1,-1
924,69,312,172,71,181,0.3364,-1,-1,-1
924,63,306,714,85,255,0.7729,-1,-1,-1
924,3,908,954,75,126,0.7568,-1,-1,-1
924,2,1721,456,75,211,0.7408,-1,-1,-1
925,95,1616,72,53,162,0.4703,-1,-1,-1
925,94,1730,103,47,169,0.3849,-1,-1,-1
925,93,1756,675,76,247,0.6780,-1,-1,-1
925,90,1279,828,97,250,0.8277,-1,-1,-1
925,89,799,137,66,175,0.5110,-1,-1,-1
925,87,1123,44,58,160,0.4798,-1,-1,-1
925,83,455,195,72,188,0.4422,-1,-1,-1
925,78,328,376,68,181,0.6659,-1,-1,-1
925,77,401,359,70,213,0.6462,-1,-1,-1
925,75,864,407,61,214,0.7713,-1,-1,-1
925,74,940,390,81,221,0.7534,-1,-1,-1
925,69,313,172,69,181,0.3398,-1,-1,-1
925,63,307,717,85,256,0.7831,-1,-1,-1
925,3,908,953,75,127,0.7558,-1,-1,-1
925,2,1720,456,75,211,0.7371,-1,-1,-1
926,95,1616,73,53,160,0.4298,-1,-1,-1
926,94,1730,104,48,176,0.4138,-1,-1,-1
926,93,1756,675,77,246,0.6802,-1,-1,-1
926,90,1279,826,96,252,0.8296,-1,-1,-1
926,89,799,137,66,175,0.4790,-1,-1,-1
926,87,1124,43,57,162,0.4452,-1,-1,-1
926,83,455,196,72,196,0.4587,-1,-1,-1
926,78,330,379,68,181,0.6318,-1,-1,-1
926,77,398,360,73,212,0.6133,-1,-1,-1
926,75,865,406,59,211,0.7971,-1,-1,-1
926,74,938,390,84,223,0.7489,-1,-1,-1
926,69,313,172,69,180,0.3342,-1,-1,-1
926,63,307,720,86,256,0.8081,-1,-1,-1
926,3,908,954,75,126,0.7629,-1,-1,-1
926,2,1720,457,75,210,0.7558,-1,-1,-1
927,95,1616,73,54,162,0.4821,-1,-1,-1
927,94,1730,107,49,172,0.4292,-1,-1,-1
927,93,1756,675,77,247,0.6702,-1,-1,-1
927,90,1276,824,96,254,0.8424,-1,-1,-1
927,89,800,137,65,175,0.5088,-1,-1,-1
927,87,1125,44,55,162,0.4323,-1,-1,-1
927,83,458,202,65,192,0.3754,-1,-1,-1
927,78,331,384,67,179,0.6203,-1,-1,-1
927,77,399,362,71,211,0.5717,-1,-1,-1
927,75,863,407,61,206,0.8058,-1,-1,-1
927,74,938,389,83,220,0.7582,-1,-1,-1
927,69,313,174,69,178,0.3355,-1,-1,-1
927,63,307,722,86,258,0.8062,-1,-1,-1
927,3,908,953,74,127,0.7507,-1,-1,-1
927,2,1721,456,74,211,0.7529,-1,-1,-1
928,95,1616,74,56,160,0.5248,-1,-1,-1
928,94,1732,109,47,171,0.4232,-1,-1,-1
928,93,1755,674,76,247,0.6661,-1,-1,-1
928,90,1273,820,96,258,0.8416,-1,-1,-1
928,89,798,137,66,175,0.5021,-1,-1,-1
928,87,1125,44,56,165,0.4611,-1,-1,-1
928,83,457,199,66,201,0.3206,-1,-1,-1
928,78,334,385,63,184,0.6255,-1,-1,-1
928,77,393,364,77,209,0.5713,-1,-1,-1
928,75,862,405,61,209,0.8062,-1,-1,-1
928,74,939,388,82,221,0.7569,-1,-1,-1
928,71,1580,599,92,227,0.3022,-1,-1,-1
928,69,313,173,68,181,0.3592,-1,-1,-1
928,63,310,725,84,260,0.8038,-1,-1,-1
928,3,908,953,75,127,0.7445,-1,-1,-1
928,2,1720,457,75,210,0.7510,-1,-1,-1
929,95,1617,73,55,161,0.5610,-1,-1,-1
929,94,1733,109,47,171,0.4847,-1,-1,-1
929,93,1755,676,76,245,0.6747,-1,-1,-1
929,90,1271,815,95,263,0.8408,-1,-1,-1
929,89,800,137,64,175,0.5420,-1,-1,-1
929,87,1126,45,54,164,0.4597,-1,-1,-1
929,83,456,202,60,197,0.3371,-1,-1,-1
929,78,334,386,64,185,0.6539,-1,-1,-1
929,77,394,365,76,207,0.5777,-1,-1,-1
929,75,862,403,61,209,0.7999,-1,-1,-1
929,74,938,387,82,221,0.7568,-1,-1,-1
929,71,1577,597,95,228,0.3166,-1,-1,-1
929,69,314,173,67,179,0.3287,-1,-1,-1
929,63,312,727,84,265,0.7983,-1,-1,-1
929,3,908,953,74,127,0.7635,-1,-1,-1
929,2,1720,456,74,211,0.7524,-1,-1,-1
930,95,1621,76,52,159,0.5680,-1,-1,-1
930,94,1734,111,47,170,0.4879,-1,-1,-1
930,93,1752,675,80,244,0.6744,-1,-1,-1
930,90,1270,812,94,268,0.8487,-1,-1,-1
930,89,800,137,65,175,0.5285,-1,-1,-1
930,87,1126,45,54,163,0.4388,-1,-1,-1
930,83,457,209,59,191,0.3080,-1,-1,-1
930,78,333,386,66,187,0.6632,-1,-1,-1
930,77,394,365,74,206,0.5895,-1,-1,-1
930,75,861,401,63,208,0.7945,-1,-1,-1
930,74,939,384,80,224,0.7762,-1,-1,-1
930,69,314,173,66,179,0.3599,-1,-1,-1
930,63,314,728,82,261,0.7773,-1,-1,-1
930,3,907,953,77,127,0.7488,-1,-1,-1
930,2,1721,456,73,211,0.7566,-1,-1,-1
931,96,363,205,61,187,0.3432,-1,-1,-1
931,95,1621,78,52,157,0.5429,-1,-1,-1
931,94,1733,111,50,172,0.4736,-1,-1,-1
931,93,1752,673,84,249,0.7189,-1,-1,-1
931,90,1271,810,89,270,0.8594,-1,-1,-1
931,89,801,137,64,175,0.4934,-1,-1,-1
931,87,1127,47,53,163,0.4730,-1,-1,-1
931,78,332,386,66,188,0.6425,-1,-1,-1
931,77,394,370,73,202,0.5649,-1,-1,-1
931,75,860,400,63,202,0.7800,-1,-1,-1
931,74,939,383,79,221,0.7599,-1,-1,-1
931,69,313,170,67,182,0.3448,-1,-1,-1
931,63,314,730,85,261,0.7950,-1,-1,-1
931,3,908,953,76,127,0.7359,-1,-1,-1
931,2,1721,457,73,210,0.7712,-1,-1,-1
932,96,363,212,60,178,0.3503,-1,-1,-1
932,95,1621,78,52,157,0.5708,-1,-1,-1
932,94,1733,108,50,171,0.3903,-1,-1,-1
932,93,1752,674,84,246,0.7128,-1,-1,-1
932,90,1269,806,90,274,0.8714,-1,-1,-1
932,89,801,137,64,175,0.4912,-1,-1,-1
932,87,1125,47,57,165,0.5003,-1,-1,-1
932,78,331,389,67,184,0.6176,-1,-1,-1
932,77,392,369,74,205,0.5370,-1,-1,-1
932,75,860,397,63,203,0.7414,-1,-1,-1
932,74,940,381,78,217,0.7509,-1,-1,-1
932,69,314,170,66,181,0.3402,-1,-1,-1
932,63,315,730,87,261,0.7888,-1,-1,-1
932,3,908,952,76,128,0.7284,-1,-1,-1
932,2,1721,456,73,212,0.7654,-1,-1,-1
933,96,361,216,61,177,0.3535,-1,-1,-1
933,95,1621,80,53,157,0.5651,-1,-1,-1
933,94,1734,107,50,172,0.3482,-1,-1,-1
933,93,1751,674,85,247,0.7191,-1,-1,-1
933,90,1270,803,89,272,0.8526,-1,-1,-1
933,89,801,137,64,176,0.4885,-1,-1,-1
933,87,1126,48,57,165,0.4673,-1,-1,-1
933,78,332,392,68,183,0.5889,-1,-1,-1
933,77,392,369,74,205,0.5552,-1,-1,-1
933,75,859,397,63,193,0.7483,-1,-1,-1
933,74,941,378,76,215,0.7499,-1,-1,-1
933,71,1578,595,95,230,0.4590,-1,-1,-1
933,69,314,170,68,181,0.3313,-1,-1,-1
933,63,317,731,87,260,0.7892,-1,-1,-1
933,3,908,952,76,128,0.7162,-1,-1,-1
933,2,1722,456,72,212,0.7475,-1,-1,-1
934,96,357,227,65,169,0.3715,-1,-1,-1
934,95,1621,81,54,158,0.5399,-1,-1,-1
934,94,1736,107,49,170,0.3148,-1,-1,-1
934,93,1751,674,85,245,0.7026,-1,-1,-1
934,90,1267,799,93,271,0.8351,-1,-1,-1
934,89,801,137,63,176,0.5046,-1,-1,-1
934,87,1127,52,55,162,0.4058,-1,-1,-1
934,78,332,389,66,185,0.5689,-1,-1,-1
934,77,393,371,73,203,0.5781,-1,-1,-1
934,75,859,394,62,200,0.7533,-1,-1,-1
934,74,941,376,76,214,0.7337,-1,-1,-1
934,71,1579,596,95,230,0.4617,-1,-1,-1
934,63,317,733,88,258,0.7956,-1,-1,-1
934,3,909,951,76,129,0.7059,-1,-1,-1
934,2,1722,456,72,212,0.7505,-1,-1,-1
935,96,354,221,67,176,0.3104,-1,-1,-1
935,95,1620,82,57,159,0.5617,-1,-1,-1
935,94,1736,111,52,171,0.3997,-1,-1,-1
935,93,1750,672,87,249,0.7099,-1,-1,-1
935,90,1268,794,91,274,0.8380,-1,-1,-1
935,89,800,137,65,175,0.5119,-1,-1,-1
935,87,1126,55,58,162,0.3668,-1,-1,-1
935,83,481,200,54,170,0.3073,-1,-1,-1
935,78,333,390,65,184,0.5203,-1,-1,-1
935,77,391,372,74,204,0.5471,-1,-1,-1
935,75,858,390,62,202,0.7552,-1,-1,-1
935,74,943,374,72,212,0.7407,-1,-1,-1
935,71,1579,593,95,234,0.4303,-1,-1,-1
935,63,319,736,89,256,0.8058,-1,-1,-1
935,3,908,951,77,129,0.7022,-1,-1,-1
935,2,1722,456,72,212,0.7672,-1,-1,-1
936,96,358,226,61,170,0.3315,-1,-1,-1
936,95,1621,85,57,159,0.5126,-1,-1,-1
936,94,1736,117,53,166,0.3347,-1,-1,-1
936,93,1750,672,87,248,0.6895,-1,-1,-1
936,90,1267,791,91,277,0.8462,-1,-1,-1
936,89,799,137,66,174,0.5016,-1,-1,-1
936,87,1126,56,59,165,0.4272,-1,-1,-1
936,78,329,388,70,185,0.5652,-1,-1,-1
936,77,388,371,79,210,0.5489,-1,-1,-1
936,75,858,388,62,209,0.7651,-1,-1,-1
936,74,944,372,70,213,0.7478,-1,-1,-1
936,71,1579,593,96,233,0.3981,-1,-1,-1
936,63,320,737,90,256,0.7968,-1,-1,-1
936,3,910,950,75,130,0.6910,-1,-1,-1
936,2,1723,456,71,211,0.7515,-1,-1,-1
937,95,1622,88,58,156,0.4760,-1,-1,-1
937,93,1750,672,86,248,0.6980,-1,-1,-1
937,90,1264,789,93,279,0.8561,-1,-1,-1
937,89,801,137,64,175,0.4849,-1,-1,-1
937,87,1125,57,61,166,0.4151,-1,-1,-1
937,78,331,388,67,186,0.5960,-1,-1,-1
937,77,388,371,78,213,0.5733,-1,-1,-1
937,75,858,386,61,210,0.7813,-1,-1,-1
937,74,945,371,68,215,0.7551,-1,-1,-1
937,71,1577,593,97,233,0.4075,-1,-1,-1
937,69,311,169,69,185,0.3092,-1,-1,-1
937,63,320,739,93,253,0.7958,-1,-1,-1
937,3,909,950,76,130,0.7022,-1,-1,-1
937,2,1723,457,71,210,0.7544,-1,-1,-1
938,95,1621,90,60,161,0.4691,-1,-1,-1
938,93,1749,672,88,248,0.7059,-1,-1,-1
938,90,1261,788,95,279,0.8504,-1,-1,-1
938,89,800,137,66,174,0.4927,-1,-1,-1
938,87,1126,59,60,165,0.4308,-1,-1,-1
938,78,328,388,70,186,0.5845,-1,-1,-1
938,77,393,371,74,217,0.5635,-1,-1,-1
938,75,858,384,61,211,0.7859,-1,-1,-1
938,74,944,370,66,216,0.7516,-1,-1,-1
938,71,1579,593,95,233,0.4266,-1,-1,-1
938,63,320,739,94,254,0.8110,-1,-1,-1
938,3,910,949,76,131,0.6796,-1,-1,-1
938,2,1723,456,71,212,0.7705,-1,-1,-1
939,95,1620,92,60,160,0.4321,-1,-1,-1
939,93,1748,671,88,249,0.7126,-1,-1,-1
939,90,1260,786,94,282,0.8554,-1,-1,-1
939,89,802,137,63,174,0.4766,-1,-1,-1
939,87,1127,61,60,165,0.4652,-1,-1,-1
939,78,327,388,71,185,0.6103,-1,-1,-1
939,77,393,375,74,219,0.6056,-1,-1,-1
939,75,858,383,61,211,0.7871,-1,-1,-1
939,74,943,368,67,218,0.7461,-1,-1,-1
939,71,1578,595,95,231,0.4382,-1,-1,-1
939,63,321,742,93,256,0.8138,-1,-1,-1
939,3,912,949,74,131,0.6832,-1,-1,-1
939,2,1723,457,71,211,0.7653,-1,-1,-1
940,95,1621,93,60,160,0.4507,-1,-1,-1
940,93,1747,671,88,250,0.7061,-1,-1,-1
940,90,1259,785,94,283,0.8641,-1,-1,-1
940,89,801,137,64,175,0.5006,-1,-1,-1
940,87,1128,63,61,168,0.4879,-1,-1,-1
940,78,327,390,70,185,0.5642,-1,-1,-1
940,77,394,381,72,215,0.6248,-1,-1,-1
940,75,858,383,60,210,0.7893,-1,-1,-1
940,74,942,368,68,218,0.7401,-1,-1,-1
940,71,1576,594,97,232,0.4238,-1,-1,-1
940,63,322,742,92,261,0.8077,-1,-1,-1
940,3,911,947,76,133,0.6931,-1,-1,-1
940,2,1723,456,71,212,0.7705,-1,-1,-1
941,95,1624,92,57,161,0.4254,-1,-1,-1
941,93,1748,672,88,248,0.7165,-1,-1,-1
941,90,1258,783,93,285,0.8602,-1,-1,-1
941,89,802,137,63,176,0.4964,-1,-1,-1
941,87,1128,65,61,166,0.4791,-1,-1,-1
941,78,327,389,70,190,0.5472,-1,-1,-1
941,77,392,383,73,215,0.6404,-1,-1,-1
941,75,858,383,60,208,0.8030,-1,-1,-1
941,74,941,368,68,217,0.7335,-1,-1,-1
941,71,1578,595,95,231,0.4443,-1,-1,-1
941,69,313,171,64,187,0.3547,-1,-1,-1
941,63,323,743,92,269,0.7923,-1,-1,-1
941,3,912,948,76,132,0.6782,-1,-1,-1
941,2,1722,457,71,211,0.7644,-1,-1,-1
942,95,1625,93,57,158,0.4694,-1,-1,-1
942,93,1747,672,89,248,0.7215,-1,-1,-1
942,90,1257,783,91,282,0.8543,-1,-1,-1
942,89,804,137,61,175,0.4843,-1,-1,-1
942,87,1129,65,62,167,0.4536,-1,-1,-1
942,83,483,209,53,172,0.3156,-1,-1,-1
942,78,329,391,69,191,0.5398,-1,-1,-1
942,77,392,386,73,213,0.6576,-1,-1,-1
942,75,858,382,61,210,0.7972,-1,-1,-1
942,74,940,368,68,217,0.7388,-1,-1,-1
942,71,1578,595,95,231,0.3818,-1,-1,-1
942,69,314,171,61,187,0.3039,-1,-1,-1
942,63,324,747,91,269,0.7935,-1,-1,-1
942,3,911,946,78,134,0.6926,-1,-1,-1
942,2,1723,457,70,211,0.7543,-1,-1,-1
943,95,1625,94,57,160,0.4386,-1,-1,-1
943,93,1746,672,88,249,0.7092,-1,-1,-1
943,90,1256,782,90,283,0.8509,-1,-1,-1
943,89,801,136,64,176,0.4830,-1,-1,-1
943,87,1130,66,62,165,0.4895,-1,-1,-1
943,83,481,210,55,179,0.3452,-1,-1,-1
943,78,328,392,69,195,0.5419,-1,-1,-1
943,77,391,386,75,213,0.6787,-1,-1,-1
943,75,858,382,60,200,0.7771,-1,-1,-1
943,74,940,367,67,216,0.7022,-1,-1,-1
943,71,1578,595,95,231,0.3665,-1,-1,-1
943,63,324,750,91,269,0.7861,-1,-1,-1
943,3,911,944,78,136,0.6850,-1,-1,-1
943,2,1722,456,70,212,0.7505,-1,-1,-1
944,95,1625,96,57,156,0.4705,-1,-1,-1
944,93,1746,672,90,249,0.7214,-1,-1,-1
944,90,1253,780,91,283,0.8419,-1,-1,-1
944,89,801,137,65,176,0.4780,-1,-1,-1
944,87,1132,66,61,165,0.4244,-1,-1,-1
944,83,480,212,56,179,0.4077,-1,-1,-1
944,78,327,399,69,190,0.5453,-1,-1,-1
944,77,392,389,74,210,0.6566,-1,-1,-1
944,75,858,380,60,210,0.8006,-1,-1,-1
944,74,940,366,66,217,0.7027,-1,-1,-1
944,71,1578,594,95,232,0.4085,-1,-1,-1
944,63,325,753,90,265,0.7931,-1,-1,-1
944,3,914,943,75,137,0.6998,-1,-1,-1
944,2,1723,456,69,212,0.7465,-1,-1,-1
945,96,350,230,54,171,0.3200,-1,-1,-1
945,95,1626,95,58,158,0.4733,-1,-1,-1
945,93,1746,672,90,249,0.7136,-1,-1,-1
945,90,1252,777,90,283,0.8226,-1,-1,-1
945,89,801,137,64,176,0.4682,-1,-1,-1
945,87,1134,65,59,164,0.4972,-1,-1,-1
945,83,480,212,56,180,0.3811,-1,-1,-1
945,78,327,402,68,191,0.5673,-1,-1,-1
945,77,390,392,76,206,0.6314,-1,-1,-1
945,75,857,379,61,201,0.7816,-1,-1,-1
945,74,940,364,65,215,0.6878,-1,-1,-1
945,71,1577,593,96,233,0.4110,-1,-1,-1
945,63,325,754,89,268,0.8236,-1,-1,-1
945,3,914,943,76,137,0.7171,-1,-1,-1
945,2,1722,456,70,212,0.7585,-1,-1,-1
946,95,1629,96,55,158,0.5120,-1,-1,-1
946,93,1743,671,93,250,0.7199,-1,-1,-1
946,90,1249,774,92,278,0.8273,-1,-1,-1
946,89,801,136,64,176,0.4836,-1,-1,-1
946,87,1136,66,57,163,0.5178,-1,-1,-1
946,83,479,213,57,180,0.3942,-1,-1,-1
946,78,325,405,70,191,0.6168,-1,-1,-1
946,77,391,393,75,205,0.6780,-1,-1,-1
946,75,857,378,61,200,0.7550,-1,-1,-1
946,74,939,362,65,210,0.7373,-1,-1,-1
946,71,1576,591,98,235,0.4155,-1,-1,-1
946,63,324,758,90,268,0.8276,-1,-1,-1
946,3,916,942,74,138,0.7119,-1,-1,-1
946,2,1722,456,70,212,0.7542,-1,-1,-1
947,95,1631,97,54,157,0.5329,-1,-1,-1
947,93,1743,669,93,252,0.7317,-1,-1,-1
947,90,1248,771,92,276,0.8233,-1,-1,-1
947,89,801,136,63,177,0.4697,-1,-1,-1
947,87,1137,67,57,161,0.5242,-1,-1,-1
947,83,479,213,59,182,0.4351,-1,-1,-1
947,78,325,411,69,188,0.6046,-1,-1,-1
947,77,392,395,74,203,0.6726,-1,-1,-1
947,75,856,375,63,203,0.7415,-1,-1,-1
947,74,938,360,65,211,0.7635,-1,-1,-1
947,71,1576,591,97,234,0.4239,-1,-1,-1
947,63,324,762,90,268,0.8256,-1,-1,-1
947,3,918,941,72,139,0.6981,-1,-1,-1
947,2,1722,456,70,212,0.7426,-1,-1,-1
948,95,1632,98,54,159,0.5575,-1,-1,-1
948,93,1742,670,95,252,0.7291,-1,-1,-1
948,90,1249,768,87,276,0.8270,-1,-1,-1
948,89,800,136,65,176,0.4696,-1,-1,-1
948,87,1138,68,57,161,0.4799,-1,-1,-1
948,83,478,213,59,183,0.5341,-1,-1,-1
948,78,326,412,67,188,0.6220,-1,-1,-1
948,77,393,395,73,202,0.6691,-1,-1,-1
948,75,855,372,63,200,0.7593,-1,-1,-1
948,74,936,358,65,205,0.7736,-1,-1,-1
948,71,1575,590,99,236,0.4147,-1,-1,-1
948,63,324,763,89,270,0.8162,-1,-1,-1
948,3,919,939,72,141,0.6853,-1,-1,-1
948,2,1722,456,70,212,0.7517,-1,-1,-1
949,95,1632,99,55,162,0.5777,-1,-1,-1
949,93,1743,672,93,249,0.7265,-1,-1,-1
949,90,1248,763,85,273,0.8205,-1,-1,-1
949,89,801,136,64,176,0.4900,-1,-1,-1
949,87,1139,69,58,161,0.5072,-1,-1,-1
949,83,477,214,60,183,0.5259,-1,-1,-1
949,78,323,410,69,191,0.6731,-1,-1,-1
949,77,393,396,72,200,0.6918,-1,-1,-1
949,75,855,371,62,203,0.7531,-1,-1,-1
949,74,935,356,66,213,0.7526,-1,-1,-1
949,71,1578,590,96,237,0.4306,-1,-1,-1
949,63,322,763,91,270,0.8070,-1,-1,-1
949,3,921,938,71,142,0.6746,-1,-1,-1
949,2,1722,456,69,212,0.7607,-1,-1,-1
950,95,1634,101,55,160,0.5127,-1,-1,-1
950,94,1754,142,50,155,0.3137,-1,-1,-1
950,93,1742,670,94,251,0.7413,-1,-1,-1
950,90,1245,759,86,268,0.8161,-1,-1,-1
950,89,802,136,62,175,0.4804,-1,-1,-1
950,87,1142,72,60,160,0.4480,-1,-1,-1
950,83,476,216,61,182,0.5364,-1,-1,-1
950,78,323,411,68,193,0.6304,-1,-1,-1
950,77,391,395,74,202,0.6832,-1,-1,-1
950,75,856,367,62,204,0.8003,-1,-1,-1
950,74,933,355,64,205,0.7285,-1,-1,-1
950,71,1577,590,97,235,0.4116,-1,-1,-1
950,63,322,765,90,267,0.8005,-1,-1,-1
950,3,922,934,70,146,0.6454,-1,-1,-1
950,2,1722,456,70,212,0.7761,-1,-1,-1
951,95,1635,103,56,158,0.5477,-1,-1,-1
951,94,1754,142,51,159,0.3682,-1,-1,-1
951,93,1742,669,94,252,0.7176,-1,-1,-1
951,90,1244,754,86,268,0.8137,-1,-1,-1
951,89,803,136,61,175,0.4685,-1,-1,-1
951,87,1144,73,58,160,0.4433,-1,-1,-1
951,83,476,217,62,183,0.4919,-1,-1,-1
951,78,321,416,74,186,0.6547,-1,-1,-1
951,77,391,396,74,200,0.6703,-1,-1,-1
951,75,854,365,64,206,0.7832,-1,-1,-1
951,74,931,352,65,205,0.6892,-1,-1,-1
951,71,1576,591,98,235,0.3770,-1,-1,-1
951,63,322,767,90,265,0.7940,-1,-1,-1
951,3,923,934,70,146,0.6455,-1,-1,-1
951,2,1722,456,69,212,0.7526,-1,-1,-1
952,95,1635,105,56,157,0.5216,-1,-1,-1
952,94,1755,142,52,172,0.3891,-1,-1,-1
952,93,1741,670,95,251,0.7388,-1,-1,-1
952,90,1240,751,90,271,0.7969,-1,-1,-1
952,89,801,136,63,175,0.4750,-1,-1,-1
952,87,1147,74,59,163,0.3014,-1,-1,-1
952,83,476,218,63,180,0.5050,-1,-1,-1
952,78,320,415,74,189,0.6226,-1,-1,-1
952,77,392,396,73,202,0.6313,-1,-1,-1
952,75,852,363,66,208,0.7930,-1,-1,-1
952,74,927,348,70,211,0.6780,-1,-1,-1
952,71,1576,592,98,233,0.4165,-1,-1,-1
952,63,322,768,90,265,0.7857,-1,-1,-1
952,3,924,931,70,149,0.6510,-1,-1,-1
952,2,1722,456,69,212,0.7603,-1,-1,-1
953,95,1634,103,57,158,0.5112,-1,-1,-1
953,94,1755,142,53,175,0.4316,-1,-1,-1
953,93,1740,671,95,250,0.7440,-1,-1,-1
953,90,1239,750,89,272,0.7827,-1,-1,-1
953,89,800,136,64,174,0.4686,-1,-1,-1
953,87,1148,78,59,160,0.3090,-1,-1,-1
953,83,476,219,63,179,0.5881,-1,-1,-1
953,78,320,418,73,183,0.5980,-1,-1,-1
953,77,390,399,77,205,0.6374,-1,-1,-1
953,75,851,362,67,208,0.7909,-1,-1,-1
953,74,925,347,72,209,0.7166,-1,-1,-1
953,71,1575,591,100,234,0.4133,-1,-1,-1
953,63,322,769,89,264,0.7881,-1,-1,-1
953,3,926,931,70,149,0.6327,-1,-1,-1
953,2,1721,457,71,211,0.7672,-1,-1,-1
954,95,1637,105,56,159,0.4838,-1,-1,-1
954,94,1755,142,54,176,0.4495,-1,-1,-1
954,93,1740,671,96,250,0.7594,-1,-1,-1
954,90,1236,747,92,272,0.8038,-1,-1,-1
954,89,802,136,62,174,0.4696,-1,-1,-1
954,87,1149,79,58,157,0.4555,-1,-1,-1
954,83,477,219,63,180,0.5701,-1,-1,-1
954,78,318,417,71,183,0.5938,-1,-1,-1
954,77,389,399,78,207,0.6416,-1,-1,-1
954,75,851,361,67,208,0.7676,-1,-1,-1
954,74,924,346,72,210,0.7167,-1,-1,-1
954,71,1575,591,99,235,0.4496,-1,-1,-1
954,63,322,770,89,262,0.7877,-1,-1,-1
954,3,927,929,69,151,0.6827,-1,-1,-1
954,2,1721,456,72,211,0.7509,-1,-1,-1
955,95,1635,105,60,159,0.5259,-1,-1,-1
955,94,1756,143,55,173,0.4516,-1,-1,-1
955,93,1740,670,96,251,0.7599,-1,-1,-1
955,90,1235,745,90,272,0.8055,-1,-1,-1
955,89,801,136,63,175,0.4700,-1,-1,-1
955,87,1149,80,58,157,0.4767,-1,-1,-1
955,83,479,222,62,180,0.5830,-1,-1,-1
955,78,319,417,69,183,0.5765,-1,-1,-1
955,77,389,400,80,211,0.6167,-1,-1,-1
955,75,851,361,66,206,0.7594,-1,-1,-1
955,74,923,345,73,210,0.7260,-1,-1,-1
955,71,1578,591,96,234,0.4577,-1,-1,-1
955,63,322,771,90,260,0.7838,-1,-1,-1
955,3,927,930,69,150,0.6809,-1,-1,-1
955,2,1721,456,72,211,0.7558,-1,-1,-1
956,95,1639,106,56,157,0.5340,-1,-1,-1
956,94,1756,143,55,172,0.4540,-1,-1,-1
956,93,1740,670,95,251,0.7473,-1,-1,-1
956,90,1233,744,91,272,0.8008,-1,-1,-1
956,89,801,136,62,176,0.4217,-1,-1,-1
956,87,1150,82,57,154,0.3690,-1,-1,-1
956,83,484,228,57,174,0.5600,-1,-1,-1
956,78,318,417,69,181,0.5887,-1,-1,-1
956,77,388,400,79,214,0.6299,-1,-1,-1
956,75,850,362,66,207,0.7456,-1,-1,-1
956,74,921,343,76,216,0.7228,-1,-1,-1
956,71,1579,592,94,234,0.4023,-1,-1,-1
956,63,322,771,89,260,0.7911,-1,-1,-1
956,3,927,929,70,151,0.6860,-1,-1,-1
956,2,1721,456,72,211,0.7590,-1,-1,-1
957,97,421,235,66,198,0.4669,-1,-1,-1
957,95,1641,106,56,158,0.5702,-1,-1,-1
957,94,1758,143,53,171,0.5090,-1,-1,-1
957,93,1740,671,94,249,0.7427,-1,-1,-1
957,90,1232,743,92,267,0.7955,-1,-1,-1
957,89,802,136,61,176,0.4423,-1,-1,-1
957,87,1151,83,55,153,0.3065,-1,-1,-1
957,83,483,229,60,173,0.5712,-1,-1,-1
957,78,319,417,67,180,0.5724,-1,-1,-1
957,77,385,402,81,215,0.6450,-1,-1,-1
957,75,849,361,67,205,0.7564,-1,-1,-1
957,74,920,342,77,216,0.7188,-1,-1,-1
957,71,1586,594,89,231,0.4410,-1,-1,-1
957,63,323,773,87,261,0.8052,-1,-1,-1
957,3,927,929,71,151,0.6834,-1,-1,-1
957,2,1721,456,71,211,0.7489,-1,-1,-1
958,97,421,238,64,188,0.5079,-1,-1,-1
958,95,1643,107,55,157,0.5960,-1,-1,-1
958,94,1758,145,52,169,0.5077,-1,-1,-1
958,93,1740,670,93,251,0.7371,-1,-1,-1
958,90,1230,742,93,259,0.7820,-1,-1,-1
958,89,801,136,62,176,0.4608,-1,-1,-1
958,87,1153,81,55,164,0.3435,-1,-1,-1
958,83,484,232,63,171,0.5959,-1,-1,-1
958,78,322,418,65,183,0.5835,-1,-1,-1
958,77,385,403,81,216,0.6342,-1,-1,-1
958,75,848,359,68,207,0.7601,-1,-1,-1
958,74,922,343,75,216,0.7111,-1,-1,-1
958,71,1587,595,89,230,0.4520,-1,-1,-1
958,63,323,774,87,265,0.7977,-1,-1,-1
958,3,928,929,70,151,0.6916,-1,-1,-1
958,2,1721,457,72,210,0.7501,-1,-1,-1
959,97,420,239,64,195,0.6211,-1,-1,-1
959,95,1644,106,54,159,0.5987,-1,-1,-1
959,94,1758,145,52,170,0.4700,-1,-1,-1
959,93,1739,670,94,251,0.7332,-1,-1,-1
959,90,1227,740,94,258,0.8040,-1,-1,-1
959,89,800,136,63,176,0.4846,-1,-1,-1
959,87,1154,82,54,165,0.4572,-1,-1,-1
959,83,488,233,59,171,0.5907,-1,-1,-1
959,78,322,418,64,186,0.6268,-1,-1,-1
959,77,386,406,78,215,0.6781,-1,-1,-1
959,75,849,361,67,203,0.7852,-1,-1,-1
959,74,923,343,74,216,0.7227,-1,-1,-1
959,71,1588,595,86,231,0.4269,-1,-1,-1
959,63,322,775,88,269,0.7939,-1,-1,-1
959,3,928,930,70,150,0.7151,-1,-1,-1
959,2,1720,456,73,211,0.7646,-1,-1,-1
960,97,420,239,63,195,0.5898,-1,-1,-1
960,95,1645,107,55,160,0.5924,-1,-1,-1
960,94,1758,148,52,167,0.4426,-1,-1,-1
960,93,1740,670,93,251,0.7403,-1,-1,-1
960,90,1224,739,93,256,0.8178,-1,-1,-1
960,89,802,136,61,176,0.4850,-1,-1,-1
960,87,1154,83,54,166,0.4916,-1,-1,-1
960,83,485,232,63,172,0.5698,-1,-1,-1
960,78,322,419,64,185,0.6475,-1,-1,-1
960,77,385,408,80,215,0.6598,-1,-1,-1
960,75,849,360,66,201,0.7553,-1,-1,-1
960,74,920,341,76,216,0.7490,-1,-1,-1
960,71,1588,592,88,233,0.4705,-1,-1,-1
960,63,322,777,87,269,0.7992,-1,-1,-1
960,3,928,929,69,151,0.6923,-1,-1,-1
960,2,1721,456,71,211,0.7604,-1,-1,-1
961,97,419,238,61,198,0.5203,-1,-1,-1
961,95,1645,107,55,160,0.5922,-1,-1,-1
961,94,1760,149,54,164,0.4914,-1,-1,-1
961,93,1740,670,95,251,0.7407,-1,-1,-1
961,90,1221,737,93,263,0.7897,-1,-1,-1
961,89,803,136,60,176,0.4489,-1,-1,-1
961,87,1155,83,55,166,0.4806,-1,-1,-1
961,83,484,230,65,178,0.5018,-1,-1,-1
961,78,322,421,62,187,0.6966,-1,-1,-1
961,77,386,410,79,212,0.6722,-1,-1,-1
961,75,848,352,65,201,0.7645,-1,-1,-1
961,74,920,340,77,216,0.7500,-1,-1,-1
961,71,1579,592,96,233,0.4252,-1,-1,-1
961,63,323,783,85,265,0.8067,-1,-1,-1
961,3,929,928,69,152,0.6854,-1,-1,-1
961,2,1721,456,72,212,0.7664,-1,-1,-1
962,97,419,239,60,198,0.5482,-1,-1,-1
962,95,1644,110,59,161,0.5508,-1,-1,-1
962,93,1740,668,95,254,0.7596,-1,-1,-1
962,90,1219,731,92,272,0.8022,-1,-1,-1
962,89,800,136,63,176,0.4802,-1,-1,-1
962,87,1156,85,54,168,0.5224,-1,-1,-1
962,83,484,230,67,179,0.5354,-1,-1,-1
962,78,321,419,63,192,0.7059,-1,-1,-1
962,77,384,411,81,211,0.6742,-1,-1,-1
962,75,848,350,65,200,0.7760,-1,-1,-1
962,74,918,339,80,214,0.7500,-1,-1,-1
962,71,1583,593,93,232,0.4450,-1,-1,-1
962,63,324,787,84,262,0.8067,-1,-1,-1
962,3,928,929,71,151,0.6713,-1,-1,-1
962,2,1721,456,72,211,0.7688,-1,-1,-1
963,97,418,239,63,200,0.5835,-1,-1,-1
963,95,1643,111,61,161,0.5356,-1,-1,-1
963,93,1739,670,96,251,0.7555,-1,-1,-1
963,90,1219,730,91,269,0.8240,-1,-1,-1
963,89,802,136,61,176,0.4735,-1,-1,-1
963,87,1155,85,58,169,0.5025,-1,-1,-1
963,83,485,231,67,178,0.5627,-1,-1,-1
963,78,321,420,63,199,0.6955,-1,-1,-1
963,77,384,412,80,211,0.6874,-1,-1,-1
963,75,848,347,65,202,0.7685,-1,-1,-1
963,74,920,337,78,215,0.7503,-1,-1,-1
963,71,1574,592,101,233,0.3950,-1,-1,-1
963,63,325,791,83,263,0.7924,-1,-1,-1
963,3,929,929,70,151,0.6806,-1,-1,-1
963,2,1722,456,71,211,0.7599,-1,-1,-1
964,97,418,240,61,197,0.5277,-1,-1,-1
964,95,1643,114,61,164,0.5480,-1,-1,-1
964,93,1739,670,95,251,0.7404,-1,-1,-1
964,90,1218,727,89,267,0.8377,-1,-1,-1
964,89,800,136,62,176,0.4790,-1,-1,-1
964,87,1153,87,60,168,0.5103,-1,-1,-1
964,83,487,232,65,176,0.5504,-1,-1,-1
964,78,321,421,64,200,0.6950,-1,-1,-1
964,77,383,411,81,212,0.6705,-1,-1,-1
964,75,847,346,64,201,0.7608,-1,-1,-1
964,74,919,335,79,215,0.7378,-1,-1,-1
964,71,1576,592,100,234,0.4418,-1,-1,-1
964,63,326,794,82,266,0.7760,-1,-1,-1
964,3,929,929,69,151,0.6967,-1,-1,-1
964,2,1722,456,70,212,0.7664,-1,-1,-1
965,97,416,242,64,189,0.4248,-1,-1,-1
965,95,1643,116,62,160,0.5727,-1,-1,-1
965,94,1764,151,54,162,0.3695,-1,-1,-1
965,93,1739,673,96,247,0.7406,-1,-1,-1
965,90,1215,722,90,264,0.8303,-1,-1,-1
965,89,802,136,61,175,0.4530,-1,-1,-1
965,87,1154,88,62,169,0.5132,-1,-1,-1
965,83,487,232,66,177,0.5182,-1,-1,-1
965,78,319,424,63,199,0.6522,-1,-1,-1
965,77,383,411,81,212,0.6739,-1,-1,-1
965,75,848,344,62,200,0.7710,-1,-1,-1
965,74,920,334,78,208,0.7217,-1,-1,-1
965,71,1576,592,100,234,0.4478,-1,-1,-1
965,63,326,796,84,267,0.7714,-1,-1,-1
965,3,929,928,70,152,0.6756,-1,-1,-1
965,2,1722,456,70,211,0.7644,-1,-1,-1
966,97,415,242,66,146,0.3930,-1,-1,-1
966,96,326,241,62,181,0.3765,-1,-1,-1
966,95,1645,117,61,162,0.5148,-1,-1,-1
966,94,1765,150,60,164,0.4161,-1,-1,-1
966,93,1740,673,95,248,0.7361,-1,-1,-1
966,90,1214,718,91,261,0.8373,-1,-1,-1
966,89,804,136,58,177,0.4053,-1,-1,-1
966,87,1154,90,62,170,0.5230,-1,-1,-1
966,83,489,232,65,178,0.5502,-1,-1,-1
966,78,317,433,68,188,0.6652,-1,-1,-1
966,77,383,411,80,212,0.6726,-1,-1,-1
966,75,848,342,62,198,0.7599,-1,-1,-1
966,74,920,332,77,206,0.7393,-1,-1,-1
966,71,1575,593,101,232,0.4647,-1,-1,-1
966,63,328,798,82,272,0.7790,-1,-1,-1
966,3,928,928,72,152,0.6861,-1,-1,-1
966,2,1721,457,71,209,0.7603,-1,-1,-1
967,97,412,243,69,144,0.3735,-1,-1,-1
967,96,326,243,63,180,0.4152,-1,-1,-1
967,95,1645,118,62,164,0.4807,-1,-1,-1
967,94,1767,150,62,169,0.3625,-1,-1,-1
967,93,1740,672,94,249,0.7531,-1,-1,-1
967,90,1213,716,90,259,0.8494,-1,-1,-1
967,89,802,136,60,178,0.4231,-1,-1,-1
967,87,1155,91,62,169,0.4954,-1,-1,-1
967,83,494,232,60,181,0.5839,-1,-1,-1
967,78,315,433,71,190,0.6514,-1,-1,-1
967,77,385,411,78,212,0.6773,-1,-1,-1
967,75,849,341,61,197,0.7587,-1,-1,-1
967,74,924,331,74,204,0.7479,-1,-1,-1
967,71,1575,594,101,231,0.4625,-1,-1,-1
967,63,328,799,84,267,0.7297,-1,-1,-1
967,3,927,928,74,152,0.7012,-1,-1,-1
967,2,1721,456,71,211,0.7637,-1,-1,-1
968,97,416,242,66,144,0.4114,-1,-1,-1
968,96,325,234,64,191,0.3596,-1,-1,-1
968,95,1645,120,62,165,0.4459,-1,-1,-1
968,93,1739,673,95,247,0.7510,-1,-1,-1
968,90,1211,712,92,260,0.8472,-1,-1,-1
968,89,802,136,60,177,0.3879,-1,-1,-1
968,87,1153,94,63,169,0.4653,-1,-1,-1
968,83,494,233,60,179,0.5817,-1,-1,-1
968,78,315,433,70,190,0.6356,-1,-1,-1
968,77,385,412,81,210,0.6890,-1,-1,-1
968,75,848,340,61,203,0.7737,-1,-1,-1
968,74,924,327,74,207,0.7734,-1,-1,-1
968,71,1575,591,102,234,0.4546,-1,-1,-1
968,63,330,800,83,268,0.7286,-1,-1,-1
968,3,928,927,72,153,0.6988,-1,-1,-1
968,2,1721,457,70,210,0.7445,-1,-1,-1
969,97,416,243,66,144,0.4153,-1,-1,-1
969,96,324,247,65,180,0.4108,-1,-1,-1
969,95,1646,123,61,165,0.4418,-1,-1,-1
969,93,1738,671,96,250,0.7615,-1,-1,-1
969,90,1208,709,95,263,0.8492,-1,-1,-1
969,89,803,136,59,177,0.3915,-1,-1,-1
969,87,1152,99,64,164,0.3952,-1,-1,-1
969,83,495,234,60,179,0.6034,-1,-1,-1
969,78,318,434,67,189,0.6347,-1,-1,-1
969,77,385,411,82,212,0.6990,-1,-1,-1
969,75,848,337,60,206,0.7756,-1,-1,-1
969,74,926,324,71,209,0.7532,-1,-1,-1
969,71,1574,591,103,234,0.4619,-1,-1,-1
969,63,330,803,84,265,0.7275,-1,-1,-1
969,3,928,930,71,150,0.6880,-1,-1,-1
969,2,1721,457,70,210,0.7558,-1,-1,-1
970,97,415,243,67,144,0.4182,-1,-1,-1
970,96,324,213,66,216,0.3559,-1,-1,-1
970,95,1648,125,59,163,0.4532,-1,-1,-1
970,93,1738,672,97,248,0.7589,-1,-1,-1
970,90,1209,709,92,265,0.8538,-1,-1,-1
970,89,803,136,60,176,0.3866,-1,-1,-1
970,87,1156,101,63,167,0.3103,-1,-1,-1
970,83,497,236,59,179,0.6053,-1,-1,-1
970,78,328,437,57,185,0.6370,-1,-1,-1
970,77,385,411,83,216,0.6871,-1,-1,-1
970,75,849,337,59,208,0.7627,-1,-1,-1
970,74,927,323,68,209,0.7509,-1,-1,-1
970,71,1575,591,102,235,0.4708,-1,-1,-1
970,63,330,804,86,266,0.7721,-1,-1,-1
970,3,927,927,72,153,0.6807,-1,-1,-1
970,2,1721,457,71,210,0.7599,-1,-1,-1
971,97,416,244,66,142,0.4272,-1,-1,-1
971,96,323,237,65,193,0.3609,-1,-1,-1
971,95,1648,126,59,161,0.4696,-1,-1,-1
971,94,1771,157,62,174,0.3943,-1,-1,-1
971,93,1739,673,94,247,0.7382,-1,-1,-1
971,90,1209,707,91,268,0.8675,-1,-1,-1
971,89,802,136,60,177,0.4206,-1,-1,-1
971,87,1156,102,64,166,0.3438,-1,-1,-1
971,83,495,238,61,182,0.7089,-1,-1,-1
971,78,329,438,55,183,0.6387,-1,-1,-1
971,77,389,417,79,214,0.6746,-1,-1,-1
971,75,848,337,59,210,0.7538,-1,-1,-1
971,74,926,322,67,209,0.7472,-1,-1,-1
971,71,1573,592,103,234,0.4560,-1,-1,-1
971,63,330,806,89,265,0.7729,-1,-1,-1
971,3,928,929,70,151,0.7048,-1,-1,-1
971,2,1721,456,70,211,0.7529,-1,-1,-1
972,97,415,245,65,145,0.4645,-1,-1,-1
972,96,323,224,66,208,0.3857,-1,-1,-1
972,95,1648,127,59,160,0.4700,-1,-1,-1
972,94,1772,170,61,169,0.3895,-1,-1,-1
972,93,1739,670,96,252,0.7406,-1,-1,-1
972,90,1208,706,91,269,0.8673,-1,-1,-1
972,89,801,136,61,177,0.4029,-1,-1,-1
972,83,493,239,63,181,0.6919,-1,-1,-1
972,78,330,440,54,180,0.6216,-1,-1,-1
972,77,386,417,81,218,0.6718,-1,-1,-1
972,75,848,337,59,209,0.7594,-1,-1,-1
972,74,926,322,65,206,0.7093,-1,-1,-1
972,71,1574,592,103,233,0.4610,-1,-1,-1
972,63,329,807,92,264,0.7618,-1,-1,-1
972,3,928,930,69,150,0.6918,-1,-1,-1
972,2,1721,456,70,211,0.7681,-1,-1,-1
973,97,413,249,65,142,0.3864,-1,-1,-1
973,96,323,255,64,178,0.5263,-1,-1,-1
973,95,1648,127,59,159,0.4266,-1,-1,-1
973,94,1775,171,58,165,0.3822,-1,-1,-1
973,93,1738,671,96,250,0.7552,-1,-1,-1
973,90,1205,704,92,272,0.8580,-1,-1,-1
973,89,802,136,61,179,0.3952,-1,-1,-1
973,83,495,241,62,181,0.6921,-1,-1,-1
973,78,331,440,52,181,0.6074,-1,-1,-1
973,77,385,421,81,221,0.6635,-1,-1,-1
973,75,847,338,60,206,0.7505,-1,-1,-1
973,74,926,321,65,208,0.6796,-1,-1,-1
973,71,1579,591,98,234,0.4557,-1,-1,-1
973,63,329,808,97,262,0.7794,-1,-1,-1
973,3,927,930,70,150,0.6985,-1,-1,-1
973,2,1721,456,71,211,0.7603,-1,-1,-1
974,97,411,245,67,192,0.3683,-1,-1,-1
974,96,322,260,64,177,0.4065,-1,-1,-1
974,95,1650,128,58,158,0.4717,-1,-1,-1
974,94,1775,171,58,165,0.4325,-1,-1,-1
974,93,1739,671,95,251,0.7620,-1,-1,-1
974,90,1204,703,92,272,0.8534,-1,-1,-1
974,89,801,136,62,177,0.4113,-1,-1,-1
974,83,496,242,62,183,0.7239,-1,-1,-1
974,78,332,442,51,179,0.6268,-1,-1,-1
974,77,382,423,82,221,0.6815,-1,-1,-1
974,75,848,336,59,208,0.7241,-1,-1,-1
974,74,927,321,63,207,0.6975,-1,-1,-1
974,71,1581,592,96,233,0.4694,-1,-1,-1
974,63,328,809,98,263,0.7732,-1,-1,-1
974,3,927,929,69,151,0.6822,-1,-1,-1
974,2,1722,457,69,209,0.7548,-1,-1,-1
975,97,409,245,70,202,0.4606,-1,-1,-1
975,96,323,256,62,180,0.4346,-1,-1,-1
975,95,1652,128,57,159,0.4976,-1,-1,-1
975,94,1776,169,58,166,0.4268,-1,-1,-1
975,93,1738,670,97,251,0.7565,-1,-1,-1
975,90,1202,703,91,273,0.8363,-1,-1,-1
975,89,801,136,61,177,0.4115,-1,-1,-1
975,83,497,243,62,184,0.7214,-1,-1,-1
975,78,330,441,53,182,0.5765,-1,-1,-1
975,77,381,423,84,222,0.7030,-1,-1,-1
975,75,846,336,61,206,0.7236,-1,-1,-1
975,74,927,320,62,209,0.6822,-1,-1,-1
975,71,1580,592,95,233,0.4423,-1,-1,-1
975,63,328,810,99,263,0.7922,-1,-1,-1
975,3,925,930,69,150,0.6843,-1,-1,-1
975,2,1721,456,70,210,0.7605,-1,-1,-1
976,97,412,253,64,187,0.5726,-1,-1,-1
976,96,323,266,60,171,0.3091,-1,-1,-1
976,95,1656,129,52,159,0.5191,-1,-1,-1
976,94,1779,168,54,166,0.4488,-1,-1,-1
976,93,1738,670,97,251,0.7560,-1,-1,-1
976,90,1200,701,90,274,0.8310,-1,-1,-1
976,89,800,137,62,176,0.4049,-1,-1,-1
976,87,1167,100,63,166,0.5111,-1,-1,-1
976,83,497,243,61,187,0.6642,-1,-1,-1
976,78,327,440,56,184,0.5758,-1,-1,-1
976,77,386,428,77,218,0.6736,-1,-1,-1
976,75,846,331,61,207,0.6957,-1,-1,-1
976,74,926,320,61,209,0.6981,-1,-1,-1
976,71,1588,591,89,234,0.4888,-1,-1,-1
976,63,329,811,100,265,0.7798,-1,-1,-1
976,3,925,931,68,149,0.6712,-1,-1,-1
976,2,1722,457,69,210,0.7520,-1,-1,-1
977,97,409,255,67,188,0.5624,-1,-1,-1
977,95,1657,129,54,159,0.4970,-1,-1,-1
977,94,1779,169,55,165,0.5459,-1,-1,-1
977,93,1738,669,96,252,0.7592,-1,-1,-1
977,90,1200,699,88,275,0.8154,-1,-1,-1
977,89,799,137,63,176,0.4100,-1,-1,-1
977,87,1171,103,60,168,0.4396,-1,-1,-1
977,83,494,245,63,186,0.6184,-1,-1,-1
977,78,324,440,59,188,0.5985,-1,-1,-1
977,77,384,430,79,217,0.6878,-1,-1,-1
977,75,845,330,61,203,0.7132,-1,-1,-1
977,74,925,318,61,210,0.7144,-1,-1,-1
977,71,1587,590,90,235,0.5140,-1,-1,-1
977,63,328,812,101,267,0.8080,-1,-1,-1
977,3,923,931,68,149,0.6243,-1,-1,-1
977,2,1721,456,70,211,0.7613,-1,-1,-1
978,97,406,257,70,188,0.5107,-1,-1,-1
978,95,1658,129,54,161,0.4737,-1,-1,-1
978,94,1780,169,54,163,0.5635,-1,-1,-1
978,93,1738,669,96,252,0.7534,-1,-1,-1
978,90,1200,695,87,277,0.8091,-1,-1,-1
978,89,800,136,62,177,0.3980,-1,-1,-1
978,87,1174,103,59,169,0.4677,-1,-1,-1
978,83,495,247,62,185,0.6272,-1,-1,-1
978,78,322,441,63,193,0.6292,-1,-1,-1
978,77,386,430,76,216,0.6796,-1,-1,-1
978,75,845,328,62,205,0.7126,-1,-1,-1
978,74,925,317,62,210,0.6928,-1,-1,-1
978,71,1587,591,90,234,0.4852,-1,-1,-1
978,63,329,814,100,266,0.8010,-1,-1,-1
978,3,924,932,66,148,0.6779,-1,-1,-1
978,2,1721,457,71,209,0.7425,-1,-1,-1
979,97,405,259,69,185,0.4517,-1,-1,-1
979,95,1660,131,54,161,0.4581,-1,-1,-1
979,94,1782,169,53,162,0.5033,-1,-1,-1
979,93,1738,670,94,250,0.7459,-1,-1,-1
979,90,1200,691,85,279,0.8130,-1,-1,-1
979,89,800,136,62,175,0.4204,-1,-1,-1
979,87,1176,104,61,173,0.4534,-1,-1,-1
979,83,495,249,63,184,0.6433,-1,-1,-1
979,78,322,443,63,194,0.6664,-1,-1,-1
979,77,385,432,76,214,0.6829,-1,-1,-1
979,75,845,327,61,197,0.7260,-1,-1,-1
979,74,924,316,62,210,0.6871,-1,-1,-1
979,71,1580,590,96,235,0.4666,-1,-1,-1
979,63,330,820,99,260,0.8243,-1,-1,-1
979,3,922,933,67,147,0.6643,-1,-1,-1
979,2,1720,456,71,211,0.7481,-1,-1,-1
980,97,407,257,68,191,0.4528,-1,-1,-1
980,95,1662,132,54,162,0.4138,-1,-1,-1
980,94,1783,169,55,161,0.4804,-1,-1,-1
980,93,1738,670,95,250,0.7500,-1,-1,-1
980,90,1199,689,86,273,0.8227,-1,-1,-1
980,89,802,135,62,176,0.4342,-1,-1,-1
980,87,1178,108,60,169,0.4867,-1,-1,-1
980,83,495,249,63,185,0.6324,-1,-1,-1
980,78,324,444,59,192,0.6243,-1,-1,-1
980,77,384,432,78,215,0.6826,-1,-1,-1
980,75,843,325,63,195,0.7303,-1,-1,-1
980,74,923,313,61,208,0.6880,-1,-1,-1
980,71,1578,591,98,234,0.4312,-1,-1,-1
980,63,330,823,98,257,0.8348,-1,-1,-1
980,3,919,934,69,146,0.6579,-1,-1,-1
980,2,1721,456,71,211,0.7548,-1,-1,-1
981,97,405,258,68,191,0.4907,-1,-1,-1
981,95,1662,135,55,160,0.4391,-1,-1,-1
981,94,1781,173,57,165,0.5061,-1,-1,-1
981,93,1738,670,96,250,0.7441,-1,-1,-1
981,90,1199,684,84,265,0.8224,-1,-1,-1
981,89,800,136,63,177,0.4084,-1,-1,-1
981,87,1178,111,62,167,0.4698,-1,-1,-1
981,83,497,251,61,182,0.6335,-1,-1,-1
981,78,324,446,59,193,0.6070,-1,-1,-1
981,77,384,434,77,214,0.6676,-1,-1,-1
981,75,843,322,63,198,0.7056,-1,-1,-1
981,74,923,310,61,206,0.6843,-1,-1,-1
981,71,1580,591,95,234,0.4168,-1,-1,-1
981,63,331,826,97,254,0.8370,-1,-1,-1
981,3,919,935,68,145,0.6427,-1,-1,-1
981,2,1721,456,72,211,0.7542,-1,-1,-1
982,97,403,259,72,191,0.4723,-1,-1,-1
982,96,321,255,60,188,0.4145,-1,-1,-1
982,95,1662,138,57,158,0.4622,-1,-1,-1
982,94,1782,183,56,159,0.4542,-1,-1,-1
982,93,1738,670,96,251,0.7487,-1,-1,-1
982,90,1198,680,85,264,0.8172,-1,-1,-1
982,89,801,136,62,177,0.3746,-1,-1,-1
982,87,1180,114,60,164,0.5112,-1,-1,-1
982,83,496,251,62,182,0.6304,-1,-1,-1
982,78,319,450,63,191,0.5725,-1,-1,-1
982,77,381,433,80,215,0.6706,-1,-1,-1
982,75,840,320,65,200,0.6964,-1,-1,-1
982,74,922,308,61,207,0.6691,-1,-1,-1
982,71,1579,588,97,237,0.4083,-1,-1,-1
982,63,330,829,98,251,0.8202,-1,-1,-1
982,3,917,935,70,145,0.6417,-1,-1,-1
982,2,1721,456,72,211,0.7433,-1,-1,-1
983,97,404,261,71,190,0.3901,-1,-1,-1
983,96,321,260,59,185,0.4829,-1,-1,-1
983,95,1658,138,63,160,0.4367,-1,-1,-1
983,94,1784,187,55,159,0.4451,-1,-1,-1
983,93,1738,672,94,248,0.7313,-1,-1,-1
983,90,1197,676,85,259,0.8169,-1,-1,-1
983,89,800,136,63,175,0.3633,-1,-1,-1
983,87,1180,116,61,164,0.4278,-1,-1,-1
983,83,496,250,62,183,0.6296,-1,-1,-1
983,78,315,450,66,193,0.6093,-1,-1,-1
983,77,383,433,77,216,0.6935,-1,-1,-1
983,75,839,316,68,204,0.7144,-1,-1,-1
983,74,921,306,63,204,0.6628,-1,-1,-1
983,71,1577,588,99,238,0.3661,-1,-1,-1
983,63,330,833,97,247,0.8160,-1,-1,-1
983,3,917,938,67,142,0.6610,-1,-1,-1
983,2,1721,457,72,210,0.7443,-1,-1,-1
984,96,320,270,56,175,0.3955,-1,-1,-1
984,95,1660,140,62,158,0.4070,-1,-1,-1
984,94,1784,191,56,156,0.4706,-1,-1,-1
984,93,1738,671,96,249,0.7400,-1,-1,-1
984,90,1195,672,87,259,0.8008,-1,-1,-1
984,89,800,137,63,173,0.3616,-1,-1,-1
984,87,1181,120,61,163,0.3372,-1,-1,-1
984,83,495,250,62,183,0.5634,-1,-1,-1
984,78,308,450,72,197,0.5764,-1,-1,-1
984,77,386,435,76,214,0.6875,-1,-1,-1
984,75,838,315,68,203,0.7128,-1,-1,-1
984,74,917,307,66,202,0.7181,-1,-1,-1
984,71,1576,588,102,238,0.3751,-1,-1,-1
984,63,329,834,97,246,0.8071,-1,-1,-1
984,3,918,939,66,141,0.6653,-1,-1,-1
984,2,1721,457,72,210,0.7538,-1,-1,-1
985,96,317,268,58,178,0.3701,-1,-1,-1
985,95,1659,141,64,159,0.4189,-1,-1,-1
985,94,1786,196,52,146,0.3737,-1,-1,-1
985,93,1739,672,95,249,0.7352,-1,-1,-1
985,90,1193,671,90,260,0.8004,-1,-1,-1
985,89,801,136,62,174,0.3488,-1,-1,-1
985,87,1183,121,61,161,0.3563,-1,-1,-1
985,83,494,250,64,184,0.6025,-1,-1,-1
985,78,308,453,70,192,0.5391,-1,-1,-1
985,77,386,436,75,213,0.6890,-1,-1,-1
985,75,837,318,67,198,0.7072,-1,-1,-1
985,74,918,305,64,204,0.7202,-1,-1,-1
985,71,1578,590,100,236,0.3835,-1,-1,-1
985,63,329,836,97,244,0.8008,-1,-1,-1
985,3,916,940,67,140,0.6403,-1,-1,-1
985,2,1721,457,73,209,0.7355,-1,-1,-1
986,96,316,266,58,182,0.3725,-1,-1,-1
986,95,1663,143,60,161,0.4456,-1,-1,-1
986,94,1787,200,54,156,0.3509,-1,-1,-1
986,93,1738,672,95,248,0.7378,-1,-1,-1
986,90,1193,668,88,260,0.7937,-1,-1,-1
986,89,800,136,63,174,0.3630,-1,-1,-1
986,87,1185,122,57,159,0.3272,-1,-1,-1
986,83,496,253,62,181,0.5932,-1,-1,-1
986,78,303,457,75,189,0.5854,-1,-1,-1
986,77,386,436,75,213,0.7152,-1,-1,-1
986,75,836,317,69,199,0.6935,-1,-1,-1
986,74,917,303,66,207,0.7331,-1,-1,-1
986,71,1580,589,101,236,0.4562,-1,-1,-1
986,63,328,838,97,242,0.7911,-1,-1,-1
986,3,916,941,66,139,0.6433,-1,-1,-1
986,2,1722,457,71,210,0.7455,-1,-1,-1
987,96,315,269,57,181,0.3816,-1,-1,-1
987,95,1667,141,57,160,0.4683,-1,-1,-1
987,94,1790,202,55,159,0.3023,-1,-1,-1
987,93,1739,672,95,248,0.7287,-1,-1,-1
987,90,1193,666,87,263,0.8013,-1,-1,-1
987,89,802,137,61,175,0.3756,-1,-1,-1
987,87,1186,122,56,160,0.3479,-1,-1,-1
987,83,494,253,65,184,0.5481,-1,-1,-1
987,78,301,458,77,189,0.6088,-1,-1,-1
987,77,386,436,75,215,0.7323,-1,-1,-1
987,75,835,314,71,204,0.6935,-1,-1,-1
987,74,914,301,70,208,0.7369,-1,-1,-1
987,71,1577,590,103,236,0.4358,-1,-1,-1
987,63,329,839,95,241,0.7939,-1,-1,-1
987,3,914,941,67,139,0.6466,-1,-1,-1
987,2,1721,457,72,210,0.7485,-1,-1,-1
988,96,317,276,54,176,0.4138,-1,-1,-1
988,95,1668,142,56,160,0.4483,-1,-1,-1
988,93,1738,670,95,251,0.7366,-1,-1,-1
988,90,1191,665,89,264,0.8068,-1,-1,-1
988,89,802,136,61,175,0.3751,-1,-1,-1
988,87,1187,122,55,161,0.3467,-1,-1,-1
988,83,494,254,66,184,0.5758,-1,-1,-1
988,78,299,459,79,190,0.6181,-1,-1,-1
988,77,387,437,74,218,0.7201,-1,-1,-1
988,75,835,313,71,206,0.6834,-1,-1,-1
988,74,916,299,69,211,0.7092,-1,-1,-1
988,71,1578,588,102,238,0.4614,-1,-1,-1
988,63,328,840,96,240,0.7887,-1,-1,-1
988,3,913,941,66,139,0.6568,-1,-1,-1
988,2,1722,457,72,210,0.7287,-1,-1,-1
989,96,312,275,59,176,0.4036,-1,-1,-1
989,95,1670,143,55,159,0.4850,-1,-1,-1
989,93,1739,671,94,249,0.7374,-1,-1,-1
989,90,1188,664,92,262,0.8043,-1,-1,-1
989,89,801,136,62,175,0.3998,-1,-1,-1
989,87,1189,123,53,162,0.3871,-1,-1,-1
989,83,494,255,67,184,0.6067,-1,-1,-1
989,78,298,459,78,190,0.6439,-1,-1,-1
989,77,386,439,74,220,0.7291,-1,-1,-1
989,75,835,315,68,203,0.6822,-1,-1,-1
989,74,919,299,68,209,0.7049,-1,-1,-1
989,71,1581,588,98,238,0.4935,-1,-1,-1
989,63,328,841,96,239,0.7904,-1,-1,-1
989,3,913,942,64,138,0.6733,-1,-1,-1
989,2,1722,457,73,210,0.7370,-1,-1,-1
990,95,1672,143,57,164,0.5357,-1,-1,-1
990,93,1738,672,94,247,0.7142,-1,-1,-1
990,90,1187,663,91,260,0.7840,-1,-1,-1
990,89,801,136,63,173,0.4160,-1,-1,-1
990,87,1191,122,53,164,0.4427,-1,-1,-1
990,83,496,257,66,184,0.6226,-1,-1,-1
990,78,299,457,77,192,0.6131,-1,-1,-1
990,77,387,441,73,221,0.7197,-1,-1,-1
990,75,835,311,70,205,0.6980,-1,-1,-1
990,74,920,298,67,211,0.6977,-1,-1,-1
990,71,1581,587,97,239,0.4280,-1,-1,-1
990,63,328,842,97,238,0.7786,-1,-1,-1
990,3,910,942,65,138,0.7174,-1,-1,-1
990,2,1721,456,75,207,0.7416,-1,-1,-1
991,97,402,264,66,215,0.3798,-1,-1,-1
991,95,1672,143,58,166,0.5613,-1,-1,-1
991,93,1738,670,92,250,0.7255,-1,-1,-1
991,90,1187,662,90,262,0.7895,-1,-1,-1
991,89,803,136,61,177,0.3976,-1,-1,-1
991,87,1191,121,56,167,0.4097,-1,-1,-1
991,83,497,259,65,183,0.6432,-1,-1,-1
991,78,296,457,80,190,0.5799,-1,-1,-1
991,77,385,441,75,223,0.7166,-1,-1,-1
991,75,835,311,70,202,0.6825,-1,-1,-1
991,74,919,295,70,217,0.6934,-1,-1,-1
991,71,1581,587,100,239,0.4882,-1,-1,-1
991,63,328,845,95,235,0.7687,-1,-1,-1
991,3,910,944,65,136,0.7412,-1,-1,-1
991,2,1721,457,77,210,0.7315,-1,-1,-1
992,97,401,265,66,215,0.4894,-1,-1,-1
992,95,1673,144,58,166,0.5936,-1,-1,-1
992,93,1738,669,95,252,0.7312,-1,-1,-1
992,90,1183,660,91,262,0.7901,-1,-1,-1
992,89,803,136,62,173,0.4235,-1,-1,-1
992,87,1191,124,58,171,0.5255,-1,-1,-1
992,83,498,264,64,181,0.6459,-1,-1,-1
992,78,297,455,80,194,0.6048,-1,-1,-1
992,77,384,444,75,223,0.7215,-1,-1,-1
992,75,835,308,70,200,0.6888,-1,-1,-1
992,74,919,297,69,211,0.6952,-1,-1,-1
992,71,1580,588,100,238,0.4950,-1,-1,-1
992,63,328,847,95,233,0.7817,-1,-1,-1
992,3,910,944,64,136,0.7498,-1,-1,-1
992,2,1721,457,77,211,0.7502,-1,-1,-1
993,97,400,270,68,198,0.5072,-1,-1,-1
993,96,309,278,65,181,0.3944,-1,-1,-1
993,95,1673,146,59,165,0.5782,-1,-1,-1
993,93,1739,669,94,251,0.7234,-1,-1,-1
993,90,1181,658,91,259,0.7799,-1,-1,-1
993,89,802,136,61,172,0.4037,-1,-1,-1
993,87,1191,123,59,174,0.5104,-1,-1,-1
993,83,498,265,65,179,0.6465,-1,-1,-1
993,78,300,460,77,191,0.6178,-1,-1,-1
993,77,382,445,77,224,0.7107,-1,-1,-1
993,75,837,307,67,201,0.6711,-1,-1,-1
993,74,922,298,63,210,0.6937,-1,-1,-1
993,71,1578,588,102,238,0.5445,-1,-1,-1
993,63,328,848,95,232,0.7787,-1,-1,-1
993,3,910,944,64,136,0.7483,-1,-1,-1
993,2,1721,456,77,212,0.7407,-1,-1,-1
994,97,398,269,70,200,0.5308,-1,-1,-1
994,96,314,282,54,179,0.3798,-1,-1,-1
994,95,1671,148,61,166,0.5632,-1,-1,-1
994,93,1739,670,94,249,0.7018,-1,-1,-1
994,90,1178,656,91,260,0.7649,-1,-1,-1
994,89,803,136,61,172,0.3811,-1,-1,-1
994,87,1191,127,59,171,0.4449,-1,-1,-1
994,83,500,265,64,182,0.6403,-1,-1,-1
994,78,303,461,74,191,0.6131,-1,-1,-1
994,77,381,451,77,219,0.7013,-1,-1,-1
994,75,837,304,67,202,0.6880,-1,-1,-1
994,74,921,298,65,210,0.6985,-1,-1,-1
994,71,1579,589,100,237,0.5004,-1,-1,-1
994,63,328,849,95,231,0.7893,-1,-1,-1
994,3,909,945,66,135,0.7347,-1,-1,-1
994,2,1721,457,78,210,0.7589,-1,-1,-1
995,97,399,268,70,209,0.5513,-1,-1,-1
995,96,308,279,64,184,0.3658,-1,-1,-1
995,95,1670,151,63,163,0.5545,-1,-1,-1
995,93,1739,669,94,252,0.7144,-1,-1,-1
995,90,1175,653,90,263,0.7854,-1,-1,-1
995,89,803,136,62,171,0.3663,-1,-1,-1
995,87,1191,128,61,170,0.4414,-1,-1,-1
995,83,501,266,63,178,0.6497,-1,-1,-1
995,78,302,465,74,191,0.6738,-1,-1,-1
995,77,382,452,76,218,0.6913,-1,-1,-1
995,75,838,304,67,195,0.6898,-1,-1,-1
995,74,919,296,67,210,0.7137,-1,-1,-1
995,71,1580,590,100,236,0.5258,-1,-1,-1
995,63,329,851,94,229,0.7983,-1,-1,-1
995,3,910,945,64,135,0.7250,-1,-1,-1
995,2,1721,457,78,211,0.7664,-1,-1,-1
996,97,398,269,71,210,0.5576,-1,-1,-1
996,96,307,279,65,185,0.3925,-1,-1,-1
996,95,1669,151,64,165,0.5551,-1,-1,-1
996,94,1800,196,55,170,0.4048,-1,-1,-1
996,93,1739,671,93,250,0.7078,-1,-1,-1
996,90,1174,649,90,260,0.7843,-1,-1,-1
996,89,802,135,63,174,0.3540,-1,-1,-1
996,87,1191,130,60,168,0.4217,-1,-1,-1
996,83,500,265,64,182,0.6435,-1,-1,-1
996,78,304,466,71,197,0.6692,-1,-1,-1
996,77,380,451,78,219,0.6862,-1,-1,-1
996,75,838,301,67,196,0.7036,-1,-1,-1
996,74,919,295,68,209,0.7032,-1,-1,-1
996,71,1584,589,95,237,0.5368,-1,-1,-1
996,63,329,854,94,226,0.7953,-1,-1,-1
996,3,910,945,63,135,0.7373,-1,-1,-1
996,2,1721,457,77,210,0.7703,-1,-1,-1
997,97,396,270,73,211,0.5912,-1,-1,-1
997,96,307,280,65,187,0.3731,-1,-1,-1
997,95,1669,153,65,165,0.5724,-1,-1,-1
997,94,1803,201,55,172,0.3182,-1,-1,-1
997,93,1740,671,90,249,0.6960,-1,-1,-1
997,90,1175,646,87,259,0.7787,-1,-1,-1
997,89,802,135,62,172,0.3470,-1,-1,-1
997,87,1192,131,60,170,0.4306,-1,-1,-1
997,83,502,265,62,182,0.6241,-1,-1,-1
997,78,305,467,71,198,0.6792,-1,-1,-1
997,77,380,453,75,218,0.6837,-1,-1,-1
997,75,840,300,64,193,0.6889,-1,-1,-1
997,74,919,292,68,210,0.6965,-1,-1,-1
997,71,1581,588,99,237,0.5273,-1,-1,-1
997,63,329,858,94,222,0.7821,-1,-1,-1
997,3,908,946,64,134,0.7537,-1,-1,-1
997,2,1722,459,77,208,0.7668,-1,-1,-1
998,97,394,270,73,206,0.4682,-1,-1,-1
998,96,307,280,65,190,0.3940,-1,-1,-1
998,95,1672,154,62,164,0.5782,-1,-1,-1
998,94,1799,201,61,174,0.3164,-1,-1,-1
998,93,1740,671,90,251,0.7004,-1,-1,-1
998,90,1174,644,87,254,0.8190,-1,-1,-1
998,89,805,134,58,176,0.3642,-1,-1,-1
998,87,1193,133,64,171,0.3928,-1,-1,-1
998,83,503,266,62,183,0.6277,-1,-1,-1
998,78,308,469,69,196,0.6814,-1,-1,-1
998,77,379,454,78,217,0.6863,-1,-1,-1
998,75,842,297,62,199,0.6998,-1,-1,-1
998,74,921,291,68,205,0.7026,-1,-1,-1
998,71,1582,588,98,238,0.5486,-1,-1,-1
998,63,330,861,94,219,0.7968,-1,-1,-1
998,3,907,946,65,134,0.7605,-1,-1,-1
998,2,1723,459,73,208,0.7639,-1,-1,-1
999,98,1806,631,85,337,0.3520,-1,-1,-1
999,97,396,270,72,207,0.4019,-1,-1,-1
999,96,304,279,68,191,0.4072,-1,-1,-1
999,95,1673,157,61,165,0.5765,-1,-1,-1
999,94,1804,198,59,179,0.3282,-1,-1,-1
999,93,1740,671,90,250,0.6942,-1,-1,-1
999,90,1174,641,87,251,0.8492,-1,-1,-1
999,89,803,136,62,169,0.3735,-1,-1,-1
999,87,1195,136,65,172,0.3621,-1,-1,-1
999,83,502,266,63,183,0.6442,-1,-1,-1
999,78,309,470,67,198,0.6644,-1,-1,-1
999,77,377,454,78,217,0.6622,-1,-1,-1
999,75,843,295,61,200,0.7052,-1,-1,-1
999,74,921,289,71,204,0.7105,-1,-1,-1
999,71,1585,589,96,237,0.5596,-1,-1,-1
999,63,331,863,94,217,0.7971,-1,-1,-1
999,3,907,946,65,134,0.7653,-1,-1,-1
999,2,1722,458,74,209,0.7815,-1,-1,-1
1000,98,1804,631,87,345,0.3960,-1,-1,-1
1000,96,304,280,66,188,0.4175,-1,-1,-1
1000,95,1674,160,60,166,0.5962,-1,-1,-1
1000,94,1805,198,60,180,0.3815,-1,-1,-1
1000,93,1740,673,91,248,0.6732,-1,-1,-1
1000,90,1174,638,86,249,0.8426,-1,-1,-1
1000,89,801,135,64,172,0.3603,-1,-1,-1
1000,87,1200,137,61,176,0.4687,-1,-1,-1
1000,83,503,266,62,185,0.6683,-1,-1,-1
1000,78,309,483,67,183,0.6522,-1,-1,-1
1000,77,375,454,84,218,0.6467,-1,-1,-1
1000,75,843,294,61,201,0.6968,-1,-1,-1
1000,74,923,288,69,199,0.7097,-1,-1,-1
1000,71,1583,587,96,239,0.5244,-1,-1,-1
1000,63,333,868,92,212,0.8134,-1,-1,-1
1000,3,907,947,65,133,0.7764,-1,-1,-1
1000,2,1722,456,74,210,0.7737,-1,-1,-1
1001,98,1802,631,89,347,0.3705,-1,-1,-1
1001,96,302,282,69,186,0.4774,-1,-1,-1
1001,95,1675,161,60,164,0.6209,-1,-1,-1
1001,94,1806,202,61,178,0.3494,-1,-1,-1
1001,93,1740,671,90,251,0.6621,-1,-1,-1
1001,90,1174,635,86,252,0.8580,-1,-1,-1
1001,89,803,135,62,171,0.3366,-1,-1,-1
1001,87,1201,138,62,174,0.4635,-1,-1,-1
1001,83,501,267,64,185,0.6489,-1,-1,-1
1001,78,308,483,68,184,0.6384,-1,-1,-1
1001,77,374,454,85,218,0.6425,-1,-1,-1
1001,75,844,290,58,205,0.7305,-1,-1,-1
1001,74,926,285,68,200,0.7221,-1,-1,-1
1001,71,1584,587,95,239,0.5051,-1,-1,-1
1001,63,335,871,91,209,0.8214,-1,-1,-1
1001,3,906,947,66,133,0.7844,-1,-1,-1
1001,2,1721,457,74,210,0.7780,-1,-1,-1
1002,98,1797,632,94,340,0.3319,-1,-1,-1
1002,96,301,283,69,184,0.4684,-1,-1,-1
1002,95,1675,163,60,162,0.5994,-1,-1,-1
1002,94,1807,201,62,181,0.3906,-1,-1,-1
1002,93,1741,672,89,249,0.6653,-1,-1,-1
1002,90,1174,633,86,253,0.8568,-1,-1,-1
1002,89,804,136,61,170,0.3304,-1,-1,-1
1002,87,1202,137,61,173,0.4407,-1,-1,-1
1002,83,501,269,64,186,0.6171,-1,-1,-1
1002,78,308,482,71,188,0.6536,-1,-1,-1
1002,77,377,453,83,219,0.6563,-1,-1,-1
1002,75,844,294,58,204,0.7331,-1,-1,-1
1002,74,925,283,68,201,0.7307,-1,-1,-1
1002,71,1582,588,97,238,0.4659,-1,-1,-1
1002,63,335,872,92,208,0.8387,-1,-1,-1
1002,3,905,946,66,134,0.7843,-1,-1,-1
1002,2,1722,457,73,209,0.7728,-1,-1,-1
1003,98,1789,631,102,334,0.3525,-1,-1,-1
1003,96,300,284,70,184,0.4622,-1,-1,-1
1003,95,1675,164,60,160,0.5827,-1,-1,-1
1003,94,1807,203,65,181,0.4124,-1,-1,-1
1003,93,1742,673,88,250,0.6607,-1,-1,-1
1003,90,1173,630,85,257,0.8565,-1,-1,-1
1003,89,804,136,61,171,0.3544,-1,-1,-1
1003,87,1204,137,60,175,0.3566,-1,-1,-1
1003,83,499,270,66,189,0.6859,-1,-1,-1
1003,78,305,479,71,193,0.6240,-1,-1,-1
1003,77,377,454,83,218,0.6466,-1,-1,-1
1003,75,843,293,60,203,0.7334,-1,-1,-1
1003,74,922,282,70,203,0.7574,-1,-1,-1
1003,71,1582,589,98,237,0.4561,-1,-1,-1
1003,63,336,874,92,206,0.8288,-1,-1,-1
1003,3,906,947,65,133,0.7836,-1,-1,-1
1003,2,1721,457,74,209,0.7794,-1,-1,-1
1004,98,1790,631,101,330,0.3116,-1,-1,-1
1004,96,300,285,71,182,0.5435,-1,-1,-1
1004,95,1677,165,60,160,0.5806,-1,-1,-1
1004,94,1808,204,66,177,0.4034,-1,-1,-1
1004,93,1742,674,90,249,0.6491,-1,-1,-1
1004,90,1173,629,84,258,0.8565,-1,-1,-1
1004,89,806,134,58,177,0.3321,-1,-1,-1
1004,83,500,272,64,188,0.6685,-1,-1,-1
1004,78,308,483,69,187,0.6040,-1,-1,-1
1004,77,378,454,83,221,0.6425,-1,-1,-1
1004,75,843,292,60,205,0.7198,-1,-1,-1
1004,74,927,282,63,200,0.7288,-1,-1,-1
1004,71,1582,588,97,238,0.4817,-1,-1,-1
1004,63,337,876,92,204,0.8247,-1,-1,-1
1004,3,904,948,67,132,0.7974,-1,-1,-1
1004,2,1721,456,73,210,0.7681,-1,-1,-1
1005,99,600,549,74,242,0.4675,-1,-1,-1
1005,98,1788,635,103,338,0.3085,-1,-1,-1
1005,96,299,286,72,183,0.5312,-1,-1,-1
1005,95,1678,164,60,161,0.5689,-1,-1,-1
1005,94,1811,205,64,177,0.3797,-1,-1,-1
1005,93,1743,675,91,250,0.6534,-1,-1,-1
1005,90,1170,627,87,259,0.8433,-1,-1,-1
1005,89,802,136,63,173,0.3671,-1,-1,-1
1005,83,500,275,64,185,0.7069,-1,-1,-1
1005,78,302,481,73,192,0.5540,-1,-1,-1
1005,77,378,455,84,226,0.6263,-1,-1,-1
1005,75,843,289,60,204,0.7047,-1,-1,-1
1005,74,927,280,63,202,0.7137,-1,-1,-1
1005,71,1581,590,98,236,0.4359,-1,-1,-1
1005,63,339,878,92,202,0.8247,-1,-1,-1
1005,3,903,948,68,132,0.7982,-1,-1,-1
1005,2,1721,456,73,211,0.7831,-1,-1,-1
1006,99,598,548,76,244,0.5376,-1,-1,-1
1006,98,1745,672,90,251,0.6289,-1,-1,-1
1006,96,299,288,71,184,0.5338,-1,-1,-1
1006,95,1680,165,60,160,0.4919,-1,-1,-1
1006,94,1814,206,65,178,0.4002,-1,-1,-1
1006,90,1167,626,88,260,0.8252,-1,-1,-1
1006,89,804,136,61,171,0.3527,-1,-1,-1
1006,83,501,276,63,186,0.7338,-1,-1,-1
1006,78,309,484,68,183,0.5627,-1,-1,-1
1006,77,378,460,84,224,0.6455,-1,-1,-1
1006,75,843,288,61,204,0.7391,-1,-1,-1
1006,74,929,279,62,202,0.6992,-1,-1,-1
1006,71,1581,590,98,236,0.4528,-1,-1,-1
1006,63,340,881,92,199,0.8196,-1,-1,-1
1006,3,905,949,65,131,0.7851,-1,-1,-1
1006,2,1720,456,75,210,0.7812,-1,-1,-1
1007,99,595,547,81,246,0.5606,-1,-1,-1
1007,98,1746,670,89,253,0.6843,-1,-1,-1
1007,96,299,290,71,188,0.5385,-1,-1,-1
1007,95,1683,165,58,159,0.4645,-1,-1,-1
1007,94,1816,205,63,176,0.4493,-1,-1,-1
1007,90,1164,625,89,261,0.8091,-1,-1,-1
1007,89,805,136,59,170,0.3388,-1,-1,-1
1007,87,1215,138,54,170,0.3887,-1,-1,-1
1007,83,500,278,64,186,0.7476,-1,-1,-1
1007,78,299,482,76,189,0.5863,-1,-1,-1
1007,77,376,464,85,227,0.6507,-1,-1,-1
1007,75,842,288,62,200,0.7045,-1,-1,-1
1007,74,930,278,60,204,0.7056,-1,-1,-1
1007,71,1581,592,96,234,0.3661,-1,-1,-1
1007,63,342,882,93,198,0.8280,-1,-1,-1
1007,3,907,949,63,131,0.7853,-1,-1,-1
1007,2,1720,456,75,210,0.7676,-1,-1,-1
1008,99,592,548,85,246,0.5723,-1,-1,-1
1008,98,1745,675,88,247,0.6433,-1,-1,-1
1008,96,297,291,72,188,0.5418,-1,-1,-1
1008,95,1685,166,58,159,0.4953,-1,-1,-1
1008,94,1817,205,65,179,0.4257,-1,-1,-1
1008,90,1163,624,87,262,0.8082,-1,-1,-1
1008,89,803,136,61,170,0.3489,-1,-1,-1
1008,87,1218,139,50,173,0.3602,-1,-1,-1
1008,83,499,280,64,186,0.7410,-1,-1,-1
1008,78,298,483,78,189,0.6100,-1,-1,-1
1008,77,376,468,84,225,0.6630,-1,-1,-1
1008,75,842,286,62,203,0.7099,-1,-1,-1
1008,74,931,278,58,203,0.6931,-1,-1,-1
1008,71,1578,592,100,234,0.4232,-1,-1,-1
1008,63,342,883,97,197,0.8081,-1,-1,-1
1008,3,906,950,63,130,0.7692,-1,-1,-1
1008,2,1720,457,76,210,0.7567,-1,-1,-1
1009,99,590,549,87,245,0.5957,-1,-1,-1
1009,98,1745,675,86,245,0.6697,-1,-1,-1
1009,96,298,292,69,189,0.5551,-1,-1,-1
1009,95,1686,166,58,161,0.4744,-1,-1,-1
1009,94,1819,204,64,180,0.3823,-1,-1,-1
1009,90,1159,623,89,261,0.8249,-1,-1,-1
1009,89,801,136,63,172,0.3679,-1,-1,-1
1009,87,1220,147,52,165,0.3008,-1,-1,-1
1009,83,499,281,63,186,0.7445,-1,-1,-1
1009,78,302,483,74,191,0.6120,-1,-1,-1
1009,77,376,471,84,223,0.6786,-1,-1,-1
1009,75,842,287,63,197,0.7126,-1,-1,-1
1009,74,931,278,58,204,0.6758,-1,-1,-1
1009,71,1577,591,102,235,0.4256,-1,-1,-1
1009,63,342,885,101,195,0.8073,-1,-1,-1
1009,3,906,950,63,130,0.7980,-1,-1,-1
1009,2,1721,456,76,212,0.7757,-1,-1,-1
1010,99,588,551,89,242,0.6151,-1,-1,-1
1010,98,1743,676,87,240,0.6117,-1,-1,-1
1010,96,299,293,67,188,0.5599,-1,-1,-1
1010,95,1688,167,57,161,0.4782,-1,-1,-1
1010,94,1822,205,64,182,0.3652,-1,-1,-1
1010,90,1156,622,90,260,0.8216,-1,-1,-1
1010,89,801,136,63,170,0.3362,-1,-1,-1
1010,83,497,282,64,187,0.7162,-1,-1,-1
1010,78,314,485,64,189,0.6139,-1,-1,-1
1010,77,375,473,85,225,0.6795,-1,-1,-1
1010,75,844,286,62,196,0.7156,-1,-1,-1
1010,74,930,276,59,206,0.6806,-1,-1,-1
1010,71,1576,591,102,235,0.5169,-1,-1,-1
1010,63,343,888,102,192,0.8149,-1,-1,-1
1010,3,906,950,64,130,0.8007,-1,-1,-1
1010,2,1720,456,78,213,0.7530,-1,-1,-1
1011,99,588,549,89,245,0.5887,-1,-1,-1
1011,98,1741,679,88,238,0.5281,-1,-1,-1
1011,96,298,293,68,190,0.5687,-1,-1,-1
1011,95,1688,169,57,158,0.5252,-1,-1,-1
1011,94,1822,206,60,180,0.3966,-1,-1,-1
1011,90,1153,621,92,259,0.8184,-1,-1,-1
1011,89,800,136,63,172,0.3515,-1,-1,-1
1011,83,496,285,65,184,0.6564,-1,-1,-1
1011,78,294,485,82,195,0.6181,-1,-1,-1
1011,77,374,473,86,227,0.6787,-1,-1,-1
1011,75,844,284,60,192,0.7212,-1,-1,-1
1011,74,930,275,59,206,0.6632,-1,-1,-1
1011,71,1576,590,101,236,0.4975,-1,-1,-1
1011,63,344,889,102,191,0.8053,-1,-1,-1
1011,3,906,950,62,130,0.7863,-1,-1,-1
1011,2,1718,455,80,213,0.7498,-1,-1,-1
1012,99,586,549,90,244,0.6249,-1,-1,-1
1012,98,1738,682,92,235,0.5302,-1,-1,-1
1012,96,294,293,71,190,0.5430,-1,-1,-1
1012,95,1688,171,58,158,0.5457,-1,-1,-1
1012,94,1823,209,61,183,0.3665,-1,-1,-1
1012,90,1152,618,92,262,0.8145,-1,-1,-1
1012,89,801,136,63,171,0.3319,-1,-1,-1
1012,83,492,285,68,184,0.6359,-1,-1,-1
1012,78,293,489,83,195,0.6334,-1,-1,-1
1012,77,376,473,84,226,0.6806,-1,-1,-1
1012,75,844,279,60,196,0.7148,-1,-1,-1
1012,74,931,275,59,205,0.6678,-1,-1,-1
1012,71,1574,591,102,235,0.4380,-1,-1,-1
1012,63,346,891,103,188,0.8196,-1,-1,-1
1012,3,905,950,65,130,0.7767,-1,-1,-1
1012,2,1719,456,80,211,0.7594,-1,-1,-1
1013,99,585,550,90,243,0.6310,-1,-1,-1
1013,98,1733,681,99,241,0.5379,-1,-1,-1
1013,96,295,294,68,192,0.5696,-1,-1,-1
1013,95,1689,173,57,157,0.5027,-1,-1,-1
1013,94,1826,214,61,184,0.3545,-1,-1,-1
1013,90,1152,616,91,258,0.7990,-1,-1,-1
1013,83,491,286,67,184,0.6427,-1,-1,-1
1013,78,295,491,81,197,0.6533,-1,-1,-1
1013,77,377,475,83,225,0.6986,-1,-1,-1
1013,75,844,279,61,197,0.7004,-1,-1,-1
1013,74,929,272,61,208,0.6379,-1,-1,-1
1013,71,1576,590,100,236,0.4227,-1,-1,-1
1013,63,346,894,105,185,0.8012,-1,-1,-1
1013,3,906,950,63,130,0.7612,-1,-1,-1
1013,2,1718,456,82,211,0.7423,-1,-1,-1
1014,99,585,551,88,241,0.6438,-1,-1,-1
1014,98,1718,675,114,243,0.5766,-1,-1,-1
1014,96,296,295,67,190,0.5657,-1,-1,-1
1014,95,1689,174,58,156,0.5153,-1,-1,-1
1014,94,1825,213,55,180,0.3480,-1,-1,-1
1014,90,1153,613,89,258,0.7742,-1,-1,-1
1014,83,492,285,68,185,0.6933,-1,-1,-1
1014,78,294,493,82,200,0.6670,-1,-1,-1
1014,77,378,475,82,225,0.6752,-1,-1,-1
1014,75,841,277,65,196,0.7025,-1,-1,-1
1014,74,929,269,61,201,0.6464,-1,-1,-1
1014,71,1576,589,99,237,0.4120,-1,-1,-1
1014,63,348,896,104,183,0.8239,-1,-1,-1
1014,3,908,949,61,131,0.7652,-1,-1,-1
1014,2,1719,456,81,211,0.7414,-1,-1,-1
1015,99,585,551,87,243,0.6787,-1,-1,-1
1015,98,1714,681,116,240,0.5514,-1,-1,-1
1015,96,295,295,67,191,0.5231,-1,-1,-1
1015,95,1689,176,59,153,0.5239,-1,-1,-1
1015,94,1826,216,57,179,0.4164,-1,-1,-1
1015,90,1153,610,86,252,0.8025,-1,-1,-1
1015,83,495,284,64,188,0.7481,-1,-1,-1
1015,78,291,496,84,199,0.6525,-1,-1,-1
1015,77,377,476,83,226,0.6802,-1,-1,-1
1015,75,841,276,64,200,0.7027,-1,-1,-1
1015,74,929,269,60,205,0.6345,-1,-1,-1
1015,71,1574,592,102,234,0.4551,-1,-1,-1
1015,63,350,898,104,181,0.8251,-1,-1,-1
1015,3,904,949,65,131,0.7668,-1,-1,-1
1015,2,1719,455,82,210,0.7611,-1,-1,-1
1016,99,585,550,85,245,0.6737,-1,-1,-1
1016,98,1713,677,116,244,0.5617,-1,-1,-1
1016,96,295,295,67,193,0.5313,-1,-1,-1
1016,95,1691,177,58,153,0.5155,-1,-1,-1
1016,94,1827,218,57,177,0.4555,-1,-1,-1
1016,90,1153,606,85,249,0.7846,-1,-1,-1
1016,89,803,135,60,176,0.3164,-1,-1,-1
1016,83,494,285,64,187,0.7342,-1,-1,-1
1016,78,292,496,82,198,0.6508,-1,-1,-1
1016,77,377,477,83,226,0.6770,-1,-1,-1
1016,75,841,275,64,196,0.6945,-1,-1,-1
1016,74,927,267,62,200,0.6736,-1,-1,-1
1016,71,1575,591,101,235,0.3941,-1,-1,-1
1016,63,352,903,103,176,0.8084,-1,-1,-1
1016,3,906,949,62,131,0.7679,-1,-1,-1
1016,2,1718,455,83,210,0.7675,-1,-1,-1
1017,99,585,551,83,243,0.6763,-1,-1,-1
1017,98,1715,680,114,243,0.6081,-1,-1,-1
1017,96,295,295,66,192,0.5550,-1,-1,-1
1017,95,1692,177,60,155,0.4712,-1,-1,-1
1017,94,1830,220,61,185,0.4805,-1,-1,-1
1017,90,1152,603,85,243,0.7728,-1,-1,-1
1017,83,493,284,65,189,0.6880,-1,-1,-1
1017,78,292,500,83,197,0.6184,-1,-1,-1
1017,77,377,478,82,226,0.6584,-1,-1,-1
1017,75,841,274,65,198,0.6835,-1,-1,-1
1017,74,927,265,61,199,0.6572,-1,-1,-1
1017,71,1575,590,98,237,0.3819,-1,-1,-1
1017,63,353,907,102,173,0.8054,-1,-1,-1
1017,3,906,949,62,131,0.7664,-1,-1,-1
1017,2,1718,456,82,212,0.7693,-1,-1,-1
1018,99,585,550,80,243,0.6418,-1,-1,-1
1018,98,1718,683,109,241,0.5822,-1,-1,-1
1018,96,295,295,65,191,0.5633,-1,-1,-1
1018,95,1697,176,57,157,0.4735,-1,-1,-1
1018,94,1830,221,63,186,0.5152,-1,-1,-1
1018,90,1152,600,84,245,0.7563,-1,-1,-1
1018,83,492,286,66,188,0.7046,-1,-1,-1
1018,78,291,501,85,199,0.6178,-1,-1,-1
1018,77,379,479,80,223,0.6590,-1,-1,-1
1018,75,841,275,65,198,0.6853,-1,-1,-1
1018,74,928,262,61,201,0.6388,-1,-1,-1
1018,71,1575,592,99,234,0.4483,-1,-1,-1
1018,63,352,910,104,170,0.7841,-1,-1,-1
1018,3,906,948,63,132,0.7744,-1,-1,-1
1018,2,1718,456,83,212,0.7363,-1,-1,-1
1019,99,584,551,79,241,0.6204,-1,-1,-1
1019,98,1719,684,106,235,0.5457,-1,-1,-1
1019,96,294,296,65,190,0.5645,-1,-1,-1
1019,95,1699,176,56,157,0.4515,-1,-1,-1
1019,94,1831,222,64,185,0.5179,-1,-1,-1
1019,90,1149,598,86,248,0.7673,-1,-1,-1
1019,83,493,287,66,190,0.6952,-1,-1,-1
1019,78,289,503,86,198,0.6322,-1,-1,-1
1019,77,379,480,80,220,0.6670,-1,-1,-1
1019,75,840,275,67,199,0.6813,-1,-1,-1
1019,74,921,260,71,199,0.6440,-1,-1,-1
1019,71,1575,590,99,236,0.3697,-1,-1,-1
1019,63,352,913,106,167,0.7894,-1,-1,-1
1019,3,903,948,66,132,0.7706,-1,-1,-1
1019,2,1718,457,83,210,0.7503,-1,-1,-1
1020,99,583,550,79,242,0.6226,-1,-1,-1
1020,98,1718,681,102,240,0.5698,-1,-1,-1
1020,96,295,296,63,193,0.5523,-1,-1,-1
1020,95,1700,176,56,158,0.4369,-1,-1,-1
1020,94,1831,220,65,183,0.4806,-1,-1,-1
1020,90,1146,596,89,249,0.7790,-1,-1,-1
1020,83,494,289,65,189,0.6574,-1,-1,-1
1020,78,286,506,87,195,0.6009,-1,-1,-1
1020,77,378,478,81,222,0.6644,-1,-1,-1
1020,75,840,275,67,198,0.6821,-1,-1,-1
1020,74,928,260,62,197,0.6349,-1,-1,-1
1020,71,1577,590,99,236,0.3676,-1,-1,-1
1020,63,353,917,105,163,0.7945,-1,-1,-1
1020,3,904,947,64,133,0.7624,-1,-1,-1
1020,2,1718,457,83,210,0.7432,-1,-1,-1
1021,99,582,549,81,243,0.5865,-1,-1,-1
1021,98,1715,680,98,239,0.6359,-1,-1,-1
1021,96,295,300,63,192,0.5499,-1,-1,-1
1021,95,1700,178,56,160,0.4316,-1,-1,-1
1021,94,1831,223,65,182,0.4256,-1,-1,-1
1021,90,1145,595,89,251,0.8022,-1,-1,-1
1021,83,493,291,65,189,0.6351,-1,-1,-1
1021,78,282,505,92,195,0.6073,-1,-1,-1
1021,77,377,479,82,221,0.6657,-1,-1,-1
1021,75,840,274,67,195,0.6172,-1,-1,-1
1021,74,930,258,61,196,0.6060,-1,-1,-1
1021,71,1578,590,97,237,0.4852,-1,-1,-1
1021,63,356,918,102,161,0.7947,-1,-1,-1
1021,3,901,946,67,134,0.7438,-1,-1,-1
1021,2,1719,456,83,211,0.7452,-1,-1,-1
1022,99,582,549,80,242,0.5781,-1,-1,-1
1022,98,1715,679,92,237,0.6358,-1,-1,-1
1022,96,294,300,64,192,0.5649,-1,-1,-1
1022,95,1700,177,57,162,0.5332,-1,-1,-1
1022,94,1834,226,62,176,0.4275,-1,-1,-1
1022,90,1145,594,89,251,0.7964,-1,-1,-1
1022,83,494,295,63,187,0.6486,-1,-1,-1
1022,78,281,505,91,195,0.5647,-1,-1,-1
1022,77,377,479,84,228,0.6539,-1,-1,-1
1022,75,841,271,65,194,0.6241,-1,-1,-1
1022,74,927,259,65,195,0.6292,-1,-1,-1
1022,71,1582,588,93,239,0.5142,-1,-1,-1
1022,63,357,920,102,159,0.7924,-1,-1,-1
1022,3,901,946,67,134,0.7678,-1,-1,-1
1022,2,1719,457,83,206,0.7358,-1,-1,-1
1023,99,583,549,77,242,0.5694,-1,-1,-1
1023,98,1715,681,91,235,0.6640,-1,-1,-1
1023,97,372,293,76,198,0.5064,-1,-1,-1
1023,96,293,302,65,190,0.5867,-1,-1,-1
1023,95,1700,179,57,167,0.4985,-1,-1,-1
1023,94,1834,227,60,174,0.4317,-1,-1,-1
1023,90,1146,593,89,252,0.7962,-1,-1,-1
1023,83,493,296,63,188,0.6187,-1,-1,-1
1023,78,282,504,90,200,0.5824,-1,-1,-1
1023,77,377,482,86,230,0.6318,-1,-1,-1
1023,75,841,271,65,190,0.6320,-1,-1,-1
1023,74,928,258,64,197,0.6074,-1,-1,-1
1023,71,1578,589,97,238,0.4832,-1,-1,-1
1023,63,358,921,101,158,0.7833,-1,-1,-1
1023,3,903,946,63,134,0.7645,-1,-1,-1
1023,2,1719,457,82,200,0.7534,-1,-1,-1
1024,99,584,550,76,240,0.5583,-1,-1,-1
1024,98,1714,680,92,235,0.5993,-1,-1,-1
1024,97,374,296,73,194,0.4453,-1,-1,-1
1024,96,293,304,63,191,0.5885,-1,-1,-1
1024,95,1699,180,60,167,0.5059,-1,-1,-1
1024,94,1835,229,62,173,0.4609,-1,-1,-1
1024,90,1142,592,94,253,0.8062,-1,-1,-1
1024,83,496,297,60,190,0.6254,-1,-1,-1
1024,78,284,507,85,196,0.5829,-1,-1,-1
1024,77,377,484,84,231,0.6329,-1,-1,-1
1024,75,841,269,65,193,0.6689,-1,-1,-1
1024,74,927,258,65,198,0.6507,-1,-1,-1
1024,71,1579,589,96,238,0.5065,-1,-1,-1
1024,63,359,923,100,156,0.7839,-1,-1,-1
1024,3,904,946,63,134,0.7916,-1,-1,-1
1024,2,1719,457,83,201,0.7499,-1,-1,-1
1025,99,584,549,75,240,0.5775,-1,-1,-1
1025,98,1712,686,86,227,0.5634,-1,-1,-1
1025,97,373,298,72,198,0.4436,-1,-1,-1
1025,96,291,306,66,191,0.5697,-1,-1,-1
1025,95,1697,183,62,168,0.5033,-1,-1,-1
1025,94,1836,230,63,177,0.4816,-1,-1,-1
1025,90,1140,590,95,251,0.8183,-1,-1,-1
1025,83,497,299,61,192,0.6276,-1,-1,-1
1025,78,286,506,83,195,0.5928,-1,-1,-1
1025,77,378,485,82,233,0.6377,-1,-1,-1
1025,75,840,267,67,195,0.6594,-1,-1,-1
1025,74,930,258,62,199,0.6698,-1,-1,-1
1025,71,1580,590,94,237,0.4738,-1,-1,-1
1025,63,361,924,98,155,0.7668,-1,-1,-1
1025,3,904,945,62,135,0.7899,-1,-1,-1
1025,2,1719,458,82,198,0.7166,-1,-1,-1
1026,99,585,550,74,239,0.5880,-1,-1,-1
1026,98,1711,685,80,229,0.5651,-1,-1,-1
1026,97,371,301,73,202,0.5682,-1,-1,-1
1026,96,291,307,66,190,0.5649,-1,-1,-1
1026,95,1696,186,65,168,0.4870,-1,-1,-1
1026,94,1837,231,62,176,0.5089,-1,-1,-1
1026,90,1141,589,92,252,0.8125,-1,-1,-1
1026,83,497,300,61,190,0.6642,-1,-1,-1
1026,78,290,503,78,201,0.5825,-1,-1,-1
1026,77,376,488,84,238,0.6616,-1,-1,-1
1026,75,841,265,66,191,0.6489,-1,-1,-1
1026,74,931,258,60,198,0.6794,-1,-1,-1
1026,71,1580,590,95,237,0.5202,-1,-1,-1
1026,63,364,926,96,153,0.7492,-1,-1,-1
1026,3,904,946,61,134,0.7776,-1,-1,-1
1026,2,1719,458,82,199,0.7144,-1,-1,-1
1027,99,584,548,73,239,0.5834,-1,-1,-1
1027,98,1710,679,81,229,0.4942,-1,-1,-1
1027,97,370,302,74,202,0.6227,-1,-1,-1
1027,96,292,307,66,189,0.5467,-1,-1,-1
1027,95,1696,191,66,166,0.5191,-1,-1,-1
1027,94,1837,234,66,185,0.4231,-1,-1,-1
1027,90,1141,587,92,252,0.8144,-1,-1,-1
1027,83,496,301,62,190,0.6539,-1,-1,-1
1027,78,292,505,74,200,0.5727,-1,-1,-1
1027,77,373,489,86,240,0.6630,-1,-1,-1
1027,75,842,262,64,189,0.6760,-1,-1,-1
1027,74,934,257,58,198,0.6786,-1,-1,-1
1027,71,1579,590,97,236,0.5093,-1,-1,-1
1027,63,364,928,97,151,0.7466,-1,-1,-1
1027,3,902,945,62,135,0.7833,-1,-1,-1
1027,2,1719,459,83,196,0.7166,-1,-1,-1
1028,99,586,547,71,241,0.5862,-1,-1,-1
1028,98,1709,696,81,209,0.5728,-1,-1,-1
1028,97,368,306,76,198,0.7043,-1,-1,-1
1028,96,292,310,66,188,0.4858,-1,-1,-1
1028,95,1695,194,68,165,0.4924,-1,-1,-1
1028,94,1839,234,69,187,0.4686,-1,-1,-1
1028,90,1140,585,89,247,0.7909,-1,-1,-1
1028,83,495,302,63,190,0.6502,-1,-1,-1
1028,78,293,508,72,200,0.5723,-1,-1,-1
1028,77,373,491,86,239,0.6330,-1,-1,-1
1028,75,844,258,62,192,0.7082,-1,-1,-1
1028,74,935,257,58,194,0.6919,-1,-1,-1
1028,71,1578,589,97,238,0.4915,-1,-1,-1
1028,63,366,930,95,149,0.7461,-1,-1,-1
1028,3,904,945,60,135,0.8006,-1,-1,-1
1028,2,1719,456,80,200,0.7422,-1,-1,-1
1029,99,587,551,67,238,0.5559,-1,-1,-1
1029,98,1705,694,82,210,0.5861,-1,-1,-1
1029,97,368,307,74,195,0.6609,-1,-1,-1
1029,96,293,313,65,185,0.4731,-1,-1,-1
1029,95,1696,195,67,166,0.4766,-1,-1,-1
1029,94,1840,235,65,187,0.4694,-1,-1,-1
1029,90,1140,583,85,242,0.7963,-1,-1,-1
1029,83,496,303,61,188,0.6241,-1,-1,-1
1029,78,293,511,72,198,0.6201,-1,-1,-1
1029,77,373,493,85,236,0.6537,-1,-1,-1
1029,75,846,257,60,194,0.6915,-1,-1,-1
1029,74,936,256,58,196,0.6926,-1,-1,-1
1029,71,1578,591,98,235,0.4729,-1,-1,-1
1029,63,367,932,95,146,0.7389,-1,-1,-1
1029,3,903,944,60,136,0.7974,-1,-1,-1
1029,2,1719,457,81,200,0.7453,-1,-1,-1
1030,99,586,545,69,244,0.5422,-1,-1,-1
1030,98,1703,691,81,213,0.5180,-1,-1,-1
1030,97,369,309,71,194,0.6478,-1,-1,-1
1030,96,293,315,67,186,0.4792,-1,-1,-1
1030,95,1697,197,67,166,0.4918,-1,-1,-1
1030,94,1840,241,69,184,0.4997,-1,-1,-1
1030,90,1140,581,82,246,0.7830,-1,-1,-1
1030,83,494,302,64,189,0.6311,-1,-1,-1
1030,78,295,512,75,205,0.6161,-1,-1,-1
1030,77,373,494,82,235,0.6451,-1,-1,-1
1030,75,847,256,59,196,0.6962,-1,-1,-1
1030,74,937,255,57,195,0.6694,-1,-1,-1
1030,71,1582,590,93,237,0.4808,-1,-1,-1
1030,63,368,935,94,143,0.7312,-1,-1,-1
1030,3,901,945,61,135,0.7980,-1,-1,-1
1030,2,1719,457,80,203,0.7514,-1,-1,-1
1031,99,584,544,70,245,0.5618,-1,-1,-1
1031,98,1695,679,84,227,0.5963,-1,-1,-1
1031,97,369,311,70,189,0.6370,-1,-1,-1
1031,96,292,317,67,186,0.4989,-1,-1,-1
1031,95,1697,197,67,166,0.4866,-1,-1,-1
1031,94,1841,239,69,190,0.5032,-1,-1,-1
1031,90,1139,578,80,245,0.7833,-1,-1,-1
1031,83,494,302,63,193,0.6640,-1,-1,-1
1031,78,296,513,77,211,0.6345,-1,-1,-1
1031,77,372,496,83,233,0.6843,-1,-1,-1
1031,75,847,255,59,198,0.7088,-1,-1,-1
1031,74,938,252,57,194,0.6714,-1,-1,-1
1031,71,1578,590,96,237,0.4837,-1,-1,-1
1031,63,371,937,92,141,0.7229,-1,-1,-1
1031,3,900,944,60,136,0.7888,-1,-1,-1
1031,2,1719,456,80,206,0.7706,-1,-1,-1
1032,99,584,542,71,246,0.5606,-1,-1,-1
1032,98,1695,644,85,270,0.6135,-1,-1,-1
1032,97,368,312,70,188,0.5618,-1,-1,-1
1032,96,291,318,69,187,0.4990,-1,-1,-1
1032,95,1697,198,67,168,0.5184,-1,-1,-1
1032,94,1843,239,67,191,0.4734,-1,-1,-1
1032,90,1139,575,79,241,0.7835,-1,-1,-1
1032,83,493,304,63,193,0.6574,-1,-1,-1
1032,78,296,515,76,211,0.6481,-1,-1,-1
1032,77,372,496,81,233,0.6977,-1,-1,-1
1032,75,848,255,58,197,0.7014,-1,-1,-1
1032,74,938,249,58,193,0.6742,-1,-1,-1
1032,71,1578,591,97,235,0.4889,-1,-1,-1
1032,63,371,938,89,142,0.7257,-1,-1,-1
1032,3,900,944,60,136,0.7851,-1,-1,-1
1032,2,1719,457,81,207,0.7822,-1,-1,-1
1033,99,584,540,69,248,0.5499,-1,-1,-1
1033,98,1688,642,93,270,0.5943,-1,-1,-1
1033,97,368,313,70,185,0.5649,-1,-1,-1
1033,96,292,319,68,187,0.4804,-1,-1,-1
1033,95,1698,198,66,168,0.5107,-1,-1,-1
1033,94,1846,239,64,190,0.5282,-1,-1,-1
1033,90,1139,573,78,238,0.7733,-1,-1,-1
1033,83,492,305,64,193,0.6042,-1,-1,-1
1033,78,296,517,78,211,0.6353,-1,-1,-1
1033,77,371,497,82,232,0.7018,-1,-1,-1
1033,75,847,255,60,198,0.7127,-1,-1,-1
1033,74,939,247,60,194,0.7008,-1,-1,-1
1033,71,1578,589,98,238,0.5176,-1,-1,-1
1033,63,372,940,90,140,0.7313,-1,-1,-1
1033,3,899,943,59,137,0.7639,-1,-1,-1
1033,2,1719,456,80,208,0.7718,-1,-1,-1
1034,99,586,547,64,241,0.5395,-1,-1,-1
1034,98,1689,644,89,269,0.5892,-1,-1,-1
1034,97,369,315,68,181,0.5348,-1,-1,-1
1034,96,294,319,67,187,0.4787,-1,-1,-1
1034,95,1699,199,66,168,0.4874,-1,-1,-1
1034,94,1851,242,60,186,0.5230,-1,-1,-1
1034,90,1139,569,77,242,0.7685,-1,-1,-1
1034,83,490,309,66,192,0.5323,-1,-1,-1
1034,78,294,519,82,211,0.6477,-1,-1,-1
1034,77,371,497,80,233,0.6848,-1,-1,-1
1034,75,848,255,58,197,0.7029,-1,-1,-1
1034,74,939,244,60,194,0.7128,-1,-1,-1
1034,71,1578,589,100,238,0.4768,-1,-1,-1
1034,63,377,945,88,135,0.7279,-1,-1,-1
1034,3,898,943,60,137,0.7360,-1,-1,-1
1034,2,1718,456,81,208,0.7624,-1,-1,-1
1035,99,586,547,64,242,0.5090,-1,-1,-1
1035,98,1687,643,85,265,0.5211,-1,-1,-1
1035,97,368,315,68,171,0.5084,-1,-1,-1
1035,96,294,320,67,188,0.5439,-1,-1,-1
1035,95,1702,200,66,163,0.5115,-1,-1,-1
1035,94,1850,243,59,184,0.4581,-1,-1,-1
1035,90,1140,568,75,240,0.7701,-1,-1,-1
1035,83,490,312,64,189,0.5093,-1,-1,-1
1035,78,291,522,87,210,0.6690,-1,-1,-1
1035,77,371,500,82,229,0.6956,-1,-1,-1
1035,75,848,255,59,196,0.6838,-1,-1,-1
1035,74,939,243,61,196,0.7147,-1,-1,-1
1035,71,1576,588,103,239,0.4517,-1,-1,-1
1035,63,379,949,88,130,0.7400,-1,-1,-1
1035,3,898,943,57,137,0.6810,-1,-1,-1
1035,2,1720,456,79,208,0.7470,-1,-1,-1
1036,99,581,539,71,249,0.5122,-1,-1,-1
1036,98,1675,643,94,269,0.5646,-1,-1,-1
1036,97,366,316,69,163,0.4848,-1,-1,-1
1036,96,294,320,68,191,0.5536,-1,-1,-1
1036,95,1704,201,66,162,0.5109,-1,-1,-1
1036,94,1852,242,63,192,0.5940,-1,-1,-1
1036,90,1137,565,77,246,0.7646,-1,-1,-1
1036,83,488,310,66,191,0.4703,-1,-1,-1
1036,78,290,526,88,207,0.6630,-1,-1,-1
1036,77,371,499,77,230,0.6795,-1,-1,-1
1036,75,849,254,59,197,0.6927,-1,-1,-1
1036,74,939,240,60,198,0.7180,-1,-1,-1
1036,71,1577,591,97,236,0.4515,-1,-1,-1
1036,63,381,950,89,130,0.7488,-1,-1,-1
1036,3,896,941,59,139,0.6811,-1,-1,-1
1036,2,1720,457,79,207,0.7579,-1,-1,-1
1037,99,585,548,62,241,0.4500,-1,-1,-1
1037,98,1673,638,93,274,0.6496,-1,-1,-1
1037,97,366,318,69,153,0.5003,-1,-1,-1
1037,96,294,321,68,187,0.5146,-1,-1,-1
1037,95,1707,202,63,162,0.5575,-1,-1,-1
1037,94,1853,239,63,195,0.5806,-1,-1,-1
1037,90,1135,564,79,247,0.7806,-1,-1,-1
1037,83,487,311,67,191,0.4505,-1,-1,-1
1037,78,284,526,94,207,0.6740,-1,-1,-1
1037,77,371,500,78,230,0.6940,-1,-1,-1
1037,75,850,252,60,194,0.6569,-1,-1,-1
1037,74,938,240,61,198,0.7198,-1,-1,-1
1037,71,1577,593,98,232,0.4905,-1,-1,-1
1037,63,384,953,87,127,0.7539,-1,-1,-1
1037,3,895,941,59,139,0.6814,-1,-1,-1
1037,2,1720,458,79,211,0.7795,-1,-1,-1
1038,99,585,537,64,254,0.4155,-1,-1,-1
1038,98,1669,638,97,274,0.6581,-1,-1,-1
1038,97,363,321,74,148,0.5057,-1,-1,-1
1038,96,293,321,69,189,0.5246,-1,-1,-1
1038,95,1710,203,61,163,0.4963,-1,-1,-1
1038,94,1853,239,63,194,0.6387,-1,-1,-1
1038,90,1132,562,82,249,0.7878,-1,-1,-1
1038,83,486,316,65,192,0.4902,-1,-1,-1
1038,78,281,528,97,205,0.6501,-1,-1,-1
1038,77,370,502,81,228,0.7122,-1,-1,-1
1038,75,850,250,60,195,0.6593,-1,-1,-1
1038,74,938,239,61,200,0.7078,-1,-1,-1
1038,71,1577,591,99,234,0.4968,-1,-1,-1
1038,63,386,956,87,124,0.7450,-1,-1,-1
1038,3,894,940,56,140,0.6948,-1,-1,-1
1038,2,1720,458,79,210,0.7555,-1,-1,-1
1039,99,586,546,61,240,0.4455,-1,-1,-1
1039,98,1663,635,104,276,0.6495,-1,-1,-1
1039,97,361,319,80,149,0.5394,-1,-1,-1
1039,96,291,321,70,189,0.5429,-1,-1,-1
1039,95,1712,205,60,164,0.5282,-1,-1,-1
1039,94,1854,241,64,192,0.6857,-1,-1,-1
1039,90,1129,562,85,249,0.8024,-1,-1,-1
1039,83,484,319,66,192,0.5842,-1,-1,-1
1039,78,281,530,89,202,0.6178,-1,-1,-1
1039,77,370,503,81,228,0.7170,-1,-1,-1
1039,75,850,251,60,189,0.6722,-1,-1,-1
1039,74,937,239,62,199,0.6750,-1,-1,-1
1039,71,1577,591,97,236,0.4486,-1,-1,-1
1039,63,390,957,83,123,0.7133,-1,-1,-1
1039,3,893,939,56,141,0.6635,-1,-1,-1
1039,2,1720,459,78,209,0.7500,-1,-1,-1
1040,99,584,537,62,253,0.4427,-1,-1,-1
1040,98,1659,640,106,272,0.6435,-1,-1,-1
1040,97,361,321,82,148,0.4541,-1,-1,-1
1040,96,292,323,69,189,0.5558,-1,-1,-1
1040,95,1713,205,58,163,0.5235,-1,-1,-1
1040,94,1856,243,62,190,0.6914,-1,-1,-1
1040,90,1127,561,84,252,0.8099,-1,-1,-1
1040,83,482,320,68,195,0.5934,-1,-1,-1
1040,78,275,532,92,199,0.6412,-1,-1,-1
1040,77,370,504,83,232,0.7312,-1,-1,-1
1040,75,851,250,59,185,0.6672,-1,-1,-1
1040,74,935,238,65,199,0.6578,-1,-1,-1
1040,71,1577,594,99,232,0.4496,-1,-1,-1
1040,63,393,960,86,120,0.7129,-1,-1,-1
1040,3,891,938,57,142,0.6758,-1,-1,-1
1040,2,1720,458,78,209,0.7501,-1,-1,-1
1041,99,586,537,62,254,0.4539,-1,-1,-1
1041,98,1658,643,103,266,0.5347,-1,-1,-1
1041,97,362,317,79,192,0.3878,-1,-1,-1
1041,96,292,326,69,187,0.5989,-1,-1,-1
1041,95,1714,208,58,161,0.5020,-1,-1,-1
1041,94,1856,243,61,184,0.6543,-1,-1,-1
1041,90,1125,561,86,251,0.8130,-1,-1,-1
1041,83,482,321,68,194,0.5626,-1,-1,-1
1041,78,272,533,94,197,0.6408,-1,-1,-1
1041,77,371,504,83,238,0.7297,-1,-1,-1
1041,75,851,247,61,187,0.7162,-1,-1,-1
1041,74,936,238,63,199,0.6739,-1,-1,-1
1041,71,1578,592,95,236,0.4567,-1,-1,-1
1041,63,396,961,87,119,0.7344,-1,-1,-1
1041,3,888,938,57,142,0.6679,-1,-1,-1
1041,2,1721,458,77,210,0.7523,-1,-1,-1
1042,99,586,536,63,255,0.3841,-1,-1,-1
1042,98,1653,640,102,270,0.6368,-1,-1,-1
1042,97,359,318,76,165,0.4400,-1,-1,-1
1042,96,292,327,68,189,0.6166,-1,-1,-1
1042,95,1714,211,59,161,0.4523,-1,-1,-1
1042,94,1858,245,60,185,0.6251,-1,-1,-1
1042,90,1125,560,84,247,0.7911,-1,-1,-1
1042,83,479,326,70,188,0.5403,-1,-1,-1
1042,78,270,532,96,197,0.5745,-1,-1,-1
1042,77,372,505,82,238,0.7333,-1,-1,-1
1042,75,852,240,61,191,0.6994,-1,-1,-1
1042,74,936,238,63,199,0.6683,-1,-1,-1
1042,71,1578,593,97,234,0.4952,-1,-1,-1
1042,63,396,963,91,117,0.7784,-1,-1,-1
1042,3,889,936,54,144,0.7113,-1,-1,-1
1042,2,1721,458,76,209,0.7672,-1,-1,-1
1043,99,585,536,62,255,0.4802,-1,-1,-1
1043,98,1651,643,101,266,0.6309,-1,-1,-1
1043,97,360,321,74,155,0.4514,-1,-1,-1
1043,96,293,328,68,192,0.6196,-1,-1,-1
1043,95,1715,214,58,161,0.4460,-1,-1,-1
1043,94,1858,247,61,200,0.5890,-1,-1,-1
1043,90,1124,559,84,246,0.7856,-1,-1,-1
1043,83,479,326,70,189,0.5525,-1,-1,-1
1043,78,268,531,101,200,0.5960,-1,-1,-1
1043,77,371,507,83,241,0.7540,-1,-1,-1
1043,75,852,239,62,189,0.6896,-1,-1,-1
1043,74,937,238,61,198,0.6727,-1,-1,-1
1043,71,1584,593,91,233,0.4431,-1,-1,-1
1043,63,398,965,93,115,0.8070,-1,-1,-1
1043,3,887,935,55,145,0.7464,-1,-1,-1
1043,2,1721,458,76,210,0.7507,-1,-1,-1
1044,99,587,547,59,238,0.3677,-1,-1,-1
1044,98,1650,645,100,268,0.6546,-1,-1,-1
1044,97,354,321,79,178,0.3844,-1,-1,-1
1044,96,291,329,69,194,0.6349,-1,-1,-1
1044,95,1715,216,58,157,0.4523,-1,-1,-1
1044,94,1861,250,58,200,0.5620,-1,-1,-1
1044,90,1122,557,83,245,0.7731,-1,-1,-1
1044,83,480,324,68,194,0.5421,-1,-1,-1
1044,78,268,535,96,197,0.6019,-1,-1,-1
1044,77,370,513,82,236,0.7160,-1,-1,-1
1044,75,851,239,62,188,0.6345,-1,-1,-1
1044,74,937,237,62,198,0.6695,-1,-1,-1
1044,71,1584,592,93,233,0.4108,-1,-1,-1
1044,63,398,968,99,112,0.7873,-1,-1,-1
1044,3,886,935,55,145,0.7464,-1,-1,-1
1044,2,1720,459,76,208,0.7548,-1,-1,-1
1045,99,587,546,60,239,0.4251,-1,-1,-1
1045,98,1650,638,98,275,0.6689,-1,-1,-1
1045,97,354,324,77,203,0.5381,-1,-1,-1
1045,96,290,331,69,193,0.6380,-1,-1,-1
1045,95,1718,215,58,160,0.4611,-1,-1,-1
1045,94,1861,253,57,191,0.5396,-1,-1,-1
1045,90,1120,554,83,248,0.7611,-1,-1,-1
1045,83,479,325,68,193,0.5812,-1,-1,-1
1045,78,274,537,88,202,0.6104,-1,-1,-1
1045,77,372,518,82,234,0.7244,-1,-1,-1
1045,75,853,236,62,192,0.6705,-1,-1,-1
1045,74,938,235,60,199,0.6592,-1,-1,-1
1045,71,1586,592,89,234,0.4208,-1,-1,-1
1045,63,399,968,103,112,0.7773,-1,-1,-1
1045,3,885,933,55,147,0.7371,-1,-1,-1
1045,2,1721,460,74,208,0.7607,-1,-1,-1
1046,99,588,547,59,237,0.4100,-1,-1,-1
1046,98,1649,645,98,268,0.6890,-1,-1,-1
1046,97,346,325,82,206,0.6013,-1,-1,-1
1046,96,288,331,70,194,0.6479,-1,-1,-1
1046,95,1720,216,57,155,0.4646,-1,-1,-1
1046,94,1861,254,57,188,0.4185,-1,-1,-1
1046,90,1120,551,82,249,0.7673,-1,-1,-1
1046,83,479,325,68,192,0.6138,-1,-1,-1
1046,78,274,537,88,208,0.6493,-1,-1,-1
1046,77,371,517,83,237,0.7342,-1,-1,-1
1046,75,851,233,64,196,0.6821,-1,-1,-1
1046,74,938,234,59,199,0.6663,-1,-1,-1
1046,71,1586,592,89,234,0.4349,-1,-1,-1
1046,63,401,972,104,108,0.7749,-1,-1,-1
1046,3,884,932,56,148,0.7312,-1,-1,-1
1046,2,1720,459,75,209,0.7698,-1,-1,-1
1047,99,587,536,63,252,0.3759,-1,-1,-1
1047,98,1649,653,94,259,0.7042,-1,-1,-1
1047,97,347,326,77,208,0.5817,-1,-1,-1
1047,96,287,333,70,192,0.6058,-1,-1,-1
1047,95,1722,216,56,155,0.5158,-1,-1,-1
1047,94,1864,257,54,190,0.3602,-1,-1,-1
1047,90,1117,550,84,250,0.7748,-1,-1,-1
1047,83,477,324,69,194,0.6043,-1,-1,-1
1047,78,275,539,87,212,0.6464,-1,-1,-1
1047,77,370,519,83,235,0.7525,-1,-1,-1
1047,75,848,235,69,192,0.7018,-1,-1,-1
1047,74,937,232,60,201,0.6740,-1,-1,-1
1047,71,1585,590,91,237,0.3860,-1,-1,-1
1047,63,402,973,105,107,0.7634,-1,-1,-1
1047,3,883,933,56,147,0.7280,-1,-1,-1
1047,2,1720,460,75,208,0.7761,-1,-1,-1
1048,99,586,536,64,252,0.4296,-1,-1,-1
1048,98,1647,658,96,254,0.7344,-1,-1,-1
1048,97,345,329,82,206,0.5530,-1,-1,-1
1048,96,285,334,70,191,0.5938,-1,-1,-1
1048,95,1723,217,57,159,0.5350,-1,-1,-1
1048,90,1116,547,84,250,0.7679,-1,-1,-1
1048,89,807,136,55,171,0.3022,-1,-1,-1
1048,83,479,325,67,195,0.6199,-1,-1,-1
1048,78,277,541,87,215,0.6891,-1,-1,-1
1048,77,371,521,82,234,0.7493,-1,-1,-1
1048,75,849,235,68,192,0.7000,-1,-1,-1
1048,74,936,231,58,195,0.6443,-1,-1,-1
1048,71,1585,590,91,235,0.4354,-1,-1,-1
1048,63,406,977,105,102,0.7651,-1,-1,-1
1048,3,883,931,56,149,0.7131,-1,-1,-1
1048,2,1720,460,75,208,0.7940,-1,-1,-1
1049,99,586,535,63,253,0.4725,-1,-1,-1
1049,98,1645,644,96,267,0.7259,-1,-1,-1
1049,97,345,331,82,208,0.5466,-1,-1,-1
1049,96,286,334,68,192,0.5832,-1,-1,-1
1049,95,1725,218,54,160,0.5741,-1,-1,-1
1049,90,1114,545,84,243,0.7857,-1,-1,-1
1049,89,807,136,54,172,0.3160,-1,-1,-1
1049,83,478,325,68,194,0.6463,-1,-1,-1
1049,78,278,545,85,210,0.6798,-1,-1,-1
1049,77,371,523,80,231,0.7383,-1,-1,-1
1049,75,849,235,69,192,0.7100,-1,-1,-1
1049,74,937,229,56,195,0.6703,-1,-1,-1
1049,71,1581,591,94,233,0.5039,-1,-1,-1
1049,63,409,979,102,101,0.7528,-1,-1,-1
1049,3,882,930,57,150,0.7234,-1,-1,-1
1049,2,1720,459,76,211,0.7799,-1,-1,-1
1050,99,586,536,67,253,0.4844,-1,-1,-1
1050,98,1646,652,94,259,0.7275,-1,-1,-1
1050,97,343,332,84,207,0.5509,-1,-1,-1
1050,96,284,334,68,199,0.5898,-1,-1,-1
1050,95,1724,219,56,161,0.5971,-1,-1,-1
1050,90,1114,543,80,240,0.7720,-1,-1,-1
1050,83,477,326,69,195,0.6230,-1,-1,-1
1050,78,280,548,81,210,0.6813,-1,-1,-1
1050,77,372,522,80,233,0.7150,-1,-1,-1
1050,75,851,233,65,199,0.7427,-1,-1,-1
1050,74,937,228,56,191,0.6980,-1,-1,-1
1050,71,1581,592,95,234,0.4737,-1,-1,-1
1050,63,411,982,101,98,0.7946,-1,-1,-1
1050,3,881,930,58,150,0.7061,-1,-1,-1
1050,2,1720,459,76,211,0.7595,-1,-1,-1